LearningStyle_Cluster,Performance_Cluster,Affective_Cluster,Age,AssignmentCompletion,Attendance,Discussions,EduTech,ExamScore,Extracurricular,FinalGrade,Gender,Internet,LearningPerformance_Cluster,LearningStyle,Motivation,OnlineCourses,Resources,StressLevel,StudyHours
0,0,0,19,59,64,1,0,40,0,3,0,1,0,2,0,8,1,1,19
2,2,0,23,90,64,0,0,66,0,2,0,1,2,3,0,16,1,1,19
2,1,0,28,67,64,0,1,99,0,0,0,1,1,1,0,19,1,1,19
0,0,0,19,59,64,1,0,40,1,3,0,1,0,2,0,8,1,1,19
3,2,0,23,90,64,0,0,66,1,2,0,1,2,3,0,16,1,1,19
3,1,0,28,67,64,0,1,99,1,0,0,1,1,1,0,19,1,1,19
0,0,0,19,59,64,1,0,40,1,3,0,1,0,2,0,8,0,1,19
2,2,0,23,90,64,0,0,66,1,2,0,1,2,3,0,16,0,1,19
2,1,0,28,67,64,0,1,99,1,0,0,1,1,1,0,19,0,1,19
0,0,2,19,59,64,1,0,40,1,3,0,1,0,2,1,8,1,1,19
3,2,2,23,90,64,0,0,66,1,2,0,1,2,3,1,16,1,1,19
3,1,2,28,67,64,0,1,99,1,0,0,1,1,1,1,19,1,1,19
0,0,0,19,59,64,1,0,40,0,3,0,1,0,2,0,8,1,1,19
2,2,0,23,90,64,0,0,66,0,2,0,1,2,3,0,16,1,1,19
2,1,0,28,67,64,0,1,99,0,0,0,1,1,1,0,19,1,1,19
1,0,2,19,59,64,1,0,40,0,3,0,1,0,2,1,8,2,1,19
2,2,2,23,90,64,0,0,66,0,2,0,1,2,3,1,16,2,1,19
2,1,2,28,67,64,0,1,99,0,0,0,1,1,1,1,19,2,1,19
0,0,1,29,65,98,0,1,46,1,3,1,1,0,0,1,3,1,2,24
0,1,1,27,71,98,1,1,83,1,1,1,1,1,0,1,0,1,0,24
0,1,1,25,61,98,1,1,95,1,0,1,1,1,1,1,5,1,0,24
0,0,1,29,65,98,0,1,46,1,3,1,1,0,0,1,3,1,2,24
0,1,1,27,71,98,1,1,83,1,1,1,1,1,0,1,0,1,0,24
0,1,1,25,61,98,1,1,95,1,0,1,1,1,1,1,5,1,0,24
1,0,1,29,65,98,0,1,46,0,3,1,1,0,0,2,3,0,2,24
0,1,1,27,71,98,1,1,83,0,1,1,1,1,0,2,0,0,0,24
1,1,1,25,61,98,1,1,95,0,0,1,1,1,1,2,5,0,0,24
1,0,1,29,65,98,0,1,46,0,3,1,1,0,0,1,3,0,2,24
0,1,1,27,71,98,1,1,83,0,1,1,1,1,0,1,0,0,0,24
1,1,1,25,61,98,1,1,95,0,0,1,1,1,1,1,5,0,0,24
0,0,1,29,65,98,0,1,46,1,3,1,1,0,0,2,3,1,2,24
0,1,1,27,71,98,1,1,83,1,1,1,1,1,0,2,0,1,0,24
0,1,1,25,61,98,1,1,95,1,0,1,1,1,1,2,5,1,0,24
1,0,1,29,65,98,0,1,46,0,3,1,0,0,0,0,3,0,2,24
0,1,1,27,71,98,1,1,83,0,1,1,0,1,0,0,0,0,0,24
1,1,1,25,61,98,1,1,95,0,0,1,0,1,1,0,5,0,0,24
3,0,1,20,75,89,1,1,54,1,3,1,1,0,0,1,17,1,2,29
0,0,1,23,59,89,1,1,42,1,3,1,1,0,2,1,4,1,2,29
0,2,1,23,96,89,0,1,62,1,2,1,1,2,0,1,1,1,2,29
3,0,1,20,75,89,1,1,54,1,3,1,1,0,0,0,17,0,2,29
0,0,1,23,59,89,1,1,42,1,3,1,1,0,2,0,4,0,2,29
0,2,1,23,96,89,0,1,62,1,2,1,1,2,0,0,1,0,2,29
3,0,1,19,63,92,1,1,40,1,3,0,1,0,3,1,12,1,2,19
0,3,1,26,86,92,0,1,94,1,0,0,1,3,2,1,3,1,2,19
1,0,1,19,63,92,1,1,40,0,3,0,1,0,3,1,12,2,2,19
1,3,1,26,86,92,0,1,94,0,0,0,1,3,2,1,3,2,2,19
3,0,1,19,63,92,1,1,40,1,3,0,1,0,3,1,12,2,2,19
1,3,1,26,86,92,0,1,94,1,0,0,1,3,2,1,3,2,2,19
3,0,1,19,63,92,1,1,40,1,3,0,1,0,3,1,12,1,2,19
0,3,1,26,86,92,0,1,94,1,0,0,1,3,2,1,3,1,2,19
3,0,1,19,63,92,1,1,40,0,3,0,1,0,3,2,12,1,2,19
1,3,1,26,86,92,0,1,94,0,0,0,1,3,2,2,3,1,2,19
3,0,0,21,57,84,1,1,48,1,3,1,1,0,2,0,10,0,2,29
2,0,0,28,74,84,0,1,60,1,2,1,1,0,2,0,14,0,0,29
3,0,1,21,57,84,1,1,48,1,3,1,1,0,2,1,10,1,2,29
3,0,1,28,74,84,0,1,60,1,2,1,1,0,2,1,14,1,0,29
3,2,1,18,91,78,0,1,58,1,2,1,1,2,2,1,17,2,2,25
2,2,1,18,91,78,0,1,58,1,2,1,1,2,2,1,17,0,2,25
1,1,1,19,74,94,1,0,92,0,0,1,1,1,3,2,3,2,2,17
0,1,1,19,74,94,1,0,92,0,0,1,1,1,3,0,3,1,2,17
0,1,1,19,74,94,1,0,92,0,0,1,1,1,3,1,3,1,2,17
0,1,1,19,74,94,1,0,92,1,0,1,1,1,3,1,3,1,2,17
0,1,1,19,74,94,1,0,92,0,0,1,1,1,3,2,3,0,2,17
0,1,1,19,74,94,1,0,92,1,0,1,1,1,3,0,3,0,2,17
0,1,1,19,74,94,1,0,92,1,0,1,1,1,3,1,3,2,2,17
0,0,1,27,65,98,0,0,58,1,2,1,1,0,2,1,5,1,2,23
0,3,1,27,100,98,1,0,93,1,0,1,1,3,1,1,4,1,2,23
0,0,1,27,65,98,0,0,58,1,2,1,1,0,2,1,5,1,2,23
0,3,1,27,100,98,1,0,93,1,0,1,1,3,1,1,4,1,2,23
1,0,1,27,65,98,0,0,58,0,2,1,1,0,2,1,5,0,2,23
0,3,1,27,100,98,1,0,93,0,0,1,1,3,1,1,4,0,2,23
1,0,1,27,65,98,0,0,58,0,2,1,1,0,2,1,5,2,2,23
1,3,1,27,100,98,1,0,93,0,0,1,1,3,1,1,4,2,2,23
1,0,1,27,65,98,0,0,58,1,2,1,1,0,2,0,5,2,2,23
0,3,1,27,100,98,1,0,93,1,0,1,1,3,1,0,4,2,2,23
2,1,1,18,68,80,1,0,73,0,1,1,0,1,1,1,13,2,2,17
1,0,2,24,64,80,1,1,69,0,2,1,0,0,3,1,11,2,0,17
1,1,2,23,68,80,1,1,87,0,0,1,0,1,0,1,7,2,1,17
1,1,2,27,64,80,0,1,88,0,0,1,0,1,0,1,12,2,0,17
1,1,2,29,73,80,1,1,78,0,1,1,0,1,1,1,0,2,0,17
3,1,1,18,68,80,1,0,73,0,1,1,1,1,1,1,13,1,2,17
3,0,2,24,64,80,1,1,69,0,2,1,1,0,3,1,11,1,0,17
0,1,2,23,68,80,1,1,87,0,0,1,1,1,0,1,7,1,1,17
2,1,2,27,64,80,0,1,88,0,0,1,1,1,0,1,12,1,0,17
0,1,2,29,73,80,1,1,78,0,1,1,1,1,1,1,0,1,0,17
2,1,1,18,68,80,1,0,73,0,1,1,1,1,1,1,13,2,2,17
1,0,2,24,64,80,1,1,69,0,2,1,1,0,3,1,11,2,0,17
1,1,2,23,68,80,1,1,87,0,0,1,1,1,0,1,7,2,1,17
1,1,2,27,64,80,0,1,88,0,0,1,1,1,0,1,12,2,0,17
1,1,2,29,73,80,1,1,78,0,1,1,1,1,1,1,0,2,0,17
1,1,1,27,64,97,0,1,87,1,0,1,1,1,1,0,9,2,1,17
3,1,1,25,70,97,1,1,82,1,1,1,1,1,2,0,20,2,1,17
1,1,1,27,64,97,0,1,87,0,0,1,1,1,1,1,9,1,1,17
3,1,1,25,70,97,1,1,82,0,1,1,1,1,2,1,20,1,1,17
1,1,1,27,64,97,0,1,87,0,0,1,1,1,1,2,9,2,1,17
2,1,1,25,70,97,1,1,82,0,1,1,1,1,2,2,20,2,1,17
1,1,1,27,64,97,0,1,87,1,0,1,0,1,1,1,9,2,1,17
3,1,1,25,70,97,1,1,82,1,1,1,0,1,2,1,20,2,1,17
1,1,1,27,64,97,0,1,87,0,0,1,1,1,1,1,9,2,1,17
2,1,1,25,70,97,1,1,82,0,1,1,1,1,2,1,20,2,1,17
1,1,1,27,64,97,0,1,87,1,0,1,1,1,1,0,9,2,1,17
3,1,1,25,70,97,1,1,82,1,1,1,1,1,2,0,20,2,1,17
2,1,1,27,64,97,0,1,87,1,0,1,1,1,1,1,9,0,1,17
3,1,1,25,70,97,1,1,82,1,1,1,1,1,2,1,20,0,1,17
0,1,1,27,64,97,0,1,87,1,0,1,1,1,1,1,9,1,1,17
3,1,1,25,70,97,1,1,82,1,1,1,1,1,2,1,20,1,1,17
2,1,1,27,64,97,0,1,87,0,0,1,0,1,1,2,9,0,1,17
2,1,1,25,70,97,1,1,82,0,1,1,0,1,2,2,20,0,1,17
0,1,1,27,64,97,0,1,87,1,0,1,1,1,1,0,9,1,1,17
3,1,1,25,70,97,1,1,82,1,1,1,1,1,2,0,20,1,1,17
0,1,2,27,66,83,0,0,86,1,0,1,1,1,2,0,1,1,1,21
0,3,2,27,77,83,1,1,96,1,0,1,1,3,0,0,7,1,1,21
0,1,2,27,66,83,0,0,86,1,0,1,1,1,2,0,1,1,1,21
0,3,2,27,77,83,1,1,96,1,0,1,1,3,0,0,7,1,1,21
0,1,2,27,66,83,0,0,86,1,0,1,1,1,2,2,1,1,1,21
0,3,2,27,77,83,1,1,96,1,0,1,1,3,0,2,7,1,1,21
1,1,2,27,66,83,0,0,86,0,0,1,1,1,2,0,1,0,1,21
1,3,2,27,77,83,1,1,96,0,0,1,1,3,0,0,7,0,1,21
0,1,2,27,66,83,0,0,86,1,0,1,1,1,2,0,1,0,1,21
0,3,2,27,77,83,1,1,96,1,0,1,1,3,0,0,7,0,1,21
1,1,2,27,66,83,0,0,86,1,0,1,1,1,2,2,1,2,1,21
0,3,2,27,77,83,1,1,96,1,0,1,1,3,0,2,7,2,1,21
1,1,2,27,66,83,0,0,86,0,0,1,1,1,2,1,1,2,1,21
1,3,2,27,77,83,1,1,96,0,0,1,1,3,0,1,7,2,1,21
3,0,1,18,55,82,0,1,40,1,3,1,1,0,3,1,17,1,2,9
3,0,1,25,73,82,0,1,46,1,3,1,1,0,3,1,13,1,2,9
1,0,1,27,71,78,0,1,68,1,2,1,1,0,2,1,5,2,2,10
2,3,1,20,85,78,0,1,78,1,1,1,1,3,3,1,17,2,2,10
0,0,2,19,75,68,1,1,42,0,3,0,1,0,3,1,0,1,1,17
0,2,0,24,87,68,1,1,64,0,2,0,1,2,2,1,4,1,2,17
3,2,2,20,88,68,1,1,49,0,3,0,1,2,3,1,19,1,1,17
0,0,2,19,75,68,1,1,42,1,3,0,1,0,3,1,0,1,1,17
0,2,0,24,87,68,1,1,64,1,2,0,1,2,2,1,4,1,2,17
3,2,2,20,88,68,1,1,49,1,3,0,1,2,3,1,19,1,1,17
0,0,2,19,75,68,1,1,42,0,3,0,1,0,3,2,0,1,1,17
0,2,0,24,87,68,1,1,64,0,2,0,1,2,2,2,4,1,2,17
3,2,2,20,88,68,1,1,49,0,3,0,1,2,3,2,19,1,1,17
0,0,2,19,75,68,1,1,42,1,3,0,1,0,3,1,0,2,1,17
0,2,0,24,87,68,1,1,64,1,2,0,1,2,2,1,4,2,2,17
3,2,2,20,88,68,1,1,49,1,3,0,1,2,3,1,19,2,1,17
0,0,2,19,75,68,1,1,42,1,3,0,1,0,3,2,0,0,1,17
0,2,0,24,87,68,1,1,64,1,2,0,1,2,2,2,4,0,2,17
3,2,2,20,88,68,1,1,49,1,3,0,1,2,3,2,19,0,1,17
0,0,0,22,74,70,1,1,40,1,3,0,1,0,3,1,1,1,2,22
0,0,0,22,74,70,1,1,40,0,3,0,1,0,3,0,1,1,2,22
0,0,0,22,74,70,1,1,40,1,3,0,1,0,3,2,1,2,2,22
0,0,0,22,74,70,1,1,40,1,3,0,1,0,3,0,1,1,2,22
0,0,0,22,74,70,1,1,40,1,3,0,1,0,3,1,1,2,2,22
0,0,2,23,50,80,0,0,56,1,2,0,1,0,2,0,2,1,1,15
0,3,0,21,87,80,1,1,89,1,0,0,1,3,2,0,7,1,0,15
3,1,0,23,56,80,1,1,75,1,1,0,1,1,1,0,13,1,2,15
1,0,2,23,50,80,0,0,56,0,2,0,1,0,2,1,2,2,1,15
1,3,2,21,87,80,1,1,89,0,0,0,1,3,2,1,7,2,0,15
2,1,1,23,56,80,1,1,75,0,1,0,1,1,1,1,13,2,2,15
1,0,2,23,50,80,0,0,56,0,2,0,1,0,2,2,2,0,1,15
1,3,2,21,87,80,1,1,89,0,0,0,1,3,2,2,7,0,0,15
2,1,0,23,56,80,1,1,75,0,1,0,1,1,1,2,13,0,2,15
1,0,2,23,50,80,0,0,56,0,2,0,1,0,2,1,2,1,1,15
0,3,2,21,87,80,1,1,89,0,0,0,1,3,2,1,7,1,0,15
3,1,1,23,56,80,1,1,75,0,1,0,1,1,1,1,13,1,2,15
0,0,2,23,50,80,0,0,56,1,2,0,1,0,2,1,2,1,1,15
0,3,2,21,87,80,1,1,89,1,0,0,1,3,2,1,7,1,0,15
3,1,1,23,56,80,1,1,75,1,1,0,1,1,1,1,13,1,2,15
1,0,2,23,50,80,0,0,56,0,2,0,1,0,2,1,2,1,1,15
0,3,2,21,87,80,1,1,89,0,0,0,1,3,2,1,7,1,0,15
3,1,1,23,56,80,1,1,75,0,1,0,1,1,1,1,13,1,2,15
3,1,2,21,66,75,1,1,71,1,1,1,1,1,0,1,16,2,2,12
3,0,2,22,55,75,1,1,48,1,3,1,1,0,2,1,20,2,1,12
3,1,2,21,66,75,1,1,71,1,1,1,1,1,0,1,16,2,2,12
3,0,2,22,55,75,1,1,48,1,3,1,1,0,2,1,20,2,1,12
0,1,0,28,67,78,1,1,91,0,0,0,1,1,0,2,2,1,2,29
0,1,1,28,67,78,1,1,91,1,0,0,1,1,0,1,2,2,2,29
3,2,1,25,91,99,1,1,56,0,2,1,1,2,3,1,13,2,0,19
3,2,1,25,91,99,1,1,56,0,2,1,1,2,3,1,13,1,0,19
3,2,1,25,91,99,1,1,56,0,2,1,1,2,3,0,13,2,0,19
3,2,1,25,91,99,1,1,56,1,2,1,1,2,3,0,13,2,0,19
2,2,1,25,91,99,1,1,56,0,2,1,1,2,3,1,13,0,0,19
3,2,1,25,91,99,1,1,56,1,2,1,1,2,3,0,13,1,0,19
3,2,1,25,91,99,1,1,56,1,2,1,1,2,3,1,13,1,0,19
3,2,1,25,91,99,1,1,56,0,2,1,1,2,3,1,13,1,0,19
2,2,1,25,91,99,1,1,56,0,2,1,1,2,3,2,13,0,0,19
3,2,1,25,91,99,1,1,56,1,2,1,1,2,3,1,13,2,0,19
3,2,1,25,91,99,1,1,56,0,2,1,1,2,3,0,13,2,0,19
3,2,1,25,91,99,1,1,56,0,2,1,1,2,3,1,13,1,0,19
1,3,0,22,93,74,1,1,97,0,0,0,1,3,3,0,3,2,2,20
2,0,2,24,68,74,1,0,67,0,2,0,1,0,1,0,20,2,1,20
2,2,0,29,80,74,0,0,65,0,2,0,1,2,0,0,13,2,0,20
0,3,0,22,93,74,1,1,97,1,0,0,1,3,3,0,3,1,2,20
3,0,2,24,68,74,1,0,67,1,2,0,1,0,1,0,20,1,1,20
3,2,0,29,80,74,0,0,65,1,2,0,1,2,0,0,13,1,0,20
0,3,2,22,93,74,1,1,97,1,0,0,0,3,3,1,3,2,2,20
3,0,2,24,68,74,1,0,67,1,2,0,0,0,1,1,20,2,1,20
3,2,2,29,80,74,0,0,65,1,2,0,0,2,0,1,13,2,0,20
0,3,0,22,93,74,1,1,97,1,0,0,1,3,3,2,3,1,2,20
3,0,2,24,68,74,1,0,67,1,2,0,1,0,1,2,20,1,1,20
3,2,2,29,80,74,0,0,65,1,2,0,1,2,0,2,13,1,0,20
0,3,0,22,93,74,1,1,97,1,0,0,1,3,3,2,3,0,2,20
3,0,2,24,68,74,1,0,67,1,2,0,1,0,1,2,20,0,1,20
2,2,2,29,80,74,0,0,65,1,2,0,1,2,0,2,13,0,0,20
0,1,2,25,59,78,1,0,77,1,1,1,1,1,2,2,4,1,1,11
3,1,0,27,69,78,0,1,77,1,1,1,1,1,0,2,15,1,2,11
3,1,0,18,62,78,0,1,90,1,0,1,1,1,0,2,13,1,2,11
0,3,0,19,80,78,1,1,98,1,0,1,1,3,2,2,3,1,2,11
0,3,2,21,96,78,1,1,83,1,1,1,1,3,3,2,8,1,1,11
0,1,2,25,59,78,1,0,77,1,1,1,1,1,2,1,4,2,1,11
2,1,1,27,69,78,0,1,77,1,1,1,1,1,0,1,15,2,2,11
2,1,1,18,62,78,0,1,90,1,0,1,1,1,0,1,13,2,2,11
0,3,1,19,80,78,1,1,98,1,0,1,1,3,2,1,3,2,2,11
0,3,2,21,96,78,1,1,83,1,1,1,1,3,3,1,8,2,1,11
1,3,2,28,88,65,0,0,72,1,1,0,1,3,2,1,12,2,0,17
2,2,0,21,79,65,0,1,58,1,2,0,1,2,1,1,16,2,2,17
1,3,2,28,88,65,0,0,72,1,1,0,1,3,2,1,12,2,0,17
2,2,0,21,79,65,0,1,58,1,2,0,1,2,1,1,16,2,2,17
2,3,2,28,88,65,0,0,72,1,1,0,1,3,2,1,12,0,0,17
2,2,0,21,79,65,0,1,58,1,2,0,1,2,1,1,16,0,2,17
2,3,2,28,88,65,0,0,72,0,1,0,1,3,2,1,12,1,0,17
2,2,0,21,79,65,0,1,58,0,2,0,1,2,1,1,16,1,2,17
2,3,2,28,88,65,0,0,72,0,1,0,1,3,2,1,12,1,0,17
2,2,0,21,79,65,0,1,58,0,2,0,1,2,1,1,16,1,2,17
0,0,0,26,65,62,1,0,46,1,3,1,1,0,2,2,9,0,2,21
2,0,0,26,65,62,1,0,46,0,3,1,1,0,2,2,9,0,2,21
0,0,0,26,65,62,1,0,46,0,3,1,1,0,2,1,9,1,2,21
0,0,1,19,64,91,1,0,63,0,2,0,1,0,0,1,7,1,1,13
2,1,1,25,73,91,0,0,77,0,1,0,1,1,3,1,12,1,2,13
3,3,1,21,98,91,1,0,100,0,0,0,1,3,0,1,13,1,2,13
0,1,1,29,66,91,1,1,90,0,0,0,1,1,1,1,3,1,2,13
3,2,1,28,85,91,1,1,46,0,3,0,1,2,1,1,11,1,2,13
2,2,1,19,89,91,0,0,61,0,2,0,1,2,2,1,18,1,2,13
0,0,1,19,64,91,1,0,63,1,2,0,1,0,0,1,7,1,1,13
3,1,1,25,73,91,0,0,77,1,1,0,1,1,3,1,12,1,2,13
3,3,1,21,98,91,1,0,100,1,0,0,1,3,0,1,13,1,2,13
0,1,1,29,66,91,1,1,90,1,0,0,1,1,1,1,3,1,2,13
3,2,1,28,85,91,1,1,46,1,3,0,1,2,1,1,11,1,2,13
3,2,1,19,89,91,0,0,61,1,2,0,1,2,2,1,18,1,2,13
1,3,1,28,96,83,0,1,75,1,1,1,1,3,2,1,11,2,2,22
3,3,1,28,96,83,0,1,75,1,1,1,1,3,2,2,11,1,2,22
3,3,1,28,96,83,0,1,75,1,1,1,0,3,2,2,11,1,2,22
3,3,1,28,96,83,0,1,75,1,1,1,1,3,2,2,11,1,2,22
2,3,1,28,96,83,0,1,75,1,1,1,1,3,2,1,11,0,2,22
0,2,1,19,90,90,1,0,52,0,3,0,1,2,1,1,0,1,2,16
0,2,1,19,90,90,1,0,52,0,3,0,0,2,1,2,0,1,2,16
0,2,1,19,90,90,1,0,52,1,3,0,1,2,1,1,0,2,2,16
0,2,1,19,90,90,1,0,52,0,3,0,1,2,1,1,0,1,2,16
0,2,1,19,90,90,1,0,52,1,3,0,1,2,1,2,0,2,2,16
1,1,0,22,50,66,0,1,73,0,1,1,1,1,1,0,3,2,1,18
1,0,0,27,57,66,0,1,60,0,2,1,1,0,2,0,11,2,0,18
1,1,2,22,50,66,0,1,73,0,1,1,1,1,1,1,3,1,1,18
2,0,2,27,57,66,0,1,60,0,2,1,1,0,2,1,11,1,0,18
1,1,2,22,50,66,0,1,73,0,1,1,1,1,1,1,3,2,1,18
1,0,2,27,57,66,0,1,60,0,2,1,1,0,2,1,11,2,0,18
1,1,2,22,50,66,0,1,73,1,1,1,1,1,1,1,3,2,1,18
1,0,2,27,57,66,0,1,60,1,2,1,1,0,2,1,11,2,0,18
0,1,0,22,50,66,0,1,73,1,1,1,0,1,1,0,3,1,1,18
3,0,0,27,57,66,0,1,60,1,2,1,0,0,2,0,11,1,0,18
1,1,2,22,50,66,0,1,73,1,1,1,0,1,1,1,3,2,1,18
1,0,2,27,57,66,0,1,60,1,2,1,0,0,2,1,11,2,0,18
0,1,2,22,50,66,0,1,73,1,1,1,1,1,1,2,3,1,1,18
3,0,0,27,57,66,0,1,60,1,2,1,1,0,2,2,11,1,0,18
0,1,2,22,50,66,0,1,73,1,1,1,1,1,1,1,3,1,1,18
3,0,2,27,57,66,0,1,60,1,2,1,1,0,2,1,11,1,0,18
3,0,2,27,52,83,1,0,66,0,2,0,1,0,1,1,12,1,1,16
1,2,2,26,96,83,0,1,56,0,2,0,1,2,1,1,0,1,0,16
3,0,2,27,52,83,1,0,66,1,2,0,1,0,1,0,12,2,1,16
1,2,0,26,96,83,0,1,56,1,2,0,1,2,1,0,0,2,0,16
3,0,2,27,52,83,1,0,66,1,2,0,1,0,1,1,12,1,1,16
0,2,2,26,96,83,0,1,56,1,2,0,1,2,1,1,0,1,0,16
3,0,2,27,52,83,1,0,66,1,2,0,1,0,1,1,12,1,1,16
0,2,2,26,96,83,0,1,56,1,2,0,1,2,1,1,0,1,0,16
3,0,2,27,52,83,1,0,66,1,2,0,1,0,1,2,12,1,1,16
0,2,2,26,96,83,0,1,56,1,2,0,1,2,1,2,0,1,0,16
3,0,2,27,52,83,1,0,66,1,2,0,1,0,1,1,12,1,1,16
0,2,2,26,96,83,0,1,56,1,2,0,1,2,1,1,0,1,0,16
3,0,2,27,52,83,1,0,66,1,2,0,1,0,1,0,12,1,1,16
0,2,0,26,96,83,0,1,56,1,2,0,1,2,1,0,0,1,0,16
3,0,2,27,52,83,1,0,66,0,2,0,1,0,1,0,12,1,1,16
1,2,0,26,96,83,0,1,56,0,2,0,1,2,1,0,0,1,0,16
1,1,0,28,52,70,0,1,71,1,1,1,1,1,2,1,1,2,2,31
0,3,2,21,87,69,1,1,79,1,1,1,1,3,3,1,3,1,0,20
0,3,0,18,82,69,0,0,97,1,0,1,1,3,3,1,9,1,2,20
0,3,2,21,87,69,1,1,79,1,1,1,1,3,3,1,3,2,0,20
1,3,0,18,82,69,0,0,97,1,0,1,1,3,3,1,9,2,2,20
1,3,0,21,87,69,1,1,79,0,1,1,1,3,3,0,3,2,0,20
1,3,0,18,82,69,0,0,97,0,0,1,1,3,3,0,9,2,2,20
0,3,0,21,87,69,1,1,79,1,1,1,1,3,3,2,3,1,0,20
0,3,0,18,82,69,0,0,97,1,0,1,1,3,3,2,9,1,2,20
1,2,0,18,88,60,0,1,52,0,3,0,1,2,0,1,6,1,2,14
1,2,0,18,88,60,0,1,52,1,3,0,1,2,0,0,6,0,2,14
0,0,2,25,62,65,1,0,51,0,3,0,1,0,3,1,0,1,1,25
3,2,2,28,100,65,1,1,55,0,2,0,1,2,3,1,12,1,0,25
0,0,2,25,62,65,1,0,51,1,3,0,1,0,3,2,0,2,1,25
3,2,0,28,100,65,1,1,55,1,2,0,1,2,3,2,12,2,0,25
0,0,2,25,62,65,1,0,51,1,3,0,1,0,3,1,0,0,1,25
3,2,2,28,100,65,1,1,55,1,2,0,1,2,3,1,12,0,0,25
0,0,2,25,62,65,1,0,51,1,3,0,1,0,3,1,0,1,1,25
3,2,2,28,100,65,1,1,55,1,2,0,1,2,3,1,12,1,0,25
0,0,2,25,62,65,1,0,51,1,3,0,1,0,3,1,0,0,1,25
3,2,2,28,100,65,1,1,55,1,2,0,1,2,3,1,12,0,0,25
0,0,0,25,62,65,1,0,51,1,3,0,0,0,3,0,0,2,1,25
3,2,0,28,100,65,1,1,55,1,2,0,0,2,3,0,12,2,0,25
0,0,0,20,54,65,1,1,54,1,3,0,1,0,3,0,1,0,0,21
0,3,0,24,96,65,1,0,78,1,1,0,1,3,1,0,2,0,2,21
0,0,0,20,54,65,1,1,54,1,3,0,0,0,3,0,1,2,0,21
0,3,0,24,96,65,1,0,78,1,1,0,0,3,1,0,2,2,2,21
0,3,1,28,99,99,1,0,97,0,0,0,1,3,2,0,9,1,1,8
0,2,1,23,89,99,1,1,54,0,3,0,1,2,1,0,4,1,1,8
0,1,1,20,59,99,1,0,91,0,0,0,1,1,3,0,6,1,0,8
0,3,1,28,99,99,1,0,97,1,0,0,1,3,2,1,9,2,1,8
0,2,1,23,89,99,1,1,54,1,3,0,1,2,1,1,4,2,1,8
0,1,1,20,59,99,1,0,91,1,0,0,1,1,3,1,6,2,0,8
3,1,2,28,58,72,1,0,100,1,0,0,1,1,1,1,15,1,1,12
3,0,0,26,51,72,1,1,42,1,3,0,1,0,2,1,20,1,2,12
0,1,2,29,61,72,0,1,73,1,1,0,1,1,1,1,5,1,1,12
3,1,2,28,58,72,1,0,100,1,0,0,1,1,1,2,15,0,1,12
3,0,0,26,51,72,1,1,42,1,3,0,1,0,2,2,20,0,2,12
0,1,2,29,61,72,0,1,73,1,1,0,1,1,1,2,5,0,1,12
3,1,2,28,58,72,1,0,100,0,0,0,1,1,1,2,15,1,1,12
3,0,0,26,51,72,1,1,42,0,3,0,1,0,2,2,20,1,2,12
1,1,2,29,61,72,0,1,73,0,1,0,1,1,1,2,5,1,1,12
3,1,2,28,58,72,1,0,100,1,0,0,1,1,1,2,15,0,1,12
3,0,0,26,51,72,1,1,42,1,3,0,1,0,2,2,20,0,2,12
0,1,2,29,61,72,0,1,73,1,1,0,1,1,1,2,5,0,1,12
3,1,0,28,58,72,1,0,100,0,0,0,1,1,1,0,15,1,1,12
3,0,0,26,51,72,1,1,42,0,3,0,1,0,2,0,20,1,2,12
1,1,0,29,61,72,0,1,73,0,1,0,1,1,1,0,5,1,1,12
0,3,0,21,93,65,0,1,95,1,0,1,1,3,0,0,0,1,1,21
0,3,2,21,93,65,0,1,95,1,0,1,0,3,0,2,0,0,1,21
1,3,2,21,93,65,0,1,95,0,0,1,1,3,0,2,0,1,1,21
1,3,0,21,93,65,0,1,95,0,0,1,1,3,0,0,0,2,1,21
0,3,2,21,93,65,0,1,95,1,0,1,1,3,0,1,0,1,1,21
1,3,2,21,93,65,0,1,95,0,0,1,1,3,0,1,0,1,1,21
1,3,2,21,93,65,0,1,95,1,0,1,1,3,0,2,0,2,1,21
1,3,2,21,93,65,0,1,95,0,0,1,1,3,0,1,0,2,1,21
3,2,0,29,78,68,1,1,61,0,2,1,1,2,2,0,13,1,1,24
3,2,2,29,78,68,1,1,61,0,2,1,1,2,2,1,13,1,1,24
3,2,2,29,78,68,1,1,61,1,2,1,1,2,2,2,13,1,1,24
3,2,0,29,78,68,1,1,61,1,2,1,1,2,2,0,13,1,1,24
3,2,0,29,78,68,1,1,61,1,2,1,1,2,2,0,13,2,1,24
3,2,2,29,78,68,1,1,61,1,2,1,1,2,2,1,13,1,1,24
3,2,2,29,78,68,1,1,61,1,2,1,0,2,2,1,13,1,1,24
3,2,0,29,78,68,1,1,61,1,2,1,1,2,2,0,13,0,1,24
3,2,0,23,79,84,0,1,56,1,2,0,1,2,0,0,11,1,2,21
2,2,0,23,79,84,0,1,56,0,2,0,1,2,0,0,11,0,2,21
2,2,1,23,79,84,0,1,56,0,2,0,1,2,0,1,11,1,2,21
1,2,0,23,79,84,0,1,56,1,2,0,1,2,0,0,11,2,2,21
2,2,0,23,79,84,0,1,56,1,2,0,1,2,0,0,11,0,2,21
0,3,1,21,83,94,1,1,93,1,0,1,1,3,0,1,0,2,2,18
3,0,1,29,55,94,1,1,51,1,3,1,1,0,1,1,17,2,2,18
0,3,1,21,83,94,1,1,93,1,0,1,1,3,0,2,0,1,2,18
3,0,1,29,55,94,1,1,51,1,3,1,1,0,1,2,17,1,2,18
0,3,1,21,83,94,1,1,93,1,0,1,1,3,0,0,0,2,2,18
3,0,1,29,55,94,1,1,51,1,3,1,1,0,1,0,17,2,2,18
0,3,1,21,83,94,1,1,93,1,0,1,1,3,0,1,0,1,2,18
3,0,1,29,55,94,1,1,51,1,3,1,1,0,1,1,17,1,2,18
0,3,1,21,83,94,1,1,93,0,0,1,1,3,0,0,0,1,2,18
3,0,1,29,55,94,1,1,51,0,3,1,1,0,1,0,17,1,2,18
0,3,1,21,83,94,1,1,93,1,0,1,0,3,0,0,0,1,2,18
3,0,1,29,55,94,1,1,51,1,3,1,0,0,1,0,17,1,2,18
0,3,1,21,83,94,1,1,93,1,0,1,1,3,0,1,0,1,2,18
3,0,1,29,55,94,1,1,51,1,3,1,1,0,1,1,17,1,2,18
3,3,1,25,77,98,0,1,81,1,1,1,1,3,0,0,11,1,0,11
0,2,1,25,94,98,1,1,52,1,3,1,1,2,2,0,7,1,2,11
3,1,1,26,58,98,0,0,87,1,0,1,1,1,0,0,12,1,2,11
1,3,1,25,77,98,0,1,81,1,1,1,1,3,0,2,11,2,0,11
0,2,1,25,94,98,1,1,52,1,3,1,1,2,2,2,7,2,2,11
1,1,1,26,58,98,0,0,87,1,0,1,1,1,0,2,12,2,2,11
0,3,2,28,94,70,1,1,84,1,1,1,1,3,2,1,7,1,0,16
3,3,0,22,89,70,0,1,83,1,1,1,1,3,0,1,20,1,2,16
3,1,0,19,53,70,1,1,86,1,0,1,1,1,2,1,20,1,2,16
0,3,0,28,94,70,1,1,84,1,1,1,1,3,2,2,7,2,0,16
2,3,0,22,89,70,0,1,83,1,1,1,1,3,0,2,20,2,2,16
3,1,0,19,53,70,1,1,86,1,0,1,1,1,2,2,20,2,2,16
0,3,0,28,94,70,1,1,84,1,1,1,1,3,2,2,7,2,0,16
2,3,0,22,89,70,0,1,83,1,1,1,1,3,0,2,20,2,2,16
3,1,0,19,53,70,1,1,86,1,0,1,1,1,2,2,20,2,2,16
3,2,2,24,84,78,1,0,59,1,2,0,1,2,1,1,14,1,0,17
0,3,1,26,90,78,0,1,85,1,0,0,1,3,3,1,9,1,2,17
3,1,1,29,58,78,1,0,85,1,0,0,1,1,1,1,20,1,2,17
2,2,2,24,84,78,1,0,59,0,2,0,1,2,1,1,14,2,0,17
1,3,1,26,90,78,0,1,85,0,0,0,1,3,3,1,9,2,2,17
2,1,1,29,58,78,1,0,85,0,0,0,1,1,1,1,20,2,2,17
2,2,2,24,84,78,1,0,59,0,2,0,1,2,1,1,14,2,0,17
1,3,1,26,90,78,0,1,85,0,0,0,1,3,3,1,9,2,2,17
2,1,1,29,58,78,1,0,85,0,0,0,1,1,1,1,20,2,2,17
3,2,2,24,84,78,1,0,59,0,2,0,0,2,1,1,14,1,0,17
1,3,1,26,90,78,0,1,85,0,0,0,0,3,3,1,9,1,2,17
3,1,1,29,58,78,1,0,85,0,0,0,0,1,1,1,20,1,2,17
3,2,0,24,84,78,1,0,59,1,2,0,1,2,1,0,14,1,0,17
0,3,0,26,90,78,0,1,85,1,0,0,1,3,3,0,9,1,2,17
3,1,0,29,58,78,1,0,85,1,0,0,1,1,1,0,20,1,2,17
2,1,0,28,69,61,0,1,99,1,0,0,1,1,2,1,20,0,2,26
3,1,0,28,69,61,0,1,99,1,0,0,1,1,2,2,20,1,2,26
3,1,0,28,69,61,0,1,99,1,0,0,0,1,2,1,20,2,2,26
0,0,1,23,60,86,0,1,47,1,3,1,1,0,0,0,9,1,2,22
0,0,1,24,73,86,1,1,55,1,2,1,1,0,3,0,6,1,2,22
0,3,1,19,100,86,0,1,87,1,0,1,1,3,1,0,8,1,0,22
0,3,1,24,86,86,1,1,96,1,0,1,1,3,3,0,7,1,2,22
2,0,1,23,60,86,0,1,47,0,3,1,1,0,0,1,9,0,2,22
1,0,1,24,73,86,1,1,55,0,2,1,1,0,3,1,6,0,2,22
1,3,1,19,100,86,0,1,87,0,0,1,1,3,1,1,8,0,0,22
1,3,1,24,86,86,1,1,96,0,0,1,1,3,3,1,7,0,2,22
0,0,1,23,60,86,0,1,47,1,3,1,1,0,0,2,9,1,2,22
0,0,1,24,73,86,1,1,55,1,2,1,1,0,3,2,6,1,2,22
0,3,1,19,100,86,0,1,87,1,0,1,1,3,1,2,8,1,0,22
0,3,1,24,86,86,1,1,96,1,0,1,1,3,3,2,7,1,2,22
0,0,1,23,60,86,0,1,47,1,3,1,1,0,0,1,9,1,2,22
0,0,1,24,73,86,1,1,55,1,2,1,1,0,3,1,6,1,2,22
0,3,1,19,100,86,0,1,87,1,0,1,1,3,1,1,8,1,0,22
0,3,1,24,86,86,1,1,96,1,0,1,1,3,3,1,7,1,2,22
1,0,1,23,60,86,0,1,47,0,3,1,1,0,0,0,9,1,2,22
0,0,1,24,73,86,1,1,55,0,2,1,1,0,3,0,6,1,2,22
1,3,1,19,100,86,0,1,87,0,0,1,1,3,1,0,8,1,0,22
0,3,1,24,86,86,1,1,96,0,0,1,1,3,3,0,7,1,2,22
0,0,1,23,60,86,0,1,47,1,3,1,1,0,0,1,9,1,2,22
0,0,1,24,73,86,1,1,55,1,2,1,1,0,3,1,6,1,2,22
0,3,1,19,100,86,0,1,87,1,0,1,1,3,1,1,8,1,0,22
0,3,1,24,86,86,1,1,96,1,0,1,1,3,3,1,7,1,2,22
1,0,1,23,60,86,0,1,47,0,3,1,1,0,0,2,9,1,2,22
0,0,1,24,73,86,1,1,55,0,2,1,1,0,3,2,6,1,2,22
1,3,1,19,100,86,0,1,87,0,0,1,1,3,1,2,8,1,0,22
0,3,1,24,86,86,1,1,96,0,0,1,1,3,3,2,7,1,2,22
0,0,1,23,60,86,0,1,47,1,3,1,1,0,0,1,9,1,2,22
0,0,1,24,73,86,1,1,55,1,2,1,1,0,3,1,6,1,2,22
0,3,1,19,100,86,0,1,87,1,0,1,1,3,1,1,8,1,0,22
0,3,1,24,86,86,1,1,96,1,0,1,1,3,3,1,7,1,2,22
0,1,2,24,63,77,1,1,76,0,1,1,1,1,3,1,4,1,0,9
0,0,2,18,61,77,1,1,65,0,2,1,1,0,2,1,3,1,0,9
2,0,1,28,51,77,0,1,66,0,2,1,1,0,1,1,16,1,2,9
0,1,0,24,63,77,1,1,76,0,1,1,1,1,3,0,4,1,0,9
0,0,0,18,61,77,1,1,65,0,2,1,1,0,2,0,3,1,0,9
2,0,0,28,51,77,0,1,66,0,2,1,1,0,1,0,16,1,2,9
0,1,2,24,63,77,1,1,76,1,1,1,1,1,3,1,4,2,0,9
0,0,2,18,61,77,1,1,65,1,2,1,1,0,2,1,3,2,0,9
2,0,1,28,51,77,0,1,66,1,2,1,1,0,1,1,16,2,2,9
0,1,2,24,63,77,1,1,76,0,1,1,1,1,3,1,4,0,0,9
0,0,2,18,61,77,1,1,65,0,2,1,1,0,2,1,3,0,0,9
2,0,1,28,51,77,0,1,66,0,2,1,1,0,1,1,16,0,2,9
3,0,0,20,71,71,0,1,52,1,3,1,1,0,0,0,18,1,2,22
2,0,0,20,71,71,0,1,52,0,3,1,1,0,0,2,18,1,2,22
2,0,0,20,71,71,0,1,52,0,3,1,1,0,0,0,18,1,2,22
3,0,0,20,71,71,0,1,52,1,3,1,1,0,0,1,18,1,2,22
2,0,0,20,71,71,0,1,52,1,3,1,1,0,0,1,18,2,2,22
2,0,0,20,71,71,0,1,52,1,3,1,1,0,0,1,18,0,2,22
3,0,0,20,71,71,0,1,52,1,3,1,1,0,0,0,18,1,2,22
2,3,0,26,93,68,0,0,92,0,0,1,1,3,0,1,20,1,2,18
2,1,2,18,55,68,0,0,98,0,0,1,1,1,3,1,20,1,0,18
2,3,0,26,93,68,0,0,92,0,0,1,1,3,0,0,20,2,2,18
2,1,0,18,55,68,0,0,98,0,0,1,1,1,3,0,20,2,0,18
2,3,0,26,93,68,0,0,92,1,0,1,1,3,0,0,20,2,2,18
2,1,0,18,55,68,0,0,98,1,0,1,1,1,3,0,20,2,0,18
2,3,0,26,93,68,0,0,92,1,0,1,1,3,0,2,20,2,2,18
2,1,0,18,55,68,0,0,98,1,0,1,1,1,3,2,20,2,0,18
3,3,0,26,93,68,0,0,92,1,0,1,1,3,0,2,20,1,2,18
3,1,0,18,55,68,0,0,98,1,0,1,1,1,3,2,20,1,0,18
2,3,0,26,93,68,0,0,92,1,0,1,1,3,0,2,20,2,2,18
2,1,0,18,55,68,0,0,98,1,0,1,1,1,3,2,20,2,0,18
2,3,0,26,93,68,0,0,92,1,0,1,1,3,0,1,20,0,2,18
2,1,2,18,55,68,0,0,98,1,0,1,1,1,3,1,20,0,0,18
2,3,0,26,93,68,0,0,92,0,0,1,1,3,0,1,20,2,2,18
2,1,2,18,55,68,0,0,98,0,0,1,1,1,3,1,20,2,0,18
2,3,0,26,93,68,0,0,92,1,0,1,1,3,0,2,20,2,2,18
2,1,0,18,55,68,0,0,98,1,0,1,1,1,3,2,20,2,0,18
3,3,2,26,92,86,1,1,94,1,0,1,1,3,1,1,10,1,1,16
3,3,2,18,100,86,1,1,98,1,0,1,1,3,2,1,15,1,1,16
3,1,1,29,60,86,0,1,92,1,0,1,1,1,1,1,15,1,2,16
1,3,2,26,92,86,1,1,94,0,0,1,1,3,1,1,10,2,1,16
2,3,2,18,100,86,1,1,98,0,0,1,1,3,2,1,15,2,1,16
2,1,1,29,60,86,0,1,92,0,0,1,1,1,1,1,15,2,2,16
3,3,2,26,92,86,1,1,94,1,0,1,1,3,1,0,10,1,1,16
3,3,2,18,100,86,1,1,98,1,0,1,1,3,2,0,15,1,1,16
3,1,1,29,60,86,0,1,92,1,0,1,1,1,1,0,15,1,2,16
3,3,2,26,92,86,1,1,94,1,0,1,1,3,1,2,10,1,1,16
3,3,2,18,100,86,1,1,98,1,0,1,1,3,2,2,15,1,1,16
3,1,1,29,60,86,0,1,92,1,0,1,1,1,1,2,15,1,2,16
3,3,2,26,92,86,1,1,94,0,0,1,1,3,1,2,10,1,1,16
3,3,2,18,100,86,1,1,98,0,0,1,1,3,2,2,15,1,1,16
2,1,1,29,60,86,0,1,92,0,0,1,1,1,1,2,15,1,2,16
2,3,2,26,92,86,1,1,94,0,0,1,1,3,1,0,10,0,1,16
2,3,2,18,100,86,1,1,98,0,0,1,1,3,2,0,15,0,1,16
2,1,1,29,60,86,0,1,92,0,0,1,1,1,1,0,15,0,2,16
2,2,2,22,99,77,1,0,66,0,2,0,1,2,0,1,13,0,0,24
2,2,1,19,82,77,0,1,51,0,3,0,1,2,1,1,13,0,2,24
2,2,2,26,76,77,0,1,62,0,2,0,1,2,3,1,16,0,0,24
2,0,2,19,71,77,1,0,62,0,2,0,1,0,2,1,10,0,1,24
3,2,2,22,99,77,1,0,66,0,2,0,1,2,0,2,13,2,0,24
2,2,0,19,82,77,0,1,51,0,3,0,1,2,1,2,13,2,2,24
2,2,2,26,76,77,0,1,62,0,2,0,1,2,3,2,16,2,0,24
1,0,2,19,71,77,1,0,62,0,2,0,1,0,2,2,10,2,1,24
3,2,2,22,99,77,1,0,66,0,2,0,1,2,0,2,13,1,0,24
2,2,0,19,82,77,0,1,51,0,3,0,1,2,1,2,13,1,2,24
2,2,2,26,76,77,0,1,62,0,2,0,1,2,3,2,16,1,0,24
3,0,2,19,71,77,1,0,62,0,2,0,1,0,2,2,10,1,1,24
0,3,0,26,91,67,1,0,82,1,1,0,1,3,1,0,0,2,0,26
3,0,0,18,75,67,0,1,43,1,3,0,1,0,0,0,15,2,1,26
0,2,0,19,100,67,1,1,63,1,2,0,1,2,0,0,0,2,2,26
1,3,2,26,91,67,1,0,82,0,1,0,1,3,1,1,0,2,0,26
2,0,2,18,75,67,0,1,43,0,3,0,1,0,0,1,15,2,1,26
1,2,0,19,100,67,1,1,63,0,2,0,1,2,0,1,0,2,2,26
0,3,2,26,91,67,1,0,82,1,1,0,1,3,1,1,0,1,0,26
3,0,2,18,75,67,0,1,43,1,3,0,1,0,0,1,15,1,1,26
0,2,0,19,100,67,1,1,63,1,2,0,1,2,0,1,0,1,2,26
0,3,2,26,91,67,1,0,82,0,1,0,1,3,1,1,0,1,0,26
2,0,2,18,75,67,0,1,43,0,3,0,1,0,0,1,15,1,1,26
0,2,0,19,100,67,1,1,63,0,2,0,1,2,0,1,0,1,2,26
0,3,2,26,91,67,1,0,82,1,1,0,1,3,1,1,0,0,0,26
2,0,2,18,75,67,0,1,43,1,3,0,1,0,0,1,15,0,1,26
0,2,0,19,100,67,1,1,63,1,2,0,1,2,0,1,0,0,2,26
0,2,2,28,98,88,1,1,62,1,2,1,1,2,3,1,4,2,1,26
1,0,1,19,55,88,0,1,50,1,3,1,1,0,1,1,9,2,2,26
0,0,1,28,54,88,1,1,54,1,3,1,1,0,2,1,4,2,2,26
0,2,2,28,98,88,1,1,62,0,2,1,1,2,3,0,4,0,1,26
2,0,1,19,55,88,0,1,50,0,3,1,1,0,1,0,9,0,2,26
0,0,1,28,54,88,1,1,54,0,3,1,1,0,2,0,4,0,2,26
1,2,2,28,98,88,1,1,62,0,2,1,1,2,3,1,4,2,1,26
1,0,1,19,55,88,0,1,50,0,3,1,1,0,1,1,9,2,2,26
1,0,1,28,54,88,1,1,54,0,3,1,1,0,2,1,4,2,2,26
0,2,2,28,98,88,1,1,62,1,2,1,1,2,3,1,4,1,1,26
0,0,1,19,55,88,0,1,50,1,3,1,1,0,1,1,9,1,2,26
0,0,1,28,54,88,1,1,54,1,3,1,1,0,2,1,4,1,2,26
1,1,2,20,50,83,0,1,93,0,0,0,0,1,1,0,5,2,1,15
1,0,2,22,69,83,1,1,64,0,2,0,0,0,2,0,9,2,1,15
0,1,2,20,50,83,0,1,93,1,0,0,1,1,1,1,5,0,1,15
0,0,2,22,69,83,1,1,64,1,2,0,1,0,2,1,9,0,1,15
1,1,2,20,50,83,0,1,93,0,0,0,1,1,1,1,5,1,1,15
0,0,2,22,69,83,1,1,64,0,2,0,1,0,2,1,9,1,1,15
1,1,2,20,50,83,0,1,93,1,0,0,1,1,1,1,5,2,1,15
0,0,2,22,69,83,1,1,64,1,2,0,1,0,2,1,9,2,1,15
1,1,2,20,50,83,0,1,93,0,0,0,1,1,1,0,5,2,1,15
1,0,2,22,69,83,1,1,64,0,2,0,1,0,2,0,9,2,1,15
0,1,2,20,50,83,0,1,93,1,0,0,1,1,1,0,5,0,1,15
0,0,2,22,69,83,1,1,64,1,2,0,1,0,2,0,9,0,1,15
2,2,0,24,79,65,1,1,42,0,3,0,1,2,0,1,11,0,2,22
3,2,0,24,79,65,1,1,42,1,3,0,1,2,0,1,11,2,2,22
3,2,0,24,79,65,1,1,42,1,3,0,1,2,0,0,11,1,2,22
3,2,0,24,79,65,1,1,42,0,3,0,1,2,0,0,11,1,2,22
3,2,0,24,79,65,1,1,42,1,3,0,1,2,0,2,11,1,2,22
2,2,0,24,79,65,1,1,42,0,3,0,1,2,0,1,11,0,2,22
3,2,0,24,79,65,1,1,42,0,3,0,1,2,0,2,11,1,2,22
0,2,1,21,95,91,1,0,69,1,2,1,1,2,0,1,5,0,1,26
2,1,1,23,54,91,0,0,88,1,0,1,1,1,3,1,18,0,2,26
3,3,1,22,80,91,1,1,89,1,0,1,1,3,3,1,17,0,2,26
0,2,1,21,95,91,1,0,69,1,2,1,1,2,0,0,5,1,1,26
3,1,1,23,54,91,0,0,88,1,0,1,1,1,3,0,18,1,2,26
3,3,1,22,80,91,1,1,89,1,0,1,1,3,3,0,17,1,2,26
0,2,1,21,95,91,1,0,69,1,2,1,1,2,0,0,5,1,1,26
3,1,1,23,54,91,0,0,88,1,0,1,1,1,3,0,18,1,2,26
3,3,1,22,80,91,1,1,89,1,0,1,1,3,3,0,17,1,2,26
0,2,1,21,95,91,1,0,69,0,2,1,1,2,0,0,5,1,1,26
2,1,1,23,54,91,0,0,88,0,0,1,1,1,3,0,18,1,2,26
3,3,1,22,80,91,1,1,89,0,0,1,1,3,3,0,17,1,2,26
1,0,1,26,66,87,0,1,45,0,3,0,1,0,0,1,3,1,0,17
2,3,1,24,86,87,0,1,90,0,0,0,1,3,2,1,18,1,0,17
0,0,1,26,66,87,0,1,45,1,3,0,1,0,0,1,3,1,0,17
3,3,1,24,86,87,0,1,90,1,0,0,1,3,2,1,18,1,0,17
0,0,1,26,66,87,0,1,45,1,3,0,1,0,0,2,3,1,0,17
3,3,1,24,86,87,0,1,90,1,0,0,1,3,2,2,18,1,0,17
1,0,1,26,66,87,0,1,45,1,3,0,1,0,0,1,3,2,0,17
2,3,1,24,86,87,0,1,90,1,0,0,1,3,2,1,18,2,0,17
1,0,1,26,66,87,0,1,45,1,3,0,1,0,0,0,3,2,0,17
2,3,1,24,86,87,0,1,90,1,0,0,1,3,2,0,18,2,0,17
0,0,1,26,66,87,0,1,45,1,3,0,1,0,0,1,3,0,0,17
2,3,1,24,86,87,0,1,90,1,0,0,1,3,2,1,18,0,0,17
0,0,1,26,66,87,0,1,45,1,3,0,1,0,0,0,3,1,0,17
3,3,1,24,86,87,0,1,90,1,0,0,1,3,2,0,18,1,0,17
0,0,1,26,66,87,0,1,45,1,3,0,1,0,0,1,3,1,0,17
3,3,1,24,86,87,0,1,90,1,0,0,1,3,2,1,18,1,0,17
3,0,0,21,60,65,1,1,46,1,3,1,1,0,0,0,16,1,2,19
3,0,0,21,60,65,1,1,46,1,3,1,1,0,0,1,16,2,2,19
3,0,0,21,60,65,1,1,46,1,3,1,1,0,0,1,16,0,2,19
3,0,0,21,60,65,1,1,46,1,3,1,1,0,0,0,16,2,2,19
3,0,0,21,60,65,1,1,46,0,3,1,1,0,0,0,16,1,2,19
3,0,0,21,60,65,1,1,46,0,3,1,1,0,0,1,16,1,2,19
3,0,0,21,60,65,1,1,46,1,3,1,1,0,0,0,16,1,2,19
2,0,0,21,60,65,1,1,46,0,3,1,1,0,0,1,16,0,2,19
3,0,0,21,60,65,1,1,46,1,3,1,1,0,0,1,16,1,2,19
3,3,1,29,84,88,1,1,88,1,0,1,1,3,1,2,14,2,0,13
0,2,1,24,79,88,1,0,47,1,3,1,1,2,1,2,6,2,2,13
3,3,1,29,84,88,1,1,88,1,0,1,1,3,1,1,14,1,0,13
0,2,1,24,79,88,1,0,47,1,3,1,1,2,1,1,6,1,2,13
0,2,0,24,96,78,1,0,50,1,3,1,1,2,3,2,2,2,2,13
2,0,0,25,62,78,0,0,42,1,3,1,1,0,3,2,16,2,2,13
0,0,0,21,63,78,1,0,54,1,3,1,1,0,3,2,0,2,2,13
3,2,2,18,100,78,1,1,71,1,1,1,1,2,1,2,17,2,1,13
0,2,0,24,96,78,1,0,50,1,3,1,1,2,3,2,2,2,2,13
2,0,0,25,62,78,0,0,42,1,3,1,1,0,3,2,16,2,2,13
0,0,0,21,63,78,1,0,54,1,3,1,1,0,3,2,0,2,2,13
3,2,2,18,100,78,1,1,71,1,1,1,1,2,1,2,17,2,1,13
0,2,1,24,96,78,1,0,50,1,3,1,1,2,3,1,2,1,2,13
3,0,1,25,62,78,0,0,42,1,3,1,1,0,3,1,16,1,2,13
0,0,1,21,63,78,1,0,54,1,3,1,1,0,3,1,0,1,2,13
3,2,2,18,100,78,1,1,71,1,1,1,1,2,1,1,17,1,1,13
0,2,0,24,96,78,1,0,50,1,3,1,1,2,3,0,2,0,2,13
2,0,0,25,62,78,0,0,42,1,3,1,1,0,3,0,16,0,2,13
0,0,0,21,63,78,1,0,54,1,3,1,1,0,3,0,0,0,2,13
3,2,2,18,100,78,1,1,71,1,1,1,1,2,1,0,17,0,1,13
1,3,0,27,79,66,0,1,97,1,0,1,1,3,3,1,7,2,2,28
3,1,2,20,63,66,1,1,91,1,0,1,1,1,3,1,14,2,1,28
1,2,2,22,85,66,0,1,41,1,3,1,1,2,2,1,5,2,1,28
0,3,0,27,79,66,0,1,97,1,0,1,1,3,3,1,7,1,2,28
3,1,2,20,63,66,1,1,91,1,0,1,1,1,3,1,14,1,1,28
0,2,2,22,85,66,0,1,41,1,3,1,1,2,2,1,5,1,1,28
1,3,0,27,79,66,0,1,97,0,0,1,1,3,3,0,7,1,2,28
3,1,0,20,63,66,1,1,91,0,0,1,1,1,3,0,14,1,1,28
1,2,0,22,85,66,0,1,41,0,3,1,1,2,2,0,5,1,1,28
0,2,2,24,89,86,1,0,53,1,3,1,1,2,3,1,8,1,1,20
0,2,2,24,89,86,1,0,53,1,3,1,1,2,3,1,8,0,1,20
0,2,2,24,89,86,1,0,53,1,3,1,1,2,3,2,8,1,1,20
1,2,2,24,89,86,1,0,53,0,3,1,1,2,3,1,8,2,1,20
1,2,2,24,89,86,1,0,53,0,3,1,1,2,3,1,8,2,1,20
0,2,2,24,89,86,1,0,53,0,3,1,1,2,3,0,8,1,1,20
0,2,2,24,89,86,1,0,53,1,3,1,1,2,3,0,8,1,1,20
0,2,2,24,89,86,1,0,53,0,3,1,1,2,3,1,8,1,1,20
3,1,0,28,66,75,1,1,86,1,0,1,1,1,2,2,18,2,2,26
3,1,0,28,66,75,1,1,86,0,0,1,1,1,2,0,18,1,2,26
3,1,2,28,66,75,1,1,86,0,0,1,1,1,2,1,18,1,2,26
3,1,2,28,66,75,1,1,86,1,0,1,1,1,2,1,18,1,2,26
3,1,2,28,66,75,1,1,86,1,0,1,1,1,2,1,18,0,2,26
3,1,2,28,66,75,1,1,86,0,0,1,1,1,2,1,18,2,2,26
3,1,2,28,66,75,1,1,86,1,0,1,1,1,2,1,18,0,2,26
2,1,1,19,52,98,0,0,75,0,1,0,0,1,1,0,20,2,2,22
3,0,1,29,58,98,1,1,66,0,2,0,0,0,0,0,16,2,2,22
2,1,1,19,52,98,0,0,75,1,1,0,0,1,1,1,20,0,2,22
3,0,1,29,58,98,1,1,66,1,2,0,0,0,0,1,16,0,2,22
2,1,1,19,52,98,0,0,75,1,1,0,1,1,1,1,20,0,2,22
3,0,1,29,58,98,1,1,66,1,2,0,1,0,0,1,16,0,2,22
2,1,1,19,52,98,0,0,75,0,1,0,1,1,1,0,20,1,2,22
3,0,1,29,58,98,1,1,66,0,2,0,1,0,0,0,16,1,2,22
3,1,1,19,52,98,0,0,75,1,1,0,1,1,1,1,20,1,2,22
3,0,1,29,58,98,1,1,66,1,2,0,1,0,0,1,16,1,2,22
3,1,1,19,52,98,0,0,75,1,1,0,1,1,1,0,20,1,2,22
3,0,1,29,58,98,1,1,66,1,2,0,1,0,0,0,16,1,2,22
2,1,1,19,52,98,0,0,75,0,1,0,1,1,1,1,20,0,2,22
2,0,1,29,58,98,1,1,66,0,2,0,1,0,0,1,16,0,2,22
2,1,1,19,52,98,0,0,75,0,1,0,1,1,1,2,20,1,2,22
3,0,1,29,58,98,1,1,66,0,2,0,1,0,0,2,16,1,2,22
3,0,2,24,68,73,1,0,69,0,2,1,1,0,1,1,20,1,1,16
3,0,2,24,68,73,1,0,69,1,2,1,1,0,1,1,20,0,1,16
3,0,2,24,68,73,1,0,69,1,2,1,1,0,1,0,20,1,1,16
3,0,2,24,68,73,1,0,69,1,2,1,1,0,1,0,20,1,1,16
3,0,2,24,68,73,1,0,69,1,2,1,1,0,1,1,20,1,1,16
3,0,2,24,68,73,1,0,69,1,2,1,1,0,1,1,20,2,1,16
3,0,2,24,68,73,1,0,69,1,2,1,1,0,1,0,20,2,1,16
0,2,1,28,90,96,1,0,59,1,2,1,1,2,1,1,5,0,0,29
0,1,1,19,72,96,1,0,90,1,0,1,1,1,3,1,1,0,1,29
3,1,1,20,50,96,1,0,84,1,1,1,1,1,2,1,20,0,2,29
0,2,1,28,90,96,1,0,59,1,2,1,1,2,1,0,5,2,0,29
0,1,1,19,72,96,1,0,90,1,0,1,1,1,3,0,1,2,1,29
3,1,1,20,50,96,1,0,84,1,1,1,1,1,2,0,20,2,2,29
1,2,1,28,90,96,1,0,59,0,2,1,0,2,1,2,5,2,0,29
1,1,1,19,72,96,1,0,90,0,0,1,0,1,3,2,1,2,1,29
3,1,1,20,50,96,1,0,84,0,1,1,0,1,2,2,20,2,2,29
0,2,1,28,90,96,1,0,59,0,2,1,1,2,1,0,5,1,0,29
0,1,1,19,72,96,1,0,90,0,0,1,1,1,3,0,1,1,1,29
3,1,1,20,50,96,1,0,84,0,1,1,1,1,2,0,20,1,2,29
3,1,2,25,68,71,0,1,81,1,1,0,1,1,2,1,14,1,0,20
3,1,2,25,68,71,0,1,81,1,1,0,1,1,2,1,14,1,0,20
2,1,0,25,68,71,0,1,81,0,1,0,1,1,2,2,14,1,0,20
3,1,2,25,68,71,0,1,81,1,1,0,0,1,2,1,14,1,0,20
2,1,2,25,68,71,0,1,81,0,1,0,1,1,2,1,14,1,0,20
3,2,1,26,96,92,1,1,60,0,2,0,1,2,2,1,19,1,2,29
0,1,1,24,72,92,1,1,89,0,0,0,1,1,2,1,8,1,1,29
3,2,1,26,96,92,1,1,60,1,2,0,1,2,2,0,19,1,2,29
0,1,1,24,72,92,1,1,89,1,0,0,1,1,2,0,8,1,1,29
3,1,0,23,65,70,1,1,75,0,1,0,1,1,0,1,19,1,2,25
0,1,2,24,75,70,1,0,78,0,1,0,1,1,0,1,7,1,0,25
3,1,0,23,65,70,1,1,75,1,1,0,0,1,0,0,19,1,2,25
0,1,0,24,75,70,1,0,78,1,1,0,0,1,0,0,7,1,0,25
3,1,0,23,65,70,1,1,75,0,1,0,1,1,0,1,19,1,2,25
0,1,2,24,75,70,1,0,78,0,1,0,1,1,0,1,7,1,0,25
3,1,0,23,65,70,1,1,75,0,1,0,1,1,0,0,19,1,2,25
0,1,0,24,75,70,1,0,78,0,1,0,1,1,0,0,7,1,0,25
2,1,0,23,65,70,1,1,75,0,1,0,0,1,0,1,19,0,2,25
1,1,2,24,75,70,1,0,78,0,1,0,0,1,0,1,7,0,0,25
3,0,1,23,73,77,1,0,47,1,3,1,1,0,3,1,20,1,2,21
0,2,1,18,97,77,1,1,50,1,3,1,1,2,0,1,1,1,2,21
3,0,1,23,73,77,1,0,47,1,3,1,1,0,3,1,20,0,2,21
0,2,1,18,97,77,1,1,50,1,3,1,1,2,0,1,1,0,2,21
3,0,0,23,73,77,1,0,47,1,3,1,0,0,3,0,20,2,2,21
0,2,0,18,97,77,1,1,50,1,3,1,0,2,0,0,1,2,2,21
3,0,0,23,73,77,1,0,47,0,3,1,1,0,3,2,20,1,2,21
0,2,0,18,97,77,1,1,50,0,3,1,1,2,0,2,1,1,2,21
3,0,1,23,73,77,1,0,47,1,3,1,1,0,3,1,20,0,2,21
0,2,1,18,97,77,1,1,50,1,3,1,1,2,0,1,1,0,2,21
3,0,0,23,73,77,1,0,47,1,3,1,1,0,3,0,20,0,2,21
0,2,0,18,97,77,1,1,50,1,3,1,1,2,0,0,1,0,2,21
3,0,0,23,73,77,1,0,47,0,3,1,1,0,3,0,20,1,2,21
0,2,0,18,97,77,1,1,50,0,3,1,1,2,0,0,1,1,2,21
3,0,1,23,73,77,1,0,47,1,3,1,1,0,3,1,20,0,2,21
0,2,1,18,97,77,1,1,50,1,3,1,1,2,0,1,1,0,2,21
3,0,1,23,73,77,1,0,47,1,3,1,1,0,3,1,20,1,2,21
0,2,1,18,97,77,1,1,50,1,3,1,1,2,0,1,1,1,2,21
0,1,2,25,65,81,1,1,87,1,0,0,1,1,2,1,2,0,0,18
0,3,1,23,95,81,0,1,77,1,1,0,1,3,0,1,3,0,2,18
0,1,2,25,65,81,1,1,87,1,0,0,1,1,2,2,2,0,0,18
0,3,1,23,95,81,0,1,77,1,1,0,1,3,0,2,3,0,2,18
0,1,0,25,65,81,1,1,87,1,0,0,1,1,2,0,2,1,0,18
0,3,0,23,95,81,0,1,77,1,1,0,1,3,0,0,3,1,2,18
0,1,2,25,65,81,1,1,87,1,0,0,1,1,2,1,2,1,0,18
0,3,1,23,95,81,0,1,77,1,1,0,1,3,0,1,3,1,2,18
0,1,0,25,70,61,1,0,73,1,1,1,1,1,3,1,8,1,2,8
3,3,2,27,92,61,0,0,84,1,1,1,1,3,3,1,11,1,0,8
1,1,0,18,71,69,0,0,96,1,0,1,1,1,0,2,1,2,0,19
1,1,0,28,68,69,0,0,84,1,1,1,1,1,1,2,2,2,2,19
0,1,0,18,71,69,0,0,96,1,0,1,1,1,0,2,1,1,0,19
0,1,0,28,68,69,0,0,84,1,1,1,1,1,1,2,2,1,2,19
0,1,2,18,71,69,0,0,96,1,0,1,0,1,0,1,1,1,0,19
0,1,0,28,68,69,0,0,84,1,1,1,0,1,1,1,2,1,2,19
0,1,2,18,71,69,0,0,96,1,0,1,1,1,0,1,1,1,0,19
0,1,0,28,68,69,0,0,84,1,1,1,1,1,1,1,2,1,2,19
0,1,2,18,71,69,0,0,96,1,0,1,1,1,0,1,1,1,0,19
0,1,0,28,68,69,0,0,84,1,1,1,1,1,1,1,2,1,2,19
0,1,2,18,71,69,0,0,96,1,0,1,1,1,0,1,1,1,0,19
0,1,0,28,68,69,0,0,84,1,1,1,1,1,1,1,2,1,2,19
0,1,0,18,71,69,0,0,96,1,0,1,0,1,0,0,1,1,0,19
0,1,0,28,68,69,0,0,84,1,1,1,0,1,1,0,2,1,2,19
1,1,2,18,71,69,0,0,96,0,0,1,1,1,0,1,1,0,0,19
1,1,0,28,68,69,0,0,84,0,1,1,1,1,1,1,2,0,2,19
1,1,0,22,65,78,0,1,71,1,1,1,1,1,1,0,12,2,2,29
2,1,1,22,65,78,0,1,71,0,1,1,1,1,1,1,12,1,2,29
3,1,0,22,65,78,0,1,71,1,1,1,1,1,1,2,12,1,2,29
3,1,1,22,65,78,0,1,71,1,1,1,1,1,1,1,12,1,2,29
0,0,0,29,52,67,0,0,69,1,2,0,1,0,1,2,9,1,0,17
3,2,0,28,78,67,1,1,70,1,1,0,1,2,2,2,18,1,0,17
1,0,2,29,52,67,0,0,69,1,2,0,1,0,1,1,9,2,0,17
3,2,2,28,78,67,1,1,70,1,1,0,1,2,2,1,18,2,0,17
0,0,2,29,52,67,0,0,69,1,2,0,1,0,1,1,9,1,0,17
3,2,2,28,78,67,1,1,70,1,1,0,1,2,2,1,18,1,0,17
0,0,2,29,52,67,0,0,69,1,2,0,1,0,1,1,9,1,0,17
3,2,2,28,78,67,1,1,70,1,1,0,1,2,2,1,18,1,0,17
1,0,2,29,52,67,0,0,69,0,2,0,1,0,1,1,9,1,0,17
3,2,2,28,78,67,1,1,70,0,1,0,1,2,2,1,18,1,0,17
1,0,2,29,52,67,0,0,69,0,2,0,1,0,1,1,9,1,0,17
3,2,2,28,78,67,1,1,70,0,1,0,1,2,2,1,18,1,0,17
1,0,2,29,52,67,0,0,69,0,2,0,1,0,1,1,9,1,0,17
3,2,2,28,78,67,1,1,70,0,1,0,1,2,2,1,18,1,0,17
0,0,0,29,52,67,0,0,69,1,2,0,1,0,1,2,9,1,0,17
3,2,0,28,78,67,1,1,70,1,1,0,1,2,2,2,18,1,0,17
2,0,2,29,52,67,0,0,69,1,2,0,1,0,1,1,9,0,0,17
3,2,2,28,78,67,1,1,70,1,1,0,1,2,2,1,18,0,0,17
2,0,1,20,64,95,0,0,64,0,2,1,1,0,0,1,12,1,2,15
0,2,1,22,79,95,1,0,41,0,3,1,1,2,1,1,6,1,0,15
3,2,1,20,80,95,1,1,53,0,3,1,1,2,2,1,16,1,1,15
2,0,1,20,64,95,0,0,64,1,2,1,1,0,0,0,12,0,2,15
0,2,1,22,79,95,1,0,41,1,3,1,1,2,1,0,6,0,0,15
3,2,1,20,80,95,1,1,53,1,3,1,1,2,2,0,16,0,1,15
3,0,1,20,64,95,0,0,64,1,2,1,1,0,0,0,12,1,2,15
0,2,1,22,79,95,1,0,41,1,3,1,1,2,1,0,6,1,0,15
3,2,1,20,80,95,1,1,53,1,3,1,1,2,2,0,16,1,1,15
2,0,1,20,64,95,0,0,64,0,2,1,0,0,0,1,12,1,2,15
0,2,1,22,79,95,1,0,41,0,3,1,0,2,1,1,6,1,0,15
3,2,1,20,80,95,1,1,53,0,3,1,0,2,2,1,16,1,1,15
1,0,1,20,64,95,0,0,64,1,2,1,1,0,0,1,12,2,2,15
0,2,1,22,79,95,1,0,41,1,3,1,1,2,1,1,6,2,0,15
3,2,1,20,80,95,1,1,53,1,3,1,1,2,2,1,16,2,1,15
1,2,2,20,95,88,0,0,66,1,2,1,1,2,0,0,7,2,1,17
3,1,1,26,64,88,1,1,79,1,1,1,1,1,1,0,15,2,0,17
3,0,1,29,69,88,1,1,46,1,3,1,1,0,1,0,16,2,2,17
3,0,2,24,53,88,1,0,61,1,2,1,1,0,2,0,15,2,1,17
0,2,2,20,95,88,0,0,66,1,2,1,1,2,0,1,7,1,1,17
3,1,1,26,64,88,1,1,79,1,1,1,1,1,1,1,15,1,0,17
3,0,1,29,69,88,1,1,46,1,3,1,1,0,1,1,16,1,2,17
3,0,2,24,53,88,1,0,61,1,2,1,1,0,2,1,15,1,1,17
1,2,2,20,95,88,0,0,66,0,2,1,0,2,0,1,7,0,1,17
2,1,1,26,64,88,1,1,79,0,1,1,0,1,1,1,15,0,0,17
2,0,1,29,69,88,1,1,46,0,3,1,0,0,1,1,16,0,2,17
2,0,2,24,53,88,1,0,61,0,2,1,0,0,2,1,15,0,1,17
1,2,2,20,95,88,0,0,66,1,2,1,0,2,0,1,7,2,1,17
3,1,1,26,64,88,1,1,79,1,1,1,0,1,1,1,15,2,0,17
3,0,1,29,69,88,1,1,46,1,3,1,0,0,1,1,16,2,2,17
3,0,2,24,53,88,1,0,61,1,2,1,0,0,2,1,15,2,1,17
3,3,0,20,82,63,0,1,82,1,1,1,1,3,3,1,18,2,2,25
3,2,0,23,79,63,1,1,55,1,2,1,1,2,3,1,15,2,2,25
0,0,2,20,55,63,1,1,45,1,3,1,1,0,0,1,1,2,0,25
3,3,0,20,82,63,0,1,82,1,1,1,1,3,3,1,18,1,2,25
3,2,0,23,79,63,1,1,55,1,2,1,1,2,3,1,15,1,2,25
0,0,2,20,55,63,1,1,45,1,3,1,1,0,0,1,1,1,0,25
3,3,0,20,82,63,0,1,82,1,1,1,1,3,3,1,18,1,2,25
3,2,0,23,79,63,1,1,55,1,2,1,1,2,3,1,15,1,2,25
0,0,2,20,55,63,1,1,45,1,3,1,1,0,0,1,1,1,0,25
2,3,0,20,82,63,0,1,82,0,1,1,1,3,3,2,18,0,2,25
2,2,0,23,79,63,1,1,55,0,2,1,1,2,3,2,15,0,2,25
0,0,0,20,55,63,1,1,45,0,3,1,1,0,0,2,1,0,0,25
1,3,2,19,92,86,0,1,97,0,0,1,1,3,0,2,12,2,1,17
1,1,2,26,54,86,0,1,95,0,0,1,1,1,1,2,0,2,1,17
2,3,1,24,88,86,1,1,73,0,1,1,1,3,3,2,20,2,2,17
2,3,2,19,92,86,0,1,97,0,0,1,0,3,0,0,12,0,1,17
1,1,2,26,54,86,0,1,95,0,0,1,0,1,1,0,0,0,1,17
2,3,1,24,88,86,1,1,73,0,1,1,0,3,3,0,20,0,2,17
3,3,2,19,92,86,0,1,97,1,0,1,1,3,0,0,12,1,1,17
0,1,2,26,54,86,0,1,95,1,0,1,1,1,1,0,0,1,1,17
3,3,1,24,88,86,1,1,73,1,1,1,1,3,3,0,20,1,2,17
2,3,2,19,92,86,0,1,97,0,0,1,0,3,0,1,12,1,1,17
1,1,2,26,54,86,0,1,95,0,0,1,0,1,1,1,0,1,1,17
3,3,1,24,88,86,1,1,73,0,1,1,0,3,3,1,20,1,2,17
3,3,2,19,92,86,0,1,97,1,0,1,1,3,0,1,12,1,1,17
0,1,2,26,54,86,0,1,95,1,0,1,1,1,1,1,0,1,1,17
3,3,1,24,88,86,1,1,73,1,1,1,1,3,3,1,20,1,2,17
1,3,2,19,92,86,0,1,97,1,0,1,1,3,0,1,12,2,1,17
1,1,2,26,54,86,0,1,95,1,0,1,1,1,1,1,0,2,1,17
3,3,1,24,88,86,1,1,73,1,1,1,1,3,3,1,20,2,2,17
1,3,2,19,92,86,0,1,97,1,0,1,1,3,0,1,12,2,1,17
1,1,2,26,54,86,0,1,95,1,0,1,1,1,1,1,0,2,1,17
3,3,1,24,88,86,1,1,73,1,1,1,1,3,3,1,20,2,2,17
1,3,2,19,92,86,0,1,97,0,0,1,1,3,0,1,12,2,1,17
1,1,2,26,54,86,0,1,95,0,0,1,1,1,1,1,0,2,1,17
2,3,1,24,88,86,1,1,73,0,1,1,1,3,3,1,20,2,2,17
0,3,1,28,76,98,0,0,89,1,0,0,1,3,3,0,2,0,0,23
0,3,1,22,99,98,0,1,84,1,1,0,1,3,0,0,1,0,0,23
3,0,1,20,59,98,1,0,46,1,3,0,1,0,2,0,19,0,2,23
1,3,1,28,76,98,0,0,89,0,0,0,1,3,3,2,2,1,0,23
1,3,1,22,99,98,0,1,84,0,1,0,1,3,0,2,1,1,0,23
3,0,1,20,59,98,1,0,46,0,3,0,1,0,2,2,19,1,2,23
1,3,1,28,76,98,0,0,89,1,0,0,1,3,3,1,2,2,0,23
1,3,1,22,99,98,0,1,84,1,1,0,1,3,0,1,1,2,0,23
3,0,1,20,59,98,1,0,46,1,3,0,1,0,2,1,19,2,2,23
1,3,1,28,76,98,0,0,89,1,0,0,1,3,3,0,2,2,0,23
1,3,1,22,99,98,0,1,84,1,1,0,1,3,0,0,1,2,0,23
3,0,1,20,59,98,1,0,46,1,3,0,1,0,2,0,19,2,2,23
2,2,0,28,77,70,0,0,54,1,3,0,1,2,0,1,18,0,2,26
3,3,2,22,89,70,1,0,92,1,0,0,1,3,1,1,14,0,0,26
3,0,0,19,73,70,1,1,43,1,3,0,1,0,1,1,20,0,2,26
3,2,0,28,77,70,0,0,54,1,3,0,1,2,0,1,18,2,2,26
3,3,2,22,89,70,1,0,92,1,0,0,1,3,1,1,14,2,0,26
3,0,0,19,73,70,1,1,43,1,3,0,1,0,1,1,20,2,2,26
0,1,1,20,74,97,1,1,85,1,0,1,1,1,3,0,6,1,2,16
3,1,1,26,71,97,1,1,99,1,0,1,1,1,2,0,19,1,2,16
0,1,1,21,74,97,0,1,94,1,0,1,1,1,3,0,3,1,2,16
0,0,1,21,60,97,1,0,54,1,3,1,1,0,0,0,4,1,1,16
0,1,1,20,74,97,1,1,85,1,0,1,1,1,3,0,6,1,2,16
3,1,1,26,71,97,1,1,99,1,0,1,1,1,2,0,19,1,2,16
0,1,1,21,74,97,0,1,94,1,0,1,1,1,3,0,3,1,2,16
0,0,1,21,60,97,1,0,54,1,3,1,1,0,0,0,4,1,1,16
0,1,1,20,74,97,1,1,85,1,0,1,1,1,3,1,6,0,2,16
3,1,1,26,71,97,1,1,99,1,0,1,1,1,2,1,19,0,2,16
0,1,1,21,74,97,0,1,94,1,0,1,1,1,3,1,3,0,2,16
0,0,1,21,60,97,1,0,54,1,3,1,1,0,0,1,4,0,1,16
0,1,1,20,74,97,1,1,85,1,0,1,1,1,3,2,6,0,2,16
3,1,1,26,71,97,1,1,99,1,0,1,1,1,2,2,19,0,2,16
0,1,1,21,74,97,0,1,94,1,0,1,1,1,3,2,3,0,2,16
0,0,1,21,60,97,1,0,54,1,3,1,1,0,0,2,4,0,1,16
0,2,1,28,81,89,1,1,68,1,2,0,1,2,3,1,5,1,0,18
0,3,2,25,99,89,1,1,94,1,0,0,1,3,1,1,8,1,1,18
0,2,2,29,80,89,0,0,40,1,3,0,1,2,0,1,0,1,1,18
3,2,1,23,84,89,1,0,58,1,2,0,1,2,3,1,10,1,2,18
3,1,1,28,63,89,0,0,74,1,1,0,1,1,3,1,19,1,2,18
0,2,1,28,81,89,1,1,68,1,2,0,1,2,3,0,5,2,0,18
0,3,2,25,99,89,1,1,94,1,0,0,1,3,1,0,8,2,1,18
1,2,2,29,80,89,0,0,40,1,3,0,1,2,0,0,0,2,1,18
3,2,1,23,84,89,1,0,58,1,2,0,1,2,3,0,10,2,2,18
2,1,1,28,63,89,0,0,74,1,1,0,1,1,3,0,19,2,2,18
0,2,1,28,81,89,1,1,68,1,2,0,1,2,3,0,5,0,0,18
0,3,2,25,99,89,1,1,94,1,0,0,1,3,1,0,8,0,1,18
0,2,2,29,80,89,0,0,40,1,3,0,1,2,0,0,0,0,1,18
3,2,1,23,84,89,1,0,58,1,2,0,1,2,3,0,10,0,2,18
2,1,1,28,63,89,0,0,74,1,1,0,1,1,3,0,19,0,2,18
0,2,1,28,81,89,1,1,68,1,2,0,1,2,3,1,5,0,0,18
0,3,2,25,99,89,1,1,94,1,0,0,1,3,1,1,8,0,1,18
0,2,2,29,80,89,0,0,40,1,3,0,1,2,0,1,0,0,1,18
3,2,1,23,84,89,1,0,58,1,2,0,1,2,3,1,10,0,2,18
2,1,1,28,63,89,0,0,74,1,1,0,1,1,3,1,19,0,2,18
0,2,1,28,81,89,1,1,68,1,2,0,1,2,3,1,5,1,0,18
0,3,2,25,99,89,1,1,94,1,0,0,1,3,1,1,8,1,1,18
0,2,2,29,80,89,0,0,40,1,3,0,1,2,0,1,0,1,1,18
3,2,1,23,84,89,1,0,58,1,2,0,1,2,3,1,10,1,2,18
3,1,1,28,63,89,0,0,74,1,1,0,1,1,3,1,19,1,2,18
0,0,1,27,57,91,1,1,46,0,3,1,1,0,3,1,1,1,2,11
2,0,1,24,58,91,0,1,43,0,3,1,1,0,3,1,18,1,1,11
0,0,1,27,57,91,1,1,46,0,3,1,1,0,3,1,1,0,2,11
2,0,1,24,58,91,0,1,43,0,3,1,1,0,3,1,18,0,1,11
1,0,1,27,57,91,1,1,46,0,3,1,1,0,3,1,1,2,2,11
2,0,1,24,58,91,0,1,43,0,3,1,1,0,3,1,18,2,1,11
0,0,1,27,57,91,1,1,46,0,3,1,1,0,3,1,1,1,2,11
2,0,1,24,58,91,0,1,43,0,3,1,1,0,3,1,18,1,1,11
0,0,1,27,57,91,1,1,46,1,3,1,1,0,3,0,1,0,2,11
2,0,1,24,58,91,0,1,43,1,3,1,1,0,3,0,18,0,1,11
0,1,0,18,70,64,1,1,97,0,0,1,0,1,2,0,6,1,0,22
3,3,0,27,85,64,1,1,90,0,0,1,0,3,0,0,14,1,1,22
3,3,0,29,88,64,1,1,74,0,1,1,0,3,2,0,20,1,2,22
3,0,0,24,55,64,1,0,49,0,3,1,0,0,1,0,15,1,0,22
0,1,2,18,70,64,1,1,97,1,0,1,1,1,2,1,6,2,0,22
3,3,2,27,85,64,1,1,90,1,0,1,1,3,0,1,14,2,1,22
3,3,0,29,88,64,1,1,74,1,1,1,1,3,2,1,20,2,2,22
3,0,2,24,55,64,1,0,49,1,3,1,1,0,1,1,15,2,0,22
0,1,2,18,70,64,1,1,97,1,0,1,1,1,2,1,6,1,0,22
3,3,2,27,85,64,1,1,90,1,0,1,1,3,0,1,14,1,1,22
3,3,0,29,88,64,1,1,74,1,1,1,1,3,2,1,20,1,2,22
3,0,2,24,55,64,1,0,49,1,3,1,1,0,1,1,15,1,0,22
1,1,0,18,70,64,1,1,97,0,0,1,1,1,2,0,6,2,0,22
3,3,0,27,85,64,1,1,90,0,0,1,1,3,0,0,14,2,1,22
2,3,0,29,88,64,1,1,74,0,1,1,1,3,2,0,20,2,2,22
3,0,0,24,55,64,1,0,49,0,3,1,1,0,1,0,15,2,0,22
0,1,0,18,70,64,1,1,97,1,0,1,1,1,2,2,6,1,0,22
3,3,2,27,85,64,1,1,90,1,0,1,1,3,0,2,14,1,1,22
3,3,0,29,88,64,1,1,74,1,1,1,1,3,2,2,20,1,2,22
3,0,0,24,55,64,1,0,49,1,3,1,1,0,1,2,15,1,0,22
0,1,2,18,70,64,1,1,97,0,0,1,1,1,2,1,6,1,0,22
3,3,2,27,85,64,1,1,90,0,0,1,1,3,0,1,14,1,1,22
3,3,0,29,88,64,1,1,74,0,1,1,1,3,2,1,20,1,2,22
3,0,2,24,55,64,1,0,49,0,3,1,1,0,1,1,15,1,0,22
0,1,2,18,70,64,1,1,97,1,0,1,1,1,2,1,6,1,0,22
3,3,2,27,85,64,1,1,90,1,0,1,1,3,0,1,14,1,1,22
3,3,0,29,88,64,1,1,74,1,1,1,1,3,2,1,20,1,2,22
3,0,2,24,55,64,1,0,49,1,3,1,1,0,1,1,15,1,0,22
3,3,0,27,80,81,1,1,79,1,1,0,1,3,2,0,14,1,0,22
0,0,0,27,75,81,1,1,54,1,3,0,1,0,3,0,4,1,2,22
0,1,0,28,52,81,0,1,95,1,0,0,1,1,0,0,5,1,2,22
3,3,2,27,80,81,1,1,79,1,1,0,1,3,2,2,14,2,0,22
0,0,1,27,75,81,1,1,54,1,3,0,1,0,3,2,4,2,2,22
1,1,1,28,52,81,0,1,95,1,0,0,1,1,0,2,5,2,2,22
3,3,0,27,80,81,1,1,79,0,1,0,1,3,2,0,14,1,0,22
0,0,0,27,75,81,1,1,54,0,3,0,1,0,3,0,4,1,2,22
1,1,0,28,52,81,0,1,95,0,0,0,1,1,0,0,5,1,2,22
3,3,0,27,80,81,1,1,79,1,1,0,1,3,2,0,14,0,0,22
0,0,0,27,75,81,1,1,54,1,3,0,1,0,3,0,4,0,2,22
1,1,0,28,52,81,0,1,95,1,0,0,1,1,0,0,5,0,2,22
2,3,2,27,80,81,1,1,79,0,1,0,1,3,2,1,14,0,0,22
0,0,1,27,75,81,1,1,54,0,3,0,1,0,3,1,4,0,2,22
1,1,1,28,52,81,0,1,95,0,0,0,1,1,0,1,5,0,2,22
0,1,0,19,74,67,1,0,81,0,1,1,1,1,0,2,8,1,2,19
0,1,0,19,74,67,1,0,81,0,1,1,1,1,0,2,8,1,2,19
0,1,0,19,74,67,1,0,81,1,1,1,1,1,0,2,8,1,2,19
1,1,0,19,74,67,1,0,81,0,1,1,1,1,0,1,8,2,2,19
0,1,0,19,74,67,1,0,81,1,1,1,0,1,0,1,8,0,2,19
1,1,0,19,74,67,1,0,81,0,1,1,1,1,0,1,8,0,2,19
0,1,0,19,74,67,1,0,81,1,1,1,1,1,0,0,8,1,2,19
1,1,0,19,74,67,1,0,81,0,1,1,0,1,0,2,8,0,2,19
2,1,1,21,62,92,0,1,89,0,0,1,1,1,1,2,11,1,2,12
2,3,1,23,86,92,0,0,98,0,0,1,1,3,2,2,20,1,1,12
2,1,1,21,62,92,0,1,89,0,0,1,1,1,1,0,11,1,2,12
2,3,1,23,86,92,0,0,98,0,0,1,1,3,2,0,20,1,1,12
2,1,1,21,62,92,0,1,89,1,0,1,1,1,1,1,11,0,2,12
2,3,1,23,86,92,0,0,98,1,0,1,1,3,2,1,20,0,1,12
2,1,1,21,62,92,0,1,89,0,0,1,1,1,1,1,11,1,2,12
2,3,1,23,86,92,0,0,98,0,0,1,1,3,2,1,20,1,1,12
2,1,1,21,62,92,0,1,89,0,0,1,1,1,1,0,11,1,2,12
2,3,1,23,86,92,0,0,98,0,0,1,1,3,2,0,20,1,1,12
2,1,1,21,62,92,0,1,89,1,0,1,1,1,1,2,11,0,2,12
2,3,1,23,86,92,0,0,98,1,0,1,1,3,2,2,20,0,1,12
3,2,2,29,75,79,1,0,64,1,2,1,1,2,0,1,15,1,1,18
3,2,2,29,75,79,1,0,64,1,2,1,1,2,0,0,15,1,1,18
3,2,2,29,75,79,1,0,64,1,2,1,1,2,0,1,15,2,1,18
3,2,2,29,75,79,1,0,64,1,2,1,1,2,0,1,15,1,1,18
2,2,2,29,75,79,1,0,64,0,2,1,1,2,0,2,15,0,1,18
3,2,2,29,75,79,1,0,64,1,2,1,1,2,0,1,15,2,1,18
2,2,2,29,75,79,1,0,64,0,2,1,1,2,0,0,15,2,1,18
0,3,1,21,95,98,1,0,100,0,0,1,1,3,2,2,3,1,2,15
0,3,1,21,95,98,1,0,100,1,0,1,1,3,2,0,3,1,2,15
0,3,1,21,95,98,1,0,100,0,0,1,1,3,2,0,3,1,2,15
0,3,1,21,95,98,1,0,100,1,0,1,0,3,2,0,3,1,2,15
0,1,1,21,64,99,1,0,80,1,1,1,1,1,1,0,2,0,2,22
0,3,1,25,88,99,1,1,73,1,1,1,1,3,2,0,2,0,1,22
0,3,1,22,95,99,1,0,82,1,1,1,1,3,3,0,7,0,2,22
0,1,1,21,64,99,1,0,80,1,1,1,1,1,1,1,2,2,2,22
0,3,1,25,88,99,1,1,73,1,1,1,1,3,2,1,2,2,1,22
0,3,1,22,95,99,1,0,82,1,1,1,1,3,3,1,7,2,2,22
0,1,1,21,64,99,1,0,80,1,1,1,1,1,1,2,2,1,2,22
0,3,1,25,88,99,1,1,73,1,1,1,1,3,2,2,2,1,1,22
0,3,1,22,95,99,1,0,82,1,1,1,1,3,3,2,7,1,2,22
0,1,1,21,64,99,1,0,80,0,1,1,1,1,1,0,2,1,2,22
0,3,1,25,88,99,1,1,73,0,1,1,1,3,2,0,2,1,1,22
0,3,1,22,95,99,1,0,82,0,1,1,1,3,3,0,7,1,2,22
0,1,1,21,64,99,1,0,80,1,1,1,1,1,1,1,2,2,2,22
0,3,1,25,88,99,1,1,73,1,1,1,1,3,2,1,2,2,1,22
0,3,1,22,95,99,1,0,82,1,1,1,1,3,3,1,7,2,2,22
1,1,1,21,64,100,0,1,97,0,0,1,1,1,0,1,7,1,1,31
3,0,2,28,62,82,0,1,47,1,3,0,1,0,2,2,16,2,1,21
3,0,2,28,62,82,0,1,47,1,3,0,1,0,2,2,16,1,1,21
2,0,2,28,62,82,0,1,47,0,3,0,1,0,2,1,16,1,1,21
3,3,0,27,76,67,1,0,100,1,0,0,1,3,0,2,19,1,0,22
3,3,0,27,76,67,1,0,100,0,0,0,1,3,0,0,19,1,0,22
3,3,2,27,76,67,1,0,100,0,0,0,1,3,0,1,19,1,0,22
3,3,2,27,76,67,1,0,100,1,0,0,1,3,0,1,19,1,0,22
3,0,2,24,58,73,0,0,45,1,3,1,1,0,2,1,14,1,2,20
3,0,0,24,58,73,0,0,45,1,3,1,1,0,2,0,14,1,2,20
3,0,0,24,58,73,0,0,45,1,3,1,1,0,2,2,14,1,2,20
3,0,0,24,58,73,0,0,45,1,3,1,1,0,2,0,14,2,2,20
2,0,0,24,58,73,0,0,45,0,3,1,1,0,2,0,14,1,2,20
2,0,0,24,58,73,0,0,45,0,3,1,1,0,2,0,14,1,2,20
2,0,0,24,58,73,0,0,45,1,3,1,1,0,2,2,14,0,2,20
2,0,0,24,58,73,0,0,45,0,3,1,1,0,2,2,14,2,2,20
2,0,2,24,58,73,0,0,45,1,3,1,1,0,2,1,14,0,2,20
3,0,2,24,58,73,0,0,45,1,3,1,1,0,2,1,14,2,2,20
3,3,1,23,77,77,0,1,86,1,0,1,1,3,1,1,13,1,2,8
3,1,1,18,58,77,1,0,88,1,0,1,1,1,2,1,14,1,2,8
3,2,1,28,77,77,1,0,70,1,1,1,1,2,2,1,10,1,2,8
2,3,0,23,77,77,0,1,86,1,0,1,1,3,1,0,13,0,2,8
3,1,0,18,58,77,1,0,88,1,0,1,1,1,2,0,14,0,2,8
3,2,0,28,77,77,1,0,70,1,1,1,1,2,2,0,10,0,2,8
3,0,0,19,55,72,1,0,50,0,3,1,1,0,2,1,13,1,2,20
3,0,0,19,55,72,1,0,50,1,3,1,1,0,2,0,13,2,2,20
2,0,0,19,55,72,1,0,50,0,3,1,1,0,2,0,13,0,2,20
3,0,0,19,55,72,1,0,50,1,3,1,1,0,2,2,13,1,2,20
3,0,0,19,55,72,1,0,50,1,3,1,1,0,2,1,13,0,2,20
3,0,0,19,55,72,1,0,50,1,3,1,1,0,2,0,13,0,2,20
3,0,0,19,55,72,1,0,50,0,3,1,1,0,2,0,13,1,2,20
3,0,0,19,55,72,1,0,50,1,3,1,1,0,2,1,13,1,2,20
3,0,0,19,55,72,1,0,50,1,3,1,1,0,2,1,13,1,2,20
3,2,0,29,83,71,1,1,62,1,2,1,1,2,2,2,15,2,2,20
1,3,0,19,83,71,0,1,87,1,0,1,1,3,3,2,5,2,2,20
3,2,0,29,83,71,1,1,62,0,2,1,1,2,2,1,15,1,2,20
1,3,0,19,83,71,0,1,87,0,0,1,1,3,3,1,5,1,2,20
2,2,0,29,83,71,1,1,62,0,2,1,1,2,2,2,15,0,2,20
1,3,0,19,83,71,0,1,87,0,0,1,1,3,3,2,5,0,2,20
3,2,0,29,83,71,1,1,62,0,2,1,1,2,2,2,15,1,2,20
1,3,0,19,83,71,0,1,87,0,0,1,1,3,3,2,5,1,2,20
3,2,0,29,83,71,1,1,62,1,2,1,1,2,2,0,15,1,2,20
0,3,0,19,83,71,0,1,87,1,0,1,1,3,3,0,5,1,2,20
3,2,0,29,83,71,1,1,62,1,2,1,1,2,2,1,15,1,2,20
0,3,0,19,83,71,0,1,87,1,0,1,1,3,3,1,5,1,2,20
3,2,0,29,83,71,1,1,62,1,2,1,1,2,2,2,15,2,2,20
1,3,0,19,83,71,0,1,87,1,0,1,1,3,3,2,5,2,2,20
3,2,0,29,83,71,1,1,62,1,2,1,1,2,2,2,15,0,2,20
1,3,0,19,83,71,0,1,87,1,0,1,1,3,3,2,5,0,2,20
3,2,0,29,83,71,1,1,62,0,2,1,1,2,2,2,15,1,2,20
1,3,0,19,83,71,0,1,87,0,0,1,1,3,3,2,5,1,2,20
3,2,0,29,83,71,1,1,62,0,2,1,1,2,2,1,15,1,2,20
1,3,0,19,83,71,0,1,87,0,0,1,1,3,3,1,5,1,2,20
3,2,0,29,83,71,1,1,62,1,2,1,1,2,2,0,15,1,2,20
0,3,0,19,83,71,0,1,87,1,0,1,1,3,3,0,5,1,2,20
3,2,0,29,83,71,1,1,62,1,2,1,1,2,2,1,15,2,2,20
1,3,0,19,83,71,0,1,87,1,0,1,1,3,3,1,5,2,2,20
3,2,0,29,83,71,1,1,62,1,2,1,1,2,2,2,15,2,2,20
1,3,0,19,83,71,0,1,87,1,0,1,1,3,3,2,5,2,2,20
1,2,1,18,81,99,0,1,64,1,2,0,1,2,2,0,3,2,2,35
3,3,0,26,99,66,1,1,96,0,0,0,1,3,0,1,12,1,2,19
3,3,0,26,99,66,1,1,96,1,0,0,1,3,0,1,12,2,2,19
1,3,0,26,99,66,1,1,96,0,0,0,1,3,0,0,12,2,2,19
2,3,0,26,99,66,1,1,96,0,0,0,1,3,0,1,12,0,2,19
3,3,0,26,99,66,1,1,96,0,0,0,0,3,0,0,12,1,2,19
3,3,0,26,99,66,1,1,96,0,0,0,1,3,0,1,12,1,2,19
3,1,1,23,68,89,1,0,76,1,1,0,1,1,0,1,13,2,2,22
1,1,1,21,69,89,0,1,96,1,0,0,1,1,2,1,8,2,0,22
3,1,1,23,68,89,1,0,76,0,1,0,1,1,0,0,13,1,2,22
1,1,1,21,69,89,0,1,96,0,0,0,1,1,2,0,8,1,0,22
3,1,1,23,68,89,1,0,76,1,1,0,1,1,0,1,13,1,2,22
0,1,1,21,69,89,0,1,96,1,0,0,1,1,2,1,8,1,0,22
3,1,1,23,68,89,1,0,76,1,1,0,1,1,0,1,13,2,2,22
1,1,1,21,69,89,0,1,96,1,0,0,1,1,2,1,8,2,0,22
1,2,0,22,92,60,1,0,48,0,3,1,1,2,3,2,9,2,0,20
1,3,0,24,84,60,0,1,79,0,1,1,1,3,3,2,1,2,0,20
0,2,0,22,92,60,1,0,48,0,3,1,1,2,3,2,9,1,0,20
1,3,0,24,84,60,0,1,79,0,1,1,1,3,3,2,1,1,0,20
0,2,0,22,92,60,1,0,48,1,3,1,1,2,3,0,9,1,0,20
0,3,0,24,84,60,0,1,79,1,1,1,1,3,3,0,1,1,0,20
0,2,2,22,92,60,1,0,48,1,3,1,1,2,3,1,9,1,0,20
0,3,2,24,84,60,0,1,79,1,1,1,1,3,3,1,1,1,0,20
2,0,1,24,59,84,0,0,63,0,2,1,1,0,3,1,19,1,0,13
3,0,2,28,73,84,1,1,58,0,2,1,1,0,1,1,15,1,1,13
2,1,1,23,61,84,0,1,79,0,1,1,1,1,2,1,13,1,0,13
1,3,1,26,87,84,0,1,86,0,0,1,1,3,2,1,0,1,2,13
2,3,2,24,89,84,0,1,84,0,1,1,1,3,0,1,12,1,1,13
1,2,1,29,99,84,0,1,71,0,1,1,1,2,2,1,10,1,0,13
2,0,1,24,59,84,0,0,63,0,2,1,0,0,3,1,19,1,0,13
3,0,2,28,73,84,1,1,58,0,2,1,0,0,1,1,15,1,1,13
2,1,1,23,61,84,0,1,79,0,1,1,0,1,2,1,13,1,0,13
1,3,1,26,87,84,0,1,86,0,0,1,0,3,2,1,0,1,2,13
2,3,2,24,89,84,0,1,84,0,1,1,0,3,0,1,12,1,1,13
1,2,1,29,99,84,0,1,71,0,1,1,0,2,2,1,10,1,0,13
3,0,1,24,59,84,0,0,63,1,2,1,1,0,3,1,19,1,0,13
3,0,2,28,73,84,1,1,58,1,2,1,1,0,1,1,15,1,1,13
3,1,1,23,61,84,0,1,79,1,1,1,1,1,2,1,13,1,0,13
0,3,1,26,87,84,0,1,86,1,0,1,1,3,2,1,0,1,2,13
3,3,2,24,89,84,0,1,84,1,1,1,1,3,0,1,12,1,1,13
3,2,1,29,99,84,0,1,71,1,1,1,1,2,2,1,10,1,0,13
2,0,0,24,59,84,0,0,63,0,2,1,1,0,3,0,19,1,0,13
3,0,2,28,73,84,1,1,58,0,2,1,1,0,1,0,15,1,1,13
2,1,0,23,61,84,0,1,79,0,1,1,1,1,2,0,13,1,0,13
1,3,0,26,87,84,0,1,86,0,0,1,1,3,2,0,0,1,2,13
2,3,2,24,89,84,0,1,84,0,1,1,1,3,0,0,12,1,1,13
1,2,0,29,99,84,0,1,71,0,1,1,1,2,2,0,10,1,0,13
0,0,1,25,59,97,1,0,46,1,3,0,1,0,2,1,3,2,1,27
0,2,1,20,80,97,1,1,62,1,2,0,1,2,2,1,1,2,1,27
3,0,1,18,54,97,1,1,66,1,2,0,1,0,3,1,11,2,0,27
1,0,1,25,59,97,1,0,46,0,3,0,1,0,2,1,3,2,1,27
1,2,1,20,80,97,1,1,62,0,2,0,1,2,2,1,1,2,1,27
1,0,1,18,54,97,1,1,66,0,2,0,1,0,3,1,11,2,0,27
0,0,1,25,59,97,1,0,46,0,3,0,1,0,2,1,3,1,1,27
0,2,1,20,80,97,1,1,62,0,2,0,1,2,2,1,1,1,1,27
3,0,1,18,54,97,1,1,66,0,2,0,1,0,3,1,11,1,0,27
3,0,0,23,66,72,0,1,57,1,2,0,1,0,0,0,14,2,0,25
3,3,0,18,86,72,1,1,76,1,1,0,1,3,2,0,15,2,1,25
3,0,2,23,66,72,0,1,57,1,2,0,1,0,0,1,14,1,0,25
3,3,2,18,86,72,1,1,76,1,1,0,1,3,2,1,15,1,1,25
3,0,2,23,66,72,0,1,57,1,2,0,1,0,0,1,14,2,0,25
3,3,2,18,86,72,1,1,76,1,1,0,1,3,2,1,15,2,1,25
3,0,2,23,66,72,0,1,57,1,2,0,1,0,0,1,14,2,0,25
3,3,2,18,86,72,1,1,76,1,1,0,1,3,2,1,15,2,1,25
2,0,0,23,66,72,0,1,57,0,2,0,1,0,0,2,14,1,0,25
3,3,2,18,86,72,1,1,76,0,1,0,1,3,2,2,15,1,1,25
0,0,2,28,61,67,1,1,59,0,2,0,1,0,3,2,7,1,1,25
1,0,0,21,59,67,0,1,50,0,3,0,1,0,3,2,8,1,2,25
3,1,2,23,67,67,1,1,99,0,0,0,1,1,0,2,13,1,1,25
3,3,0,19,95,67,1,1,98,0,0,0,1,3,3,2,15,1,2,25
1,0,2,28,61,67,1,1,59,0,2,0,1,0,3,1,7,2,1,25
1,0,0,21,59,67,0,1,50,0,3,0,1,0,3,1,8,2,2,25
3,1,2,23,67,67,1,1,99,0,0,0,1,1,0,1,13,2,1,25
3,3,0,19,95,67,1,1,98,0,0,0,1,3,3,1,15,2,2,25
0,0,2,28,61,67,1,1,59,0,2,0,1,0,3,1,7,1,1,25
1,0,0,21,59,67,0,1,50,0,3,0,1,0,3,1,8,1,2,25
3,1,2,23,67,67,1,1,99,0,0,0,1,1,0,1,13,1,1,25
3,3,0,19,95,67,1,1,98,0,0,0,1,3,3,1,15,1,2,25
0,0,1,28,67,86,1,1,55,1,2,1,1,0,0,1,3,1,0,15
0,0,1,28,67,86,1,1,55,1,2,1,1,0,0,1,3,2,0,15
0,0,1,28,67,86,1,1,55,1,2,1,1,0,0,1,3,1,0,15
0,0,1,28,67,86,1,1,55,1,2,1,1,0,0,1,3,2,0,15
0,0,1,28,67,86,1,1,55,0,2,1,1,0,0,1,3,0,0,15
0,0,1,28,67,86,1,1,55,0,2,1,1,0,0,1,3,1,0,15
0,0,1,28,67,86,1,1,55,1,2,1,1,0,0,2,3,1,0,15
1,0,1,28,67,86,1,1,55,0,2,1,1,0,0,1,3,2,0,15
0,0,1,28,67,86,1,1,55,1,2,1,1,0,0,0,3,1,0,15
1,0,1,28,67,86,1,1,55,0,2,1,1,0,0,2,3,2,0,15
0,0,2,26,52,89,1,1,68,1,2,0,1,0,3,2,6,2,1,28
1,2,1,18,90,89,0,1,51,1,3,0,1,2,3,2,7,2,2,28
1,3,1,23,80,89,0,1,96,1,0,0,1,3,0,2,5,2,2,28
3,3,1,25,79,89,0,1,87,1,0,0,1,3,1,2,14,2,0,28
1,0,1,24,74,89,0,1,46,1,3,0,1,0,3,2,11,2,2,28
0,3,1,21,91,89,1,0,90,1,0,0,1,3,2,2,4,2,0,28
0,0,2,26,52,89,1,1,68,1,2,0,1,0,3,2,6,2,1,28
1,2,1,18,90,89,0,1,51,1,3,0,1,2,3,2,7,2,2,28
1,3,1,23,80,89,0,1,96,1,0,0,1,3,0,2,5,2,2,28
3,3,1,25,79,89,0,1,87,1,0,0,1,3,1,2,14,2,0,28
1,0,1,24,74,89,0,1,46,1,3,0,1,0,3,2,11,2,2,28
0,3,1,21,91,89,1,0,90,1,0,0,1,3,2,2,4,2,0,28
0,0,2,26,52,89,1,1,68,1,2,0,1,0,3,2,6,0,1,28
1,2,1,18,90,89,0,1,51,1,3,0,1,2,3,2,7,0,2,28
1,3,1,23,80,89,0,1,96,1,0,0,1,3,0,2,5,0,2,28
2,3,1,25,79,89,0,1,87,1,0,0,1,3,1,2,14,0,0,28
2,0,1,24,74,89,0,1,46,1,3,0,1,0,3,2,11,0,2,28
0,3,1,21,91,89,1,0,90,1,0,0,1,3,2,2,4,0,0,28
2,2,1,22,87,88,0,1,55,0,2,1,1,2,0,0,18,1,2,12
3,1,1,22,63,88,1,1,96,0,0,1,1,1,3,0,15,1,2,12
3,3,2,20,86,88,1,1,77,0,1,1,1,3,2,0,12,1,1,12
2,2,1,22,87,88,0,1,55,0,2,1,1,2,0,1,18,1,2,12
3,1,1,22,63,88,1,1,96,0,0,1,1,1,3,1,15,1,2,12
3,3,2,20,86,88,1,1,77,0,1,1,1,3,2,1,12,1,1,12
3,2,1,22,87,88,0,1,55,1,2,1,1,2,0,2,18,1,2,12
3,1,1,22,63,88,1,1,96,1,0,1,1,1,3,2,15,1,2,12
3,3,2,20,86,88,1,1,77,1,1,1,1,3,2,2,12,1,1,12
3,2,1,22,87,88,0,1,55,1,2,1,1,2,0,1,18,1,2,12
3,1,1,22,63,88,1,1,96,1,0,1,1,1,3,1,15,1,2,12
3,3,2,20,86,88,1,1,77,1,1,1,1,3,2,1,12,1,1,12
2,2,1,22,87,88,0,1,55,0,2,1,0,2,0,0,18,1,2,12
3,1,1,22,63,88,1,1,96,0,0,1,0,1,3,0,15,1,2,12
3,3,2,20,86,88,1,1,77,0,1,1,0,3,2,0,12,1,1,12
3,0,2,28,61,73,1,1,59,1,2,1,1,0,3,1,18,2,2,24
3,0,0,28,61,73,1,1,59,1,2,1,1,0,3,2,18,1,2,24
3,0,2,28,61,73,1,1,59,1,2,1,1,0,3,1,18,0,2,24
3,0,0,28,61,73,1,1,59,1,2,1,1,0,3,0,18,1,2,24
2,1,1,25,60,98,0,1,73,0,1,0,1,1,0,1,20,1,0,14
3,0,1,26,74,98,1,1,65,0,2,0,1,0,2,1,17,1,2,14
2,0,1,20,68,98,0,1,65,0,2,0,1,0,3,1,20,1,1,14
1,1,1,23,72,98,0,0,91,0,0,0,1,1,3,1,5,1,0,14
3,1,1,25,60,98,0,1,73,1,1,0,1,1,0,0,20,1,0,14
3,0,1,26,74,98,1,1,65,1,2,0,1,0,2,0,17,1,2,14
3,0,1,20,68,98,0,1,65,1,2,0,1,0,3,0,20,1,1,14
0,1,1,23,72,98,0,0,91,1,0,0,1,1,3,0,5,1,0,14
0,3,1,27,95,78,0,1,90,1,0,1,1,3,0,1,6,1,2,21
1,3,1,27,95,78,0,1,90,0,0,1,1,3,0,1,6,0,2,21
1,3,0,27,95,78,0,1,90,0,0,1,1,3,0,0,6,1,2,21
1,3,1,27,95,78,0,1,90,0,0,1,1,3,0,1,6,1,2,21
0,3,1,27,95,78,0,1,90,1,0,1,1,3,0,1,6,1,2,21
1,3,1,27,95,78,0,1,90,1,0,1,1,3,0,1,6,0,2,21
1,3,1,27,95,78,0,1,90,0,0,1,1,3,0,1,6,2,2,21
0,0,1,19,73,94,0,1,59,1,2,0,1,0,0,0,6,1,2,17
0,1,1,26,63,94,0,1,87,1,0,0,1,1,0,0,5,1,0,17
0,0,1,29,57,94,1,1,50,1,3,0,1,0,1,0,9,1,1,17
0,0,1,19,73,94,0,1,59,1,2,0,1,0,0,1,6,1,2,17
0,1,1,26,63,94,0,1,87,1,0,0,1,1,0,1,5,1,0,17
0,0,1,29,57,94,1,1,50,1,3,0,1,0,1,1,9,1,1,17
3,2,2,19,76,77,1,1,59,0,2,0,1,2,0,0,20,1,1,20
3,0,0,29,53,77,1,1,69,0,2,0,1,0,0,0,14,1,2,20
3,2,2,19,76,77,1,1,59,0,2,0,1,2,0,0,20,1,1,20
3,0,0,29,53,77,1,1,69,0,2,0,1,0,0,0,14,1,2,20
3,2,2,19,76,77,1,1,59,1,2,0,0,2,0,1,20,0,1,20
3,0,1,29,53,77,1,1,69,1,2,0,0,0,0,1,14,0,2,20
2,2,2,19,76,77,1,1,59,0,2,0,1,2,0,0,20,0,1,20
2,0,0,29,53,77,1,1,69,0,2,0,1,0,0,0,14,0,2,20
3,2,2,19,76,77,1,1,59,0,2,0,1,2,0,0,20,1,1,20
3,0,0,29,53,77,1,1,69,0,2,0,1,0,0,0,14,1,2,20
2,1,0,21,62,66,1,0,82,0,1,1,1,1,1,1,13,0,2,14
0,1,0,28,74,66,1,0,83,0,1,1,1,1,0,1,0,0,2,14
3,1,0,21,62,66,1,0,82,1,1,1,1,1,1,0,13,1,2,14
0,1,0,28,74,66,1,0,83,1,1,1,1,1,0,0,0,1,2,14
3,1,0,21,62,66,1,0,82,1,1,1,1,1,1,1,13,1,2,14
0,1,0,28,74,66,1,0,83,1,1,1,1,1,0,1,0,1,2,14
3,1,0,21,62,66,1,0,82,1,1,1,1,1,1,0,13,1,2,14
0,1,0,28,74,66,1,0,83,1,1,1,1,1,0,0,0,1,2,14
0,0,1,27,59,77,0,1,46,1,3,1,1,0,0,1,9,1,2,23
0,2,1,19,92,77,1,0,62,1,2,1,1,2,1,1,0,1,2,23
1,0,1,27,59,77,0,1,46,1,3,1,1,0,0,1,9,2,2,23
0,2,1,19,92,77,1,0,62,1,2,1,1,2,1,1,0,2,2,23
0,0,1,27,59,77,0,1,46,1,3,1,1,0,0,1,9,1,2,23
0,2,1,19,92,77,1,0,62,1,2,1,1,2,1,1,0,1,2,23
1,0,0,27,59,77,0,1,46,0,3,1,1,0,0,0,9,1,2,23
0,2,0,19,92,77,1,0,62,0,2,1,1,2,1,0,0,1,2,23
1,0,0,27,59,77,0,1,46,0,3,1,1,0,0,0,9,2,2,23
1,2,0,19,92,77,1,0,62,0,2,1,1,2,1,0,0,2,2,23
1,0,1,27,59,77,0,1,46,1,3,1,1,0,0,1,9,2,2,23
0,2,1,19,92,77,1,0,62,1,2,1,1,2,1,1,0,2,2,23
2,0,1,27,59,77,0,1,46,0,3,1,1,0,0,1,9,0,2,23
0,2,1,19,92,77,1,0,62,0,2,1,1,2,1,1,0,0,2,23
2,2,1,23,91,81,0,1,49,0,3,0,1,2,0,1,18,1,2,14
2,2,0,23,91,81,0,1,49,1,3,0,0,2,0,0,18,2,2,14
2,2,0,23,91,81,0,1,49,0,3,0,1,2,0,0,18,1,2,14
2,2,0,23,91,81,0,1,49,0,3,0,1,2,0,0,18,1,2,14
2,2,1,23,91,81,0,1,49,0,3,0,0,2,0,1,18,1,2,14
2,2,1,23,91,81,0,1,49,0,3,0,1,2,0,1,18,1,2,14
2,2,1,23,91,81,0,1,49,0,3,0,1,2,0,1,18,2,2,14
3,3,0,29,93,61,1,1,86,1,0,0,1,3,1,0,11,2,1,29
0,2,0,21,96,61,1,0,71,1,1,0,1,2,0,0,3,2,2,29
3,3,0,28,88,61,1,0,84,1,1,0,1,3,3,0,15,2,0,29
2,3,0,22,89,78,0,1,86,0,0,1,1,3,2,0,14,2,2,15
2,3,1,22,89,78,0,1,86,0,0,1,0,3,2,1,14,2,2,15
2,3,0,22,89,78,0,1,86,1,0,1,1,3,2,2,14,2,2,15
2,3,0,22,89,78,0,1,86,1,0,1,1,3,2,0,14,2,2,15
3,3,1,22,89,78,0,1,86,1,0,1,1,3,2,1,14,1,2,15
3,3,0,22,89,78,0,1,86,1,0,1,1,3,2,2,14,1,2,15
2,3,1,22,89,78,0,1,86,0,0,1,1,3,2,1,14,1,2,15
2,3,0,22,89,78,0,1,86,1,0,1,1,3,2,0,14,0,2,15
2,3,0,22,89,78,0,1,86,0,0,1,1,3,2,2,14,2,2,15
2,3,1,22,89,78,0,1,86,0,0,1,1,3,2,1,14,2,2,15
0,2,1,26,92,91,0,1,71,1,1,0,1,2,3,1,4,1,2,18
3,1,1,27,69,91,0,1,100,1,0,0,1,1,0,1,10,1,2,18
3,3,1,22,93,91,0,1,82,1,1,0,1,3,0,1,16,1,0,18
3,1,1,20,58,91,1,1,79,1,1,0,1,1,1,1,17,1,0,18
1,2,1,26,92,91,0,1,71,0,1,0,1,2,3,1,4,1,2,18
1,1,1,27,69,91,0,1,100,0,0,0,1,1,0,1,10,1,2,18
2,3,1,22,93,91,0,1,82,0,1,0,1,3,0,1,16,1,0,18
3,1,1,20,58,91,1,1,79,0,1,0,1,1,1,1,17,1,0,18
1,2,1,26,92,91,0,1,71,0,1,0,1,2,3,1,4,1,2,18
1,1,1,27,69,91,0,1,100,0,0,0,1,1,0,1,10,1,2,18
2,3,1,22,93,91,0,1,82,0,1,0,1,3,0,1,16,1,0,18
3,1,1,20,58,91,1,1,79,0,1,0,1,1,1,1,17,1,0,18
1,1,2,26,62,87,0,0,72,0,1,1,1,1,3,2,6,0,1,25
2,0,1,21,62,87,1,0,50,0,3,1,1,0,2,2,19,0,0,25
1,3,1,19,94,87,1,1,82,0,1,1,1,3,1,2,5,0,2,25
1,1,2,26,62,87,0,0,72,1,1,1,1,1,3,0,6,0,1,25
3,0,1,21,62,87,1,0,50,1,3,1,1,0,2,0,19,0,0,25
0,3,1,19,94,87,1,1,82,1,1,1,1,3,1,0,5,0,2,25
1,1,2,26,62,87,0,0,72,0,1,1,1,1,3,0,6,2,1,25
3,0,1,21,62,87,1,0,50,0,3,1,1,0,2,0,19,2,0,25
1,3,1,19,94,87,1,1,82,0,1,1,1,3,1,0,5,2,2,25
1,1,2,26,62,87,0,0,72,0,1,1,1,1,3,1,6,1,1,25
3,0,1,21,62,87,1,0,50,0,3,1,1,0,2,1,19,1,0,25
0,3,1,19,94,87,1,1,82,0,1,1,1,3,1,1,5,1,2,25
1,1,2,26,62,87,0,0,72,0,1,1,1,1,3,0,6,0,1,25
2,0,1,21,62,87,1,0,50,0,3,1,1,0,2,0,19,0,0,25
1,3,1,19,94,87,1,1,82,0,1,1,1,3,1,0,5,0,2,25
0,1,2,26,62,87,0,0,72,1,1,1,1,1,3,1,6,1,1,25
3,0,1,21,62,87,1,0,50,1,3,1,1,0,2,1,19,1,0,25
0,3,1,19,94,87,1,1,82,1,1,1,1,3,1,1,5,1,2,25
0,1,2,26,62,87,0,0,72,1,1,1,0,1,3,1,6,1,1,25
3,0,1,21,62,87,1,0,50,1,3,1,0,0,2,1,19,1,0,25
0,3,1,19,94,87,1,1,82,1,1,1,0,3,1,1,5,1,2,25
1,1,2,26,62,87,0,0,72,1,1,1,1,1,3,0,6,2,1,25
3,0,1,21,62,87,1,0,50,1,3,1,1,0,2,0,19,2,0,25
0,3,1,19,94,87,1,1,82,1,1,1,1,3,1,0,5,2,2,25
1,1,2,26,62,87,0,0,72,0,1,1,1,1,3,2,6,1,1,25
3,0,1,21,62,87,1,0,50,0,3,1,1,0,2,2,19,1,0,25
0,3,1,19,94,87,1,1,82,0,1,1,1,3,1,2,5,1,2,25
1,2,2,18,97,85,0,1,50,0,3,1,1,2,3,1,0,1,1,13
3,2,1,27,79,85,1,0,68,0,2,1,1,2,0,1,18,1,2,13
3,2,1,22,98,85,1,1,40,0,3,1,1,2,2,1,19,1,2,13
0,2,1,28,81,85,1,1,67,0,2,1,1,2,1,1,2,1,2,13
0,1,1,20,72,85,1,1,99,0,0,1,1,1,3,1,6,1,2,13
1,2,2,18,97,85,0,1,50,0,3,1,1,2,3,0,0,1,1,13
3,2,0,27,79,85,1,0,68,0,2,1,1,2,0,0,18,1,2,13
3,2,0,22,98,85,1,1,40,0,3,1,1,2,2,0,19,1,2,13
0,2,0,28,81,85,1,1,67,0,2,1,1,2,1,0,2,1,2,13
0,1,0,20,72,85,1,1,99,0,0,1,1,1,3,0,6,1,2,13
1,2,2,18,97,85,0,1,50,1,3,1,1,2,3,2,0,2,1,13
3,2,1,27,79,85,1,0,68,1,2,1,1,2,0,2,18,2,2,13
3,2,1,22,98,85,1,1,40,1,3,1,1,2,2,2,19,2,2,13
0,2,1,28,81,85,1,1,67,1,2,1,1,2,1,2,2,2,2,13
0,1,1,20,72,85,1,1,99,1,0,1,1,1,3,2,6,2,2,13
3,2,1,21,81,96,1,0,63,0,2,1,1,2,1,2,15,1,0,21
3,0,1,21,55,96,1,0,65,0,2,1,1,0,2,2,18,1,1,21
3,2,1,21,81,96,1,0,63,1,2,1,1,2,1,1,15,2,0,21
3,0,1,21,55,96,1,0,65,1,2,1,1,0,2,1,18,2,1,21
3,2,1,21,81,96,1,0,63,1,2,1,1,2,1,0,15,2,0,21
3,0,1,21,55,96,1,0,65,1,2,1,1,0,2,0,18,2,1,21
2,2,1,21,81,96,1,0,63,0,2,1,1,2,1,0,15,0,0,21
2,0,1,21,55,96,1,0,65,0,2,1,1,0,2,0,18,0,1,21
3,2,1,21,81,96,1,0,63,1,2,1,1,2,1,1,15,1,0,21
3,0,1,21,55,96,1,0,65,1,2,1,1,0,2,1,18,1,1,21
3,2,1,21,81,96,1,0,63,1,2,1,1,2,1,1,15,1,0,21
3,0,1,21,55,96,1,0,65,1,2,1,1,0,2,1,18,1,1,21
3,2,1,21,81,96,1,0,63,1,2,1,1,2,1,0,15,1,0,21
3,0,1,21,55,96,1,0,65,1,2,1,1,0,2,0,18,1,1,21
3,2,1,21,81,96,1,0,63,1,2,1,1,2,1,1,15,2,0,21
3,0,1,21,55,96,1,0,65,1,2,1,1,0,2,1,18,2,1,21
1,1,2,20,51,61,0,1,93,0,0,1,1,1,3,2,6,2,1,28
1,1,2,20,51,61,0,1,93,0,0,1,1,1,3,2,6,1,1,28
2,0,2,23,71,82,0,1,66,0,2,0,1,0,3,1,9,0,1,10
0,1,2,26,65,82,1,1,89,0,0,0,1,1,2,1,0,0,0,10
0,2,1,20,95,91,1,1,44,0,3,0,1,2,1,1,8,1,1,21
0,3,1,26,86,91,1,1,91,0,0,0,1,3,1,1,4,1,2,21
0,3,1,19,93,91,1,1,95,0,0,0,1,3,2,1,4,1,1,21
0,2,1,20,95,91,1,1,44,0,3,0,1,2,1,1,8,1,1,21
0,3,1,26,86,91,1,1,91,0,0,0,1,3,1,1,4,1,2,21
0,3,1,19,93,91,1,1,95,0,0,0,1,3,2,1,4,1,1,21
1,2,1,20,95,91,1,1,44,0,3,0,1,2,1,1,8,2,1,21
1,3,1,26,86,91,1,1,91,0,0,0,1,3,1,1,4,2,2,21
1,3,1,19,93,91,1,1,95,0,0,0,1,3,2,1,4,2,1,21
0,2,1,20,95,91,1,1,44,1,3,0,1,2,1,2,8,1,1,21
0,3,1,26,86,91,1,1,91,1,0,0,1,3,1,2,4,1,2,21
0,3,1,19,93,91,1,1,95,1,0,0,1,3,2,2,4,1,1,21
0,2,1,20,95,91,1,1,44,1,3,0,1,2,1,2,8,1,1,21
0,3,1,26,86,91,1,1,91,1,0,0,1,3,1,2,4,1,2,21
0,3,1,19,93,91,1,1,95,1,0,0,1,3,2,2,4,1,1,21
0,2,1,20,95,91,1,1,44,1,3,0,1,2,1,2,8,1,1,21
0,3,1,26,86,91,1,1,91,1,0,0,1,3,1,2,4,1,2,21
0,3,1,19,93,91,1,1,95,1,0,0,1,3,2,2,4,1,1,21
0,2,1,20,95,91,1,1,44,1,3,0,1,2,1,1,8,2,1,21
0,3,1,26,86,91,1,1,91,1,0,0,1,3,1,1,4,2,2,21
0,3,1,19,93,91,1,1,95,1,0,0,1,3,2,1,4,2,1,21
0,2,1,20,95,91,1,1,44,0,3,0,1,2,1,0,8,1,1,21
0,3,1,26,86,91,1,1,91,0,0,0,1,3,1,0,4,1,2,21
0,3,1,19,93,91,1,1,95,0,0,0,1,3,2,0,4,1,1,21
0,2,1,20,95,91,1,1,44,1,3,0,1,2,1,0,8,2,1,21
0,3,1,26,86,91,1,1,91,1,0,0,1,3,1,0,4,2,2,21
0,3,1,19,93,91,1,1,95,1,0,0,1,3,2,0,4,2,1,21
0,2,1,20,95,91,1,1,44,1,3,0,1,2,1,0,8,2,1,21
0,3,1,26,86,91,1,1,91,1,0,0,1,3,1,0,4,2,2,21
0,3,1,19,93,91,1,1,95,1,0,0,1,3,2,0,4,2,1,21
3,2,2,26,93,82,1,0,70,0,1,0,1,2,0,1,14,1,0,22
2,3,1,21,97,82,0,0,86,0,0,0,1,3,2,1,14,1,2,22
3,2,0,26,93,82,1,0,70,1,1,0,1,2,0,0,14,1,0,22
3,3,0,21,97,82,0,0,86,1,0,0,1,3,2,0,14,1,2,22
3,2,2,26,93,82,1,0,70,1,1,0,1,2,0,2,14,1,0,22
3,3,1,21,97,82,0,0,86,1,0,0,1,3,2,2,14,1,2,22
3,2,0,26,93,82,1,0,70,0,1,0,1,2,0,0,14,1,0,22
2,3,0,21,97,82,0,0,86,0,0,0,1,3,2,0,14,1,2,22
3,2,2,26,93,82,1,0,70,0,1,0,0,2,0,1,14,2,0,22
2,3,1,21,97,82,0,0,86,0,0,0,0,3,2,1,14,2,2,22
1,2,0,25,82,73,0,0,45,0,3,0,0,2,0,2,1,2,2,25
1,2,0,27,81,73,0,1,62,0,2,0,0,2,0,2,4,2,2,25
1,0,2,19,57,73,0,1,54,0,3,0,0,0,3,2,0,2,0,25
1,2,2,25,82,73,0,0,45,0,3,0,1,2,0,1,1,0,2,25
1,2,2,27,81,73,0,1,62,0,2,0,1,2,0,1,4,0,2,25
1,0,2,19,57,73,0,1,54,0,3,0,1,0,3,1,0,0,0,25
0,2,0,25,82,73,0,0,45,1,3,0,1,2,0,0,1,1,2,25
0,2,0,27,81,73,0,1,62,1,2,0,1,2,0,0,4,1,2,25
0,0,0,19,57,73,0,1,54,1,3,0,1,0,3,0,0,1,0,25
0,2,2,25,82,73,0,0,45,1,3,0,1,2,0,1,1,1,2,25
0,2,2,27,81,73,0,1,62,1,2,0,1,2,0,1,4,1,2,25
0,0,2,19,57,73,0,1,54,1,3,0,1,0,3,1,0,1,0,25
0,2,0,25,82,73,0,0,45,1,3,0,1,2,0,0,1,1,2,25
0,2,0,27,81,73,0,1,62,1,2,0,1,2,0,0,4,1,2,25
0,0,0,19,57,73,0,1,54,1,3,0,1,0,3,0,0,1,0,25
0,2,2,25,82,73,0,0,45,1,3,0,1,2,0,1,1,1,2,25
0,2,2,27,81,73,0,1,62,1,2,0,1,2,0,1,4,1,2,25
0,0,2,19,57,73,0,1,54,1,3,0,1,0,3,1,0,1,0,25
1,2,2,25,82,73,0,0,45,1,3,0,1,2,0,1,1,2,2,25
1,2,2,27,81,73,0,1,62,1,2,0,1,2,0,1,4,2,2,25
1,0,2,19,57,73,0,1,54,1,3,0,1,0,3,1,0,2,0,25
0,2,2,25,82,73,0,0,45,1,3,0,1,2,0,1,1,1,2,25
0,2,2,27,81,73,0,1,62,1,2,0,1,2,0,1,4,1,2,25
0,0,2,19,57,73,0,1,54,1,3,0,1,0,3,1,0,1,0,25
1,2,0,25,82,73,0,0,45,0,3,0,1,2,0,2,1,1,2,25
1,2,0,27,81,73,0,1,62,0,2,0,1,2,0,2,4,1,2,25
1,0,2,19,57,73,0,1,54,0,3,0,1,0,3,2,0,1,0,25
0,2,0,29,98,79,1,1,61,1,2,0,1,2,1,0,0,2,2,23
3,0,2,18,57,79,1,1,54,1,3,0,1,0,3,0,19,2,1,23
0,3,0,21,98,79,1,1,97,1,0,0,1,3,2,0,7,2,2,23
3,0,2,23,51,79,1,1,42,1,3,0,1,0,1,0,17,2,1,23
0,2,1,29,98,79,1,1,61,0,2,0,1,2,1,1,0,1,2,23
3,0,2,18,57,79,1,1,54,0,3,0,1,0,3,1,19,1,1,23
0,3,1,21,98,79,1,1,97,0,0,0,1,3,2,1,7,1,2,23
3,0,2,23,51,79,1,1,42,0,3,0,1,0,1,1,17,1,1,23
0,2,1,29,98,79,1,1,61,1,2,0,1,2,1,1,0,1,2,23
3,0,2,18,57,79,1,1,54,1,3,0,1,0,3,1,19,1,1,23
0,3,1,21,98,79,1,1,97,1,0,0,1,3,2,1,7,1,2,23
3,0,2,23,51,79,1,1,42,1,3,0,1,0,1,1,17,1,1,23
0,2,1,29,98,79,1,1,61,1,2,0,1,2,1,1,0,1,2,23
3,0,2,18,57,79,1,1,54,1,3,0,1,0,3,1,19,1,1,23
0,3,1,21,98,79,1,1,97,1,0,0,1,3,2,1,7,1,2,23
3,0,2,23,51,79,1,1,42,1,3,0,1,0,1,1,17,1,1,23
0,2,0,29,98,79,1,1,61,1,2,0,1,2,1,0,0,0,2,23
3,0,2,18,57,79,1,1,54,1,3,0,1,0,3,0,19,0,1,23
0,3,0,21,98,79,1,1,97,1,0,0,1,3,2,0,7,0,2,23
3,0,2,23,51,79,1,1,42,1,3,0,1,0,1,0,17,0,1,23
0,0,1,26,67,95,1,1,49,1,3,0,1,0,3,1,6,2,2,22
3,0,1,21,64,95,1,1,40,1,3,0,1,0,0,1,10,2,1,22
1,1,1,22,56,95,0,1,72,1,1,0,1,1,1,1,7,2,2,22
0,3,1,24,98,95,1,0,92,1,0,0,1,3,2,1,6,2,0,22
3,2,1,21,98,95,1,0,64,1,2,0,1,2,1,1,10,2,2,22
0,0,1,26,67,95,1,1,49,1,3,0,0,0,3,1,6,0,2,22
3,0,1,21,64,95,1,1,40,1,3,0,0,0,0,1,10,0,1,22
1,1,1,22,56,95,0,1,72,1,1,0,0,1,1,1,7,0,2,22
0,3,1,24,98,95,1,0,92,1,0,0,0,3,2,1,6,0,0,22
3,2,1,21,98,95,1,0,64,1,2,0,0,2,1,1,10,0,2,22
1,0,1,26,67,95,1,1,49,0,3,0,1,0,3,1,6,0,2,22
2,0,1,21,64,95,1,1,40,0,3,0,1,0,0,1,10,0,1,22
1,1,1,22,56,95,0,1,72,0,1,0,1,1,1,1,7,0,2,22
1,3,1,24,98,95,1,0,92,0,0,0,1,3,2,1,6,0,0,22
2,2,1,21,98,95,1,0,64,0,2,0,1,2,1,1,10,0,2,22
2,0,2,22,73,83,0,1,44,1,3,0,1,0,0,1,18,2,0,22
3,0,1,20,71,83,1,1,64,1,2,0,1,0,3,1,20,2,2,22
1,1,1,20,66,83,0,1,87,1,0,0,1,1,2,1,2,2,2,22
3,0,0,22,73,83,0,1,44,1,3,0,0,0,0,0,18,1,0,22
3,0,0,20,71,83,1,1,64,1,2,0,0,0,3,0,20,1,2,22
0,1,0,20,66,83,0,1,87,1,0,0,0,1,2,0,2,1,2,22
2,0,2,22,73,83,0,1,44,0,3,0,0,0,0,1,18,2,0,22
2,0,1,20,71,83,1,1,64,0,2,0,0,0,3,1,20,2,2,22
1,1,1,20,66,83,0,1,87,0,0,0,0,1,2,1,2,2,2,22
2,0,2,22,73,83,0,1,44,1,3,0,0,0,0,1,18,2,0,22
3,0,1,20,71,83,1,1,64,1,2,0,0,0,3,1,20,2,2,22
1,1,1,20,66,83,0,1,87,1,0,0,0,1,2,1,2,2,2,22
2,0,2,22,73,83,0,1,44,1,3,0,1,0,0,1,18,2,0,22
3,0,1,20,71,83,1,1,64,1,2,0,1,0,3,1,20,2,2,22
1,1,1,20,66,83,0,1,87,1,0,0,1,1,2,1,2,2,2,22
2,0,2,22,73,83,0,1,44,1,3,0,1,0,0,1,18,0,0,22
3,0,1,20,71,83,1,1,64,1,2,0,1,0,3,1,20,0,2,22
0,1,1,20,66,83,0,1,87,1,0,0,1,1,2,1,2,0,2,22
2,0,0,22,73,83,0,1,44,0,3,0,1,0,0,0,18,1,0,22
3,0,0,20,71,83,1,1,64,0,2,0,1,0,3,0,20,1,2,22
1,1,0,20,66,83,0,1,87,0,0,0,1,1,2,0,2,1,2,22
1,2,1,29,100,87,0,1,61,0,2,0,1,2,3,0,6,2,2,22
3,0,1,27,53,87,1,1,45,0,3,0,1,0,2,0,15,2,2,22
1,3,2,27,83,87,1,0,83,0,1,0,1,3,3,0,1,2,1,22
2,3,2,22,89,87,1,1,86,0,0,0,1,3,2,0,18,2,1,22
1,0,1,26,52,87,1,0,47,0,3,0,1,0,3,0,6,2,2,22
1,2,1,29,100,87,0,1,61,1,2,0,1,2,3,1,6,2,2,22
3,0,1,27,53,87,1,1,45,1,3,0,1,0,2,1,15,2,2,22
0,3,2,27,83,87,1,0,83,1,1,0,1,3,3,1,1,2,1,22
3,3,2,22,89,87,1,1,86,1,0,0,1,3,2,1,18,2,1,22
0,0,1,26,52,87,1,0,47,1,3,0,1,0,3,1,6,2,2,22
1,2,1,29,100,87,0,1,61,1,2,0,1,2,3,1,6,2,2,22
3,0,1,27,53,87,1,1,45,1,3,0,1,0,2,1,15,2,2,22
0,3,2,27,83,87,1,0,83,1,1,0,1,3,3,1,1,2,1,22
3,3,2,22,89,87,1,1,86,1,0,0,1,3,2,1,18,2,1,22
0,0,1,26,52,87,1,0,47,1,3,0,1,0,3,1,6,2,2,22
1,2,1,29,100,87,0,1,61,1,2,0,0,2,3,1,6,2,2,22
3,0,1,27,53,87,1,1,45,1,3,0,0,0,2,1,15,2,2,22
0,3,2,27,83,87,1,0,83,1,1,0,0,3,3,1,1,2,1,22
3,3,2,22,89,87,1,1,86,1,0,0,0,3,2,1,18,2,1,22
0,0,1,26,52,87,1,0,47,1,3,0,0,0,3,1,6,2,2,22
3,0,1,29,67,92,1,1,66,1,2,1,1,0,1,0,16,2,2,16
0,0,1,24,74,92,1,1,61,1,2,1,1,0,1,0,3,2,2,16
1,2,1,25,84,92,0,0,56,1,2,1,1,2,1,0,10,2,2,16
3,0,1,29,67,92,1,1,66,1,2,1,1,0,1,2,16,1,2,16
0,0,1,24,74,92,1,1,61,1,2,1,1,0,1,2,3,1,2,16
3,2,1,25,84,92,0,0,56,1,2,1,1,2,1,2,10,1,2,16
3,0,1,29,67,92,1,1,66,1,2,1,1,0,1,1,16,2,2,16
0,0,1,24,74,92,1,1,61,1,2,1,1,0,1,1,3,2,2,16
1,2,1,25,84,92,0,0,56,1,2,1,1,2,1,1,10,2,2,16
3,0,1,29,67,92,1,1,66,1,2,1,0,0,1,2,16,1,2,16
0,0,1,24,74,92,1,1,61,1,2,1,0,0,1,2,3,1,2,16
3,2,1,25,84,92,0,0,56,1,2,1,0,2,1,2,10,1,2,16
3,0,1,29,67,92,1,1,66,1,2,1,1,0,1,1,16,2,2,16
0,0,1,24,74,92,1,1,61,1,2,1,1,0,1,1,3,2,2,16
1,2,1,25,84,92,0,0,56,1,2,1,1,2,1,1,10,2,2,16
0,2,1,28,85,86,0,1,69,1,2,0,1,2,3,1,3,1,2,21
1,2,1,28,85,86,0,1,69,0,2,0,1,2,3,1,3,0,2,21
0,0,1,19,50,76,1,1,44,1,3,0,1,0,3,1,0,1,2,22
0,0,1,19,50,76,1,1,44,0,3,0,1,0,3,1,0,0,2,22
0,0,0,19,50,76,1,1,44,0,3,0,1,0,3,0,0,0,2,22
0,0,1,19,50,76,1,1,44,1,3,0,1,0,3,1,0,1,2,22
1,0,0,19,50,76,1,1,44,0,3,0,1,0,3,0,0,2,2,22
0,0,2,26,50,81,1,0,50,1,3,0,1,0,0,1,9,1,1,16
0,0,2,26,50,81,1,0,50,1,3,0,1,0,0,1,9,2,1,16
1,1,0,28,73,75,0,0,100,0,0,1,1,1,0,0,6,2,2,23
1,1,2,28,65,75,1,1,85,0,0,1,1,1,1,0,0,2,1,23
1,1,0,28,73,75,0,0,100,0,0,1,1,1,0,2,6,1,2,23
0,1,2,28,65,75,1,1,85,0,0,1,1,1,1,2,0,1,1,23
1,1,2,28,73,75,0,0,100,1,0,1,1,1,0,1,6,0,2,23
0,1,2,28,65,75,1,1,85,1,0,1,1,1,1,1,0,0,1,23
1,1,2,28,73,75,0,0,100,1,0,1,1,1,0,1,6,0,2,23
0,1,2,28,65,75,1,1,85,1,0,1,1,1,1,1,0,0,1,23
1,3,0,22,85,76,1,1,84,0,1,0,1,3,0,0,6,2,0,13
1,2,0,23,89,76,1,1,63,0,2,0,1,2,1,0,10,2,2,13
2,1,0,26,62,76,0,1,98,0,0,0,1,1,0,0,16,2,0,13
0,2,0,28,81,64,0,1,55,1,2,1,1,2,3,2,5,1,0,24
3,0,0,26,60,64,1,1,63,1,2,1,1,0,3,2,17,1,2,24
0,2,0,27,89,64,0,1,45,1,3,1,1,2,1,2,6,1,2,24
1,2,0,28,81,64,0,1,55,1,2,1,1,2,3,2,5,2,0,24
3,0,0,26,60,64,1,1,63,1,2,1,1,0,3,2,17,2,2,24
1,2,0,27,89,64,0,1,45,1,3,1,1,2,1,2,6,2,2,24
0,2,0,28,81,64,0,1,55,1,2,1,1,2,3,0,5,1,0,24
3,0,0,26,60,64,1,1,63,1,2,1,1,0,3,0,17,1,2,24
0,2,0,27,89,64,0,1,45,1,3,1,1,2,1,0,6,1,2,24
1,2,2,28,81,64,0,1,55,0,2,1,1,2,3,1,5,0,0,24
2,0,0,26,60,64,1,1,63,0,2,1,1,0,3,1,17,0,2,24
1,2,0,27,89,64,0,1,45,0,3,1,1,2,1,1,6,0,2,24
0,1,1,19,75,97,1,1,79,1,1,0,1,1,1,1,0,1,2,14
0,2,1,20,77,97,1,1,57,1,2,0,1,2,3,1,6,1,2,14
0,3,1,20,94,97,1,1,86,1,0,0,1,3,0,1,2,1,0,14
0,2,1,29,93,97,1,1,48,1,3,0,1,2,3,1,3,1,1,14
0,1,1,19,75,97,1,1,79,1,1,0,1,1,1,1,0,1,2,14
0,2,1,20,77,97,1,1,57,1,2,0,1,2,3,1,6,1,2,14
0,3,1,20,94,97,1,1,86,1,0,0,1,3,0,1,2,1,0,14
0,2,1,29,93,97,1,1,48,1,3,0,1,2,3,1,3,1,1,14
0,1,1,19,75,97,1,1,79,0,1,0,1,1,1,2,0,0,2,14
1,2,1,20,77,97,1,1,57,0,2,0,1,2,3,2,6,0,2,14
0,3,1,20,94,97,1,1,86,0,0,0,1,3,0,2,2,0,0,14
0,2,1,29,93,97,1,1,48,0,3,0,1,2,3,2,3,0,1,14
1,1,1,19,75,97,1,1,79,0,1,0,0,1,1,1,0,2,2,14
1,2,1,20,77,97,1,1,57,0,2,0,0,2,3,1,6,2,2,14
1,3,1,20,94,97,1,1,86,0,0,0,0,3,0,1,2,2,0,14
1,2,1,29,93,97,1,1,48,0,3,0,0,2,3,1,3,2,1,14
0,1,1,19,75,97,1,1,79,1,1,0,1,1,1,1,0,1,2,14
0,2,1,20,77,97,1,1,57,1,2,0,1,2,3,1,6,1,2,14
0,3,1,20,94,97,1,1,86,1,0,0,1,3,0,1,2,1,0,14
0,2,1,29,93,97,1,1,48,1,3,0,1,2,3,1,3,1,1,14
0,1,1,19,75,97,1,1,79,1,1,0,1,1,1,2,0,1,2,14
0,2,1,20,77,97,1,1,57,1,2,0,1,2,3,2,6,1,2,14
0,3,1,20,94,97,1,1,86,1,0,0,1,3,0,2,2,1,0,14
0,2,1,29,93,97,1,1,48,1,3,0,1,2,3,2,3,1,1,14
1,3,0,20,100,64,0,1,93,0,0,1,1,3,3,0,4,2,2,25
1,0,0,22,57,64,1,1,40,0,3,1,1,0,1,0,7,2,0,25
0,3,0,20,100,64,0,1,93,1,0,1,1,3,3,1,4,0,2,25
0,0,2,22,57,64,1,1,40,1,3,1,1,0,1,1,7,0,0,25
0,3,0,20,100,64,0,1,93,1,0,1,1,3,3,0,4,1,2,25
0,0,0,22,57,64,1,1,40,1,3,1,1,0,1,0,7,1,0,25
3,0,2,21,71,86,1,1,67,0,2,1,1,0,3,0,15,1,1,27
3,0,2,29,51,86,1,1,69,0,2,1,1,0,3,0,11,1,1,27
3,0,2,21,71,86,1,1,67,1,2,1,1,0,3,0,15,1,1,27
3,0,2,29,51,86,1,1,69,1,2,1,1,0,3,0,11,1,1,27
3,0,2,21,71,86,1,1,67,1,2,1,1,0,3,1,15,1,1,27
3,0,2,29,51,86,1,1,69,1,2,1,1,0,3,1,11,1,1,27
3,0,2,21,71,86,1,1,67,0,2,1,1,0,3,1,15,1,1,27
3,0,2,29,51,86,1,1,69,0,2,1,1,0,3,1,11,1,1,27
3,0,2,21,71,86,1,1,67,0,2,1,1,0,3,1,15,2,1,27
1,0,2,29,51,86,1,1,69,0,2,1,1,0,3,1,11,2,1,27
3,0,2,21,71,86,1,1,67,0,2,1,1,0,3,1,15,1,1,27
3,0,2,29,51,86,1,1,69,0,2,1,1,0,3,1,11,1,1,27
0,3,0,19,90,77,0,0,74,1,1,1,1,3,2,0,2,1,2,15
3,1,0,28,51,77,1,1,81,1,1,1,1,1,0,0,10,1,2,15
0,3,0,19,90,77,0,0,74,1,1,1,1,3,2,2,2,1,2,15
3,1,0,28,51,77,1,1,81,1,1,1,1,1,0,2,10,1,2,15
0,3,0,19,90,77,0,0,74,1,1,1,1,3,2,0,2,1,2,15
3,1,0,28,51,77,1,1,81,1,1,1,1,1,0,0,10,1,2,15
0,3,0,19,90,77,0,0,74,1,1,1,1,3,2,0,2,1,2,15
3,1,0,28,51,77,1,1,81,1,1,1,1,1,0,0,10,1,2,15
0,3,1,19,90,77,0,0,74,1,1,1,1,3,2,1,2,1,2,15
3,1,1,28,51,77,1,1,81,1,1,1,1,1,0,1,10,1,2,15
0,3,0,19,90,77,0,0,74,1,1,1,0,3,2,0,2,1,2,15
3,1,0,28,51,77,1,1,81,1,1,1,0,1,0,0,10,1,2,15
1,3,1,19,90,77,0,0,74,1,1,1,1,3,2,1,2,2,2,15
3,1,1,28,51,77,1,1,81,1,1,1,1,1,0,1,10,2,2,15
3,2,1,28,77,76,1,1,48,1,3,1,1,2,3,1,12,2,2,26
3,2,2,19,98,76,1,0,49,1,3,1,1,2,3,1,20,2,1,26
3,1,1,29,70,76,1,1,91,1,0,1,1,1,2,1,17,2,2,26
3,2,1,28,77,76,1,1,48,1,3,1,1,2,3,1,12,1,2,26
3,2,2,19,98,76,1,0,49,1,3,1,1,2,3,1,20,1,1,26
3,1,1,29,70,76,1,1,91,1,0,1,1,1,2,1,17,1,2,26
3,2,1,28,77,76,1,1,48,1,3,1,1,2,3,1,12,1,2,26
3,2,2,19,98,76,1,0,49,1,3,1,1,2,3,1,20,1,1,26
3,1,1,29,70,76,1,1,91,1,0,1,1,1,2,1,17,1,2,26
3,2,0,28,77,76,1,1,48,1,3,1,1,2,3,2,12,1,2,26
3,2,2,19,98,76,1,0,49,1,3,1,1,2,3,2,20,1,1,26
3,1,0,29,70,76,1,1,91,1,0,1,1,1,2,2,17,1,2,26
3,2,0,28,77,76,1,1,48,0,3,1,1,2,3,0,12,1,2,26
3,2,2,19,98,76,1,0,49,0,3,1,1,2,3,0,20,1,1,26
3,1,0,29,70,76,1,1,91,0,0,1,1,1,2,0,17,1,2,26
3,2,0,28,77,76,1,1,48,1,3,1,1,2,3,0,12,0,2,26
3,2,2,19,98,76,1,0,49,1,3,1,1,2,3,0,20,0,1,26
3,1,0,29,70,76,1,1,91,1,0,1,1,1,2,0,17,0,2,26
2,2,0,28,77,76,1,1,48,0,3,1,1,2,3,2,12,0,2,26
2,2,2,19,98,76,1,0,49,0,3,1,1,2,3,2,20,0,1,26
2,1,0,29,70,76,1,1,91,0,0,1,1,1,2,2,17,0,2,26
3,3,1,18,100,87,1,1,82,1,1,1,0,3,3,1,16,0,2,22
3,3,1,18,100,87,1,1,82,0,1,1,1,3,3,0,16,1,2,22
3,3,1,18,100,87,1,1,82,0,1,1,1,3,3,0,16,1,2,22
0,0,2,26,60,84,0,1,56,1,2,1,1,0,2,1,3,1,1,31
3,2,1,22,91,84,1,1,70,1,1,1,1,2,0,1,10,1,2,31
1,0,2,26,60,84,0,1,56,0,2,1,1,0,2,2,3,1,1,31
3,2,1,22,91,84,1,1,70,0,1,1,1,2,0,2,10,1,2,31
1,0,2,26,60,84,0,1,56,0,2,1,1,0,2,0,3,2,1,31
1,2,0,22,91,84,1,1,70,0,1,1,1,2,0,0,10,2,2,31
1,0,2,26,60,84,0,1,56,0,2,1,0,0,2,1,3,1,1,31
3,2,1,22,91,84,1,1,70,0,1,1,0,2,0,1,10,1,2,31
2,0,1,24,53,91,0,1,66,0,2,1,1,0,0,1,20,0,0,19
2,0,1,27,65,91,1,1,52,0,3,1,1,0,1,1,11,0,1,19
2,0,1,24,53,91,0,1,66,1,2,1,1,0,0,1,20,0,0,19
3,0,1,27,65,91,1,1,52,1,3,1,1,0,1,1,11,0,1,19
2,0,1,24,53,91,0,1,66,0,2,1,1,0,0,1,20,0,0,19
2,0,1,27,65,91,1,1,52,0,3,1,1,0,1,1,11,0,1,19
2,0,1,24,53,91,0,1,66,1,2,1,1,0,0,2,20,2,0,19
3,0,1,27,65,91,1,1,52,1,3,1,1,0,1,2,11,2,1,19
2,0,1,24,53,91,0,1,66,0,2,1,1,0,0,2,20,1,0,19
3,0,1,27,65,91,1,1,52,0,3,1,1,0,1,2,11,1,1,19
2,0,1,24,53,91,0,1,66,0,2,1,1,0,0,2,20,0,0,19
2,0,1,27,65,91,1,1,52,0,3,1,1,0,1,2,11,0,1,19
2,1,1,19,62,93,0,1,90,0,0,1,1,1,2,1,13,1,1,15
3,0,1,22,50,93,1,1,56,0,2,1,1,0,3,1,10,1,1,15
2,1,1,19,62,93,0,1,90,0,0,1,1,1,2,1,13,1,1,15
3,0,1,22,50,93,1,1,56,0,2,1,1,0,3,1,10,1,1,15
3,1,1,19,62,93,0,1,90,1,0,1,1,1,2,0,13,1,1,15
3,0,1,22,50,93,1,1,56,1,2,1,1,0,3,0,10,1,1,15
0,1,0,18,61,67,1,1,100,1,0,1,1,1,1,2,6,1,2,15
3,3,2,20,77,67,0,1,85,1,0,1,1,3,1,2,17,1,1,15
0,1,0,18,61,67,1,1,100,0,0,1,1,1,1,1,6,1,2,15
2,3,2,20,77,67,0,1,85,0,0,1,1,3,1,1,17,1,1,15
0,1,0,18,61,67,1,1,100,1,0,1,1,1,1,0,6,1,2,15
3,3,0,20,77,67,0,1,85,1,0,1,1,3,1,0,17,1,1,15
0,1,0,18,61,67,1,1,100,1,0,1,1,1,1,1,6,1,2,15
3,3,2,20,77,67,0,1,85,1,0,1,1,3,1,1,17,1,1,15
0,1,0,18,61,67,1,1,100,1,0,1,1,1,1,0,6,2,2,15
2,3,0,20,77,67,0,1,85,1,0,1,1,3,1,0,17,2,1,15
0,1,0,18,61,67,1,1,100,1,0,1,1,1,1,2,6,2,2,15
2,3,2,20,77,67,0,1,85,1,0,1,1,3,1,2,17,2,1,15
0,1,0,18,61,67,1,1,100,1,0,1,1,1,1,0,6,1,2,15
3,3,0,20,77,67,0,1,85,1,0,1,1,3,1,0,17,1,1,15
0,1,0,18,61,67,1,1,100,1,0,1,1,1,1,1,6,1,2,15
3,3,2,20,77,67,0,1,85,1,0,1,1,3,1,1,17,1,1,15
0,1,0,18,61,67,1,1,100,1,0,1,1,1,1,0,6,1,2,15
3,3,0,20,77,67,0,1,85,1,0,1,1,3,1,0,17,1,1,15
0,1,0,18,61,67,1,1,100,1,0,1,1,1,1,2,6,1,2,15
3,3,2,20,77,67,0,1,85,1,0,1,1,3,1,2,17,1,1,15
0,1,0,18,61,67,1,1,100,1,0,1,1,1,1,1,6,0,2,15
2,3,2,20,77,67,0,1,85,1,0,1,1,3,1,1,17,0,1,15
1,3,1,18,98,96,0,0,73,0,1,1,0,3,0,2,9,1,2,15
1,3,1,18,98,96,0,0,73,0,1,1,1,3,0,1,9,1,2,15
1,3,1,18,98,96,0,0,73,1,1,1,1,3,0,2,9,2,2,15
1,3,1,18,98,96,0,0,73,1,1,1,1,3,0,2,9,2,2,15
0,3,1,18,98,96,0,0,73,1,1,1,1,3,0,1,9,1,2,15
2,3,1,18,98,96,0,0,73,0,1,1,1,3,0,2,9,0,2,15
1,3,1,18,98,96,0,0,73,0,1,1,1,3,0,1,9,2,2,15
0,1,1,27,50,86,1,1,73,0,1,0,1,1,3,1,3,0,2,20
0,1,1,24,73,86,1,1,88,0,0,0,1,1,1,1,1,0,2,20
2,1,2,23,75,86,1,1,76,0,1,0,1,1,3,1,18,0,1,20
0,1,1,27,50,86,1,1,73,0,1,0,1,1,3,0,3,0,2,20
0,1,1,24,73,86,1,1,88,0,0,0,1,1,1,0,1,0,2,20
2,1,2,23,75,86,1,1,76,0,1,0,1,1,3,0,18,0,1,20
1,1,1,29,66,95,1,0,87,0,0,1,1,1,1,0,3,2,1,22
0,1,1,29,66,95,1,0,87,0,0,1,1,1,1,1,3,1,1,22
0,1,1,29,66,95,1,0,87,0,0,1,1,1,1,1,3,1,1,22
0,1,1,29,66,95,1,0,87,1,0,1,1,1,1,2,3,2,1,22
0,1,1,29,66,95,1,0,87,0,0,1,1,1,1,1,3,1,1,22
1,3,1,26,100,79,0,1,86,0,0,1,1,3,2,1,5,1,2,22
1,3,1,26,100,79,0,1,86,0,0,1,1,3,2,1,5,1,2,22
0,3,0,26,100,79,0,1,86,1,0,1,1,3,2,2,5,1,2,22
1,3,1,26,100,79,0,1,86,0,0,1,1,3,2,1,5,1,2,22
1,3,1,26,100,79,0,1,86,1,0,1,1,3,2,1,5,2,2,22
0,3,0,26,100,79,0,1,86,1,0,1,1,3,2,0,5,1,2,22
0,3,1,26,100,79,0,1,86,1,0,1,1,3,2,1,5,1,2,22
1,3,0,26,100,79,0,1,86,1,0,1,1,3,2,0,5,0,2,22
1,3,0,26,100,79,0,1,86,0,0,1,1,3,2,0,5,1,2,22
1,3,1,26,100,79,0,1,86,0,0,1,1,3,2,1,5,0,2,22
2,3,2,18,79,82,0,0,72,0,1,0,0,3,2,1,14,1,0,25
1,2,1,18,88,82,0,1,49,0,3,0,0,2,2,1,0,1,2,25
2,3,2,18,79,82,0,0,72,0,1,0,1,3,2,2,14,1,0,25
1,2,1,18,88,82,0,1,49,0,3,0,1,2,2,2,0,1,2,25
3,3,2,18,79,82,0,0,72,1,1,0,1,3,2,2,14,1,0,25
0,2,1,18,88,82,0,1,49,1,3,0,1,2,2,2,0,1,2,25
2,3,2,18,79,82,0,0,72,0,1,0,1,3,2,1,14,1,0,25
1,2,1,18,88,82,0,1,49,0,3,0,1,2,2,1,0,1,2,25
0,3,1,23,85,97,0,1,80,1,1,1,1,3,0,0,7,1,0,20
0,1,1,18,74,97,1,0,91,1,0,1,1,1,2,0,3,1,2,20
0,0,1,23,74,97,0,1,59,1,2,1,1,0,2,0,8,1,1,20
1,3,1,23,85,97,0,1,80,0,1,1,1,3,0,1,7,2,0,20
1,1,1,18,74,97,1,0,91,0,0,1,1,1,2,1,3,2,2,20
1,0,1,23,74,97,0,1,59,0,2,1,1,0,2,1,8,2,1,20
1,3,1,23,85,97,0,1,80,0,1,1,1,3,0,0,7,2,0,20
1,1,1,18,74,97,1,0,91,0,0,1,1,1,2,0,3,2,2,20
1,0,1,23,74,97,0,1,59,0,2,1,1,0,2,0,8,2,1,20
0,3,1,23,85,97,0,1,80,1,1,1,1,3,0,2,7,1,0,20
0,1,1,18,74,97,1,0,91,1,0,1,1,1,2,2,3,1,2,20
0,0,1,23,74,97,0,1,59,1,2,1,1,0,2,2,8,1,1,20
0,3,1,23,85,97,0,1,80,1,1,1,1,3,0,2,7,1,0,20
0,1,1,18,74,97,1,0,91,1,0,1,1,1,2,2,3,1,2,20
0,0,1,23,74,97,0,1,59,1,2,1,1,0,2,2,8,1,1,20
1,3,1,23,85,97,0,1,80,1,1,1,1,3,0,1,7,2,0,20
0,1,1,18,74,97,1,0,91,1,0,1,1,1,2,1,3,2,2,20
1,0,1,23,74,97,0,1,59,1,2,1,1,0,2,1,8,2,1,20
1,3,1,23,85,97,0,1,80,1,1,1,1,3,0,0,7,0,0,20
0,1,1,18,74,97,1,0,91,1,0,1,1,1,2,0,3,0,2,20
1,0,1,23,74,97,0,1,59,1,2,1,1,0,2,0,8,0,1,20
1,3,1,23,85,97,0,1,80,0,1,1,1,3,0,1,7,1,0,20
0,1,1,18,74,97,1,0,91,0,0,1,1,1,2,1,3,1,2,20
1,0,1,23,74,97,0,1,59,0,2,1,1,0,2,1,8,1,1,20
3,0,1,28,62,96,1,1,59,1,2,0,0,0,0,0,17,1,2,29
2,0,1,28,62,96,1,1,59,0,2,0,1,0,0,1,17,0,2,29
3,0,1,28,62,96,1,1,59,1,2,0,1,0,0,1,17,2,2,29
0,0,0,29,50,78,1,0,67,0,2,0,1,0,3,2,8,1,2,18
1,0,1,29,50,78,1,0,67,0,2,0,1,0,3,1,8,0,2,18
0,0,0,29,50,78,1,0,67,1,2,0,0,0,3,2,8,1,2,18
0,0,0,29,50,78,1,0,67,1,2,0,0,0,3,0,8,1,2,18
0,0,1,29,50,78,1,0,67,1,2,0,1,0,3,1,8,0,2,18
0,0,1,29,50,78,1,0,67,1,2,0,1,0,3,1,8,2,2,18
0,0,1,29,50,78,1,0,67,1,2,0,1,0,3,1,8,1,2,18
3,2,0,27,94,71,0,1,60,1,2,1,1,2,1,1,17,1,2,36
0,0,0,28,63,71,1,1,55,1,2,1,1,0,1,1,1,1,2,36
3,2,2,29,76,76,1,0,58,0,2,1,1,2,1,0,17,2,1,24
1,3,0,27,90,76,1,1,98,0,0,1,1,3,3,0,4,2,2,24
1,2,0,26,99,76,0,1,40,0,3,1,1,2,2,0,3,2,2,24
3,1,0,19,53,76,1,1,86,0,0,1,1,1,3,0,16,2,2,24
3,2,2,29,76,76,1,0,58,0,2,1,1,2,1,0,17,2,1,24
1,3,0,27,90,76,1,1,98,0,0,1,1,3,3,0,4,2,2,24
1,2,0,26,99,76,0,1,40,0,3,1,1,2,2,0,3,2,2,24
3,1,0,19,53,76,1,1,86,0,0,1,1,1,3,0,16,2,2,24
3,2,2,29,76,76,1,0,58,1,2,1,1,2,1,1,17,1,1,24
0,3,1,27,90,76,1,1,98,1,0,1,1,3,3,1,4,1,2,24
0,2,1,26,99,76,0,1,40,1,3,1,1,2,2,1,3,1,2,24
3,1,1,19,53,76,1,1,86,1,0,1,1,1,3,1,16,1,2,24
3,2,2,29,76,76,1,0,58,1,2,1,1,2,1,1,17,0,1,24
0,3,1,27,90,76,1,1,98,1,0,1,1,3,3,1,4,0,2,24
0,2,1,26,99,76,0,1,40,1,3,1,1,2,2,1,3,0,2,24
3,1,1,19,53,76,1,1,86,1,0,1,1,1,3,1,16,0,2,24
3,2,2,29,76,76,1,0,58,1,2,1,1,2,1,0,17,0,1,24
0,3,0,27,90,76,1,1,98,1,0,1,1,3,3,0,4,0,2,24
0,2,0,26,99,76,0,1,40,1,3,1,1,2,2,0,3,0,2,24
3,1,0,19,53,76,1,1,86,1,0,1,1,1,3,0,16,0,2,24
3,2,2,29,76,76,1,0,58,1,2,1,1,2,1,0,17,0,1,24
0,3,0,27,90,76,1,1,98,1,0,1,1,3,3,0,4,0,2,24
0,2,0,26,99,76,0,1,40,1,3,1,1,2,2,0,3,0,2,24
3,1,0,19,53,76,1,1,86,1,0,1,1,1,3,0,16,0,2,24
3,2,2,29,76,76,1,0,58,0,2,1,1,2,1,2,17,1,1,24
0,3,0,27,90,76,1,1,98,0,0,1,1,3,3,2,4,1,2,24
1,2,0,26,99,76,0,1,40,0,3,1,1,2,2,2,3,1,2,24
3,1,0,19,53,76,1,1,86,0,0,1,1,1,3,2,16,1,2,24
3,2,2,29,76,76,1,0,58,0,2,1,1,2,1,0,17,1,1,24
0,3,0,27,90,76,1,1,98,0,0,1,1,3,3,0,4,1,2,24
1,2,0,26,99,76,0,1,40,0,3,1,1,2,2,0,3,1,2,24
3,1,0,19,53,76,1,1,86,0,0,1,1,1,3,0,16,1,2,24
2,0,1,28,61,76,1,1,42,0,3,1,1,0,2,1,18,2,2,15
2,1,2,24,58,76,1,0,88,0,0,1,1,1,2,1,20,2,0,15
0,2,0,19,89,71,0,0,63,1,2,1,1,2,1,0,2,1,0,14
3,0,0,19,60,71,1,0,42,1,3,1,1,0,0,0,18,1,0,14
3,3,0,26,75,71,1,1,90,1,0,1,1,3,3,0,20,1,2,14
0,0,0,26,69,71,1,0,46,1,3,1,1,0,3,0,2,0,2,23
0,0,0,26,69,71,1,0,46,1,3,1,0,0,3,1,2,1,2,23
0,0,0,26,69,71,1,0,46,1,3,1,1,0,3,1,2,0,2,23
0,0,0,26,69,71,1,0,46,1,3,1,1,0,3,0,2,1,2,23
0,0,1,20,69,94,1,1,56,1,2,1,1,0,1,1,6,1,2,19
3,0,1,18,68,94,1,1,43,1,3,1,1,0,0,1,20,1,2,19
0,0,1,23,58,94,0,1,56,1,2,1,1,0,3,1,5,1,2,19
0,3,1,23,83,94,1,1,90,1,0,1,1,3,2,1,3,1,2,19
0,0,1,20,69,94,1,1,56,0,2,1,1,0,1,1,6,1,2,19
3,0,1,18,68,94,1,1,43,0,3,1,1,0,0,1,20,1,2,19
1,0,1,23,58,94,0,1,56,0,2,1,1,0,3,1,5,1,2,19
0,3,1,23,83,94,1,1,90,0,0,1,1,3,2,1,3,1,2,19
0,0,1,20,69,94,1,1,56,1,2,1,1,0,1,2,6,0,2,19
3,0,1,18,68,94,1,1,43,1,3,1,1,0,0,2,20,0,2,19
1,0,1,23,58,94,0,1,56,1,2,1,1,0,3,2,5,0,2,19
0,3,1,23,83,94,1,1,90,1,0,1,1,3,2,2,3,0,2,19
0,0,1,20,69,94,1,1,56,1,2,1,1,0,1,1,6,2,2,19
3,0,1,18,68,94,1,1,43,1,3,1,1,0,0,1,20,2,2,19
1,0,1,23,58,94,0,1,56,1,2,1,1,0,3,1,5,2,2,19
0,3,1,23,83,94,1,1,90,1,0,1,1,3,2,1,3,2,2,19
1,0,1,20,69,94,1,1,56,0,2,1,1,0,1,1,6,2,2,19
2,0,1,18,68,94,1,1,43,0,3,1,1,0,0,1,20,2,2,19
1,0,1,23,58,94,0,1,56,0,2,1,1,0,3,1,5,2,2,19
1,3,1,23,83,94,1,1,90,0,0,1,1,3,2,1,3,2,2,19
0,0,1,20,69,94,1,1,56,0,2,1,1,0,1,1,6,1,2,19
3,0,1,18,68,94,1,1,43,0,3,1,1,0,0,1,20,1,2,19
1,0,1,23,58,94,0,1,56,0,2,1,1,0,3,1,5,1,2,19
0,3,1,23,83,94,1,1,90,0,0,1,1,3,2,1,3,1,2,19
0,2,0,26,81,63,1,1,60,1,2,0,1,2,3,1,8,0,2,24
3,3,0,27,95,63,1,1,89,1,0,0,1,3,2,1,19,0,2,24
0,1,0,29,58,63,1,1,88,1,0,0,1,1,1,1,4,0,2,24
0,2,0,26,81,63,1,1,60,1,2,0,1,2,3,0,8,0,2,24
3,3,0,27,95,63,1,1,89,1,0,0,1,3,2,0,19,0,2,24
0,1,0,29,58,63,1,1,88,1,0,0,1,1,1,0,4,0,2,24
0,2,0,26,81,63,1,1,60,0,2,0,1,2,3,0,8,1,2,24
3,3,0,27,95,63,1,1,89,0,0,0,1,3,2,0,19,1,2,24
0,1,0,29,58,63,1,1,88,0,0,0,1,1,1,0,4,1,2,24
1,2,0,26,81,63,1,1,60,0,2,0,0,2,3,0,8,0,2,24
2,3,0,27,95,63,1,1,89,0,0,0,0,3,2,0,19,0,2,24
0,1,0,29,58,63,1,1,88,0,0,0,0,1,1,0,4,0,2,24
0,2,0,26,81,63,1,1,60,1,2,0,1,2,3,2,8,1,2,24
3,3,0,27,95,63,1,1,89,1,0,0,1,3,2,2,19,1,2,24
0,1,0,29,58,63,1,1,88,1,0,0,1,1,1,2,4,1,2,24
0,2,0,26,81,63,1,1,60,0,2,0,0,2,3,1,8,1,2,24
3,3,0,27,95,63,1,1,89,0,0,0,0,3,2,1,19,1,2,24
0,1,0,29,58,63,1,1,88,0,0,0,0,1,1,1,4,1,2,24
1,1,2,26,67,87,0,1,90,1,0,1,1,1,1,2,4,2,1,23
1,1,2,26,67,87,0,1,90,0,0,1,1,1,1,1,4,2,1,23
1,1,2,26,67,87,0,1,90,0,0,1,1,1,1,1,4,2,1,23
0,1,2,26,67,87,0,1,90,1,0,1,1,1,1,1,4,1,1,23
1,1,2,26,67,87,0,1,90,0,0,1,1,1,1,2,4,1,1,23
1,1,2,26,67,87,0,1,90,0,0,1,1,1,1,1,4,0,1,23
1,1,2,26,67,87,0,1,90,0,0,1,1,1,1,1,4,2,1,23
1,1,2,26,67,87,0,1,90,0,0,1,1,1,1,1,4,0,1,23
1,1,2,26,67,87,0,1,90,0,0,1,1,1,1,1,4,0,1,23
1,1,2,26,67,87,0,1,90,1,0,1,1,1,1,1,4,2,1,23
1,1,2,26,67,87,0,1,90,0,0,1,1,1,1,1,4,0,1,23
1,1,2,26,67,87,0,1,90,0,0,1,1,1,1,2,4,1,1,23
0,2,2,29,85,67,1,1,57,1,2,1,1,2,1,1,5,1,0,20
0,3,0,24,83,67,0,0,100,1,0,1,1,3,0,1,9,1,2,20
0,0,0,26,59,67,1,1,63,1,2,1,1,0,1,1,5,1,2,20
1,2,2,29,85,67,1,1,57,0,2,1,1,2,1,1,5,0,0,20
2,3,0,24,83,67,0,0,100,0,0,1,1,3,0,1,9,0,2,20
1,0,0,26,59,67,1,1,63,0,2,1,1,0,1,1,5,0,2,20
0,2,2,29,85,67,1,1,57,1,2,1,1,2,1,1,5,0,0,20
2,3,0,24,83,67,0,0,100,1,0,1,1,3,0,1,9,0,2,20
0,0,0,26,59,67,1,1,63,1,2,1,1,0,1,1,5,0,2,20
1,2,0,29,85,67,1,1,57,0,2,1,1,2,1,2,5,2,0,20
1,3,0,24,83,67,0,0,100,0,0,1,1,3,0,2,9,2,2,20
1,0,0,26,59,67,1,1,63,0,2,1,1,0,1,2,5,2,2,20
0,2,0,29,85,67,1,1,57,0,2,1,0,2,1,0,5,1,0,20
1,3,0,24,83,67,0,0,100,0,0,1,0,3,0,0,9,1,2,20
0,0,0,26,59,67,1,1,63,0,2,1,0,0,1,0,5,1,2,20
0,2,2,29,88,74,1,1,65,1,2,0,1,2,1,0,0,2,1,15
3,0,0,19,67,74,1,1,40,1,3,0,1,0,0,0,13,2,2,15
0,2,2,29,88,74,1,1,65,0,2,0,1,2,1,0,0,0,1,15
2,0,0,19,67,74,1,1,40,0,3,0,1,0,0,0,13,0,2,15
2,0,0,23,72,62,0,1,53,1,3,1,1,0,3,1,20,2,2,11
2,1,2,20,69,62,0,1,85,1,0,1,1,1,1,1,15,2,1,11
1,2,0,22,82,62,0,1,41,1,3,1,1,2,0,1,10,2,2,11
3,1,2,24,69,62,1,1,80,1,1,1,1,1,2,1,19,2,1,11
3,2,0,24,79,62,1,1,71,1,1,1,1,2,2,1,20,2,2,11
1,3,0,23,76,62,0,1,99,1,0,1,1,3,2,1,5,2,2,11
2,0,0,23,72,62,0,1,53,1,3,1,1,0,3,1,20,2,2,11
2,1,2,20,69,62,0,1,85,1,0,1,1,1,1,1,15,2,1,11
1,2,0,22,82,62,0,1,41,1,3,1,1,2,0,1,10,2,2,11
3,1,2,24,69,62,1,1,80,1,1,1,1,1,2,1,19,2,1,11
3,2,0,24,79,62,1,1,71,1,1,1,1,2,2,1,20,2,2,11
1,3,0,23,76,62,0,1,99,1,0,1,1,3,2,1,5,2,2,11
3,0,0,23,72,62,0,1,53,1,3,1,1,0,3,2,20,1,2,11
3,1,2,20,69,62,0,1,85,1,0,1,1,1,1,2,15,1,1,11
3,2,0,22,82,62,0,1,41,1,3,1,1,2,0,2,10,1,2,11
3,1,2,24,69,62,1,1,80,1,1,1,1,1,2,2,19,1,1,11
3,2,0,24,79,62,1,1,71,1,1,1,1,2,2,2,20,1,2,11
0,3,0,23,76,62,0,1,99,1,0,1,1,3,2,2,5,1,2,11
3,0,2,23,68,71,1,0,55,1,2,1,1,0,0,1,10,1,0,17
3,0,0,23,68,71,1,0,55,1,2,1,1,0,0,0,10,1,0,17
3,0,2,23,68,71,1,0,55,1,2,1,1,0,0,1,10,1,0,17
3,0,0,23,68,71,1,0,55,1,2,1,1,0,0,0,10,0,0,17
3,0,0,23,68,71,1,0,55,1,2,1,1,0,0,0,10,1,0,17
3,0,2,23,68,71,1,0,55,1,2,1,1,0,0,1,10,1,0,17
0,0,1,28,62,91,1,1,57,0,2,1,1,0,1,0,8,1,2,25
2,0,1,26,54,91,0,1,68,0,2,1,1,0,1,0,16,1,2,25
3,0,1,27,71,91,1,0,42,0,3,1,1,0,3,0,10,1,0,25
3,0,1,20,73,91,1,1,48,0,3,1,1,0,0,0,17,1,2,25
0,0,1,28,62,91,1,1,57,0,2,1,1,0,1,2,8,1,2,25
2,0,1,26,54,91,0,1,68,0,2,1,1,0,1,2,16,1,2,25
3,0,1,27,71,91,1,0,42,0,3,1,1,0,3,2,10,1,0,25
3,0,1,20,73,91,1,1,48,0,3,1,1,0,0,2,17,1,2,25
0,0,1,28,62,91,1,1,57,0,2,1,1,0,1,1,8,1,2,25
2,0,1,26,54,91,0,1,68,0,2,1,1,0,1,1,16,1,2,25
3,0,1,27,71,91,1,0,42,0,3,1,1,0,3,1,10,1,0,25
3,0,1,20,73,91,1,1,48,0,3,1,1,0,0,1,17,1,2,25
1,0,1,28,62,91,1,1,57,0,2,1,1,0,1,1,8,2,2,25
2,0,1,26,54,91,0,1,68,0,2,1,1,0,1,1,16,2,2,25
1,0,1,27,71,91,1,0,42,0,3,1,1,0,3,1,10,2,0,25
3,0,1,20,73,91,1,1,48,0,3,1,1,0,0,1,17,2,2,25
0,1,1,26,72,95,1,1,100,0,0,1,1,1,2,2,2,1,2,21
3,0,1,22,58,95,1,0,56,0,2,1,1,0,1,2,20,1,2,21
3,3,1,24,88,95,1,1,94,0,0,1,1,3,3,2,11,1,2,21
2,2,1,20,99,95,0,1,71,0,1,1,1,2,1,2,15,1,1,21
3,3,1,18,88,95,1,1,76,0,1,1,1,3,3,2,10,1,1,21
0,1,1,26,72,95,1,1,100,0,0,1,1,1,2,0,2,0,2,21
2,0,1,22,58,95,1,0,56,0,2,1,1,0,1,0,20,0,2,21
2,3,1,24,88,95,1,1,94,0,0,1,1,3,3,0,11,0,2,21
2,2,1,20,99,95,0,1,71,0,1,1,1,2,1,0,15,0,1,21
2,3,1,18,88,95,1,1,76,0,1,1,1,3,3,0,10,0,1,21
0,1,1,26,72,95,1,1,100,0,0,1,1,1,2,1,2,1,2,21
3,0,1,22,58,95,1,0,56,0,2,1,1,0,1,1,20,1,2,21
3,3,1,24,88,95,1,1,94,0,0,1,1,3,3,1,11,1,2,21
2,2,1,20,99,95,0,1,71,0,1,1,1,2,1,1,15,1,1,21
3,3,1,18,88,95,1,1,76,0,1,1,1,3,3,1,10,1,1,21
0,1,1,26,72,95,1,1,100,1,0,1,1,1,2,2,2,1,2,21
3,0,1,22,58,95,1,0,56,1,2,1,1,0,1,2,20,1,2,21
3,3,1,24,88,95,1,1,94,1,0,1,1,3,3,2,11,1,2,21
3,2,1,20,99,95,0,1,71,1,1,1,1,2,1,2,15,1,1,21
3,3,1,18,88,95,1,1,76,1,1,1,1,3,3,2,10,1,1,21
1,1,1,26,72,95,1,1,100,0,0,1,1,1,2,1,2,2,2,21
2,0,1,22,58,95,1,0,56,0,2,1,1,0,1,1,20,2,2,21
1,3,1,24,88,95,1,1,94,0,0,1,1,3,3,1,11,2,2,21
2,2,1,20,99,95,0,1,71,0,1,1,1,2,1,1,15,2,1,21
1,3,1,18,88,95,1,1,76,0,1,1,1,3,3,1,10,2,1,21
0,1,1,26,72,95,1,1,100,0,0,1,1,1,2,0,2,0,2,21
2,0,1,22,58,95,1,0,56,0,2,1,1,0,1,0,20,0,2,21
2,3,1,24,88,95,1,1,94,0,0,1,1,3,3,0,11,0,2,21
2,2,1,20,99,95,0,1,71,0,1,1,1,2,1,0,15,0,1,21
2,3,1,18,88,95,1,1,76,0,1,1,1,3,3,0,10,0,1,21
0,1,1,26,72,95,1,1,100,0,0,1,1,1,2,1,2,1,2,21
3,0,1,22,58,95,1,0,56,0,2,1,1,0,1,1,20,1,2,21
3,3,1,24,88,95,1,1,94,0,0,1,1,3,3,1,11,1,2,21
2,2,1,20,99,95,0,1,71,0,1,1,1,2,1,1,15,1,1,21
3,3,1,18,88,95,1,1,76,0,1,1,1,3,3,1,10,1,1,21
0,1,1,26,72,95,1,1,100,0,0,1,1,1,2,0,2,0,2,21
2,0,1,22,58,95,1,0,56,0,2,1,1,0,1,0,20,0,2,21
2,3,1,24,88,95,1,1,94,0,0,1,1,3,3,0,11,0,2,21
2,2,1,20,99,95,0,1,71,0,1,1,1,2,1,0,15,0,1,21
2,3,1,18,88,95,1,1,76,0,1,1,1,3,3,0,10,0,1,21
0,1,1,26,72,95,1,1,100,1,0,1,0,1,2,0,2,2,2,21
3,0,1,22,58,95,1,0,56,1,2,1,0,0,1,0,20,2,2,21
3,3,1,24,88,95,1,1,94,1,0,1,0,3,3,0,11,2,2,21
3,2,1,20,99,95,0,1,71,1,1,1,0,2,1,0,15,2,1,21
3,3,1,18,88,95,1,1,76,1,1,1,0,3,3,0,10,2,1,21
0,1,1,26,72,95,1,1,100,1,0,1,0,1,2,1,2,2,2,21
3,0,1,22,58,95,1,0,56,1,2,1,0,0,1,1,20,2,2,21
3,3,1,24,88,95,1,1,94,1,0,1,0,3,3,1,11,2,2,21
3,2,1,20,99,95,0,1,71,1,1,1,0,2,1,1,15,2,1,21
3,3,1,18,88,95,1,1,76,1,1,1,0,3,3,1,10,2,1,21
0,1,1,26,72,95,1,1,100,1,0,1,1,1,2,1,2,1,2,21
3,0,1,22,58,95,1,0,56,1,2,1,1,0,1,1,20,1,2,21
3,3,1,24,88,95,1,1,94,1,0,1,1,3,3,1,11,1,2,21
3,2,1,20,99,95,0,1,71,1,1,1,1,2,1,1,15,1,1,21
3,3,1,18,88,95,1,1,76,1,1,1,1,3,3,1,10,1,1,21
0,1,1,26,72,95,1,1,100,0,0,1,1,1,2,2,2,1,2,21
3,0,1,22,58,95,1,0,56,0,2,1,1,0,1,2,20,1,2,21
3,3,1,24,88,95,1,1,94,0,0,1,1,3,3,2,11,1,2,21
2,2,1,20,99,95,0,1,71,0,1,1,1,2,1,2,15,1,1,21
3,3,1,18,88,95,1,1,76,0,1,1,1,3,3,2,10,1,1,21
3,0,0,23,56,69,1,0,65,1,2,0,1,0,1,0,16,0,1,13
1,1,0,18,74,69,0,0,72,1,1,0,1,1,0,0,7,0,2,13
3,2,0,23,96,69,1,1,61,1,2,0,1,2,3,0,12,0,1,13
3,0,0,28,58,69,1,0,50,1,3,0,1,0,0,0,12,0,2,13
3,0,0,23,56,69,1,0,65,1,2,0,1,0,1,0,16,0,1,13
1,1,0,18,74,69,0,0,72,1,1,0,1,1,0,0,7,0,2,13
3,2,0,23,96,69,1,1,61,1,2,0,1,2,3,0,12,0,1,13
3,0,0,28,58,69,1,0,50,1,3,0,1,0,0,0,12,0,2,13
3,0,0,23,56,69,1,0,65,1,2,0,1,0,1,0,16,1,1,13
0,1,0,18,74,69,0,0,72,1,1,0,1,1,0,0,7,1,2,13
3,2,0,23,96,69,1,1,61,1,2,0,1,2,3,0,12,1,1,13
3,0,0,28,58,69,1,0,50,1,3,0,1,0,0,0,12,1,2,13
3,0,2,23,56,69,1,0,65,1,2,0,0,0,1,2,16,0,1,13
1,1,0,18,74,69,0,0,72,1,1,0,0,1,0,2,7,0,2,13
3,2,2,23,96,69,1,1,61,1,2,0,0,2,3,2,12,0,1,13
3,0,0,28,58,69,1,0,50,1,3,0,0,0,0,2,12,0,2,13
0,1,0,19,59,79,1,0,80,1,1,1,1,1,3,0,9,2,2,21
3,2,0,23,85,79,1,1,55,1,2,1,1,2,1,0,10,2,2,21
0,1,0,26,75,79,1,1,75,1,1,1,1,1,1,0,1,2,2,21
0,1,0,19,59,79,1,0,80,0,1,1,1,1,3,0,9,1,2,21
3,2,0,23,85,79,1,1,55,0,2,1,1,2,1,0,10,1,2,21
0,1,0,26,75,79,1,1,75,0,1,1,1,1,1,0,1,1,2,21
0,1,1,19,59,79,1,0,80,1,1,1,1,1,3,1,9,0,2,21
3,2,1,23,85,79,1,1,55,1,2,1,1,2,1,1,10,0,2,21
0,1,1,26,75,79,1,1,75,1,1,1,1,1,1,1,1,0,2,21
0,1,0,19,59,79,1,0,80,1,1,1,1,1,3,0,9,1,2,21
3,2,0,23,85,79,1,1,55,1,2,1,1,2,1,0,10,1,2,21
0,1,0,26,75,79,1,1,75,1,1,1,1,1,1,0,1,1,2,21
0,1,0,19,59,79,1,0,80,1,1,1,1,1,3,2,9,1,2,21
3,2,0,23,85,79,1,1,55,1,2,1,1,2,1,2,10,1,2,21
0,1,0,26,75,79,1,1,75,1,1,1,1,1,1,2,1,1,2,21
0,1,1,19,59,79,1,0,80,1,1,1,1,1,3,1,9,2,2,21
3,2,1,23,85,79,1,1,55,1,2,1,1,2,1,1,10,2,2,21
0,1,1,26,75,79,1,1,75,1,1,1,1,1,1,1,1,2,2,21
0,1,0,19,59,79,1,0,80,1,1,1,1,1,3,0,9,0,2,21
3,2,0,23,85,79,1,1,55,1,2,1,1,2,1,0,10,0,2,21
0,1,0,26,75,79,1,1,75,1,1,1,1,1,1,0,1,0,2,21
0,1,0,19,59,79,1,0,80,1,1,1,1,1,3,0,9,0,2,21
3,2,0,23,85,79,1,1,55,1,2,1,1,2,1,0,10,0,2,21
0,1,0,26,75,79,1,1,75,1,1,1,1,1,1,0,1,0,2,21
0,1,1,19,59,79,1,0,80,1,1,1,1,1,3,1,9,1,2,21
3,2,1,23,85,79,1,1,55,1,2,1,1,2,1,1,10,1,2,21
0,1,1,26,75,79,1,1,75,1,1,1,1,1,1,1,1,1,2,21
0,1,0,19,59,79,1,0,80,1,1,1,1,1,3,2,9,0,2,21
3,2,0,23,85,79,1,1,55,1,2,1,1,2,1,2,10,0,2,21
0,1,0,26,75,79,1,1,75,1,1,1,1,1,1,2,1,0,2,21
0,1,0,19,59,79,1,0,80,1,1,1,1,1,3,0,9,1,2,21
3,2,0,23,85,79,1,1,55,1,2,1,1,2,1,0,10,1,2,21
0,1,0,26,75,79,1,1,75,1,1,1,1,1,1,0,1,1,2,21
0,1,0,19,59,79,1,0,80,1,1,1,1,1,3,2,9,1,2,21
3,2,0,23,85,79,1,1,55,1,2,1,1,2,1,2,10,1,2,21
0,1,0,26,75,79,1,1,75,1,1,1,1,1,1,2,1,1,2,21
1,3,1,26,83,91,0,0,98,1,0,1,1,3,0,1,10,2,2,21
1,3,1,26,83,91,0,0,98,1,0,1,1,3,0,1,10,2,2,21
3,3,1,26,83,91,0,0,98,1,0,1,1,3,0,2,10,1,2,21
0,0,2,19,73,81,1,0,56,1,2,1,0,0,0,2,2,1,0,20
3,3,1,22,83,81,1,1,81,1,1,1,0,3,2,2,12,1,2,20
0,0,0,19,73,81,1,0,56,1,2,1,1,0,0,0,2,1,0,20
3,3,0,22,83,81,1,1,81,1,1,1,1,3,2,0,12,1,2,20
0,0,2,19,73,81,1,0,56,1,2,1,1,0,0,1,2,1,0,20
3,3,1,22,83,81,1,1,81,1,1,1,1,3,2,1,12,1,2,20
0,0,0,19,73,81,1,0,56,1,2,1,0,0,0,0,2,2,0,20
3,3,0,22,83,81,1,1,81,1,1,1,0,3,2,0,12,2,2,20
0,0,2,19,73,81,1,0,56,1,2,1,1,0,0,1,2,2,0,20
3,3,1,22,83,81,1,1,81,1,1,1,1,3,2,1,12,2,2,20
0,0,2,19,73,81,1,0,56,0,2,1,1,0,0,1,2,1,0,20
3,3,1,22,83,81,1,1,81,0,1,1,1,3,2,1,12,1,2,20
2,2,1,28,88,87,0,1,61,1,2,0,1,2,3,1,11,0,0,13
2,2,1,28,88,87,0,1,61,0,2,0,1,2,3,0,11,1,0,13
2,2,1,28,88,87,0,1,61,1,2,0,1,2,3,2,11,0,0,13
3,2,1,28,83,94,1,0,56,1,2,0,1,2,3,2,13,1,2,22
3,3,1,23,98,94,1,1,96,1,0,0,1,3,3,2,11,1,0,22
3,2,1,28,83,94,1,0,56,1,2,0,1,2,3,1,13,1,2,22
3,3,1,23,98,94,1,1,96,1,0,0,1,3,3,1,11,1,0,22
2,2,1,28,83,94,1,0,56,0,2,0,1,2,3,2,13,0,2,22
2,3,1,23,98,94,1,1,96,0,0,0,1,3,3,2,11,0,0,22
3,2,2,27,92,60,1,0,67,1,2,1,1,2,2,1,12,1,1,23
3,2,0,19,93,60,0,1,60,1,2,1,1,2,2,1,16,1,2,23
3,0,2,29,63,60,0,1,62,1,2,1,1,0,3,1,15,1,1,23
1,3,1,24,88,90,0,0,94,1,0,1,0,3,1,1,7,0,2,12
0,1,1,18,62,90,0,0,70,1,1,1,0,1,1,1,0,0,2,12
0,1,2,20,67,90,1,1,73,1,1,1,0,1,0,1,5,0,1,12
1,3,1,24,88,90,0,0,94,0,0,1,1,3,1,0,7,2,2,12
1,1,1,18,62,90,0,0,70,0,1,1,1,1,1,0,0,2,2,12
1,1,2,20,67,90,1,1,73,0,1,1,1,1,0,0,5,2,1,12
1,3,1,24,88,90,0,0,94,1,0,1,0,3,1,0,7,2,2,12
1,1,1,18,62,90,0,0,70,1,1,1,0,1,1,0,0,2,2,12
0,1,2,20,67,90,1,1,73,1,1,1,0,1,0,0,5,2,1,12
1,3,1,24,88,90,0,0,94,1,0,1,1,3,1,1,7,2,2,12
1,1,1,18,62,90,0,0,70,1,1,1,1,1,1,1,0,2,2,12
0,1,2,20,67,90,1,1,73,1,1,1,1,1,0,1,5,2,1,12
1,3,1,24,88,90,0,0,94,1,0,1,1,3,1,0,7,0,2,12
0,1,1,18,62,90,0,0,70,1,1,1,1,1,1,0,0,0,2,12
0,1,2,20,67,90,1,1,73,1,1,1,1,1,0,0,5,0,1,12
1,3,1,24,88,90,0,0,94,1,0,1,1,3,1,1,7,0,2,12
0,1,1,18,62,90,0,0,70,1,1,1,1,1,1,1,0,0,2,12
0,1,2,20,67,90,1,1,73,1,1,1,1,1,0,1,5,0,1,12
0,0,1,19,60,82,1,1,41,0,3,1,1,0,3,1,1,1,2,14
0,1,1,27,70,82,1,1,78,0,1,1,1,1,2,1,4,1,2,14
1,0,2,20,63,82,0,1,48,0,3,1,1,0,0,1,3,1,1,14
0,0,0,19,60,82,1,1,41,0,3,1,1,0,3,0,1,1,2,14
0,1,0,27,70,82,1,1,78,0,1,1,1,1,2,0,4,1,2,14
1,0,2,20,63,82,0,1,48,0,3,1,1,0,0,0,3,1,1,14
0,0,1,19,60,82,1,1,41,1,3,1,1,0,3,1,1,1,2,14
0,1,1,27,70,82,1,1,78,1,1,1,1,1,2,1,4,1,2,14
0,0,2,20,63,82,0,1,48,1,3,1,1,0,0,1,3,1,1,14
0,0,1,19,60,82,1,1,41,1,3,1,1,0,3,1,1,1,2,14
0,1,1,27,70,82,1,1,78,1,1,1,1,1,2,1,4,1,2,14
0,0,2,20,63,82,0,1,48,1,3,1,1,0,0,1,3,1,1,14
0,0,1,19,60,82,1,1,41,1,3,1,1,0,3,2,1,0,2,14
0,1,1,27,70,82,1,1,78,1,1,1,1,1,2,2,4,0,2,14
0,0,2,20,63,82,0,1,48,1,3,1,1,0,0,2,3,0,1,14
1,0,0,19,60,82,1,1,41,0,3,1,1,0,3,0,1,2,2,14
1,1,0,27,70,82,1,1,78,0,1,1,1,1,2,0,4,2,2,14
1,0,2,20,63,82,0,1,48,0,3,1,1,0,0,0,3,2,1,14
0,0,1,20,59,81,1,1,57,1,2,1,1,0,1,1,3,1,2,23
0,2,1,19,90,81,1,1,54,1,3,1,1,2,2,1,5,1,2,23
0,2,1,27,79,81,1,1,57,1,2,1,1,2,0,1,6,1,2,23
0,0,1,20,59,81,1,1,57,0,2,1,1,0,1,1,3,0,2,23
1,2,1,19,90,81,1,1,54,0,3,1,1,2,2,1,5,0,2,23
1,2,1,27,79,81,1,1,57,0,2,1,1,2,0,1,6,0,2,23
0,0,0,20,59,81,1,1,57,0,2,1,1,0,1,0,3,1,2,23
0,2,0,19,90,81,1,1,54,0,3,1,1,2,2,0,5,1,2,23
0,2,0,27,79,81,1,1,57,0,2,1,1,2,0,0,6,1,2,23
0,0,0,20,59,81,1,1,57,0,2,1,1,0,1,0,3,1,2,23
0,2,0,19,90,81,1,1,54,0,3,1,1,2,2,0,5,1,2,23
0,2,0,27,79,81,1,1,57,0,2,1,1,2,0,0,6,1,2,23
0,0,1,20,59,81,1,1,57,0,2,1,1,0,1,1,3,1,2,23
0,2,1,19,90,81,1,1,54,0,3,1,1,2,2,1,5,1,2,23
0,2,1,27,79,81,1,1,57,0,2,1,1,2,0,1,6,1,2,23
0,0,1,20,59,81,1,1,57,0,2,1,1,0,1,2,3,1,2,23
0,2,1,19,90,81,1,1,54,0,3,1,1,2,2,2,5,1,2,23
0,2,1,27,79,81,1,1,57,0,2,1,1,2,0,2,6,1,2,23
1,0,0,20,59,81,1,1,57,0,2,1,1,0,1,0,3,2,2,23
1,2,0,19,90,81,1,1,54,0,3,1,1,2,2,0,5,2,2,23
1,2,0,27,79,81,1,1,57,0,2,1,1,2,0,0,6,2,2,23
0,1,0,22,61,74,1,1,84,1,1,1,1,1,2,0,4,2,2,23
3,0,0,28,72,74,1,0,56,1,2,1,1,0,2,0,14,2,2,23
0,0,0,26,65,74,1,1,62,1,2,1,1,0,3,0,1,2,2,23
0,1,0,22,61,74,1,1,84,0,1,1,1,1,2,0,4,0,2,23
2,0,0,28,72,74,1,0,56,0,2,1,1,0,2,0,14,0,2,23
0,0,0,26,65,74,1,1,62,0,2,1,1,0,3,0,1,0,2,23
0,1,0,22,61,74,1,1,84,0,1,1,1,1,2,0,4,0,2,23
2,0,0,28,72,74,1,0,56,0,2,1,1,0,2,0,14,0,2,23
0,0,0,26,65,74,1,1,62,0,2,1,1,0,3,0,1,0,2,23
0,1,2,22,61,74,1,1,84,0,1,1,1,1,2,1,4,1,2,23
3,0,2,28,72,74,1,0,56,0,2,1,1,0,2,1,14,1,2,23
0,0,2,26,65,74,1,1,62,0,2,1,1,0,3,1,1,1,2,23
0,1,2,22,61,74,1,1,84,1,1,1,1,1,2,1,4,2,2,23
3,0,2,28,72,74,1,0,56,1,2,1,1,0,2,1,14,2,2,23
0,0,2,26,65,74,1,1,62,1,2,1,1,0,3,1,1,2,2,23
0,1,0,22,61,74,1,1,84,1,1,1,0,1,2,0,4,2,2,23
3,0,0,28,72,74,1,0,56,1,2,1,0,0,2,0,14,2,2,23
0,0,0,26,65,74,1,1,62,1,2,1,0,0,3,0,1,2,2,23
0,1,2,22,61,74,1,1,84,1,1,1,0,1,2,1,4,1,2,23
3,0,2,28,72,74,1,0,56,1,2,1,0,0,2,1,14,1,2,23
0,0,2,26,65,74,1,1,62,1,2,1,0,0,3,1,1,1,2,23
0,0,1,27,56,86,1,0,58,1,2,0,1,0,3,1,2,1,0,43
1,0,0,23,55,77,0,0,64,1,2,0,1,0,3,0,10,2,2,23
1,3,0,22,90,77,0,0,78,1,1,0,1,3,3,0,0,2,2,23
3,1,2,29,52,77,0,1,91,1,0,0,1,1,0,0,16,2,1,23
3,0,2,22,59,77,1,1,51,1,3,0,1,0,2,0,19,2,1,23
1,0,1,23,55,77,0,0,64,1,2,0,1,0,3,1,10,2,2,23
1,3,1,22,90,77,0,0,78,1,1,0,1,3,3,1,0,2,2,23
3,1,2,29,52,77,0,1,91,1,0,0,1,1,0,1,16,2,1,23
3,0,2,22,59,77,1,1,51,1,3,0,1,0,2,1,19,2,1,23
3,0,1,23,55,77,0,0,64,1,2,0,1,0,3,1,10,1,2,23
0,3,1,22,90,77,0,0,78,1,1,0,1,3,3,1,0,1,2,23
3,1,2,29,52,77,0,1,91,1,0,0,1,1,0,1,16,1,1,23
3,0,2,22,59,77,1,1,51,1,3,0,1,0,2,1,19,1,1,23
3,0,1,27,51,89,0,1,67,1,2,1,1,0,3,1,19,2,2,27
3,3,1,18,77,89,1,0,75,1,1,1,1,3,0,1,17,2,0,27
3,3,1,25,98,89,1,1,97,1,0,1,1,3,2,1,20,2,0,27
2,0,1,27,51,89,0,1,67,0,2,1,1,0,3,1,19,1,2,27
3,3,1,18,77,89,1,0,75,0,1,1,1,3,0,1,17,1,0,27
3,3,1,25,98,89,1,1,97,0,0,1,1,3,2,1,20,1,0,27
3,3,1,29,100,94,1,0,86,0,0,1,1,3,2,2,13,2,2,26
2,1,1,21,72,94,0,0,74,0,1,1,1,1,1,2,20,2,2,26
3,3,1,29,100,94,1,0,86,1,0,1,1,3,2,0,13,1,2,26
3,1,1,21,72,94,0,0,74,1,1,1,1,1,1,0,20,1,2,26
3,3,1,29,100,94,1,0,86,1,0,1,1,3,2,0,13,0,2,26
2,1,1,21,72,94,0,0,74,1,1,1,1,1,1,0,20,0,2,26
3,3,1,29,100,94,1,0,86,1,0,1,1,3,2,0,13,0,2,26
2,1,1,21,72,94,0,0,74,1,1,1,1,1,1,0,20,0,2,26
1,1,0,22,56,66,0,0,84,0,1,0,1,1,2,0,3,0,0,24
3,3,1,24,76,78,1,0,83,1,1,1,0,3,2,1,15,1,2,18
3,3,0,24,76,78,1,0,83,1,1,1,1,3,2,0,15,1,2,18
3,3,0,24,76,78,1,0,83,1,1,1,1,3,2,0,15,2,2,18
3,3,0,24,76,78,1,0,83,1,1,1,1,3,2,2,15,2,2,18
3,3,1,24,76,78,1,0,83,0,1,1,1,3,2,1,15,1,2,18
2,3,0,24,76,78,1,0,83,0,1,1,1,3,2,2,15,2,2,18
3,3,0,24,76,78,1,0,83,1,1,1,1,3,2,2,15,0,2,18
3,3,0,24,76,78,1,0,83,0,1,1,0,3,2,0,15,1,2,18
3,2,2,22,98,76,1,0,68,1,2,0,1,2,2,2,20,1,1,25
3,1,0,22,56,76,1,0,83,1,1,0,1,1,2,2,20,1,2,25
3,2,2,22,98,76,1,0,68,1,2,0,1,2,2,1,20,2,1,25
3,1,1,22,56,76,1,0,83,1,1,0,1,1,2,1,20,2,2,25
3,2,2,22,98,76,1,0,68,0,2,0,1,2,2,2,20,2,1,25
3,1,0,22,56,76,1,0,83,0,1,0,1,1,2,2,20,2,2,25
3,2,2,22,98,76,1,0,68,1,2,0,1,2,2,1,20,2,1,25
3,1,1,22,56,76,1,0,83,1,1,0,1,1,2,1,20,2,2,25
3,2,2,22,98,76,1,0,68,1,2,0,1,2,2,1,20,0,1,25
3,1,1,22,56,76,1,0,83,1,1,0,1,1,2,1,20,0,2,25
1,0,2,29,59,87,0,1,59,1,2,1,1,0,0,1,6,2,1,15
1,3,1,18,95,87,0,1,87,1,0,1,1,3,2,1,10,2,2,15
3,1,1,24,52,87,1,1,97,1,0,1,1,1,2,1,11,2,2,15
1,0,2,29,59,87,0,1,59,0,2,1,1,0,0,1,6,1,1,15
1,3,1,18,95,87,0,1,87,0,0,1,1,3,2,1,10,1,2,15
3,1,1,24,52,87,1,1,97,0,0,1,1,1,2,1,11,1,2,15
1,0,2,29,59,87,0,1,59,1,2,1,1,0,0,2,6,0,1,15
2,3,1,18,95,87,0,1,87,1,0,1,1,3,2,2,10,0,2,15
3,1,1,24,52,87,1,1,97,1,0,1,1,1,2,2,11,0,2,15
0,0,2,29,59,87,0,1,59,1,2,1,1,0,0,1,6,1,1,15
3,3,1,18,95,87,0,1,87,1,0,1,1,3,2,1,10,1,2,15
3,1,1,24,52,87,1,1,97,1,0,1,1,1,2,1,11,1,2,15
1,0,2,29,59,87,0,1,59,0,2,1,1,0,0,1,6,1,1,15
1,3,1,18,95,87,0,1,87,0,0,1,1,3,2,1,10,1,2,15
3,1,1,24,52,87,1,1,97,0,0,1,1,1,2,1,11,1,2,15
1,1,0,26,56,70,1,1,77,0,1,1,1,1,3,2,8,0,2,19
1,1,0,23,53,70,0,1,91,0,0,1,1,1,0,2,6,0,0,19
0,1,0,26,56,70,1,1,77,0,1,1,0,1,3,0,8,1,2,19
1,1,0,23,53,70,0,1,91,0,0,1,0,1,0,0,6,1,0,19
0,1,0,26,56,70,1,1,77,1,1,1,1,1,3,0,8,0,2,19
1,1,0,23,53,70,0,1,91,1,0,1,1,1,0,0,6,0,0,19
0,1,0,26,56,70,1,1,77,1,1,1,1,1,3,0,8,1,2,19
0,1,0,23,53,70,0,1,91,1,0,1,1,1,0,0,6,1,0,19
1,1,0,26,56,70,1,1,77,0,1,1,1,1,3,1,8,0,2,19
1,1,2,23,53,70,0,1,91,0,0,1,1,1,0,1,6,0,0,19
0,1,0,26,56,70,1,1,77,0,1,1,1,1,3,1,8,1,2,19
1,1,2,23,53,70,0,1,91,0,0,1,1,1,0,1,6,1,0,19
0,1,0,26,56,70,1,1,77,1,1,1,1,1,3,1,8,2,2,19
1,1,2,23,53,70,0,1,91,1,0,1,1,1,0,1,6,2,0,19
0,0,1,26,71,95,1,1,55,1,2,0,0,0,1,0,1,1,0,20
0,0,1,26,71,95,1,1,55,1,2,0,0,0,1,0,1,0,0,20
0,0,1,26,71,95,1,1,55,1,2,0,0,0,1,0,1,1,0,20
0,0,1,26,71,95,1,1,55,1,2,0,1,0,1,0,1,1,0,20
0,0,1,26,71,95,1,1,55,0,2,0,1,0,1,1,1,1,0,20
0,0,1,26,71,95,1,1,55,1,2,0,1,0,1,1,1,1,0,20
0,0,1,26,71,95,1,1,55,0,2,0,1,0,1,2,1,1,0,20
0,0,1,26,71,95,1,1,55,0,2,0,1,0,1,2,1,0,0,20
2,0,0,19,61,64,0,0,65,0,2,0,1,0,3,2,17,2,2,10
1,0,0,19,62,64,1,1,68,0,2,0,1,0,1,2,9,2,0,10
2,0,2,23,67,64,1,0,59,0,2,0,1,0,2,2,13,2,1,10
1,0,0,23,62,64,1,0,40,0,3,0,1,0,0,2,1,2,2,10
2,0,0,19,61,64,0,0,65,0,2,0,1,0,3,0,17,0,2,10
2,0,0,19,62,64,1,1,68,0,2,0,1,0,1,0,9,0,0,10
2,0,0,23,67,64,1,0,59,0,2,0,1,0,2,0,13,0,1,10
0,0,0,23,62,64,1,0,40,0,3,0,1,0,0,0,1,0,2,10
0,3,0,29,78,69,0,1,97,1,0,0,1,3,1,1,2,1,2,17
1,3,0,29,78,69,0,1,97,0,0,0,1,3,1,1,2,1,2,17
1,0,1,28,73,98,0,1,42,1,3,0,1,0,3,0,4,2,1,27
1,3,1,19,90,98,0,1,84,1,1,0,1,3,3,0,1,2,1,27
0,0,1,28,73,98,0,1,42,1,3,0,0,0,3,0,4,1,1,27
0,3,1,19,90,98,0,1,84,1,1,0,0,3,3,0,1,1,1,27
1,0,1,28,73,98,0,1,42,0,3,0,1,0,3,1,4,2,1,27
1,3,1,19,90,98,0,1,84,0,1,0,1,3,3,1,1,2,1,27
1,0,1,28,73,98,0,1,42,0,3,0,1,0,3,1,4,2,1,27
1,3,1,19,90,98,0,1,84,0,1,0,1,3,3,1,1,2,1,27
1,2,1,27,88,98,1,0,71,0,1,0,1,2,3,0,7,0,2,20
0,2,1,27,88,98,1,0,71,1,1,0,0,2,3,2,7,1,2,20
0,2,1,27,88,98,1,0,71,1,1,0,1,2,3,0,7,0,2,20
0,2,1,27,88,98,1,0,71,1,1,0,0,2,3,0,7,1,2,20
0,2,1,27,88,98,1,0,71,1,1,0,0,2,3,1,7,2,2,20
0,2,1,27,88,98,1,0,71,0,1,0,1,2,3,1,7,1,2,20
1,2,1,27,88,98,1,0,71,0,1,0,1,2,3,1,7,2,2,20
0,2,1,27,88,98,1,0,71,1,1,0,1,2,3,1,7,2,2,20
3,0,0,21,53,64,0,1,58,1,2,1,1,0,2,1,12,1,2,14
1,0,0,21,53,64,0,1,58,0,2,1,1,0,2,0,12,2,2,14
0,2,0,25,77,61,1,1,68,0,2,1,1,2,3,0,7,1,1,16
2,2,0,25,84,61,0,1,53,0,3,1,1,2,1,0,15,1,2,16
2,3,0,25,91,61,0,0,78,0,1,1,1,3,0,0,18,1,0,16
1,2,2,25,77,61,1,1,68,0,2,1,1,2,3,2,7,0,1,16
2,2,0,25,84,61,0,1,53,0,3,1,1,2,1,2,15,0,2,16
2,3,0,25,91,61,0,0,78,0,1,1,1,3,0,2,18,0,0,16
0,2,2,25,77,61,1,1,68,1,2,1,1,2,3,1,7,0,1,16
2,2,0,25,84,61,0,1,53,1,3,1,1,2,1,1,15,0,2,16
2,3,2,25,91,61,0,0,78,1,1,1,1,3,0,1,18,0,0,16
1,2,2,25,77,61,1,1,68,0,2,1,1,2,3,1,7,2,1,16
2,2,0,25,84,61,0,1,53,0,3,1,1,2,1,1,15,2,2,16
2,3,2,25,91,61,0,0,78,0,1,1,1,3,0,1,18,2,0,16
0,2,2,25,77,61,1,1,68,1,2,1,1,2,3,1,7,2,1,16
2,2,0,25,84,61,0,1,53,1,3,1,1,2,1,1,15,2,2,16
2,3,2,25,91,61,0,0,78,1,1,1,1,3,0,1,18,2,0,16
1,2,2,25,77,61,1,1,68,0,2,1,1,2,3,2,7,2,1,16
2,2,0,25,84,61,0,1,53,0,3,1,1,2,1,2,15,2,2,16
2,3,0,25,91,61,0,0,78,0,1,1,1,3,0,2,18,2,0,16
0,2,0,25,77,61,1,1,68,1,2,1,1,2,3,0,7,1,1,16
3,2,0,25,84,61,0,1,53,1,3,1,1,2,1,0,15,1,2,16
3,3,0,25,91,61,0,0,78,1,1,1,1,3,0,0,18,1,0,16
0,2,2,25,77,61,1,1,68,1,2,1,1,2,3,2,7,2,1,16
2,2,0,25,84,61,0,1,53,1,3,1,1,2,1,2,15,2,2,16
2,3,0,25,91,61,0,0,78,1,1,1,1,3,0,2,18,2,0,16
3,0,2,19,69,66,1,1,62,1,2,1,1,0,1,2,11,0,1,24
3,0,0,21,69,66,1,1,64,1,2,1,1,0,3,2,10,0,2,24
1,0,2,19,69,66,1,1,62,0,2,1,1,0,1,1,11,2,1,24
1,0,0,21,69,66,1,1,64,0,2,1,1,0,3,1,10,2,2,24
1,0,2,19,69,66,1,1,62,0,2,1,1,0,1,1,11,2,1,24
1,0,0,21,69,66,1,1,64,0,2,1,1,0,3,1,10,2,2,24
3,0,0,19,69,66,1,1,62,1,2,1,1,0,1,0,11,1,1,24
3,0,0,21,69,66,1,1,64,1,2,1,1,0,3,0,10,1,2,24
3,0,2,19,69,66,1,1,62,0,2,1,0,0,1,1,11,1,1,24
3,0,0,21,69,66,1,1,64,0,2,1,0,0,3,1,10,1,2,24
2,3,1,18,80,100,0,1,76,1,1,1,1,3,3,2,15,0,2,16
2,3,1,20,78,100,0,0,77,1,1,1,1,3,2,2,15,0,0,16
2,3,1,18,80,100,0,1,76,1,1,1,1,3,3,1,15,2,2,16
2,3,1,20,78,100,0,0,77,1,1,1,1,3,2,1,15,2,0,16
2,3,1,18,80,100,0,1,76,1,1,1,1,3,3,2,15,2,2,16
2,3,1,20,78,100,0,0,77,1,1,1,1,3,2,2,15,2,0,16
1,1,0,27,73,67,0,1,89,0,0,0,1,1,0,0,0,1,0,21
0,2,0,26,99,67,1,1,60,0,2,0,1,2,1,0,5,1,2,21
1,1,0,19,72,67,0,0,100,0,0,0,1,1,3,0,6,1,2,21
1,1,2,27,73,67,0,1,89,0,0,0,1,1,0,1,0,2,0,21
1,2,0,26,99,67,1,1,60,0,2,0,1,2,1,1,5,2,2,21
1,1,0,19,72,67,0,0,100,0,0,0,1,1,3,1,6,2,2,21
0,1,2,27,73,67,0,1,89,1,0,0,1,1,0,1,0,1,0,21
0,2,0,26,99,67,1,1,60,1,2,0,1,2,1,1,5,1,2,21
0,1,0,19,72,67,0,0,100,1,0,0,1,1,3,1,6,1,2,21
0,1,2,27,73,67,0,1,89,1,0,0,1,1,0,1,0,1,0,21
0,2,0,26,99,67,1,1,60,1,2,0,1,2,1,1,5,1,2,21
0,1,0,19,72,67,0,0,100,1,0,0,1,1,3,1,6,1,2,21
1,1,2,27,73,67,0,1,89,0,0,0,1,1,0,1,0,0,0,21
1,2,0,26,99,67,1,1,60,0,2,0,1,2,1,1,5,0,2,21
1,1,0,19,72,67,0,0,100,0,0,0,1,1,3,1,6,0,2,21
1,1,0,27,73,67,0,1,89,1,0,0,1,1,0,2,0,2,0,21
0,2,0,26,99,67,1,1,60,1,2,0,1,2,1,2,5,2,2,21
1,1,0,19,72,67,0,0,100,1,0,0,1,1,3,2,6,2,2,21
1,1,0,27,73,67,0,1,89,0,0,0,1,1,0,0,0,2,0,21
1,2,0,26,99,67,1,1,60,0,2,0,1,2,1,0,5,2,2,21
1,1,0,19,72,67,0,0,100,0,0,0,1,1,3,0,6,2,2,21
2,3,1,21,81,94,0,1,92,1,0,1,1,3,2,1,19,2,0,16
2,3,1,28,91,94,0,0,92,1,0,1,1,3,0,1,14,2,2,16
0,0,1,21,50,94,1,1,49,1,3,1,1,0,2,1,3,2,2,16
3,1,1,25,51,94,1,1,97,1,0,1,1,1,2,1,20,2,0,16
2,3,1,21,81,94,0,1,92,1,0,1,1,3,2,2,19,2,0,16
2,3,1,28,91,94,0,0,92,1,0,1,1,3,0,2,14,2,2,16
0,0,1,21,50,94,1,1,49,1,3,1,1,0,2,2,3,2,2,16
3,1,1,25,51,94,1,1,97,1,0,1,1,1,2,2,20,2,0,16
3,3,1,21,81,94,0,1,92,1,0,1,1,3,2,1,19,1,0,16
3,3,1,28,91,94,0,0,92,1,0,1,1,3,0,1,14,1,2,16
0,0,1,21,50,94,1,1,49,1,3,1,1,0,2,1,3,1,2,16
3,1,1,25,51,94,1,1,97,1,0,1,1,1,2,1,20,1,0,16
3,0,0,26,55,61,1,1,65,0,2,0,1,0,1,2,20,1,0,33
3,0,2,26,55,61,1,1,65,0,2,0,1,0,1,1,20,1,0,33
0,2,0,29,93,84,1,1,69,0,2,0,1,2,2,0,2,0,2,24
2,0,2,21,56,84,1,0,61,0,2,0,1,0,0,0,15,0,1,24
1,2,0,29,94,84,0,0,67,0,2,0,1,2,0,0,1,0,2,24
1,2,2,27,84,84,1,1,70,0,1,0,1,2,3,0,5,0,1,24
0,2,1,29,93,84,1,1,69,1,2,0,1,2,2,2,2,2,2,24
3,0,2,21,56,84,1,0,61,1,2,0,1,0,0,2,15,2,1,24
1,2,1,29,94,84,0,0,67,1,2,0,1,2,0,2,1,2,2,24
0,2,2,27,84,84,1,1,70,1,1,0,1,2,3,2,5,2,1,24
0,2,1,29,93,84,1,1,69,1,2,0,1,2,2,1,2,1,2,24
3,0,2,21,56,84,1,0,61,1,2,0,1,0,0,1,15,1,1,24
0,2,1,29,94,84,0,0,67,1,2,0,1,2,0,1,1,1,2,24
0,2,2,27,84,84,1,1,70,1,1,0,1,2,3,1,5,1,1,24
2,2,2,24,80,71,0,1,52,0,3,1,1,2,2,1,13,0,1,8
0,2,0,23,86,71,1,0,58,0,2,1,1,2,3,1,1,0,2,8
2,3,0,28,83,71,1,1,89,0,0,1,1,3,2,1,10,0,2,8
0,0,2,26,54,71,1,1,45,0,3,1,1,0,0,1,2,0,1,8
2,1,0,24,63,71,1,1,80,0,1,1,1,1,2,1,8,0,2,8
2,2,2,24,80,71,0,1,52,0,3,1,1,2,2,2,13,1,1,8
0,2,0,23,86,71,1,0,58,0,2,1,1,2,3,2,1,1,2,8
3,3,0,28,83,71,1,1,89,0,0,1,1,3,2,2,10,1,2,8
0,0,2,26,54,71,1,1,45,0,3,1,1,0,0,2,2,1,1,8
0,1,0,24,63,71,1,1,80,0,1,1,1,1,2,2,8,1,2,8
2,0,1,21,61,94,0,0,48,0,3,1,1,0,1,0,18,1,1,21
2,0,1,23,59,94,0,1,48,0,3,1,1,0,3,0,19,1,2,21
3,0,1,21,61,94,0,0,48,1,3,1,1,0,1,0,18,1,1,21
3,0,1,23,59,94,0,1,48,1,3,1,1,0,3,0,19,1,2,21
2,0,1,21,61,94,0,0,48,1,3,1,1,0,1,0,18,0,1,21
2,0,1,23,59,94,0,1,48,1,3,1,1,0,3,0,19,0,2,21
3,0,1,21,61,94,0,0,48,1,3,1,1,0,1,0,18,1,1,21
3,0,1,23,59,94,0,1,48,1,3,1,1,0,3,0,19,1,2,21
2,0,1,21,61,94,0,0,48,0,3,1,0,0,1,0,18,1,1,21
2,0,1,23,59,94,0,1,48,0,3,1,0,0,3,0,19,1,2,21
2,0,1,21,61,94,0,0,48,0,3,1,1,0,1,1,18,1,1,21
2,0,1,23,59,94,0,1,48,0,3,1,1,0,3,1,19,1,2,21
2,0,1,21,61,94,0,0,48,0,3,1,1,0,1,1,18,0,1,21
2,0,1,23,59,94,0,1,48,0,3,1,1,0,3,1,19,0,2,21
2,0,1,21,61,94,0,0,48,0,3,1,1,0,1,1,18,2,1,21
2,0,1,23,59,94,0,1,48,0,3,1,1,0,3,1,19,2,2,21
2,0,1,21,61,94,0,0,48,0,3,1,1,0,1,1,18,2,1,21
2,0,1,23,59,94,0,1,48,0,3,1,1,0,3,1,19,2,2,21
2,0,1,21,61,94,0,0,48,0,3,1,1,0,1,0,18,2,1,21
2,0,1,23,59,94,0,1,48,0,3,1,1,0,3,0,19,2,2,21
3,0,0,28,62,71,0,1,60,1,2,1,1,0,0,1,16,1,2,16
0,2,2,20,77,71,1,0,59,1,2,1,1,2,2,1,1,1,0,16
0,1,0,22,64,71,0,1,73,1,1,1,1,1,1,1,7,1,2,16
0,3,0,28,99,71,1,1,75,1,1,1,1,3,2,1,7,1,2,16
2,0,0,28,62,71,0,1,60,1,2,1,1,0,0,0,16,2,2,16
0,2,0,20,77,71,1,0,59,1,2,1,1,2,2,0,1,2,0,16
1,1,0,22,64,71,0,1,73,1,1,1,1,1,1,0,7,2,2,16
0,3,0,28,99,71,1,1,75,1,1,1,1,3,2,0,7,2,2,16
2,0,0,28,62,71,0,1,60,1,2,1,1,0,0,2,16,0,2,16
0,2,0,20,77,71,1,0,59,1,2,1,1,2,2,2,1,0,0,16
1,1,0,22,64,71,0,1,73,1,1,1,1,1,1,2,7,0,2,16
0,3,0,28,99,71,1,1,75,1,1,1,1,3,2,2,7,0,2,16
2,0,0,28,62,71,0,1,60,1,2,1,1,0,0,0,16,0,2,16
0,2,0,20,77,71,1,0,59,1,2,1,1,2,2,0,1,0,0,16
1,1,0,22,64,71,0,1,73,1,1,1,1,1,1,0,7,0,2,16
0,3,0,28,99,71,1,1,75,1,1,1,1,3,2,0,7,0,2,16
0,0,1,24,51,92,1,1,66,1,2,1,1,0,2,1,7,1,0,18
3,0,1,24,68,92,1,0,43,1,3,1,1,0,1,1,15,1,2,18
0,0,1,24,51,92,1,1,66,1,2,1,1,0,2,1,7,1,0,18
3,0,1,24,68,92,1,0,43,1,3,1,1,0,1,1,15,1,2,18
0,0,1,24,51,92,1,1,66,1,2,1,1,0,2,0,7,1,0,18
3,0,1,24,68,92,1,0,43,1,3,1,1,0,1,0,15,1,2,18
0,0,1,24,51,92,1,1,66,0,2,1,1,0,2,1,7,1,0,18
3,0,1,24,68,92,1,0,43,0,3,1,1,0,1,1,15,1,2,18
2,0,1,28,74,92,0,0,56,1,2,0,1,0,0,1,9,0,1,17
2,0,1,28,74,92,0,0,56,1,2,0,1,0,0,1,9,0,1,17
0,0,1,28,74,92,0,0,56,1,2,0,1,0,0,2,9,1,1,17
0,0,1,28,74,92,0,0,56,1,2,0,0,0,0,2,9,1,1,17
1,0,1,28,74,92,0,0,56,0,2,0,1,0,0,1,9,1,1,17
1,0,1,28,74,92,0,0,56,0,2,0,1,0,0,1,9,2,1,17
1,0,1,28,74,92,0,0,56,1,2,0,1,0,0,1,9,2,1,17
1,0,2,28,75,78,0,0,58,0,2,1,1,0,2,1,0,2,1,16
1,2,2,23,94,78,1,0,63,0,2,1,1,2,2,1,0,2,1,16
0,0,2,28,75,78,0,0,58,1,2,1,1,0,2,1,0,1,1,16
0,2,2,23,94,78,1,0,63,1,2,1,1,2,2,1,0,1,1,16
1,0,2,28,75,78,0,0,58,0,2,1,1,0,2,1,0,0,1,16
0,2,2,23,94,78,1,0,63,0,2,1,1,2,2,1,0,0,1,16
1,0,2,28,75,78,0,0,58,0,2,1,1,0,2,1,0,2,1,16
1,2,2,23,94,78,1,0,63,0,2,1,1,2,2,1,0,2,1,16
0,0,2,28,75,78,0,0,58,1,2,1,1,0,2,2,0,0,1,16
0,2,2,23,94,78,1,0,63,1,2,1,1,2,2,2,0,0,1,16
0,2,1,21,76,93,1,1,44,1,3,1,1,2,2,0,4,1,1,12
0,2,1,21,76,93,1,1,44,1,3,1,1,2,2,0,4,2,1,12
1,0,0,29,60,77,0,1,62,0,2,0,1,0,3,0,4,1,2,26
3,2,2,22,88,77,1,1,61,0,2,0,1,2,0,0,20,1,1,26
3,2,0,21,86,77,1,0,63,0,2,0,1,2,3,0,18,1,2,26
0,0,1,29,60,77,0,1,62,1,2,0,1,0,3,1,4,1,2,26
3,2,2,22,88,77,1,1,61,1,2,0,1,2,0,1,20,1,1,26
3,2,1,21,86,77,1,0,63,1,2,0,1,2,3,1,18,1,2,26
0,0,0,29,60,77,0,1,62,1,2,0,1,0,3,0,4,1,2,26
3,2,2,22,88,77,1,1,61,1,2,0,1,2,0,0,20,1,1,26
3,2,0,21,86,77,1,0,63,1,2,0,1,2,3,0,18,1,2,26
0,0,0,29,60,77,0,1,62,1,2,0,1,0,3,0,4,0,2,26
3,2,2,22,88,77,1,1,61,1,2,0,1,2,0,0,20,0,1,26
3,2,0,21,86,77,1,0,63,1,2,0,1,2,3,0,18,0,2,26
1,0,0,29,60,77,0,1,62,0,2,0,0,0,3,2,4,0,2,26
2,2,2,22,88,77,1,1,61,0,2,0,0,2,0,2,20,0,1,26
2,2,0,21,86,77,1,0,63,0,2,0,0,2,3,2,18,0,2,26
0,0,0,29,60,77,0,1,62,1,2,0,1,0,3,2,4,1,2,26
3,2,2,22,88,77,1,1,61,1,2,0,1,2,0,2,20,1,1,26
3,2,0,21,86,77,1,0,63,1,2,0,1,2,3,2,18,1,2,26
3,0,0,29,72,71,0,0,55,1,2,1,0,0,2,0,17,1,1,26
0,1,0,29,69,71,1,0,88,1,0,1,0,1,0,0,1,1,2,26
2,0,0,29,72,71,0,0,55,0,2,1,1,0,2,0,17,0,1,26
0,1,0,29,69,71,1,0,88,0,0,1,1,1,0,0,1,0,2,26
2,0,0,29,72,71,0,0,55,1,2,1,1,0,2,0,17,0,1,26
0,1,0,29,69,71,1,0,88,1,0,1,1,1,0,0,1,0,2,26
3,0,0,29,72,71,0,0,55,1,2,1,1,0,2,0,17,1,1,26
0,1,0,29,69,71,1,0,88,1,0,1,1,1,0,0,1,1,2,26
2,0,2,29,72,71,0,0,55,1,2,1,1,0,2,1,17,0,1,26
0,1,0,29,69,71,1,0,88,1,0,1,1,1,0,1,1,0,2,26
2,0,2,29,72,71,0,0,55,0,2,1,0,0,2,1,17,2,1,26
1,1,0,29,69,71,1,0,88,0,0,1,0,1,0,1,1,2,2,26
3,0,2,29,72,71,0,0,55,1,2,1,1,0,2,1,17,1,1,26
0,1,0,29,69,71,1,0,88,1,0,1,1,1,0,1,1,1,2,26
0,3,2,22,82,81,1,1,74,1,1,1,1,3,2,2,0,1,1,11
3,3,1,26,76,81,1,1,75,1,1,1,1,3,0,2,13,1,2,11
0,3,2,22,82,81,1,1,74,1,1,1,1,3,2,1,0,2,1,11
3,3,1,26,76,81,1,1,75,1,1,1,1,3,0,1,13,2,2,11
0,3,2,22,82,81,1,1,74,1,1,1,1,3,2,1,0,2,1,11
3,3,1,26,76,81,1,1,75,1,1,1,1,3,0,1,13,2,2,11
3,0,1,25,54,78,1,1,57,1,2,1,0,0,1,1,14,2,2,17
3,0,0,25,54,78,1,1,57,0,2,1,1,0,1,0,14,1,2,17
3,0,0,25,54,78,1,1,57,1,2,1,1,0,1,0,14,1,2,17
3,0,0,25,54,78,1,1,57,1,2,1,1,0,1,2,14,0,2,17
3,0,1,25,54,78,1,1,57,1,2,1,1,0,1,1,14,1,2,17
3,3,2,26,79,78,1,1,92,0,0,0,1,3,2,2,17,1,0,28
0,0,0,19,52,78,1,1,40,0,3,0,1,0,0,2,3,1,2,28
3,3,2,26,79,78,1,1,92,1,0,0,1,3,2,1,17,2,0,28
0,0,1,19,52,78,1,1,40,1,3,0,1,0,0,1,3,2,2,28
3,3,0,26,79,78,1,1,92,1,0,0,0,3,2,0,17,0,0,28
0,0,0,19,52,78,1,1,40,1,3,0,0,0,0,0,3,0,2,28
3,3,0,26,79,78,1,1,92,0,0,0,1,3,2,0,17,2,0,28
1,0,0,19,52,78,1,1,40,0,3,0,1,0,0,0,3,2,2,28
3,2,0,21,86,64,1,1,67,1,2,0,1,2,0,1,14,0,2,16
3,0,2,29,61,64,1,0,48,1,3,0,1,0,2,1,19,0,0,16
0,0,2,18,71,64,0,0,55,1,2,0,1,0,2,1,0,0,1,16
0,0,2,24,60,64,1,1,66,1,2,0,1,0,1,1,3,0,1,16
3,2,0,21,86,64,1,1,67,1,2,0,1,2,0,0,14,1,2,16
3,0,0,29,61,64,1,0,48,1,3,0,1,0,2,0,19,1,0,16
0,0,0,18,71,64,0,0,55,1,2,0,1,0,2,0,0,1,1,16
0,0,0,24,60,64,1,1,66,1,2,0,1,0,1,0,3,1,1,16
3,2,0,21,86,64,1,1,67,1,2,0,1,2,0,1,14,1,2,16
3,0,2,29,61,64,1,0,48,1,3,0,1,0,2,1,19,1,0,16
0,0,2,18,71,64,0,0,55,1,2,0,1,0,2,1,0,1,1,16
0,0,2,24,60,64,1,1,66,1,2,0,1,0,1,1,3,1,1,16
3,2,0,21,86,64,1,1,67,1,2,0,1,2,0,0,14,1,2,16
3,0,0,29,61,64,1,0,48,1,3,0,1,0,2,0,19,1,0,16
0,0,0,18,71,64,0,0,55,1,2,0,1,0,2,0,0,1,1,16
0,0,0,24,60,64,1,1,66,1,2,0,1,0,1,0,3,1,1,16
3,2,0,26,82,69,1,0,68,1,2,0,0,2,0,0,12,1,1,25
0,0,0,29,64,69,0,1,57,1,2,0,0,0,0,0,0,1,2,25
3,2,2,26,82,69,1,0,68,1,2,0,1,2,0,1,12,1,1,25
0,0,0,29,64,69,0,1,57,1,2,0,1,0,0,1,0,1,2,25
3,2,2,26,82,69,1,0,68,1,2,0,1,2,0,1,12,2,1,25
1,0,0,29,64,69,0,1,57,1,2,0,1,0,0,1,0,2,2,25
3,2,2,26,82,69,1,0,68,1,2,0,1,2,0,2,12,1,1,25
0,0,0,29,64,69,0,1,57,1,2,0,1,0,0,2,0,1,2,25
3,2,2,26,82,69,1,0,68,1,2,0,1,2,0,1,12,1,1,25
0,0,0,29,64,69,0,1,57,1,2,0,1,0,0,1,0,1,2,25
3,2,2,26,82,69,1,0,68,0,2,0,1,2,0,1,12,1,1,25
1,0,0,29,64,69,0,1,57,0,2,0,1,0,0,1,0,1,2,25
1,1,2,22,68,68,0,0,92,0,0,1,1,1,3,1,0,1,0,14
0,1,2,22,68,68,0,0,92,1,0,1,1,1,3,1,0,1,0,14
1,1,2,22,68,68,0,0,92,0,0,1,1,1,3,1,0,2,0,14
0,1,0,22,68,68,0,0,92,1,0,1,1,1,3,2,0,0,0,14
1,1,0,22,68,68,0,0,92,0,0,1,1,1,3,0,0,2,0,14
1,1,0,22,68,68,0,0,92,0,0,1,1,1,3,2,0,2,0,14
0,2,1,19,95,83,1,1,58,1,2,0,1,2,2,1,8,0,2,14
0,0,2,22,54,83,1,1,68,1,2,0,1,0,0,1,5,0,1,14
2,1,2,24,57,83,0,1,94,1,0,0,1,1,3,1,19,0,1,14
0,0,1,23,73,83,1,1,56,1,2,0,1,0,1,1,2,0,2,14
0,2,1,19,95,83,1,1,58,1,2,0,1,2,2,1,8,1,2,14
0,0,2,22,54,83,1,1,68,1,2,0,1,0,0,1,5,1,1,14
3,1,2,24,57,83,0,1,94,1,0,0,1,1,3,1,19,1,1,14
0,0,1,23,73,83,1,1,56,1,2,0,1,0,1,1,2,1,2,14
0,2,0,19,95,83,1,1,58,1,2,0,1,2,2,0,8,1,2,14
0,0,2,22,54,83,1,1,68,1,2,0,1,0,0,0,5,1,1,14
3,1,2,24,57,83,0,1,94,1,0,0,1,1,3,0,19,1,1,14
0,0,0,23,73,83,1,1,56,1,2,0,1,0,1,0,2,1,2,14
0,2,1,19,95,83,1,1,58,1,2,0,1,2,2,1,8,1,2,14
0,0,2,22,54,83,1,1,68,1,2,0,1,0,0,1,5,1,1,14
3,1,2,24,57,83,0,1,94,1,0,0,1,1,3,1,19,1,1,14
0,0,1,23,73,83,1,1,56,1,2,0,1,0,1,1,2,1,2,14
0,2,1,19,95,83,1,1,58,0,2,0,1,2,2,1,8,1,2,14
0,0,2,22,54,83,1,1,68,0,2,0,1,0,0,1,5,1,1,14
2,1,2,24,57,83,0,1,94,0,0,0,1,1,3,1,19,1,1,14
0,0,1,23,73,83,1,1,56,0,2,0,1,0,1,1,2,1,2,14
3,0,2,28,52,75,1,0,63,1,2,0,1,0,0,1,20,2,1,18
3,0,2,28,52,75,1,0,63,1,2,0,1,0,0,1,20,1,1,18
3,0,2,28,52,75,1,0,63,1,2,0,1,0,0,0,20,1,1,18
3,0,2,28,52,75,1,0,63,1,2,0,1,0,0,2,20,0,1,18
3,0,2,28,52,75,1,0,63,1,2,0,1,0,0,0,20,1,1,18
2,0,2,28,52,75,1,0,63,0,2,0,1,0,0,1,20,0,1,18
3,0,2,28,52,75,1,0,63,1,2,0,1,0,0,1,20,1,1,18
3,0,2,28,52,75,1,0,63,1,2,0,1,0,0,0,20,1,1,18
0,3,2,23,76,81,1,1,79,1,1,1,1,3,3,1,7,0,1,30
3,0,1,19,65,81,1,1,58,1,2,1,1,0,0,1,20,0,2,30
1,3,2,23,76,81,1,1,79,0,1,1,1,3,3,0,7,2,1,30
3,0,0,19,65,81,1,1,58,0,2,1,1,0,0,0,20,2,2,30
1,3,2,23,76,81,1,1,79,0,1,1,1,3,3,1,7,2,1,30
3,0,1,19,65,81,1,1,58,0,2,1,1,0,0,1,20,2,2,30
2,0,0,21,73,68,0,1,48,0,3,0,1,0,2,1,15,1,2,11
1,0,2,21,76,68,0,1,41,0,3,0,1,0,2,1,4,1,1,11
2,0,0,21,73,68,0,1,48,0,3,0,1,0,2,0,15,1,2,11
1,0,0,21,76,68,0,1,41,0,3,0,1,0,2,0,4,1,1,11
2,0,0,21,73,68,0,1,48,1,3,0,1,0,2,1,15,2,2,11
1,0,2,21,76,68,0,1,41,1,3,0,1,0,2,1,4,2,1,11
2,0,0,21,73,68,0,1,48,1,3,0,1,0,2,0,15,2,2,11
1,0,0,21,76,68,0,1,41,1,3,0,1,0,2,0,4,2,1,11
2,0,0,22,70,66,0,1,50,0,3,1,1,0,2,1,18,2,2,17
1,2,2,23,83,66,1,1,52,0,3,1,1,2,0,1,6,2,1,17
2,2,2,21,90,66,1,1,41,0,3,1,1,2,3,1,14,2,1,17
1,0,0,28,65,66,1,0,47,0,3,1,1,0,2,1,0,2,2,17
2,0,0,22,70,66,0,1,50,0,3,1,1,0,2,0,18,2,2,17
1,2,0,23,83,66,1,1,52,0,3,1,1,2,0,0,6,2,1,17
2,2,0,21,90,66,1,1,41,0,3,1,1,2,3,0,14,2,1,17
1,0,0,28,65,66,1,0,47,0,3,1,1,0,2,0,0,2,2,17
3,0,0,22,70,66,0,1,50,1,3,1,1,0,2,1,18,1,2,17
0,2,2,23,83,66,1,1,52,1,3,1,1,2,0,1,6,1,1,17
3,2,2,21,90,66,1,1,41,1,3,1,1,2,3,1,14,1,1,17
0,0,0,28,65,66,1,0,47,1,3,1,1,0,2,1,0,1,2,17
3,0,0,22,70,66,0,1,50,1,3,1,1,0,2,1,18,1,2,17
0,2,2,23,83,66,1,1,52,1,3,1,1,2,0,1,6,1,1,17
3,2,2,21,90,66,1,1,41,1,3,1,1,2,3,1,14,1,1,17
0,0,0,28,65,66,1,0,47,1,3,1,1,0,2,1,0,1,2,17
3,2,1,20,87,77,1,0,41,1,3,0,1,2,0,1,15,2,2,29
3,2,2,29,100,77,1,1,71,1,1,0,1,2,2,1,17,2,1,29
3,2,1,20,87,77,1,0,41,0,3,0,1,2,0,1,15,1,2,29
3,2,2,29,100,77,1,1,71,0,1,0,1,2,2,1,17,1,1,29
3,2,1,20,87,77,1,0,41,0,3,0,1,2,0,1,15,1,2,29
3,2,2,29,100,77,1,1,71,0,1,0,1,2,2,1,17,1,1,29
3,2,0,20,87,77,1,0,41,1,3,0,1,2,0,2,15,0,2,29
3,2,2,29,100,77,1,1,71,1,1,0,1,2,2,2,17,0,1,29
3,2,0,20,87,77,1,0,41,1,3,0,1,2,0,2,15,0,2,29
3,2,2,29,100,77,1,1,71,1,1,0,1,2,2,2,17,0,1,29
3,2,1,27,89,76,1,0,65,1,2,1,1,2,0,1,14,1,2,11
3,3,1,25,99,76,1,1,84,1,1,1,1,3,2,1,19,1,2,11
0,3,2,25,89,76,1,1,94,1,0,1,1,3,1,1,3,1,1,11
3,2,1,27,89,76,1,0,65,1,2,1,0,2,0,1,14,1,2,11
3,3,1,25,99,76,1,1,84,1,1,1,0,3,2,1,19,1,2,11
0,3,2,25,89,76,1,1,94,1,0,1,0,3,1,1,3,1,1,11
3,0,2,29,73,61,1,0,43,0,3,1,1,0,0,1,16,1,0,27
0,1,2,21,51,61,1,0,91,0,0,1,1,1,3,1,5,1,0,27
3,0,2,29,73,61,1,0,43,0,3,1,1,0,0,1,16,1,0,27
0,1,2,21,51,61,1,0,91,0,0,1,1,1,3,1,5,1,0,27
3,0,2,29,73,61,1,0,43,1,3,1,1,0,0,1,16,1,0,27
0,1,2,21,51,61,1,0,91,1,0,1,1,1,3,1,5,1,0,27
2,0,0,29,73,61,1,0,43,0,3,1,1,0,0,2,16,0,0,27
1,1,0,21,51,61,1,0,91,0,0,1,1,1,3,2,5,0,0,27
1,3,2,25,92,82,0,0,79,1,1,0,1,3,1,0,11,2,1,14
3,3,0,27,85,82,1,1,79,1,1,0,1,3,1,0,12,2,0,14
3,2,0,28,77,82,1,1,69,1,2,0,1,2,1,0,16,2,2,14
3,3,2,25,92,82,0,0,79,1,1,0,1,3,1,2,11,1,1,14
3,3,2,27,85,82,1,1,79,1,1,0,1,3,1,2,12,1,0,14
3,2,1,28,77,82,1,1,69,1,2,0,1,2,1,2,16,1,2,14
3,3,2,25,92,82,0,0,79,1,1,0,1,3,1,1,11,1,1,14
3,3,2,27,85,82,1,1,79,1,1,0,1,3,1,1,12,1,0,14
3,2,1,28,77,82,1,1,69,1,2,0,1,2,1,1,16,1,2,14
3,3,2,25,92,82,0,0,79,1,1,0,1,3,1,1,11,1,1,14
3,3,2,27,85,82,1,1,79,1,1,0,1,3,1,1,12,1,0,14
3,2,1,28,77,82,1,1,69,1,2,0,1,2,1,1,16,1,2,14
3,0,1,21,70,82,1,1,65,1,2,1,1,0,1,1,20,1,2,23
2,0,1,21,70,82,1,1,65,0,2,1,1,0,1,1,20,2,2,23
3,0,1,21,70,82,1,1,65,1,2,1,1,0,1,1,20,1,2,23
1,1,1,23,61,88,1,0,75,0,1,0,1,1,0,1,10,2,0,21
3,1,1,23,61,88,1,0,75,0,1,0,1,1,0,1,10,1,0,21
3,1,1,23,61,88,1,0,75,1,1,0,1,1,0,2,10,2,0,21
3,1,1,23,61,88,1,0,75,1,1,0,1,1,0,0,10,1,0,21
2,1,1,23,61,88,1,0,75,0,1,0,0,1,0,2,10,0,0,21
3,1,1,23,61,88,1,0,75,1,1,0,1,1,0,0,10,1,0,21
0,1,0,29,51,70,1,1,99,1,0,1,0,1,0,0,5,1,2,20
0,1,0,29,51,70,1,1,99,1,0,1,1,1,0,1,5,2,2,20
0,1,0,29,51,70,1,1,99,0,0,1,1,1,0,0,5,1,2,20
0,1,0,29,51,70,1,1,99,1,0,1,1,1,0,0,5,1,2,20
0,1,0,29,51,70,1,1,99,0,0,1,1,1,0,0,5,1,2,20
1,1,0,29,51,70,1,1,99,0,0,1,1,1,0,1,5,0,2,20
0,1,0,29,51,70,1,1,99,1,0,1,1,1,0,1,5,1,2,20
2,0,1,27,72,98,0,0,45,0,3,0,1,0,3,1,9,0,0,21
0,1,1,18,65,98,1,1,73,0,1,0,1,1,3,1,2,0,2,21
2,2,1,24,89,98,0,1,59,0,2,0,1,2,1,1,19,0,2,21
2,3,1,19,93,98,0,1,86,0,0,0,1,3,2,1,10,0,2,21
2,0,1,18,53,98,0,0,67,0,2,0,1,0,3,1,14,0,1,21
1,0,1,28,67,98,1,1,64,0,2,0,1,0,0,1,6,0,2,21
1,2,1,27,99,98,1,1,49,0,3,0,1,2,0,1,8,0,2,21
1,3,1,22,80,98,1,1,77,0,1,0,1,3,3,1,5,0,1,21
0,0,1,27,72,98,0,0,45,1,3,0,0,0,3,2,9,1,0,21
0,1,1,18,65,98,1,1,73,1,1,0,0,1,3,2,2,1,2,21
3,2,1,24,89,98,0,1,59,1,2,0,0,2,1,2,19,1,2,21
3,3,1,19,93,98,0,1,86,1,0,0,0,3,2,2,10,1,2,21
3,0,1,18,53,98,0,0,67,1,2,0,0,0,3,2,14,1,1,21
0,0,1,28,67,98,1,1,64,1,2,0,0,0,0,2,6,1,2,21
0,2,1,27,99,98,1,1,49,1,3,0,0,2,0,2,8,1,2,21
0,3,1,22,80,98,1,1,77,1,1,0,0,3,3,2,5,1,1,21
0,0,1,27,72,98,0,0,45,1,3,0,1,0,3,2,9,1,0,21
0,1,1,18,65,98,1,1,73,1,1,0,1,1,3,2,2,1,2,21
3,2,1,24,89,98,0,1,59,1,2,0,1,2,1,2,19,1,2,21
3,3,1,19,93,98,0,1,86,1,0,0,1,3,2,2,10,1,2,21
3,0,1,18,53,98,0,0,67,1,2,0,1,0,3,2,14,1,1,21
0,0,1,28,67,98,1,1,64,1,2,0,1,0,0,2,6,1,2,21
0,2,1,27,99,98,1,1,49,1,3,0,1,2,0,2,8,1,2,21
0,3,1,22,80,98,1,1,77,1,1,0,1,3,3,2,5,1,1,21
0,0,1,27,72,98,0,0,45,1,3,0,1,0,3,1,9,1,0,21
0,1,1,18,65,98,1,1,73,1,1,0,1,1,3,1,2,1,2,21
3,2,1,24,89,98,0,1,59,1,2,0,1,2,1,1,19,1,2,21
3,3,1,19,93,98,0,1,86,1,0,0,1,3,2,1,10,1,2,21
3,0,1,18,53,98,0,0,67,1,2,0,1,0,3,1,14,1,1,21
0,0,1,28,67,98,1,1,64,1,2,0,1,0,0,1,6,1,2,21
0,2,1,27,99,98,1,1,49,1,3,0,1,2,0,1,8,1,2,21
0,3,1,22,80,98,1,1,77,1,1,0,1,3,3,1,5,1,1,21
2,0,0,19,60,65,1,1,41,0,3,1,1,0,1,0,17,0,1,24
1,3,0,22,79,65,0,0,78,0,1,1,1,3,1,0,4,0,2,24
2,2,0,21,98,65,1,1,47,0,3,1,1,2,0,0,12,0,1,24
3,0,0,19,60,65,1,1,41,0,3,1,1,0,1,0,17,2,1,24
1,3,0,22,79,65,0,0,78,0,1,1,1,3,1,0,4,2,2,24
1,2,0,21,98,65,1,1,47,0,3,1,1,2,0,0,12,2,1,24
3,0,2,19,60,65,1,1,41,0,3,1,1,0,1,1,17,2,1,24
1,3,0,22,79,65,0,0,78,0,1,1,1,3,1,1,4,2,2,24
1,2,2,21,98,65,1,1,47,0,3,1,1,2,0,1,12,2,1,24
3,0,0,19,60,65,1,1,41,1,3,1,1,0,1,0,17,1,1,24
0,3,0,22,79,65,0,0,78,1,1,1,1,3,1,0,4,1,2,24
3,2,0,21,98,65,1,1,47,1,3,1,1,2,0,0,12,1,1,24
1,1,1,22,63,80,1,0,78,0,1,0,1,1,0,1,11,2,2,30
1,1,1,28,55,80,0,1,78,0,1,0,1,1,0,1,8,2,2,30
2,3,1,19,90,80,0,0,100,0,0,0,1,3,3,1,16,2,2,30
2,2,1,21,89,80,0,1,44,0,3,0,1,2,0,1,15,2,2,30
1,1,0,22,63,80,1,0,78,0,1,0,1,1,0,2,11,2,2,30
1,1,0,28,55,80,0,1,78,0,1,0,1,1,0,2,8,2,2,30
2,3,0,19,90,80,0,0,100,0,0,0,1,3,3,2,16,2,2,30
2,2,0,21,89,80,0,1,44,0,3,0,1,2,0,2,15,2,2,30
1,1,1,22,63,80,1,0,78,0,1,0,1,1,0,1,11,2,2,30
1,1,1,28,55,80,0,1,78,0,1,0,1,1,0,1,8,2,2,30
2,3,1,19,90,80,0,0,100,0,0,0,1,3,3,1,16,2,2,30
2,2,1,21,89,80,0,1,44,0,3,0,1,2,0,1,15,2,2,30
3,2,2,19,90,62,0,1,55,1,2,0,1,2,2,1,15,1,1,33
2,2,2,21,85,73,0,1,71,0,1,0,0,2,0,1,12,1,2,8
0,2,2,27,93,73,1,0,55,0,2,0,0,2,1,1,1,1,2,8
1,0,0,20,53,66,1,1,64,0,2,1,1,0,0,1,10,2,2,19
3,0,0,20,53,66,1,1,64,0,2,1,1,0,0,1,10,1,2,19
2,0,0,20,53,66,1,1,64,0,2,1,1,0,0,1,10,0,2,19
3,0,0,20,53,66,1,1,64,1,2,1,1,0,0,1,10,2,2,19
3,3,1,26,100,88,0,1,95,1,0,1,1,3,3,0,19,1,0,24
3,3,2,29,81,88,1,1,80,1,1,1,1,3,2,0,17,1,1,24
2,3,1,26,100,88,0,1,95,1,0,1,0,3,3,0,19,0,0,24
3,3,2,29,81,88,1,1,80,1,1,1,0,3,2,0,17,0,1,24
2,3,1,26,100,88,0,1,95,1,0,1,1,3,3,1,19,0,0,24
3,3,2,29,81,88,1,1,80,1,1,1,1,3,2,1,17,0,1,24
2,3,1,26,100,88,0,1,95,0,0,1,1,3,3,1,19,1,0,24
3,3,2,29,81,88,1,1,80,0,1,1,1,3,2,1,17,1,1,24
3,3,1,26,100,88,0,1,95,1,0,1,0,3,3,1,19,1,0,24
3,3,2,29,81,88,1,1,80,1,1,1,0,3,2,1,17,1,1,24
3,3,1,26,100,88,0,1,95,1,0,1,1,3,3,2,19,1,0,24
3,3,2,29,81,88,1,1,80,1,1,1,1,3,2,2,17,1,1,24
3,3,1,26,100,88,0,1,95,1,0,1,1,3,3,1,19,1,0,24
3,3,2,29,81,88,1,1,80,1,1,1,1,3,2,1,17,1,1,24
3,3,1,26,100,88,0,1,95,1,0,1,1,3,3,1,19,2,0,24
3,3,2,29,81,88,1,1,80,1,1,1,1,3,2,1,17,2,1,24
3,2,0,25,83,60,1,0,42,1,3,0,1,2,3,2,18,2,0,19
0,0,0,29,54,60,1,1,41,1,3,0,1,0,3,2,1,2,2,19
2,2,2,25,83,60,1,0,42,0,3,0,1,2,3,1,18,2,0,19
1,0,0,29,54,60,1,1,41,0,3,0,1,0,3,1,1,2,2,19
2,2,0,25,83,60,1,0,42,0,3,0,1,2,3,2,18,0,0,19
0,0,0,29,54,60,1,1,41,0,3,0,1,0,3,2,1,0,2,19
0,3,2,29,82,67,1,0,98,0,0,0,1,3,3,1,0,1,1,16
0,3,2,29,82,67,1,0,98,1,0,0,1,3,3,1,0,2,1,16
0,3,2,29,82,67,1,0,98,1,0,0,1,3,3,2,0,2,1,16
0,3,0,29,82,67,1,0,98,1,0,0,1,3,3,0,0,1,1,16
0,3,2,29,82,67,1,0,98,0,0,0,1,3,3,1,0,1,1,16
0,2,0,18,80,84,1,1,50,1,3,1,1,2,3,0,2,0,0,25
0,2,0,18,96,84,1,1,65,1,2,1,1,2,3,0,0,0,2,25
1,1,0,20,69,84,0,1,99,1,0,1,1,1,3,0,6,0,2,25
0,3,2,23,82,84,1,1,81,1,1,1,1,3,2,0,6,0,1,25
0,2,0,18,80,84,1,1,50,1,3,1,1,2,3,0,2,1,0,25
0,2,0,18,96,84,1,1,65,1,2,1,1,2,3,0,0,1,2,25
0,1,0,20,69,84,0,1,99,1,0,1,1,1,3,0,6,1,2,25
0,3,2,23,82,84,1,1,81,1,1,1,1,3,2,0,6,1,1,25
0,2,1,18,80,84,1,1,50,0,3,1,1,2,3,1,2,0,0,25
0,2,1,18,96,84,1,1,65,0,2,1,1,2,3,1,0,0,2,25
1,1,1,20,69,84,0,1,99,0,0,1,1,1,3,1,6,0,2,25
1,3,2,23,82,84,1,1,81,0,1,1,1,3,2,1,6,0,1,25
0,2,1,18,80,84,1,1,50,1,3,1,1,2,3,2,2,1,0,25
0,2,1,18,96,84,1,1,65,1,2,1,1,2,3,2,0,1,2,25
0,1,1,20,69,84,0,1,99,1,0,1,1,1,3,2,6,1,2,25
0,3,2,23,82,84,1,1,81,1,1,1,1,3,2,2,6,1,1,25
0,1,0,25,63,73,1,1,92,1,0,0,1,1,2,0,4,1,0,22
3,1,2,23,56,73,1,1,82,1,1,0,1,1,2,0,17,1,1,22
0,2,0,29,97,73,0,1,41,1,3,0,1,2,2,0,4,1,0,22
0,1,2,25,63,73,1,1,92,1,0,0,1,1,2,1,4,0,0,22
3,1,2,23,56,73,1,1,82,1,1,0,1,1,2,1,17,0,1,22
0,2,2,29,97,73,0,1,41,1,3,0,1,2,2,1,4,0,0,22
0,1,2,25,63,73,1,1,92,0,0,0,1,1,2,1,4,1,0,22
3,1,2,23,56,73,1,1,82,0,1,0,1,1,2,1,17,1,1,22
1,2,2,29,97,73,0,1,41,0,3,0,1,2,2,1,4,1,0,22
2,1,2,18,63,63,1,1,74,0,1,1,1,1,1,1,10,0,1,22
2,2,0,26,87,63,0,1,69,0,2,1,1,2,3,1,17,0,2,22
3,1,2,18,63,63,1,1,74,0,1,1,1,1,1,2,10,1,1,22
2,2,0,26,87,63,0,1,69,0,2,1,1,2,3,2,17,1,2,22
3,1,2,18,63,63,1,1,74,1,1,1,1,1,1,2,10,2,1,22
3,2,0,26,87,63,0,1,69,1,2,1,1,2,3,2,17,2,2,22
2,1,2,18,63,63,1,1,74,0,1,1,1,1,1,2,10,0,1,22
2,2,0,26,87,63,0,1,69,0,2,1,1,2,3,2,17,0,2,22
2,1,0,18,63,63,1,1,74,0,1,1,1,1,1,0,10,0,1,22
2,2,0,26,87,63,0,1,69,0,2,1,1,2,3,0,17,0,2,22
3,1,0,18,63,63,1,1,74,1,1,1,1,1,1,0,10,1,1,22
3,2,0,26,87,63,0,1,69,1,2,1,1,2,3,0,17,1,2,22
3,1,2,18,63,63,1,1,74,1,1,1,1,1,1,2,10,2,1,22
3,2,0,26,87,63,0,1,69,1,2,1,1,2,3,2,17,2,2,22
3,1,2,18,63,63,1,1,74,1,1,1,1,1,1,1,10,1,1,22
3,2,0,26,87,63,0,1,69,1,2,1,1,2,3,1,17,1,2,22
3,1,2,18,63,63,1,1,74,1,1,1,1,1,1,1,10,0,1,22
2,2,0,26,87,63,0,1,69,1,2,1,1,2,3,1,17,0,2,22
3,1,2,18,63,63,1,1,74,1,1,1,1,1,1,1,10,0,1,22
2,2,0,26,87,63,0,1,69,1,2,1,1,2,3,1,17,0,2,22
3,1,2,18,63,63,1,1,74,1,1,1,1,1,1,1,10,0,1,22
2,2,0,26,87,63,0,1,69,1,2,1,1,2,3,1,17,0,2,22
3,1,2,27,66,68,0,1,93,1,0,0,1,1,0,1,12,1,1,24
0,3,2,20,89,68,1,1,93,1,0,0,1,3,0,1,8,1,1,24
3,1,0,27,66,68,0,1,93,1,0,0,1,1,0,0,12,1,1,24
0,3,0,20,89,68,1,1,93,1,0,0,1,3,0,0,8,1,1,24
2,1,2,27,66,68,0,1,93,0,0,0,0,1,0,2,12,0,1,24
1,3,2,20,89,68,1,1,93,0,0,0,0,3,0,2,8,0,1,24
1,1,2,27,66,68,0,1,93,0,0,0,1,1,0,1,12,2,1,24
1,3,2,20,89,68,1,1,93,0,0,0,1,3,0,1,8,2,1,24
3,1,2,27,66,68,0,1,93,1,0,0,1,1,0,2,12,1,1,24
0,3,2,20,89,68,1,1,93,1,0,0,1,3,0,2,8,1,1,24
2,1,2,27,66,68,0,1,93,0,0,0,1,1,0,1,12,0,1,24
1,3,2,20,89,68,1,1,93,0,0,0,1,3,0,1,8,0,1,24
3,1,2,20,53,86,1,1,75,1,1,0,1,1,2,2,13,0,1,17
3,1,2,20,53,86,1,1,75,0,1,0,1,1,2,0,13,1,1,17
3,1,2,20,53,86,1,1,75,0,1,0,1,1,2,2,13,1,1,17
0,3,2,22,77,71,1,1,91,1,0,1,1,3,3,1,3,1,1,24
3,1,2,25,64,71,1,1,82,1,1,1,1,1,1,1,12,1,1,24
0,3,0,22,77,71,1,1,91,1,0,1,1,3,3,0,3,2,1,24
3,1,0,25,64,71,1,1,82,1,1,1,1,1,1,0,12,2,1,24
0,3,2,22,77,71,1,1,91,1,0,1,1,3,3,1,3,1,1,24
3,1,2,25,64,71,1,1,82,1,1,1,1,1,1,1,12,1,1,24
0,3,2,22,77,71,1,1,91,0,0,1,1,3,3,1,3,1,1,24
3,1,2,25,64,71,1,1,82,0,1,1,1,1,1,1,12,1,1,24
0,3,2,22,77,71,1,1,91,1,0,1,1,3,3,1,3,1,1,24
3,1,2,25,64,71,1,1,82,1,1,1,1,1,1,1,12,1,1,24
0,3,2,22,77,71,1,1,91,1,0,1,1,3,3,1,3,2,1,24
3,1,2,25,64,71,1,1,82,1,1,1,1,1,1,1,12,2,1,24
0,3,0,22,77,71,1,1,91,1,0,1,1,3,3,0,3,1,1,24
3,1,0,25,64,71,1,1,82,1,1,1,1,1,1,0,12,1,1,24
2,1,0,21,73,60,0,1,75,0,1,0,1,1,3,2,13,1,0,24
1,3,0,23,97,60,0,0,95,0,0,0,1,3,2,2,5,1,0,24
2,1,2,21,73,60,0,1,75,0,1,0,1,1,3,1,13,0,0,24
1,3,2,23,97,60,0,0,95,0,0,0,1,3,2,1,5,0,0,24
3,1,2,21,73,60,0,1,75,1,1,0,1,1,3,1,13,1,0,24
0,3,2,23,97,60,0,0,95,1,0,0,1,3,2,1,5,1,0,24
3,1,0,21,73,60,0,1,75,1,1,0,1,1,3,0,13,1,0,24
0,3,0,23,97,60,0,0,95,1,0,0,1,3,2,0,5,1,0,24
3,1,1,18,52,99,1,1,83,1,1,1,0,1,2,1,11,1,0,28
3,1,1,18,52,99,1,1,83,1,1,1,1,1,2,0,11,1,0,28
3,0,2,21,58,84,1,1,69,1,2,0,1,0,0,1,19,2,1,16
3,3,1,18,98,84,1,1,93,1,0,0,1,3,3,1,15,2,2,16
1,2,1,23,87,84,0,1,58,1,2,0,1,2,3,1,7,2,2,16
3,0,2,27,72,84,1,0,62,1,2,0,1,0,2,1,16,2,1,16
0,1,2,20,70,84,1,0,100,1,0,0,1,1,1,1,6,2,1,16
3,0,2,21,58,84,1,1,69,0,2,0,1,0,0,2,19,1,1,16
3,3,1,18,98,84,1,1,93,0,0,0,1,3,3,2,15,1,2,16
1,2,1,23,87,84,0,1,58,0,2,0,1,2,3,2,7,1,2,16
3,0,2,27,72,84,1,0,62,0,2,0,1,0,2,2,16,1,1,16
0,1,2,20,70,84,1,0,100,0,0,0,1,1,1,2,6,1,1,16
3,0,2,21,58,84,1,1,69,1,2,0,1,0,0,0,19,2,1,16
3,3,0,18,98,84,1,1,93,1,0,0,1,3,3,0,15,2,2,16
1,2,0,23,87,84,0,1,58,1,2,0,1,2,3,0,7,2,2,16
3,0,2,27,72,84,1,0,62,1,2,0,1,0,2,0,16,2,1,16
0,1,2,20,70,84,1,0,100,1,0,0,1,1,1,0,6,2,1,16
0,0,2,28,50,79,1,1,51,1,3,1,1,0,1,1,0,2,1,23
0,0,2,28,50,79,1,1,51,1,3,1,1,0,1,0,0,2,1,23
0,0,2,28,50,79,1,1,51,1,3,1,1,0,1,0,0,2,1,23
0,0,2,28,50,79,1,1,51,1,3,1,1,0,1,2,0,1,1,23
0,0,2,28,50,79,1,1,51,1,3,1,0,0,1,1,0,1,1,23
1,0,2,28,50,79,1,1,51,0,3,1,1,0,1,1,0,2,1,23
0,3,1,22,98,83,0,1,99,1,0,0,1,3,1,1,9,1,2,19
1,3,1,22,98,83,0,1,99,1,0,0,1,3,1,1,9,2,2,19
2,3,0,22,98,83,0,1,99,0,0,0,1,3,1,0,9,0,2,19
1,3,0,22,98,83,0,1,99,0,0,0,1,3,1,0,9,1,2,19
1,3,1,22,98,83,0,1,99,0,0,0,1,3,1,1,9,2,2,19
3,0,0,20,56,71,1,1,69,0,2,0,1,0,2,2,10,1,0,28
1,3,0,18,97,71,0,0,94,0,0,0,1,3,0,2,9,1,2,28
1,2,0,26,77,71,0,0,46,0,3,0,1,2,0,2,8,1,2,28
3,0,0,20,56,71,1,1,69,1,2,0,1,0,2,2,10,1,0,28
0,3,0,18,97,71,0,0,94,1,0,0,1,3,0,2,9,1,2,28
0,2,0,26,77,71,0,0,46,1,3,0,1,2,0,2,8,1,2,28
2,1,1,25,70,90,0,1,73,0,1,1,1,1,1,1,20,0,0,24
2,1,1,24,67,90,1,1,92,0,0,1,1,1,0,1,19,0,0,24
3,1,1,25,70,90,0,1,73,1,1,1,1,1,1,0,20,1,0,24
3,1,1,24,67,90,1,1,92,1,0,1,1,1,0,0,19,1,0,24
2,1,1,25,70,90,0,1,73,0,1,1,1,1,1,1,20,1,0,24
3,1,1,24,67,90,1,1,92,0,0,1,1,1,0,1,19,1,0,24
2,1,1,25,70,90,0,1,73,0,1,1,1,1,1,1,20,1,0,24
3,1,1,24,67,90,1,1,92,0,0,1,1,1,0,1,19,1,0,24
2,1,1,25,70,90,0,1,73,0,1,1,1,1,1,0,20,2,0,24
3,1,1,24,67,90,1,1,92,0,0,1,1,1,0,0,19,2,0,24
3,1,1,25,70,90,0,1,73,1,1,1,1,1,1,1,20,1,0,24
3,1,1,24,67,90,1,1,92,1,0,1,1,1,0,1,19,1,0,24
2,1,1,25,70,90,0,1,73,1,1,1,1,1,1,2,20,0,0,24
3,1,1,24,67,90,1,1,92,1,0,1,1,1,0,2,19,0,0,24
0,2,2,21,84,80,1,1,65,0,2,1,1,2,2,0,9,1,1,18
1,1,0,20,63,80,0,0,91,0,0,1,1,1,3,0,8,1,2,18
0,0,2,25,63,80,1,1,50,0,3,1,1,0,0,0,9,1,1,18
0,2,2,21,84,80,1,1,65,1,2,1,0,2,2,1,9,2,1,18
1,1,1,20,63,80,0,0,91,1,0,1,0,1,3,1,8,2,2,18
0,0,2,25,63,80,1,1,50,1,3,1,0,0,0,1,9,2,1,18
0,2,2,21,84,80,1,1,65,1,2,1,1,2,2,2,9,0,1,18
1,1,0,20,63,80,0,0,91,1,0,1,1,1,3,2,8,0,2,18
0,0,2,25,63,80,1,1,50,1,3,1,1,0,0,2,9,0,1,18
2,0,0,22,70,63,0,0,47,1,3,0,1,0,0,1,19,2,2,22
2,1,0,26,61,63,0,0,88,1,0,0,1,1,2,1,18,2,2,22
1,2,0,29,93,63,0,1,67,1,2,0,1,2,1,1,0,2,2,22
1,2,2,26,79,63,0,1,62,1,2,0,1,2,1,1,0,2,0,22
3,2,2,23,99,63,1,0,41,1,3,0,1,2,3,1,20,2,1,22
3,0,0,22,70,63,0,0,47,1,3,0,1,0,0,1,19,1,2,22
3,1,0,26,61,63,0,0,88,1,0,0,1,1,2,1,18,1,2,22
0,2,0,29,93,63,0,1,67,1,2,0,1,2,1,1,0,1,2,22
0,2,2,26,79,63,0,1,62,1,2,0,1,2,1,1,0,1,0,22
3,2,2,23,99,63,1,0,41,1,3,0,1,2,3,1,20,1,1,22
2,0,0,22,70,63,0,0,47,1,3,0,1,0,0,0,19,2,2,22
2,1,0,26,61,63,0,0,88,1,0,0,1,1,2,0,18,2,2,22
1,2,0,29,93,63,0,1,67,1,2,0,1,2,1,0,0,2,2,22
1,2,0,26,79,63,0,1,62,1,2,0,1,2,1,0,0,2,0,22
3,2,0,23,99,63,1,0,41,1,3,0,1,2,3,0,20,2,1,22
2,0,0,22,70,63,0,0,47,1,3,0,1,0,0,1,19,0,2,22
2,1,0,26,61,63,0,0,88,1,0,0,1,1,2,1,18,0,2,22
0,2,0,29,93,63,0,1,67,1,2,0,1,2,1,1,0,0,2,22
0,2,2,26,79,63,0,1,62,1,2,0,1,2,1,1,0,0,0,22
3,2,2,23,99,63,1,0,41,1,3,0,1,2,3,1,20,0,1,22
2,0,0,22,70,63,0,0,47,0,3,0,1,0,0,0,19,1,2,22
2,1,0,26,61,63,0,0,88,0,0,0,1,1,2,0,18,1,2,22
1,2,0,29,93,63,0,1,67,0,2,0,1,2,1,0,0,1,2,22
1,2,0,26,79,63,0,1,62,0,2,0,1,2,1,0,0,1,0,22
3,2,0,23,99,63,1,0,41,0,3,0,1,2,3,0,20,1,1,22
0,2,2,25,95,89,1,0,66,1,2,1,1,2,3,1,0,1,1,19
0,2,2,25,95,89,1,0,66,1,2,1,1,2,3,1,0,1,1,19
0,2,2,25,95,89,1,0,66,0,2,1,1,2,3,1,0,1,1,19
0,2,2,25,95,89,1,0,66,1,2,1,1,2,3,1,0,1,1,19
1,2,2,25,95,89,1,0,66,0,2,1,1,2,3,2,0,2,1,19
0,2,2,25,95,89,1,0,66,1,2,1,1,2,3,0,0,1,1,19
2,0,1,29,73,92,0,1,53,1,3,1,1,0,1,0,19,0,0,21
0,0,1,23,53,92,0,1,68,1,2,1,1,0,3,0,4,0,2,21
3,0,1,29,73,92,0,1,53,1,3,1,1,0,1,0,19,1,0,21
0,0,1,23,53,92,0,1,68,1,2,1,1,0,3,0,4,1,2,21
2,0,1,29,73,92,0,1,53,0,3,1,1,0,1,0,19,0,0,21
1,0,1,23,53,92,0,1,68,0,2,1,1,0,3,0,4,0,2,21
3,1,0,20,74,72,1,1,72,0,1,0,1,1,3,2,14,2,2,24
1,0,0,21,72,72,1,1,52,0,3,0,1,0,2,2,11,2,2,24
3,1,0,20,74,72,1,1,72,1,1,0,1,1,3,2,14,0,2,24
3,0,0,21,72,72,1,1,52,1,3,0,1,0,2,2,11,0,2,24
3,1,0,20,74,72,1,1,72,0,1,0,1,1,3,1,14,1,2,24
3,0,0,21,72,72,1,1,52,0,3,0,1,0,2,1,11,1,2,24
3,1,0,20,74,72,1,1,72,1,1,0,1,1,3,0,14,1,2,24
3,0,0,21,72,72,1,1,52,1,3,0,1,0,2,0,11,1,2,24
3,1,0,20,74,72,1,1,72,0,1,0,1,1,3,1,14,2,2,24
1,0,0,21,72,72,1,1,52,0,3,0,1,0,2,1,11,2,2,24
0,3,1,21,76,77,1,0,87,1,0,0,1,3,3,1,5,2,2,33
0,1,1,21,75,77,1,1,77,1,1,0,1,1,3,1,5,2,2,33
2,0,1,26,65,96,0,1,65,1,2,0,1,0,3,2,17,0,2,14
1,1,1,18,51,96,0,0,93,1,0,0,1,1,0,2,6,0,0,14
2,0,1,26,65,96,0,1,65,1,2,0,1,0,3,0,17,2,2,14
1,1,1,18,51,96,0,0,93,1,0,0,1,1,0,0,6,2,0,14
2,0,1,26,65,96,0,1,65,0,2,0,1,0,3,1,17,2,2,14
1,1,1,18,51,96,0,0,93,0,0,0,1,1,0,1,6,2,0,14
3,3,1,22,82,94,0,1,98,1,0,1,1,3,3,0,18,1,2,13
0,2,1,25,99,94,0,0,55,1,2,1,1,2,3,0,7,1,1,13
2,3,1,22,82,94,0,1,98,1,0,1,1,3,3,2,18,2,2,13
1,2,1,25,99,94,0,0,55,1,2,1,1,2,3,2,7,2,1,13
2,3,1,22,82,94,0,1,98,1,0,1,1,3,3,1,18,2,2,13
1,2,1,25,99,94,0,0,55,1,2,1,1,2,3,1,7,2,1,13
3,3,1,22,82,94,0,1,98,1,0,1,1,3,3,2,18,1,2,13
0,2,1,25,99,94,0,0,55,1,2,1,1,2,3,2,7,1,1,13
0,3,2,29,96,81,0,1,94,1,0,0,1,3,1,1,1,1,1,27
0,1,2,22,53,81,0,1,98,1,0,0,1,1,3,1,6,1,1,27
3,3,2,24,83,81,1,1,73,1,1,0,1,3,1,1,16,1,0,27
0,3,2,29,96,81,0,1,94,1,0,0,1,3,1,0,1,0,1,27
1,1,2,22,53,81,0,1,98,1,0,0,1,1,3,0,6,0,1,27
3,3,0,24,83,81,1,1,73,1,1,0,1,3,1,0,16,0,0,27
0,3,2,29,96,81,0,1,94,1,0,0,1,3,1,0,1,1,1,27
0,1,2,22,53,81,0,1,98,1,0,0,1,1,3,0,6,1,1,27
3,3,0,24,83,81,1,1,73,1,1,0,1,3,1,0,16,1,0,27
1,3,2,29,96,81,0,1,94,1,0,0,1,3,1,1,1,2,1,27
1,1,2,22,53,81,0,1,98,1,0,0,1,1,3,1,6,2,1,27
3,3,2,24,83,81,1,1,73,1,1,0,1,3,1,1,16,2,0,27
1,3,2,29,96,81,0,1,94,1,0,0,1,3,1,1,1,2,1,27
1,1,2,22,53,81,0,1,98,1,0,0,1,1,3,1,6,2,1,27
3,3,2,24,83,81,1,1,73,1,1,0,1,3,1,1,16,2,0,27
3,1,1,26,60,88,1,0,83,1,1,1,1,1,2,0,20,1,0,25
0,0,1,22,53,88,0,1,45,1,3,1,1,0,0,0,4,1,2,25
0,1,1,27,63,88,1,1,82,1,1,1,1,1,1,0,5,1,2,25
3,1,1,26,60,88,1,0,83,1,1,1,1,1,2,0,20,2,0,25
1,0,1,22,53,88,0,1,45,1,3,1,1,0,0,0,4,2,2,25
0,1,1,27,63,88,1,1,82,1,1,1,1,1,1,0,5,2,2,25
3,1,1,26,60,88,1,0,83,1,1,1,0,1,2,0,20,1,0,25
0,0,1,22,53,88,0,1,45,1,3,1,0,0,0,0,4,1,2,25
0,1,1,27,63,88,1,1,82,1,1,1,0,1,1,0,5,1,2,25
3,1,1,26,60,88,1,0,83,1,1,1,1,1,2,0,20,1,0,25
0,0,1,22,53,88,0,1,45,1,3,1,1,0,0,0,4,1,2,25
0,1,1,27,63,88,1,1,82,1,1,1,1,1,1,0,5,1,2,25
3,3,1,21,85,95,1,0,95,1,0,1,1,3,3,2,18,2,1,24
1,1,1,29,67,95,0,1,87,1,0,1,1,1,2,2,3,2,2,24
3,3,1,21,85,95,1,0,95,1,0,1,1,3,3,1,18,0,1,24
0,1,1,29,67,95,0,1,87,1,0,1,1,1,2,1,3,0,2,24
3,3,1,21,85,95,1,0,95,1,0,1,0,3,3,1,18,0,1,24
0,1,1,29,67,95,0,1,87,1,0,1,0,1,2,1,3,0,2,24
3,3,1,21,85,95,1,0,95,1,0,1,1,3,3,1,18,1,1,24
0,1,1,29,67,95,0,1,87,1,0,1,1,1,2,1,3,1,2,24
3,3,1,21,85,95,1,0,95,1,0,1,1,3,3,1,18,0,1,24
0,1,1,29,67,95,0,1,87,1,0,1,1,1,2,1,3,0,2,24
2,3,1,21,85,95,1,0,95,0,0,1,1,3,3,1,18,0,1,24
1,1,1,29,67,95,0,1,87,0,0,1,1,1,2,1,3,0,2,24
3,3,1,21,85,95,1,0,95,1,0,1,1,3,3,0,18,2,1,24
1,1,1,29,67,95,0,1,87,1,0,1,1,1,2,0,3,2,2,24
3,3,1,21,85,95,1,0,95,1,0,1,1,3,3,2,18,2,1,24
1,1,1,29,67,95,0,1,87,1,0,1,1,1,2,2,3,2,2,24
3,3,1,21,85,95,1,0,95,0,0,1,1,3,3,0,18,1,1,24
1,1,1,29,67,95,0,1,87,0,0,1,1,1,2,0,3,1,2,24
1,0,0,27,52,80,0,1,42,1,3,0,1,0,0,2,9,2,2,24
0,2,2,19,100,80,1,1,50,1,3,0,1,2,3,2,4,2,0,24
2,0,1,27,52,80,0,1,42,1,3,0,1,0,0,1,9,0,2,24
0,2,2,19,100,80,1,1,50,1,3,0,1,2,3,1,4,0,0,24
1,0,1,27,52,80,0,1,42,1,3,0,1,0,0,1,9,2,2,24
0,2,2,19,100,80,1,1,50,1,3,0,1,2,3,1,4,2,0,24
1,0,1,27,52,80,0,1,42,0,3,0,1,0,0,1,9,2,2,24
1,2,2,19,100,80,1,1,50,0,3,0,1,2,3,1,4,2,0,24
1,0,0,27,52,80,0,1,42,1,3,0,1,0,0,0,9,2,2,24
0,2,0,19,100,80,1,1,50,1,3,0,1,2,3,0,4,2,0,24
0,0,1,27,52,80,0,1,42,1,3,0,1,0,0,1,9,1,2,24
0,2,2,19,100,80,1,1,50,1,3,0,1,2,3,1,4,1,0,24
0,0,1,27,52,80,0,1,42,1,3,0,1,0,0,1,9,1,2,24
0,2,2,19,100,80,1,1,50,1,3,0,1,2,3,1,4,1,0,24
3,3,1,20,85,90,1,1,95,1,0,0,1,3,0,1,13,1,0,15
3,3,1,20,85,90,1,1,95,1,0,0,1,3,0,2,13,2,0,15
3,3,1,20,85,90,1,1,95,1,0,0,1,3,0,1,13,1,0,15
0,2,2,19,76,76,1,1,65,1,2,1,0,2,3,1,2,2,0,16
0,1,1,23,70,76,1,1,83,1,1,1,0,1,2,1,2,2,2,16
0,2,1,23,95,76,1,0,63,1,2,1,0,2,0,1,3,2,2,16
3,3,1,19,96,76,1,1,81,1,1,1,0,3,3,1,19,2,2,16
0,2,2,19,76,76,1,1,65,0,2,1,1,2,3,2,2,0,0,16
0,1,0,23,70,76,1,1,83,0,1,1,1,1,2,2,2,0,2,16
0,2,0,23,95,76,1,0,63,0,2,1,1,2,0,2,3,0,2,16
2,3,0,19,96,76,1,1,81,0,1,1,1,3,3,2,19,0,2,16
0,2,2,19,76,76,1,1,65,1,2,1,0,2,3,1,2,2,0,16
0,1,1,23,70,76,1,1,83,1,1,1,0,1,2,1,2,2,2,16
0,2,1,23,95,76,1,0,63,1,2,1,0,2,0,1,3,2,2,16
3,3,1,19,96,76,1,1,81,1,1,1,0,3,3,1,19,2,2,16
0,2,2,19,76,76,1,1,65,0,2,1,1,2,3,2,2,1,0,16
0,1,0,23,70,76,1,1,83,0,1,1,1,1,2,2,2,1,2,16
0,2,0,23,95,76,1,0,63,0,2,1,1,2,0,2,3,1,2,16
3,3,0,19,96,76,1,1,81,0,1,1,1,3,3,2,19,1,2,16
0,2,2,19,76,76,1,1,65,0,2,1,1,2,3,1,2,1,0,16
0,1,1,23,70,76,1,1,83,0,1,1,1,1,2,1,2,1,2,16
0,2,1,23,95,76,1,0,63,0,2,1,1,2,0,1,3,1,2,16
3,3,1,19,96,76,1,1,81,0,1,1,1,3,3,1,19,1,2,16
1,0,1,20,68,95,1,1,63,0,2,0,1,0,2,1,0,2,0,26
2,1,1,21,74,95,0,0,75,0,1,0,1,1,2,1,14,2,0,26
2,2,1,29,93,95,0,1,54,0,3,0,1,2,1,1,14,2,2,26
1,0,1,20,68,95,1,1,63,0,2,0,1,0,2,0,0,2,0,26
2,1,1,21,74,95,0,0,75,0,1,0,1,1,2,0,14,2,0,26
2,2,1,29,93,95,0,1,54,0,3,0,1,2,1,0,14,2,2,26
0,0,1,20,68,95,1,1,63,1,2,0,1,0,2,1,0,0,0,26
2,1,1,21,74,95,0,0,75,1,1,0,1,1,2,1,14,0,0,26
2,2,1,29,93,95,0,1,54,1,3,0,1,2,1,1,14,0,2,26
0,2,0,19,90,76,1,0,55,1,2,0,1,2,0,0,3,1,2,15
3,1,0,25,55,76,1,1,79,1,1,0,1,1,1,0,11,1,2,15
0,2,1,19,90,76,1,0,55,1,2,0,1,2,0,1,3,2,2,15
3,1,1,25,55,76,1,1,79,1,1,0,1,1,1,1,11,2,2,15
0,2,1,19,90,76,1,0,55,1,2,0,1,2,0,1,3,2,2,15
3,1,1,25,55,76,1,1,79,1,1,0,1,1,1,1,11,2,2,15
0,2,1,19,90,76,1,0,55,1,2,0,1,2,0,1,3,2,2,15
3,1,1,25,55,76,1,1,79,1,1,0,1,1,1,1,11,2,2,15
0,2,1,19,90,76,1,0,55,1,2,0,1,2,0,1,3,2,2,15
3,1,1,25,55,76,1,1,79,1,1,0,1,1,1,1,11,2,2,15
1,1,0,20,59,69,0,0,74,0,1,1,1,1,2,0,4,2,2,18
2,3,0,21,99,69,0,1,92,0,0,1,1,3,3,0,14,2,2,18
1,3,0,28,80,69,1,1,94,0,0,1,1,3,2,0,5,2,0,18
1,1,0,27,53,69,0,1,78,0,1,1,1,1,0,0,1,2,0,18
1,1,0,20,66,69,0,0,85,0,0,1,1,1,2,0,5,2,0,18
0,1,0,20,59,69,0,0,74,1,1,1,1,1,2,1,4,1,2,18
3,3,0,21,99,69,0,1,92,1,0,1,1,3,3,1,14,1,2,18
0,3,2,28,80,69,1,1,94,1,0,1,1,3,2,1,5,1,0,18
0,1,2,27,53,69,0,1,78,1,1,1,1,1,0,1,1,1,0,18
0,1,2,20,66,69,0,0,85,1,0,1,1,1,2,1,5,1,0,18
1,1,0,20,59,69,0,0,74,1,1,1,1,1,2,2,4,2,2,18
2,3,0,21,99,69,0,1,92,1,0,1,1,3,3,2,14,2,2,18
0,3,0,28,80,69,1,1,94,1,0,1,1,3,2,2,5,2,0,18
1,1,0,27,53,69,0,1,78,1,1,1,1,1,0,2,1,2,0,18
1,1,0,20,66,69,0,0,85,1,0,1,1,1,2,2,5,2,0,18
0,1,0,20,59,69,0,0,74,1,1,1,1,1,2,1,4,1,2,18
3,3,0,21,99,69,0,1,92,1,0,1,1,3,3,1,14,1,2,18
0,3,2,28,80,69,1,1,94,1,0,1,1,3,2,1,5,1,0,18
0,1,2,27,53,69,0,1,78,1,1,1,1,1,0,1,1,1,0,18
0,1,2,20,66,69,0,0,85,1,0,1,1,1,2,1,5,1,0,18
1,1,0,20,59,69,0,0,74,1,1,1,1,1,2,0,4,2,2,18
2,3,0,21,99,69,0,1,92,1,0,1,1,3,3,0,14,2,2,18
0,3,0,28,80,69,1,1,94,1,0,1,1,3,2,0,5,2,0,18
1,1,0,27,53,69,0,1,78,1,1,1,1,1,0,0,1,2,0,18
1,1,0,20,66,69,0,0,85,1,0,1,1,1,2,0,5,2,0,18
0,1,0,20,59,69,0,0,74,1,1,1,1,1,2,0,4,0,2,18
2,3,0,21,99,69,0,1,92,1,0,1,1,3,3,0,14,0,2,18
0,3,0,28,80,69,1,1,94,1,0,1,1,3,2,0,5,0,0,18
0,1,0,27,53,69,0,1,78,1,1,1,1,1,0,0,1,0,0,18
1,1,0,20,66,69,0,0,85,1,0,1,1,1,2,0,5,0,0,18
0,1,0,20,59,69,0,0,74,1,1,1,1,1,2,1,4,1,2,18
3,3,0,21,99,69,0,1,92,1,0,1,1,3,3,1,14,1,2,18
0,3,2,28,80,69,1,1,94,1,0,1,1,3,2,1,5,1,0,18
0,1,2,27,53,69,0,1,78,1,1,1,1,1,0,1,1,1,0,18
0,1,2,20,66,69,0,0,85,1,0,1,1,1,2,1,5,1,0,18
1,1,0,20,59,69,0,0,74,0,1,1,1,1,2,1,4,0,2,18
2,3,0,21,99,69,0,1,92,0,0,1,1,3,3,1,14,0,2,18
1,3,2,28,80,69,1,1,94,0,0,1,1,3,2,1,5,0,0,18
1,1,2,27,53,69,0,1,78,0,1,1,1,1,0,1,1,0,0,18
1,1,2,20,66,69,0,0,85,0,0,1,1,1,2,1,5,0,0,18
0,1,0,20,59,69,0,0,74,1,1,1,1,1,2,0,4,0,2,18
2,3,0,21,99,69,0,1,92,1,0,1,1,3,3,0,14,0,2,18
0,3,0,28,80,69,1,1,94,1,0,1,1,3,2,0,5,0,0,18
0,1,0,27,53,69,0,1,78,1,1,1,1,1,0,0,1,0,0,18
1,1,0,20,66,69,0,0,85,1,0,1,1,1,2,0,5,0,0,18
0,1,0,24,57,74,1,1,70,1,1,0,1,1,0,0,0,2,2,22
1,3,0,25,98,74,0,0,81,1,1,0,1,3,0,0,7,2,2,22
0,1,0,24,57,74,1,1,70,1,1,0,1,1,0,0,0,0,2,22
1,3,0,25,98,74,0,0,81,1,1,0,1,3,0,0,7,0,2,22
0,1,2,24,57,74,1,1,70,0,1,0,1,1,0,1,0,0,2,22
1,3,2,25,98,74,0,0,81,0,1,0,1,3,0,1,7,0,2,22
0,1,2,24,57,74,1,1,70,1,1,0,1,1,0,1,0,2,2,22
1,3,2,25,98,74,0,0,81,1,1,0,1,3,0,1,7,2,2,22
0,1,0,24,57,74,1,1,70,1,1,0,1,1,0,2,0,2,2,22
1,3,0,25,98,74,0,0,81,1,1,0,1,3,0,2,7,2,2,22
0,0,1,27,75,90,1,1,43,1,3,1,1,0,1,0,5,1,0,21
0,2,1,24,95,90,0,1,59,1,2,1,1,2,2,0,8,1,2,21
3,0,2,29,58,90,0,0,68,1,2,1,1,0,0,0,10,1,1,21
0,0,2,19,72,90,1,0,42,1,3,1,1,0,1,0,4,1,1,21
0,0,1,27,75,90,1,1,43,1,3,1,1,0,1,0,5,1,0,21
0,2,1,24,95,90,0,1,59,1,2,1,1,2,2,0,8,1,2,21
3,0,2,29,58,90,0,0,68,1,2,1,1,0,0,0,10,1,1,21
0,0,2,19,72,90,1,0,42,1,3,1,1,0,1,0,4,1,1,21
0,0,1,27,75,90,1,1,43,1,3,1,1,0,1,1,5,1,0,21
0,2,1,24,95,90,0,1,59,1,2,1,1,2,2,1,8,1,2,21
3,0,2,29,58,90,0,0,68,1,2,1,1,0,0,1,10,1,1,21
0,0,2,19,72,90,1,0,42,1,3,1,1,0,1,1,4,1,1,21
0,0,1,27,75,90,1,1,43,1,3,1,1,0,1,2,5,1,0,21
0,2,1,24,95,90,0,1,59,1,2,1,1,2,2,2,8,1,2,21
3,0,2,29,58,90,0,0,68,1,2,1,1,0,0,2,10,1,1,21
0,0,2,19,72,90,1,0,42,1,3,1,1,0,1,2,4,1,1,21
0,0,1,27,75,90,1,1,43,1,3,1,1,0,1,1,5,2,0,21
1,2,1,24,95,90,0,1,59,1,2,1,1,2,2,1,8,2,2,21
1,0,2,29,58,90,0,0,68,1,2,1,1,0,0,1,10,2,1,21
0,0,2,19,72,90,1,0,42,1,3,1,1,0,1,1,4,2,1,21
0,0,0,23,68,70,1,1,56,1,2,1,1,0,1,1,9,2,2,21
1,0,0,23,68,70,1,1,56,0,2,1,1,0,1,1,9,2,2,21
0,0,0,23,68,70,1,1,56,1,2,1,1,0,1,2,9,1,2,21
2,0,0,23,68,70,1,1,56,0,2,1,1,0,1,1,9,0,2,21
1,0,0,23,68,70,1,1,56,0,2,1,1,0,1,1,9,2,2,21
0,0,0,23,68,70,1,1,56,1,2,1,1,0,1,1,9,0,2,21
0,0,0,23,68,70,1,1,56,0,2,1,1,0,1,1,9,1,2,21
0,0,0,23,68,70,1,1,56,0,2,1,1,0,1,0,9,1,2,21
0,0,0,23,68,70,1,1,56,1,2,1,1,0,1,1,9,1,2,21
2,0,0,23,68,70,1,1,56,0,2,1,1,0,1,0,9,0,2,21
0,0,0,23,68,70,1,1,56,1,2,1,0,0,1,1,9,0,2,21
3,0,2,22,67,75,1,1,40,1,3,1,0,0,1,1,16,2,0,17
3,0,0,22,67,75,1,1,40,1,3,1,1,0,1,0,16,1,0,17
3,0,2,22,67,75,1,1,40,1,3,1,1,0,1,1,16,0,0,17
3,1,1,29,55,99,1,1,87,0,0,1,1,1,3,2,16,1,2,21
3,2,1,22,90,99,1,1,51,0,3,1,1,2,1,2,20,1,1,21
3,2,1,20,100,99,1,1,52,0,3,1,1,2,0,2,15,1,0,21
0,2,1,28,77,99,1,1,59,0,2,1,1,2,3,2,3,1,2,21
2,1,1,29,55,99,1,1,87,0,0,1,1,1,3,2,16,0,2,21
2,2,1,22,90,99,1,1,51,0,3,1,1,2,1,2,20,0,1,21
2,2,1,20,100,99,1,1,52,0,3,1,1,2,0,2,15,0,0,21
0,2,1,28,77,99,1,1,59,0,2,1,1,2,3,2,3,0,2,21
3,1,1,29,55,99,1,1,87,1,0,1,0,1,3,1,16,1,2,21
3,2,1,22,90,99,1,1,51,1,3,1,0,2,1,1,20,1,1,21
3,2,1,20,100,99,1,1,52,1,3,1,0,2,0,1,15,1,0,21
0,2,1,28,77,99,1,1,59,1,2,1,0,2,3,1,3,1,2,21
3,1,1,29,55,99,1,1,87,1,0,1,1,1,3,2,16,1,2,21
3,2,1,22,90,99,1,1,51,1,3,1,1,2,1,2,20,1,1,21
3,2,1,20,100,99,1,1,52,1,3,1,1,2,0,2,15,1,0,21
0,2,1,28,77,99,1,1,59,1,2,1,1,2,3,2,3,1,2,21
3,1,0,26,51,63,1,1,73,1,1,0,1,1,3,0,17,2,2,12
3,1,0,26,51,63,1,1,73,0,1,0,1,1,3,0,17,1,2,12
3,0,2,29,75,84,0,1,57,1,2,1,1,0,0,2,13,1,1,19
0,1,1,28,71,84,0,1,99,1,0,1,1,1,1,2,6,1,2,19
2,0,2,29,75,84,0,1,57,1,2,1,1,0,0,1,13,0,1,19
1,1,1,28,71,84,0,1,99,1,0,1,1,1,1,1,6,0,2,19
2,0,2,29,75,84,0,1,57,0,2,1,1,0,0,0,13,1,1,19
1,1,0,28,71,84,0,1,99,0,0,1,1,1,1,0,6,1,2,19
3,0,2,29,75,84,0,1,57,1,2,1,1,0,0,0,13,2,1,19
1,1,0,28,71,84,0,1,99,1,0,1,1,1,1,0,6,2,2,19
3,0,2,29,75,84,0,1,57,1,2,1,1,0,0,1,13,1,1,19
0,1,1,28,71,84,0,1,99,1,0,1,1,1,1,1,6,1,2,19
2,0,2,29,75,84,0,1,57,0,2,1,1,0,0,2,13,1,1,19
1,1,1,28,71,84,0,1,99,0,0,1,1,1,1,2,6,1,2,19
3,0,2,29,75,84,0,1,57,1,2,1,1,0,0,1,13,1,1,19
0,1,1,28,71,84,0,1,99,1,0,1,1,1,1,1,6,1,2,19
3,0,2,29,75,84,0,1,57,1,2,1,1,0,0,1,13,1,1,19
0,1,1,28,71,84,0,1,99,1,0,1,1,1,1,1,6,1,2,19
3,3,1,26,85,84,1,0,92,0,0,1,0,3,2,1,13,1,0,22
3,1,1,22,68,84,1,1,87,0,0,1,0,1,1,1,16,1,0,22
0,2,2,20,78,84,1,1,48,0,3,1,0,2,1,1,2,1,1,22
3,1,1,29,66,84,1,1,89,0,0,1,0,1,3,1,12,1,2,22
3,3,1,26,85,84,1,0,92,0,0,1,1,3,2,1,13,1,0,22
3,1,1,22,68,84,1,1,87,0,0,1,1,1,1,1,16,1,0,22
0,2,2,20,78,84,1,1,48,0,3,1,1,2,1,1,2,1,1,22
3,1,1,29,66,84,1,1,89,0,0,1,1,1,3,1,12,1,2,22
3,3,1,26,85,84,1,0,92,1,0,1,1,3,2,1,13,1,0,22
3,1,1,22,68,84,1,1,87,1,0,1,1,1,1,1,16,1,0,22
0,2,2,20,78,84,1,1,48,1,3,1,1,2,1,1,2,1,1,22
3,1,1,29,66,84,1,1,89,1,0,1,1,1,3,1,12,1,2,22
3,3,1,26,85,84,1,0,92,1,0,1,1,3,2,1,13,1,0,22
3,1,1,22,68,84,1,1,87,1,0,1,1,1,1,1,16,1,0,22
0,2,2,20,78,84,1,1,48,1,3,1,1,2,1,1,2,1,1,22
3,1,1,29,66,84,1,1,89,1,0,1,1,1,3,1,12,1,2,22
3,3,1,26,85,84,1,0,92,1,0,1,1,3,2,1,13,2,0,22
3,1,1,22,68,84,1,1,87,1,0,1,1,1,1,1,16,2,0,22
0,2,2,20,78,84,1,1,48,1,3,1,1,2,1,1,2,2,1,22
3,1,1,29,66,84,1,1,89,1,0,1,1,1,3,1,12,2,2,22
3,3,1,26,85,84,1,0,92,0,0,1,1,3,2,1,13,1,0,22
3,1,1,22,68,84,1,1,87,0,0,1,1,1,1,1,16,1,0,22
0,2,2,20,78,84,1,1,48,0,3,1,1,2,1,1,2,1,1,22
3,1,1,29,66,84,1,1,89,0,0,1,1,1,3,1,12,1,2,22
1,1,1,24,71,77,0,1,94,0,0,1,1,1,3,1,6,2,2,29
1,1,0,24,71,77,0,1,94,1,0,1,1,1,3,0,6,0,2,29
0,1,1,24,71,77,0,1,94,1,0,1,1,1,3,1,6,1,2,29
3,0,2,29,71,77,1,1,59,1,2,0,0,0,2,2,13,0,0,25
3,1,2,22,70,77,1,1,85,1,0,0,0,1,3,2,11,0,1,25
3,0,2,29,71,77,1,1,59,1,2,0,1,0,2,1,13,1,0,25
3,1,2,22,70,77,1,1,85,1,0,0,1,1,3,1,11,1,1,25
2,0,0,29,71,77,1,1,59,0,2,0,1,0,2,0,13,0,0,25
2,1,2,22,70,77,1,1,85,0,0,0,1,1,3,0,11,0,1,25
2,3,0,18,95,62,0,1,98,0,0,1,1,3,1,0,20,1,2,19
3,2,0,22,82,62,1,0,66,0,2,1,1,2,2,0,16,1,2,19
2,3,0,18,95,62,0,1,98,0,0,1,1,3,1,2,20,0,2,19
2,2,0,22,82,62,1,0,66,0,2,1,1,2,2,2,16,0,2,19
2,3,0,18,95,62,0,1,98,0,0,1,1,3,1,0,20,1,2,19
3,2,0,22,82,62,1,0,66,0,2,1,1,2,2,0,16,1,2,19
2,3,0,18,95,62,0,1,98,1,0,1,1,3,1,1,20,2,2,19
3,2,0,22,82,62,1,0,66,1,2,1,1,2,2,1,16,2,2,19
2,3,0,18,95,62,0,1,98,0,0,1,1,3,1,0,20,1,2,19
3,2,0,22,82,62,1,0,66,0,2,1,1,2,2,0,16,1,2,19
3,3,0,18,95,62,0,1,98,1,0,1,1,3,1,2,20,1,2,19
3,2,0,22,82,62,1,0,66,1,2,1,1,2,2,2,16,1,2,19
3,3,0,18,95,62,0,1,98,1,0,1,1,3,1,0,20,1,2,19
3,2,0,22,82,62,1,0,66,1,2,1,1,2,2,0,16,1,2,19
0,3,0,25,85,66,1,0,98,0,0,0,1,3,3,2,9,1,2,20
1,3,0,25,85,66,1,0,98,0,0,0,1,3,3,1,9,2,2,20
0,3,0,25,85,66,1,0,98,1,0,0,1,3,3,0,9,1,2,20
0,3,0,25,85,66,1,0,98,1,0,0,1,3,3,2,9,2,2,20
2,3,0,25,85,66,1,0,98,0,0,0,1,3,3,0,9,0,2,20
0,3,0,25,85,66,1,0,98,1,0,0,1,3,3,1,9,0,2,20
0,3,0,25,85,66,1,0,98,1,0,0,1,3,3,0,9,1,2,20
3,1,2,26,52,64,1,0,94,1,0,1,1,1,2,2,14,1,1,18
3,1,0,26,65,64,1,1,72,1,1,1,1,1,3,2,16,1,2,18
0,1,2,25,57,64,1,1,99,1,0,1,1,1,1,2,0,1,1,18
3,2,0,28,96,64,1,1,60,1,2,1,1,2,2,2,12,1,2,18
3,1,0,26,52,64,1,0,94,1,0,1,1,1,2,0,14,0,1,18
3,1,0,26,65,64,1,1,72,1,1,1,1,1,3,0,16,0,2,18
0,1,0,25,57,64,1,1,99,1,0,1,1,1,1,0,0,0,1,18
3,2,0,28,96,64,1,1,60,1,2,1,1,2,2,0,12,0,2,18
3,1,0,26,52,64,1,0,94,1,0,1,1,1,2,0,14,0,1,18
3,1,0,26,65,64,1,1,72,1,1,1,1,1,3,0,16,0,2,18
0,1,0,25,57,64,1,1,99,1,0,1,1,1,1,0,0,0,1,18
3,2,0,28,96,64,1,1,60,1,2,1,1,2,2,0,12,0,2,18
2,1,2,26,52,64,1,0,94,0,0,1,1,1,2,1,14,2,1,18
2,1,0,26,65,64,1,1,72,0,1,1,1,1,3,1,16,2,2,18
1,1,2,25,57,64,1,1,99,0,0,1,1,1,1,1,0,2,1,18
1,2,0,28,96,64,1,1,60,0,2,1,1,2,2,1,12,2,2,18
3,1,2,26,52,64,1,0,94,1,0,1,1,1,2,2,14,1,1,18
3,1,0,26,65,64,1,1,72,1,1,1,1,1,3,2,16,1,2,18
0,1,2,25,57,64,1,1,99,1,0,1,1,1,1,2,0,1,1,18
3,2,0,28,96,64,1,1,60,1,2,1,1,2,2,2,12,1,2,18
3,1,2,26,52,64,1,0,94,1,0,1,1,1,2,1,14,1,1,18
3,1,0,26,65,64,1,1,72,1,1,1,1,1,3,1,16,1,2,18
0,1,2,25,57,64,1,1,99,1,0,1,1,1,1,1,0,1,1,18
3,2,0,28,96,64,1,1,60,1,2,1,1,2,2,1,12,1,2,18
3,1,2,26,52,64,1,0,94,1,0,1,1,1,2,1,14,1,1,18
3,1,0,26,65,64,1,1,72,1,1,1,1,1,3,1,16,1,2,18
0,1,2,25,57,64,1,1,99,1,0,1,1,1,1,1,0,1,1,18
3,2,0,28,96,64,1,1,60,1,2,1,1,2,2,1,12,1,2,18
3,1,2,26,52,64,1,0,94,0,0,1,1,1,2,1,14,1,1,18
3,1,0,26,65,64,1,1,72,0,1,1,1,1,3,1,16,1,2,18
0,1,2,25,57,64,1,1,99,0,0,1,1,1,1,1,0,1,1,18
3,2,0,28,96,64,1,1,60,0,2,1,1,2,2,1,12,1,2,18
3,1,2,26,52,64,1,0,94,1,0,1,1,1,2,1,14,1,1,18
3,1,0,26,65,64,1,1,72,1,1,1,1,1,3,1,16,1,2,18
0,1,2,25,57,64,1,1,99,1,0,1,1,1,1,1,0,1,1,18
3,2,0,28,96,64,1,1,60,1,2,1,1,2,2,1,12,1,2,18
3,1,2,26,52,64,1,0,94,1,0,1,1,1,2,1,14,1,1,18
3,1,0,26,65,64,1,1,72,1,1,1,1,1,3,1,16,1,2,18
0,1,2,25,57,64,1,1,99,1,0,1,1,1,1,1,0,1,1,18
3,2,0,28,96,64,1,1,60,1,2,1,1,2,2,1,12,1,2,18
3,1,0,26,52,64,1,0,94,1,0,1,1,1,2,0,14,2,1,18
3,1,0,26,65,64,1,1,72,1,1,1,1,1,3,0,16,2,2,18
0,1,0,25,57,64,1,1,99,1,0,1,1,1,1,0,0,2,1,18
3,2,0,28,96,64,1,1,60,1,2,1,1,2,2,0,12,2,2,18
3,1,0,26,52,64,1,0,94,1,0,1,1,1,2,0,14,2,1,18
3,1,0,26,65,64,1,1,72,1,1,1,1,1,3,0,16,2,2,18
0,1,0,25,57,64,1,1,99,1,0,1,1,1,1,0,0,2,1,18
3,2,0,28,96,64,1,1,60,1,2,1,1,2,2,0,12,2,2,18
3,2,2,22,97,64,1,1,61,1,2,0,1,2,0,2,18,1,1,15
0,2,2,26,79,64,1,1,55,1,2,0,1,2,2,2,6,1,1,15
3,2,2,22,97,64,1,1,61,1,2,0,1,2,0,2,18,2,1,15
0,2,2,26,79,64,1,1,55,1,2,0,1,2,2,2,6,2,1,15
3,2,0,22,97,64,1,1,61,0,2,0,1,2,0,0,18,1,1,15
0,2,0,26,79,64,1,1,55,0,2,0,1,2,2,0,6,1,1,15
3,2,0,22,97,64,1,1,61,0,2,0,1,2,0,0,18,1,1,15
0,2,0,26,79,64,1,1,55,0,2,0,1,2,2,0,6,1,1,15
3,2,2,22,97,64,1,1,61,0,2,0,1,2,0,1,18,1,1,15
0,2,2,26,79,64,1,1,55,0,2,0,1,2,2,1,6,1,1,15
0,1,0,26,75,84,1,1,76,1,1,0,1,1,1,0,6,1,0,23
0,0,2,24,61,84,1,1,62,1,2,0,1,0,1,0,9,1,1,23
0,2,2,29,87,84,1,1,49,1,3,0,1,2,0,0,0,1,1,23
3,0,2,22,52,84,0,1,67,1,2,0,1,0,2,0,13,1,1,23
1,1,1,26,75,84,1,1,76,0,1,0,0,1,1,1,6,0,0,23
2,0,2,24,61,84,1,1,62,0,2,0,0,0,1,1,9,0,1,23
0,2,2,29,87,84,1,1,49,0,3,0,0,2,0,1,0,0,1,23
2,0,2,22,52,84,0,1,67,0,2,0,0,0,2,1,13,0,1,23
0,1,1,26,75,84,1,1,76,1,1,0,1,1,1,1,6,0,0,23
0,0,2,24,61,84,1,1,62,1,2,0,1,0,1,1,9,0,1,23
0,2,2,29,87,84,1,1,49,1,3,0,1,2,0,1,0,0,1,23
2,0,2,22,52,84,0,1,67,1,2,0,1,0,2,1,13,0,1,23
0,1,0,26,75,84,1,1,76,1,1,0,0,1,1,0,6,0,0,23
0,0,2,24,61,84,1,1,62,1,2,0,0,0,1,0,9,0,1,23
0,2,2,29,87,84,1,1,49,1,3,0,0,2,0,0,0,0,1,23
2,0,2,22,52,84,0,1,67,1,2,0,0,0,2,0,13,0,1,23
0,1,0,26,75,84,1,1,76,0,1,0,1,1,1,0,6,1,0,23
0,0,2,24,61,84,1,1,62,0,2,0,1,0,1,0,9,1,1,23
0,2,2,29,87,84,1,1,49,0,3,0,1,2,0,0,0,1,1,23
2,0,2,22,52,84,0,1,67,0,2,0,1,0,2,0,13,1,1,23
3,1,2,25,51,68,1,1,84,1,1,1,1,1,2,1,17,2,0,29
3,1,2,25,51,68,1,1,84,0,1,1,1,1,2,1,17,1,0,29
2,1,0,25,51,68,1,1,84,0,1,1,1,1,2,0,17,0,0,29
3,1,0,25,51,68,1,1,84,1,1,1,1,1,2,0,17,2,0,29
1,2,0,27,80,69,0,0,58,1,2,1,1,2,3,1,7,2,2,21
0,2,0,27,80,69,0,0,58,1,2,1,1,2,3,2,7,1,2,21
0,2,0,27,80,69,0,0,58,1,2,1,1,2,3,2,7,1,2,21
0,2,0,27,80,69,0,0,58,1,2,1,1,2,3,0,7,1,2,21
1,2,0,27,80,69,0,0,58,0,2,1,1,2,3,1,7,1,2,21
1,2,0,27,80,69,0,0,58,1,2,1,1,2,3,1,7,0,2,21
1,2,0,27,80,69,0,0,58,1,2,1,1,2,3,1,7,0,2,21
0,2,0,27,80,69,0,0,58,1,2,1,1,2,3,0,7,1,2,21
3,0,2,27,59,73,1,1,50,1,3,0,1,0,2,1,15,1,1,20
3,0,2,27,59,73,1,1,50,1,3,0,1,0,2,1,15,1,1,20
3,0,2,27,59,73,1,1,50,0,3,0,1,0,2,0,15,2,1,20
0,2,0,21,76,68,1,0,67,0,2,1,1,2,3,0,3,0,2,21
0,2,0,21,76,68,1,0,67,1,2,1,0,2,3,1,3,1,2,21
0,2,0,21,76,68,1,0,67,1,2,1,1,2,3,0,3,1,2,21
0,2,0,21,76,68,1,0,67,1,2,1,1,2,3,2,3,2,2,21
0,2,0,21,76,68,1,0,67,1,2,1,1,2,3,1,3,2,2,21
3,0,0,25,71,61,1,1,50,0,3,1,1,0,3,1,16,1,2,20
2,0,0,25,64,61,0,1,52,0,3,1,1,0,1,1,20,1,2,20
3,0,0,25,71,61,1,1,50,1,3,1,1,0,3,1,16,0,2,20
2,0,0,25,64,61,0,1,52,1,3,1,1,0,1,1,20,0,2,20
3,0,0,25,71,61,1,1,50,1,3,1,1,0,3,1,16,1,2,20
3,0,0,25,64,61,0,1,52,1,3,1,1,0,1,1,20,1,2,20
3,0,0,25,71,61,1,1,50,0,3,1,1,0,3,1,16,1,2,20
2,0,0,25,64,61,0,1,52,0,3,1,1,0,1,1,20,1,2,20
3,0,0,25,71,61,1,1,50,1,3,1,1,0,3,1,16,2,2,20
2,0,0,25,64,61,0,1,52,1,3,1,1,0,1,1,20,2,2,20
3,0,0,25,71,61,1,1,50,0,3,1,1,0,3,1,16,1,2,20
2,0,0,25,64,61,0,1,52,0,3,1,1,0,1,1,20,1,2,20
2,0,0,25,71,61,1,1,50,0,3,1,1,0,3,1,16,2,2,20
2,0,0,25,64,61,0,1,52,0,3,1,1,0,1,1,20,2,2,20
2,3,2,27,81,81,0,1,88,0,0,1,1,3,3,1,14,1,1,29
2,3,2,19,84,81,0,1,79,0,1,1,1,3,2,1,12,1,1,29
3,3,2,27,81,81,0,1,88,1,0,1,1,3,3,0,14,1,1,29
3,3,2,19,84,81,0,1,79,1,1,1,1,3,2,0,12,1,1,29
0,0,1,26,55,96,1,0,69,1,2,1,0,0,2,1,2,1,0,26
3,0,1,24,58,96,1,1,41,1,3,1,0,0,2,1,11,1,2,26
0,2,1,22,98,96,1,1,55,1,2,1,0,2,0,1,2,1,0,26
0,0,1,26,55,96,1,0,69,0,2,1,1,0,2,1,2,1,0,26
3,0,1,24,58,96,1,1,41,0,3,1,1,0,2,1,11,1,2,26
0,2,1,22,98,96,1,1,55,0,2,1,1,2,0,1,2,1,0,26
0,2,0,19,83,67,0,0,51,1,3,0,1,2,0,2,1,1,2,33
3,2,2,26,90,67,1,1,54,1,3,0,1,2,1,2,18,1,1,33
0,2,0,19,83,67,0,0,51,1,3,0,1,2,0,1,1,1,2,33
3,2,2,26,90,67,1,1,54,1,3,0,1,2,1,1,18,1,1,33
0,3,1,19,92,92,0,1,100,1,0,0,1,3,2,0,5,0,2,15
2,1,1,27,70,92,0,1,93,1,0,0,1,1,3,0,11,0,1,15
3,1,1,26,68,92,1,1,86,1,0,0,1,1,2,0,18,0,0,15
1,3,1,19,92,92,0,1,100,1,0,0,1,3,2,1,5,2,2,15
1,1,1,27,70,92,0,1,93,1,0,0,1,1,3,1,11,2,1,15
3,1,1,26,68,92,1,1,86,1,0,0,1,1,2,1,18,2,0,15
0,3,1,19,92,92,0,1,100,1,0,0,1,3,2,1,5,1,2,15
3,1,1,27,70,92,0,1,93,1,0,0,1,1,3,1,11,1,1,15
3,1,1,26,68,92,1,1,86,1,0,0,1,1,2,1,18,1,0,15
3,3,1,22,76,92,1,1,83,0,1,1,1,3,0,1,16,1,1,25
3,3,1,22,76,92,1,1,83,1,1,1,1,3,0,0,16,2,1,25
3,3,1,22,76,92,1,1,83,1,1,1,1,3,0,1,16,1,1,25
3,3,0,25,95,76,0,1,97,1,0,0,1,3,2,0,17,1,2,33
3,0,0,28,69,76,0,0,44,1,3,0,1,0,3,0,18,1,0,33
3,1,2,26,53,76,1,1,88,1,0,0,1,1,1,0,20,1,1,33
3,2,2,27,85,76,0,0,45,1,3,0,1,2,3,0,19,1,1,33
0,0,0,25,74,67,1,1,43,1,3,0,1,0,2,0,1,1,1,15
0,0,2,25,74,67,1,1,43,1,3,0,1,0,2,2,1,2,1,15
0,0,2,25,74,67,1,1,43,0,3,0,1,0,2,1,1,1,1,15
3,2,2,20,88,70,1,1,41,0,3,0,1,2,3,1,20,1,1,15
1,2,0,27,76,70,0,1,49,0,3,0,1,2,0,1,0,1,2,15
3,2,0,20,88,70,1,1,41,0,3,0,1,2,3,0,20,1,1,15
1,2,0,27,76,70,0,1,49,0,3,0,1,2,0,0,0,1,2,15
2,0,2,25,59,71,0,1,55,0,2,0,1,0,1,1,19,1,0,16
3,3,2,26,89,71,1,0,73,0,1,0,1,3,2,1,19,1,1,16
2,0,2,25,59,71,0,1,55,0,2,0,1,0,1,1,19,2,0,16
2,3,2,26,89,71,1,0,73,0,1,0,1,3,2,1,19,2,1,16
2,0,0,25,59,71,0,1,55,1,2,0,1,0,1,0,19,2,0,16
3,3,0,26,89,71,1,0,73,1,1,0,1,3,2,0,19,2,1,16
3,0,1,27,54,82,1,0,44,1,3,1,1,0,2,1,15,2,2,7
3,1,1,18,60,82,1,1,75,1,1,1,1,1,1,1,20,2,2,7
3,0,1,27,54,82,1,0,44,1,3,1,1,0,2,1,15,2,2,7
3,1,1,18,60,82,1,1,75,1,1,1,1,1,1,1,20,2,2,7
2,1,2,24,59,76,0,1,85,0,0,0,1,1,1,2,13,2,1,17
3,1,2,24,59,76,0,1,85,1,0,0,1,1,1,1,13,1,1,17
2,1,2,24,59,76,0,1,85,1,0,0,1,1,1,0,13,2,1,17
3,1,2,24,59,76,0,1,85,1,0,0,0,1,1,0,13,1,1,17
3,1,2,24,59,76,0,1,85,1,0,0,1,1,1,1,13,1,1,17
3,3,1,29,76,99,1,1,98,1,0,0,1,3,0,0,13,0,2,22
3,1,1,21,73,99,1,1,86,1,0,0,1,1,0,0,16,0,1,22
3,3,1,29,76,99,1,1,98,1,0,0,1,3,0,2,13,1,2,22
3,1,1,21,73,99,1,1,86,1,0,0,1,1,0,2,16,1,1,22
2,3,1,29,76,99,1,1,98,0,0,0,1,3,0,1,13,0,2,22
2,1,1,21,73,99,1,1,86,0,0,0,1,1,0,1,16,0,1,22
3,3,1,29,76,99,1,1,98,1,0,0,1,3,0,2,13,1,2,22
3,1,1,21,73,99,1,1,86,1,0,0,1,1,0,2,16,1,1,22
3,3,1,29,76,99,1,1,98,0,0,0,1,3,0,0,13,2,2,22
3,1,1,21,73,99,1,1,86,0,0,0,1,1,0,0,16,2,1,22
3,3,2,25,76,69,1,1,80,1,1,0,1,3,2,1,11,0,1,31
2,2,0,24,76,69,0,1,61,1,2,0,1,2,1,1,13,0,2,31
3,1,1,21,73,91,1,1,99,1,0,0,1,1,3,1,16,1,0,26
0,3,1,20,81,91,0,1,89,1,0,0,1,3,3,1,3,1,0,26
0,1,1,28,70,91,1,1,91,1,0,0,1,1,2,1,5,1,2,26
3,1,2,18,72,74,0,0,73,1,1,1,1,1,1,1,18,1,2,17
2,1,2,18,72,74,0,0,73,0,1,1,1,1,1,1,18,1,2,17
3,1,0,18,72,74,0,0,73,1,1,1,1,1,1,0,18,1,2,17
2,1,2,18,72,74,0,0,73,0,1,1,1,1,1,1,18,0,2,17
3,1,2,18,72,74,0,0,73,1,1,1,1,1,1,1,18,1,2,17
1,1,0,29,72,66,1,0,94,0,0,1,0,1,0,1,5,2,2,15
0,1,0,29,72,66,1,0,94,1,0,1,1,1,0,0,5,2,2,15
0,1,0,29,72,66,1,0,94,0,0,1,1,1,0,1,5,1,2,15
1,3,1,28,78,86,0,0,85,1,0,1,1,3,0,1,10,2,2,31
1,0,1,18,66,86,0,1,43,1,3,1,1,0,0,1,4,2,0,31
1,3,1,21,97,86,0,1,74,1,1,1,1,3,0,1,5,2,2,31
1,1,1,19,55,86,0,1,79,1,1,1,1,1,2,1,0,2,2,31
2,3,2,23,79,83,1,1,94,0,0,0,1,3,2,1,9,0,1,27
2,1,1,26,51,83,0,1,70,0,1,0,1,1,2,1,11,0,2,27
0,1,1,29,52,83,1,0,75,0,1,0,1,1,2,1,1,0,2,27
0,3,2,23,79,83,1,1,94,1,0,0,1,3,2,1,9,1,1,27
3,1,1,26,51,83,0,1,70,1,1,0,1,1,2,1,11,1,2,27
0,1,1,29,52,83,1,0,75,1,1,0,1,1,2,1,1,1,2,27
0,3,2,23,79,83,1,1,94,0,0,0,1,3,2,1,9,1,1,27
2,1,1,26,51,83,0,1,70,0,1,0,1,1,2,1,11,1,2,27
0,1,1,29,52,83,1,0,75,0,1,0,1,1,2,1,1,1,2,27
0,3,0,20,91,79,1,1,95,1,0,1,1,3,3,0,6,0,2,17
0,1,0,27,50,79,0,1,93,1,0,1,1,1,0,0,5,0,2,17
3,2,0,19,95,79,1,1,64,1,2,1,1,2,2,0,18,0,2,17
0,3,1,20,91,79,1,1,95,1,0,1,1,3,3,1,6,2,2,17
1,1,1,27,50,79,0,1,93,1,0,1,1,1,0,1,5,2,2,17
3,2,1,19,95,79,1,1,64,1,2,1,1,2,2,1,18,2,2,17
0,3,1,20,91,79,1,1,95,1,0,1,1,3,3,1,6,2,2,17
1,1,1,27,50,79,0,1,93,1,0,1,1,1,0,1,5,2,2,17
3,2,1,19,95,79,1,1,64,1,2,1,1,2,2,1,18,2,2,17
0,3,1,20,91,79,1,1,95,0,0,1,1,3,3,1,6,1,2,17
1,1,1,27,50,79,0,1,93,0,0,1,1,1,0,1,5,1,2,17
3,2,1,19,95,79,1,1,64,0,2,1,1,2,2,1,18,1,2,17
3,0,0,24,75,80,1,0,57,1,2,0,1,0,1,2,14,1,2,10
2,2,0,19,87,64,0,0,69,0,2,1,1,2,3,1,11,1,2,19
2,2,0,19,87,64,0,0,69,0,2,1,1,2,3,2,11,1,2,19
2,2,0,19,87,64,0,0,69,0,2,1,1,2,3,1,11,1,2,19
3,2,0,19,87,64,0,0,69,1,2,1,1,2,3,2,11,1,2,19
3,2,0,19,87,64,0,0,69,1,2,1,1,2,3,2,11,1,2,19
1,2,0,19,87,64,0,0,69,1,2,1,1,2,3,1,11,2,2,19
2,1,1,25,50,96,1,1,95,0,0,0,0,1,0,1,16,2,2,10
3,1,1,25,50,96,1,1,95,0,0,0,1,1,0,1,16,1,2,10
3,1,1,25,50,96,1,1,95,1,0,0,1,1,0,1,16,2,2,10
3,0,0,26,54,62,0,1,55,1,2,1,1,0,1,0,19,1,0,16
0,0,0,27,75,62,1,1,51,1,3,1,1,0,3,0,8,1,0,16
3,0,0,21,72,62,0,1,64,1,2,1,1,0,2,0,11,1,1,16
0,1,0,19,71,62,1,1,82,1,1,1,1,1,2,0,2,1,0,16
2,0,2,26,54,62,0,1,55,0,2,1,1,0,1,1,19,1,0,16
0,0,2,27,75,62,1,1,51,0,3,1,1,0,3,1,8,1,0,16
2,0,2,21,72,62,0,1,64,0,2,1,1,0,2,1,11,1,1,16
0,1,2,19,71,62,1,1,82,0,1,1,1,1,2,1,2,1,0,16
3,0,0,26,54,62,0,1,55,1,2,1,1,0,1,0,19,1,0,16
0,0,0,27,75,62,1,1,51,1,3,1,1,0,3,0,8,1,0,16
3,0,0,21,72,62,0,1,64,1,2,1,1,0,2,0,11,1,1,16
0,1,0,19,71,62,1,1,82,1,1,1,1,1,2,0,2,1,0,16
1,2,2,24,92,77,0,1,41,1,3,1,1,2,2,1,0,2,0,17
3,3,1,28,87,77,1,1,78,1,1,1,1,3,0,1,15,2,2,17
0,2,0,24,92,77,0,1,41,1,3,1,1,2,2,0,0,1,0,17
3,3,0,28,87,77,1,1,78,1,1,1,1,3,0,0,15,1,2,17
1,2,0,24,92,77,0,1,41,0,3,1,1,2,2,0,0,1,0,17
3,3,0,28,87,77,1,1,78,0,1,1,1,3,0,0,15,1,2,17
0,2,0,24,92,77,0,1,41,1,3,1,1,2,2,0,0,1,0,17
3,3,0,28,87,77,1,1,78,1,1,1,1,3,0,0,15,1,2,17
0,2,2,24,92,77,0,1,41,1,3,1,1,2,2,1,0,1,0,17
3,3,1,28,87,77,1,1,78,1,1,1,1,3,0,1,15,1,2,17
0,2,2,24,92,77,0,1,41,1,3,1,1,2,2,1,0,1,0,17
3,3,1,28,87,77,1,1,78,1,1,1,1,3,0,1,15,1,2,17
0,2,0,24,92,77,0,1,41,1,3,1,1,2,2,0,0,1,0,17
3,3,0,28,87,77,1,1,78,1,1,1,1,3,0,0,15,1,2,17
1,1,0,28,71,65,0,0,77,0,1,1,1,1,1,0,2,1,2,14
3,0,0,25,60,65,1,0,41,0,3,1,1,0,0,0,19,1,2,14
0,1,0,26,61,65,1,1,96,0,0,1,1,1,2,0,0,1,1,14
0,0,0,20,62,65,1,0,50,0,3,1,1,0,0,0,0,1,2,14
1,1,0,28,71,65,0,0,77,0,1,1,1,1,1,1,2,1,2,14
3,0,0,25,60,65,1,0,41,0,3,1,1,0,0,1,19,1,2,14
0,1,2,26,61,65,1,1,96,0,0,1,1,1,2,1,0,1,1,14
0,0,0,20,62,65,1,0,50,0,3,1,1,0,0,1,0,1,2,14
1,1,0,28,71,65,0,0,77,1,1,1,1,1,1,0,2,2,2,14
3,0,0,25,60,65,1,0,41,1,3,1,1,0,0,0,19,2,2,14
0,1,0,26,61,65,1,1,96,1,0,1,1,1,2,0,0,2,1,14
0,0,0,20,62,65,1,0,50,1,3,1,1,0,0,0,0,2,2,14
1,1,0,28,71,65,0,0,77,0,1,1,1,1,1,0,2,2,2,14
2,0,0,25,60,65,1,0,41,0,3,1,1,0,0,0,19,2,2,14
1,1,0,26,61,65,1,1,96,0,0,1,1,1,2,0,0,2,1,14
1,0,0,20,62,65,1,0,50,0,3,1,1,0,0,0,0,2,2,14
1,1,0,28,71,65,0,0,77,0,1,1,1,1,1,0,2,2,2,14
2,0,0,25,60,65,1,0,41,0,3,1,1,0,0,0,19,2,2,14
1,1,0,26,61,65,1,1,96,0,0,1,1,1,2,0,0,2,1,14
1,0,0,20,62,65,1,0,50,0,3,1,1,0,0,0,0,2,2,14
0,1,0,28,71,65,0,0,77,1,1,1,1,1,1,1,2,1,2,14
3,0,0,25,60,65,1,0,41,1,3,1,1,0,0,1,19,1,2,14
0,1,2,26,61,65,1,1,96,1,0,1,1,1,2,1,0,1,1,14
0,0,0,20,62,65,1,0,50,1,3,1,1,0,0,1,0,1,2,14
0,1,1,20,52,80,1,1,73,0,1,0,1,1,1,1,1,1,2,19
0,1,0,20,52,80,1,1,73,1,1,0,1,1,1,0,1,1,2,19
0,1,1,20,52,80,1,1,73,1,1,0,1,1,1,1,1,1,2,19
0,1,0,20,52,80,1,1,73,1,1,0,0,1,1,2,1,1,2,19
0,1,1,20,52,80,1,1,73,1,1,0,1,1,1,1,1,2,2,19
1,1,1,22,61,91,0,1,71,0,1,1,1,1,1,0,4,1,2,24
0,0,1,28,56,91,1,1,44,0,3,1,1,0,3,0,8,1,1,24
3,3,1,21,100,91,1,1,94,0,0,1,1,3,3,0,18,1,2,24
0,1,1,22,61,91,0,1,71,1,1,1,1,1,1,2,4,0,2,24
0,0,1,28,56,91,1,1,44,1,3,1,1,0,3,2,8,0,1,24
3,3,1,21,100,91,1,1,94,1,0,1,1,3,3,2,18,0,2,24
1,1,1,22,61,91,0,1,71,0,1,1,1,1,1,0,4,1,2,24
0,0,1,28,56,91,1,1,44,0,3,1,1,0,3,0,8,1,1,24
3,3,1,21,100,91,1,1,94,0,0,1,1,3,3,0,18,1,2,24
0,1,1,22,61,91,0,1,71,1,1,1,1,1,1,1,4,0,2,24
0,0,1,28,56,91,1,1,44,1,3,1,1,0,3,1,8,0,1,24
3,3,1,21,100,91,1,1,94,1,0,1,1,3,3,1,18,0,2,24
1,1,1,22,61,91,0,1,71,1,1,1,1,1,1,2,4,2,2,24
0,0,1,28,56,91,1,1,44,1,3,1,1,0,3,2,8,2,1,24
3,3,1,21,100,91,1,1,94,1,0,1,1,3,3,2,18,2,2,24
0,1,1,22,61,91,0,1,71,1,1,1,1,1,1,1,4,1,2,24
0,0,1,28,56,91,1,1,44,1,3,1,1,0,3,1,8,1,1,24
3,3,1,21,100,91,1,1,94,1,0,1,1,3,3,1,18,1,2,24
1,1,1,22,61,91,0,1,71,0,1,1,1,1,1,1,4,1,2,24
0,0,1,28,56,91,1,1,44,0,3,1,1,0,3,1,8,1,1,24
3,3,1,21,100,91,1,1,94,0,0,1,1,3,3,1,18,1,2,24
1,1,1,22,61,91,0,1,71,1,1,1,1,1,1,0,4,2,2,24
0,0,1,28,56,91,1,1,44,1,3,1,1,0,3,0,8,2,1,24
3,3,1,21,100,91,1,1,94,1,0,1,1,3,3,0,18,2,2,24
0,1,1,22,61,91,0,1,71,1,1,1,1,1,1,1,4,1,2,24
0,0,1,28,56,91,1,1,44,1,3,1,1,0,3,1,8,1,1,24
3,3,1,21,100,91,1,1,94,1,0,1,1,3,3,1,18,1,2,24
1,1,1,22,61,91,0,1,71,1,1,1,1,1,1,1,4,2,2,24
0,0,1,28,56,91,1,1,44,1,3,1,1,0,3,1,8,2,1,24
3,3,1,21,100,91,1,1,94,1,0,1,1,3,3,1,18,2,2,24
2,2,0,27,91,70,1,1,44,0,3,1,1,2,0,1,14,2,2,13
1,1,2,25,54,70,1,1,87,0,0,1,1,1,3,1,8,2,0,13
3,2,0,27,91,70,1,1,44,0,3,1,1,2,0,1,14,1,2,13
0,1,2,25,54,70,1,1,87,0,0,1,1,1,3,1,8,1,0,13
3,2,0,27,91,70,1,1,44,1,3,1,1,2,0,1,14,1,2,13
0,1,2,25,54,70,1,1,87,1,0,1,1,1,3,1,8,1,0,13
3,2,0,27,91,70,1,1,44,1,3,1,1,2,0,2,14,2,2,13
0,1,0,25,54,70,1,1,87,1,0,1,1,1,3,2,8,2,0,13
3,2,0,27,91,70,1,1,44,1,3,1,1,2,0,2,14,1,2,13
0,1,0,25,54,70,1,1,87,1,0,1,1,1,3,2,8,1,0,13
3,2,0,27,91,70,1,1,44,1,3,1,1,2,0,1,14,2,2,13
0,1,2,25,54,70,1,1,87,1,0,1,1,1,3,1,8,2,0,13
3,2,0,27,91,70,1,1,44,1,3,1,1,2,0,1,14,2,2,13
0,1,2,25,54,70,1,1,87,1,0,1,1,1,3,1,8,2,0,13
3,2,0,27,91,70,1,1,44,0,3,1,1,2,0,1,14,1,2,13
0,1,2,25,54,70,1,1,87,0,0,1,1,1,3,1,8,1,0,13
0,0,1,19,73,79,1,1,57,1,2,1,1,0,3,1,3,1,2,11
0,2,1,18,78,94,1,1,49,0,3,0,1,2,0,0,9,1,2,16
0,2,1,18,78,94,1,1,49,0,3,0,1,2,0,0,9,1,2,16
0,2,1,18,78,94,1,1,49,1,3,0,1,2,0,0,9,1,2,16
0,2,1,18,78,94,1,1,49,0,3,0,1,2,0,1,9,1,2,16
0,2,1,18,78,94,1,1,49,0,3,0,1,2,0,1,9,1,2,16
1,2,1,18,78,94,1,1,49,0,3,0,1,2,0,2,9,2,2,16
0,2,1,18,78,94,1,1,49,1,3,0,1,2,0,1,9,1,2,16
0,2,1,18,78,94,1,1,49,1,3,0,1,2,0,0,9,0,2,16
3,2,0,20,89,62,1,0,68,1,2,0,1,2,3,0,10,2,1,27
1,0,0,20,52,62,0,1,48,1,3,0,1,0,2,0,4,2,1,27
0,0,0,27,55,62,1,1,51,1,3,0,1,0,1,0,1,2,1,27
1,3,0,28,76,65,0,1,85,0,0,1,1,3,2,0,6,0,2,20
1,3,0,28,76,65,0,1,85,1,0,1,1,3,2,2,6,0,2,20
1,3,0,28,76,65,0,1,85,1,0,1,1,3,2,1,6,2,2,20
1,3,0,28,76,65,0,1,85,0,0,1,0,3,2,1,6,1,2,20
1,3,0,28,76,65,0,1,85,1,0,1,1,3,2,1,6,2,2,20
1,3,0,28,76,65,0,1,85,0,0,1,1,3,2,1,6,1,2,20
2,1,0,25,62,68,0,1,74,0,1,1,1,1,0,2,16,0,2,32
2,1,2,19,71,68,1,0,89,0,0,1,1,1,0,2,10,0,1,32
3,1,0,25,62,68,0,1,74,1,1,1,1,1,0,1,16,1,2,32
3,1,2,19,71,68,1,0,89,1,0,1,1,1,0,1,10,1,1,32
2,1,0,25,62,68,0,1,74,0,1,1,1,1,0,1,16,2,2,32
1,1,2,19,71,68,1,0,89,0,0,1,1,1,0,1,10,2,1,32
3,1,2,20,52,76,1,1,87,1,0,1,1,1,2,1,19,2,0,31
3,0,2,24,73,76,1,1,65,1,2,1,1,0,0,1,17,2,0,31
3,1,1,27,72,76,1,1,84,1,1,1,1,1,2,1,11,2,2,31
0,2,2,26,84,76,1,1,41,1,3,1,1,2,1,1,2,2,0,31
3,1,0,20,52,76,1,1,87,1,0,1,1,1,2,0,19,2,0,31
3,0,0,24,73,76,1,1,65,1,2,1,1,0,0,0,17,2,0,31
3,1,0,27,72,76,1,1,84,1,1,1,1,1,2,0,11,2,2,31
0,2,0,26,84,76,1,1,41,1,3,1,1,2,1,0,2,2,0,31
2,1,2,28,69,74,0,1,80,0,1,1,1,1,2,0,17,0,1,26
2,1,2,28,69,74,0,1,80,0,1,1,1,1,2,1,17,1,1,26
2,1,2,28,69,74,0,1,80,0,1,1,1,1,2,1,17,1,1,26
2,1,2,28,69,74,0,1,80,1,1,1,1,1,2,1,17,0,1,26
3,1,1,19,62,86,1,1,97,0,0,0,1,1,0,1,15,2,0,24
1,1,1,29,52,86,1,1,98,0,0,0,1,1,3,1,2,2,2,24
1,2,1,27,91,86,1,1,40,0,3,0,1,2,1,1,4,2,0,24
3,1,1,19,62,86,1,1,97,0,0,0,1,1,0,0,15,2,0,24
1,1,1,29,52,86,1,1,98,0,0,0,1,1,3,0,2,2,2,24
1,2,1,27,91,86,1,1,40,0,3,0,1,2,1,0,4,2,0,24
3,1,1,19,62,86,1,1,97,1,0,0,1,1,0,0,15,2,0,24
0,1,1,29,52,86,1,1,98,1,0,0,1,1,3,0,2,2,2,24
0,2,1,27,91,86,1,1,40,1,3,0,1,2,1,0,4,2,0,24
3,1,1,19,62,86,1,1,97,0,0,0,1,1,0,0,15,1,0,24
0,1,1,29,52,86,1,1,98,0,0,0,1,1,3,0,2,1,2,24
0,2,1,27,91,86,1,1,40,0,3,0,1,2,1,0,4,1,0,24
3,1,1,19,62,86,1,1,97,1,0,0,0,1,0,1,15,1,0,24
0,1,1,29,52,86,1,1,98,1,0,0,0,1,3,1,2,1,2,24
0,2,1,27,91,86,1,1,40,1,3,0,0,2,1,1,4,1,0,24
2,0,1,20,73,88,0,0,60,0,2,1,1,0,1,1,12,1,2,28
0,0,2,25,53,74,1,0,68,1,2,0,1,0,2,1,1,1,1,24
0,2,2,28,95,74,0,1,48,1,3,0,1,2,1,1,5,1,0,24
0,0,2,26,52,74,1,0,68,1,2,0,1,0,3,1,6,1,2,24
0,3,2,22,85,74,1,1,88,1,0,0,1,3,1,1,2,1,1,24
1,0,2,25,53,74,1,0,68,0,2,0,1,0,2,2,1,2,1,24
1,2,2,28,95,74,0,1,48,0,3,0,1,2,1,2,5,2,0,24
1,0,0,26,52,74,1,0,68,0,2,0,1,0,3,2,6,2,2,24
1,3,2,22,85,74,1,1,88,0,0,0,1,3,1,2,2,2,1,24
0,0,2,25,53,74,1,0,68,1,2,0,1,0,2,1,1,0,1,24
1,2,2,28,95,74,0,1,48,1,3,0,1,2,1,1,5,0,0,24
0,0,2,26,52,74,1,0,68,1,2,0,1,0,3,1,6,0,2,24
0,3,2,22,85,74,1,1,88,1,0,0,1,3,1,1,2,0,1,24
2,3,2,25,78,83,0,0,96,0,0,1,0,3,1,2,17,0,1,26
1,3,2,26,96,83,0,1,91,0,0,1,0,3,1,2,4,0,1,26
2,1,2,27,67,83,0,1,93,0,0,1,0,1,1,2,19,0,1,26
2,3,2,25,78,83,0,0,96,0,0,1,1,3,1,0,17,1,1,26
1,3,2,26,96,83,0,1,91,0,0,1,1,3,1,0,4,1,1,26
2,1,2,27,67,83,0,1,93,0,0,1,1,1,1,0,19,1,1,26
3,3,2,25,78,83,0,0,96,1,0,1,1,3,1,1,17,2,1,26
1,3,2,26,96,83,0,1,91,1,0,1,1,3,1,1,4,2,1,26
3,1,2,27,67,83,0,1,93,1,0,1,1,1,1,1,19,2,1,26
2,3,2,25,78,83,0,0,96,0,0,1,1,3,1,1,17,0,1,26
1,3,2,26,96,83,0,1,91,0,0,1,1,3,1,1,4,0,1,26
2,1,2,27,67,83,0,1,93,0,0,1,1,1,1,1,19,0,1,26
1,2,0,21,78,74,0,1,68,0,2,0,1,2,1,0,12,2,2,9
2,3,2,21,77,74,1,1,84,0,1,0,1,3,1,0,17,2,1,9
2,2,0,22,79,74,1,1,67,0,2,0,1,2,2,0,13,2,2,9
2,2,0,21,78,74,0,1,68,0,2,0,1,2,1,0,12,0,2,9
2,3,2,21,77,74,1,1,84,0,1,0,1,3,1,0,17,0,1,9
2,2,0,22,79,74,1,1,67,0,2,0,1,2,2,0,13,0,2,9
3,2,0,28,82,63,1,1,67,1,2,1,1,2,1,1,19,1,2,13
0,2,2,19,93,63,0,1,70,1,1,1,1,2,1,1,2,1,1,13
3,2,0,28,82,63,1,1,67,0,2,1,1,2,1,1,19,1,2,13
1,2,2,19,93,63,0,1,70,0,1,1,1,2,1,1,2,1,1,13
3,2,0,28,82,63,1,1,67,0,2,1,1,2,1,2,19,1,2,13
1,2,2,19,93,63,0,1,70,0,1,1,1,2,1,2,2,1,1,13
3,2,0,28,82,63,1,1,67,1,2,1,1,2,1,1,19,2,2,13
1,2,2,19,93,63,0,1,70,1,1,1,1,2,1,1,2,2,1,13
3,2,0,28,82,63,1,1,67,0,2,1,1,2,1,0,19,1,2,13
1,2,0,19,93,63,0,1,70,0,1,1,1,2,1,0,2,1,1,13
0,2,1,27,93,100,1,1,51,1,3,0,1,2,2,1,3,1,0,8
0,2,1,24,78,100,1,1,68,1,2,0,1,2,2,1,9,1,1,8
0,2,1,27,93,100,1,1,51,1,3,0,1,2,2,1,3,2,0,8
0,2,1,24,78,100,1,1,68,1,2,0,1,2,2,1,9,2,1,8
2,1,0,24,51,65,0,1,97,1,0,1,0,1,0,1,16,2,2,18
1,1,0,21,67,65,0,1,86,1,0,1,0,1,2,1,6,2,2,18
1,3,2,28,97,65,0,1,86,1,0,1,0,3,2,1,6,2,0,18
3,1,0,24,51,65,0,1,97,1,0,1,1,1,0,1,16,1,2,18
0,1,0,21,67,65,0,1,86,1,0,1,1,1,2,1,6,1,2,18
0,3,2,28,97,65,0,1,86,1,0,1,1,3,2,1,6,1,0,18
2,1,0,24,51,65,0,1,97,0,0,1,1,1,0,1,16,0,2,18
1,1,0,21,67,65,0,1,86,0,0,1,1,1,2,1,6,0,2,18
1,3,2,28,97,65,0,1,86,0,0,1,1,3,2,1,6,0,0,18
2,1,0,24,51,65,0,1,97,1,0,1,1,1,0,1,16,2,2,18
1,1,0,21,67,65,0,1,86,1,0,1,1,1,2,1,6,2,2,18
1,3,2,28,97,65,0,1,86,1,0,1,1,3,2,1,6,2,0,18
2,1,0,24,51,65,0,1,97,0,0,1,1,1,0,0,16,2,2,18
1,1,0,21,67,65,0,1,86,0,0,1,1,1,2,0,6,2,2,18
1,3,0,28,97,65,0,1,86,0,0,1,1,3,2,0,6,2,0,18
3,1,0,24,51,65,0,1,97,1,0,1,1,1,0,1,16,1,2,18
0,1,0,21,67,65,0,1,86,1,0,1,1,1,2,1,6,1,2,18
0,3,2,28,97,65,0,1,86,1,0,1,1,3,2,1,6,1,0,18
3,1,0,24,51,65,0,1,97,1,0,1,1,1,0,2,16,1,2,18
0,1,0,21,67,65,0,1,86,1,0,1,1,1,2,2,6,1,2,18
0,3,0,28,97,65,0,1,86,1,0,1,1,3,2,2,6,1,0,18
1,0,1,28,68,95,1,1,53,0,3,0,1,0,3,1,6,0,2,29
2,3,1,21,82,95,1,0,98,0,0,0,1,3,1,1,19,0,2,29
0,0,1,28,68,95,1,1,53,1,3,0,1,0,3,1,6,1,2,29
3,3,1,21,82,95,1,0,98,1,0,0,1,3,1,1,19,1,2,29
0,0,1,28,68,95,1,1,53,1,3,0,1,0,3,0,6,1,2,29
3,3,1,21,82,95,1,0,98,1,0,0,1,3,1,0,19,1,2,29
0,0,1,28,68,95,1,1,53,1,3,0,1,0,3,1,6,0,2,29
3,3,1,21,82,95,1,0,98,1,0,0,1,3,1,1,19,0,2,29
0,0,1,28,68,95,1,1,53,0,3,0,0,0,3,1,6,1,2,29
3,3,1,21,82,95,1,0,98,0,0,0,0,3,1,1,19,1,2,29
2,1,0,23,61,72,0,0,82,1,1,0,1,1,1,0,13,0,2,20
2,2,0,27,77,72,0,1,66,1,2,0,1,2,2,0,17,0,2,20
2,1,0,23,61,72,0,0,82,0,1,0,0,1,1,2,13,1,2,20
2,2,0,27,77,72,0,1,66,0,2,0,0,2,2,2,17,1,2,20
2,1,0,23,61,72,0,0,82,0,1,0,1,1,1,0,13,2,2,20
2,2,0,27,77,72,0,1,66,0,2,0,1,2,2,0,17,2,2,20
2,1,0,23,61,72,0,0,82,1,1,0,1,1,1,1,13,0,2,20
2,2,0,27,77,72,0,1,66,1,2,0,1,2,2,1,17,0,2,20
0,1,2,26,53,86,0,1,73,1,1,0,1,1,3,1,0,0,1,30
0,0,1,29,71,86,1,1,45,1,3,0,1,0,3,1,7,0,2,30
0,0,2,19,54,86,1,1,62,1,2,0,1,0,2,1,8,0,1,30
1,1,2,26,53,86,0,1,73,1,1,0,1,1,3,1,0,2,1,30
0,0,1,29,71,86,1,1,45,1,3,0,1,0,3,1,7,2,2,30
0,0,2,19,54,86,1,1,62,1,2,0,1,0,2,1,8,2,1,30
2,0,2,24,57,73,0,1,57,0,2,1,1,0,1,1,14,1,2,12
0,3,2,20,97,73,1,1,84,0,1,1,1,3,0,1,8,1,1,12
2,0,2,24,57,73,0,1,57,0,2,1,0,0,1,1,14,1,2,12
0,3,2,20,97,73,1,1,84,0,1,1,0,3,0,1,8,1,1,12
3,2,1,19,87,76,1,0,68,1,2,1,1,2,1,1,20,1,2,10
0,3,1,19,96,76,0,1,85,1,0,1,1,3,1,1,8,1,2,10
0,3,2,22,77,76,0,1,88,1,0,1,1,3,2,1,7,1,1,10
3,3,1,22,83,76,0,0,100,1,0,1,1,3,2,1,13,1,2,10
2,2,1,19,87,76,1,0,68,0,2,1,1,2,1,1,20,0,2,10
2,3,1,19,96,76,0,1,85,0,0,1,1,3,1,1,8,0,2,10
1,3,2,22,77,76,0,1,88,0,0,1,1,3,2,1,7,0,1,10
2,3,1,22,83,76,0,0,100,0,0,1,1,3,2,1,13,0,2,10
2,2,1,19,87,76,1,0,68,0,2,1,1,2,1,1,20,0,2,10
2,3,1,19,96,76,0,1,85,0,0,1,1,3,1,1,8,0,2,10
1,3,2,22,77,76,0,1,88,0,0,1,1,3,2,1,7,0,1,10
2,3,1,22,83,76,0,0,100,0,0,1,1,3,2,1,13,0,2,10
1,2,2,23,97,70,0,0,58,0,2,0,1,2,2,1,10,1,1,20
3,2,2,23,97,70,0,0,58,1,2,0,1,2,2,2,10,1,1,20
1,2,2,23,97,70,0,0,58,0,2,0,1,2,2,1,10,1,1,20
3,2,2,23,97,70,0,0,58,1,2,0,1,2,2,2,10,1,1,20
3,3,2,28,79,74,1,1,75,1,1,1,1,3,1,0,18,0,1,22
0,1,0,21,63,74,1,1,79,1,1,1,1,1,3,0,2,0,0,22
0,2,0,22,84,74,1,1,67,1,2,1,1,2,3,0,6,0,2,22
3,3,2,28,79,74,1,1,75,1,1,1,0,3,1,1,18,2,1,22
0,1,2,21,63,74,1,1,79,1,1,1,0,1,3,1,2,2,0,22
0,2,2,22,84,74,1,1,67,1,2,1,0,2,3,1,6,2,2,22
2,3,2,28,79,74,1,1,75,0,1,1,1,3,1,0,18,2,1,22
1,1,0,21,63,74,1,1,79,0,1,1,1,1,3,0,2,2,0,22
1,2,0,22,84,74,1,1,67,0,2,1,1,2,3,0,6,2,2,22
3,3,2,28,79,74,1,1,75,1,1,1,1,3,1,1,18,2,1,22
0,1,2,21,63,74,1,1,79,1,1,1,1,1,3,1,2,2,0,22
0,2,2,22,84,74,1,1,67,1,2,1,1,2,3,1,6,2,2,22
1,2,1,18,95,76,0,1,71,0,1,0,1,2,0,1,6,0,2,20
1,2,0,18,95,76,0,1,71,1,1,0,0,2,0,0,6,2,2,20
1,2,1,18,95,76,0,1,71,1,1,0,1,2,0,1,6,2,2,20
2,3,1,20,77,89,0,1,94,1,0,1,1,3,2,0,18,2,2,8
0,1,1,26,56,89,1,0,75,1,1,1,1,1,0,0,8,2,0,8
0,2,1,22,94,89,1,1,70,1,1,1,1,2,2,0,6,2,2,8
2,3,1,20,77,89,0,1,94,0,0,1,1,3,2,1,18,2,2,8
1,1,1,26,56,89,1,0,75,0,1,1,1,1,0,1,8,2,0,8
1,2,1,22,94,89,1,1,70,0,1,1,1,2,2,1,6,2,2,8
0,1,1,21,56,98,1,1,88,1,0,1,1,1,3,1,6,1,1,12
3,3,1,21,76,98,0,1,94,1,0,1,1,3,0,1,18,1,1,12
0,2,1,18,87,98,1,1,45,1,3,1,1,2,2,1,8,1,0,12
0,3,0,18,75,62,1,1,85,0,0,1,1,3,2,2,9,1,2,24
3,1,0,24,56,62,1,0,75,0,1,1,1,1,2,2,10,1,0,24
0,3,0,18,75,62,1,1,85,1,0,1,1,3,2,1,9,1,2,24
3,1,2,24,56,62,1,0,75,1,1,1,1,1,2,1,10,1,0,24
0,3,0,18,75,62,1,1,85,0,0,1,1,3,2,1,9,1,2,24
3,1,2,24,56,62,1,0,75,0,1,1,1,1,2,1,10,1,0,24
0,3,0,18,75,62,1,1,85,1,0,1,1,3,2,1,9,0,2,24
3,1,2,24,56,62,1,0,75,1,1,1,1,1,2,1,10,0,0,24
0,3,0,18,75,62,1,1,85,1,0,1,1,3,2,0,9,1,2,24
3,1,0,24,56,62,1,0,75,1,1,1,1,1,2,0,10,1,0,24
0,3,2,19,97,80,1,1,88,1,0,0,1,3,3,1,5,1,0,22
0,0,2,20,64,80,1,0,62,1,2,0,1,0,0,1,3,1,1,22
3,0,1,18,71,80,1,0,42,1,3,0,1,0,0,1,20,1,2,22
0,0,1,18,70,80,1,0,56,1,2,0,1,0,2,1,5,1,2,22
3,3,2,23,78,80,0,1,85,1,0,0,1,3,0,1,19,1,0,22
0,0,2,18,72,80,1,1,53,1,3,0,1,0,0,1,2,1,1,22
0,3,2,19,97,80,1,1,88,1,0,0,1,3,3,2,5,1,0,22
0,0,2,20,64,80,1,0,62,1,2,0,1,0,0,2,3,1,1,22
3,0,0,18,71,80,1,0,42,1,3,0,1,0,0,2,20,1,2,22
0,0,0,18,70,80,1,0,56,1,2,0,1,0,2,2,5,1,2,22
3,3,2,23,78,80,0,1,85,1,0,0,1,3,0,2,19,1,0,22
0,0,2,18,72,80,1,1,53,1,3,0,1,0,0,2,2,1,1,22
0,3,2,19,97,80,1,1,88,1,0,0,1,3,3,1,5,2,0,22
0,0,2,20,64,80,1,0,62,1,2,0,1,0,0,1,3,2,1,22
3,0,1,18,71,80,1,0,42,1,3,0,1,0,0,1,20,2,2,22
0,0,1,18,70,80,1,0,56,1,2,0,1,0,2,1,5,2,2,22
2,3,2,23,78,80,0,1,85,1,0,0,1,3,0,1,19,2,0,22
0,0,2,18,72,80,1,1,53,1,3,0,1,0,0,1,2,2,1,22
1,3,2,19,97,80,1,1,88,0,0,0,1,3,3,2,5,0,0,22
0,0,2,20,64,80,1,0,62,0,2,0,1,0,0,2,3,0,1,22
2,0,0,18,71,80,1,0,42,0,3,0,1,0,0,2,20,0,2,22
1,0,0,18,70,80,1,0,56,0,2,0,1,0,2,2,5,0,2,22
2,3,2,23,78,80,0,1,85,0,0,0,1,3,0,2,19,0,0,22
0,0,2,18,72,80,1,1,53,0,3,0,1,0,0,2,2,0,1,22
0,3,0,19,97,80,1,1,88,1,0,0,1,3,3,0,5,2,0,22
0,0,2,20,64,80,1,0,62,1,2,0,1,0,0,0,3,2,1,22
3,0,0,18,71,80,1,0,42,1,3,0,1,0,0,0,20,2,2,22
0,0,0,18,70,80,1,0,56,1,2,0,1,0,2,0,5,2,2,22
2,3,0,23,78,80,0,1,85,1,0,0,1,3,0,0,19,2,0,22
0,0,2,18,72,80,1,1,53,1,3,0,1,0,0,0,2,2,1,22
0,3,2,20,94,83,1,1,77,1,1,1,1,3,1,1,9,0,0,14
2,3,1,19,99,83,0,1,83,1,1,1,1,3,2,1,12,0,2,14
0,3,0,20,94,83,1,1,77,1,1,1,1,3,1,0,9,2,0,14
1,3,0,19,99,83,0,1,83,1,1,1,1,3,2,0,12,2,2,14
2,3,0,20,94,83,1,1,77,0,1,1,1,3,1,0,9,0,0,14
2,3,0,19,99,83,0,1,83,0,1,1,1,3,2,0,12,0,2,14
3,3,0,24,96,62,1,1,77,1,1,1,1,3,3,0,13,2,1,14
0,3,0,21,76,62,1,0,99,1,0,1,1,3,3,0,4,2,0,14
3,3,0,24,96,62,1,1,77,0,1,1,1,3,3,0,13,1,1,14
0,3,0,21,76,62,1,0,99,0,0,1,1,3,3,0,4,1,0,14
3,3,2,24,96,62,1,1,77,0,1,1,1,3,3,1,13,1,1,14
0,3,2,21,76,62,1,0,99,0,0,1,1,3,3,1,4,1,0,14
3,3,2,24,96,62,1,1,77,1,1,1,1,3,3,2,13,1,1,14
0,3,0,21,76,62,1,0,99,1,0,1,1,3,3,2,4,1,0,14
3,3,2,24,96,62,1,1,77,0,1,1,1,3,3,1,13,1,1,14
0,3,2,21,76,62,1,0,99,0,0,1,1,3,3,1,4,1,0,14
3,3,2,24,96,62,1,1,77,0,1,1,1,3,3,1,13,1,1,14
0,3,2,21,76,62,1,0,99,0,0,1,1,3,3,1,4,1,0,14
1,2,1,27,76,83,0,1,58,0,2,1,1,2,1,1,8,1,2,20
2,0,2,29,65,83,0,0,42,0,3,1,1,0,3,1,18,1,0,20
1,2,0,27,76,83,0,1,58,0,2,1,0,2,1,0,8,0,2,20
2,0,0,29,65,83,0,0,42,0,3,1,0,0,3,0,18,0,0,20
1,2,1,27,76,83,0,1,58,0,2,1,1,2,1,2,8,0,2,20
2,0,2,29,65,83,0,0,42,0,3,1,1,0,3,2,18,0,0,20
0,2,0,27,76,83,0,1,58,1,2,1,1,2,1,0,8,1,2,20
3,0,0,29,65,83,0,0,42,1,3,1,1,0,3,0,18,1,0,20
1,2,1,27,76,83,0,1,58,0,2,1,1,2,1,1,8,1,2,20
2,0,2,29,65,83,0,0,42,0,3,1,1,0,3,1,18,1,0,20
1,2,1,27,76,83,0,1,58,1,2,1,1,2,1,1,8,0,2,20
2,0,2,29,65,83,0,0,42,1,3,1,1,0,3,1,18,0,0,20
1,2,1,27,76,83,0,1,58,1,2,1,1,2,1,1,8,0,2,20
2,0,2,29,65,83,0,0,42,1,3,1,1,0,3,1,18,0,0,20
1,2,1,27,76,83,0,1,58,1,2,1,1,2,1,1,8,2,2,20
2,0,2,29,65,83,0,0,42,1,3,1,1,0,3,1,18,2,0,20
0,2,1,27,76,83,0,1,58,1,2,1,1,2,1,1,8,1,2,20
3,0,2,29,65,83,0,0,42,1,3,1,1,0,3,1,18,1,0,20
0,3,1,26,77,95,1,1,73,1,1,1,1,3,1,1,0,1,0,23
3,2,1,24,98,95,1,1,63,1,2,1,1,2,1,1,11,1,2,23
0,3,1,26,77,95,1,1,73,1,1,1,1,3,1,1,0,1,0,23
3,2,1,24,98,95,1,1,63,1,2,1,1,2,1,1,11,1,2,23
0,3,1,26,77,95,1,1,73,1,1,1,1,3,1,2,0,1,0,23
3,2,1,24,98,95,1,1,63,1,2,1,1,2,1,2,11,1,2,23
0,3,1,26,77,95,1,1,73,1,1,1,1,3,1,1,0,1,0,23
3,2,1,24,98,95,1,1,63,1,2,1,1,2,1,1,11,1,2,23
3,3,0,19,78,61,0,1,73,1,1,1,1,3,1,2,18,1,2,17
0,1,0,18,61,61,1,1,88,1,0,1,1,1,2,2,9,1,0,17
2,3,0,19,78,61,0,1,73,1,1,1,1,3,1,1,18,0,2,17
0,1,2,18,61,61,1,1,88,1,0,1,1,1,2,1,9,0,0,17
3,3,0,19,78,61,0,1,73,1,1,1,1,3,1,2,18,1,2,17
0,1,0,18,61,61,1,1,88,1,0,1,1,1,2,2,9,1,0,17
2,3,0,19,78,61,0,1,73,0,1,1,1,3,1,0,18,2,2,17
1,1,0,18,61,61,1,1,88,0,0,1,1,1,2,0,9,2,0,17
3,3,0,19,78,61,0,1,73,1,1,1,1,3,1,2,18,1,2,17
0,1,0,18,61,61,1,1,88,1,0,1,1,1,2,2,9,1,0,17
3,3,0,19,78,61,0,1,73,1,1,1,1,3,1,2,18,1,2,17
0,1,0,18,61,61,1,1,88,1,0,1,1,1,2,2,9,1,0,17
3,3,1,19,80,89,0,1,86,1,0,0,1,3,1,1,15,1,2,15
3,3,2,21,88,89,0,1,77,1,1,0,1,3,0,1,19,1,1,15
3,2,1,29,96,89,1,1,71,1,1,0,1,2,1,1,11,1,0,15
3,1,1,23,65,97,1,0,96,1,0,1,1,1,1,1,17,0,2,19
2,1,1,23,65,97,1,0,96,0,0,1,1,1,1,1,17,0,2,19
2,1,1,23,65,97,1,0,96,0,0,1,1,1,1,1,17,2,2,19
2,1,1,23,65,97,1,0,96,0,0,1,1,1,1,1,17,0,2,19
3,1,1,23,65,97,1,0,96,1,0,1,1,1,1,1,17,0,2,19
3,1,1,23,65,97,1,0,96,0,0,1,1,1,1,1,17,1,2,19
2,1,1,23,65,97,1,0,96,0,0,1,1,1,1,0,17,2,2,19
3,1,1,23,65,97,1,0,96,0,0,1,1,1,1,0,17,1,2,19
3,1,1,23,65,97,1,0,96,1,0,1,1,1,1,2,17,1,2,19
0,3,2,27,96,86,1,1,92,1,0,1,0,3,1,1,2,0,1,14
0,3,2,27,96,86,1,1,92,1,0,1,1,3,1,1,2,0,1,14
0,3,2,27,96,86,1,1,92,1,0,1,1,3,1,0,2,0,1,14
0,3,2,27,96,86,1,1,92,1,0,1,1,3,1,1,2,2,1,14
2,3,2,23,85,62,0,1,88,0,0,0,1,3,3,1,13,2,1,13
1,0,2,21,61,62,0,0,64,0,2,0,1,0,2,1,2,2,1,13
1,1,0,18,65,62,1,1,75,0,1,0,1,1,2,1,6,2,2,13
1,2,2,25,81,62,1,1,49,0,3,0,1,2,3,1,7,2,0,13
3,3,2,23,85,62,0,1,88,1,0,0,0,3,3,1,13,1,1,13
0,0,2,21,61,62,0,0,64,1,2,0,0,0,2,1,2,1,1,13
0,1,0,18,65,62,1,1,75,1,1,0,0,1,2,1,6,1,2,13
0,2,2,25,81,62,1,1,49,1,3,0,0,2,3,1,7,1,0,13
3,3,0,23,85,62,0,1,88,1,0,0,1,3,3,0,13,1,1,13
0,0,0,21,61,62,0,0,64,1,2,0,1,0,2,0,2,1,1,13
0,1,0,18,65,62,1,1,75,1,1,0,1,1,2,0,6,1,2,13
0,2,0,25,81,62,1,1,49,1,3,0,1,2,3,0,7,1,0,13
3,0,2,26,67,79,1,1,51,1,3,0,0,0,1,0,18,0,1,20
3,0,2,26,67,79,1,1,51,1,3,0,1,0,1,2,18,1,1,20
3,0,2,26,67,79,1,1,51,0,3,0,1,0,1,1,18,1,1,20
3,0,2,26,67,79,1,1,51,0,3,0,1,0,1,0,18,1,1,20
3,0,2,26,67,79,1,1,51,1,3,0,1,0,1,0,18,0,1,20
3,0,2,26,67,79,1,1,51,1,3,0,1,0,1,1,18,1,1,20
0,3,1,18,78,88,1,0,97,1,0,1,1,3,3,2,5,1,2,21
0,0,2,27,51,88,1,1,57,1,2,1,1,0,0,2,6,1,1,21
0,3,1,18,78,88,1,0,97,1,0,1,0,3,3,0,5,1,2,21
0,0,2,27,51,88,1,1,57,1,2,1,0,0,0,0,6,1,1,21
0,3,1,18,78,88,1,0,97,1,0,1,1,3,3,1,5,0,2,21
0,0,2,27,51,88,1,1,57,1,2,1,1,0,0,1,6,0,1,21
1,3,1,18,78,88,1,0,97,0,0,1,1,3,3,1,5,0,2,21
1,0,2,27,51,88,1,1,57,0,2,1,1,0,0,1,6,0,1,21
0,3,1,18,78,88,1,0,97,0,0,1,1,3,3,1,5,1,2,21
0,0,2,27,51,88,1,1,57,0,2,1,1,0,0,1,6,1,1,21
1,3,1,18,78,88,1,0,97,0,0,1,1,3,3,1,5,0,2,21
1,0,2,27,51,88,1,1,57,0,2,1,1,0,0,1,6,0,1,21
0,3,1,18,78,88,1,0,97,0,0,1,1,3,3,0,5,1,2,21
0,0,2,27,51,88,1,1,57,0,2,1,1,0,0,0,6,1,1,21
1,2,2,23,76,79,0,1,61,0,2,0,1,2,0,0,6,2,1,19
1,1,0,23,61,79,1,0,97,0,0,0,1,1,2,0,10,2,2,19
1,0,0,18,60,79,0,0,67,0,2,0,1,0,0,0,1,2,2,19
1,2,2,23,76,79,0,1,61,1,2,0,1,2,0,1,6,2,1,19
3,1,1,23,61,79,1,0,97,1,0,0,1,1,2,1,10,2,2,19
1,0,1,18,60,79,0,0,67,1,2,0,1,0,0,1,1,2,2,19
0,2,2,23,76,79,0,1,61,1,2,0,1,2,0,2,6,1,1,19
3,1,0,23,61,79,1,0,97,1,0,0,1,1,2,2,10,1,2,19
0,0,0,18,60,79,0,0,67,1,2,0,1,0,0,2,1,1,2,19
0,2,2,23,76,79,0,1,61,1,2,0,1,2,0,1,6,1,1,19
3,1,1,23,61,79,1,0,97,1,0,0,1,1,2,1,10,1,2,19
0,0,1,18,60,79,0,0,67,1,2,0,1,0,0,1,1,1,2,19
0,2,2,23,76,79,0,1,61,1,2,0,1,2,0,0,6,1,1,19
3,1,0,23,61,79,1,0,97,1,0,0,1,1,2,0,10,1,2,19
0,0,0,18,60,79,0,0,67,1,2,0,1,0,0,0,1,1,2,19
1,1,0,28,61,69,1,0,72,0,1,1,1,1,2,0,9,2,2,24
0,1,0,28,61,69,1,0,72,1,1,1,1,1,2,1,9,0,2,24
0,1,0,28,61,69,1,0,72,1,1,1,1,1,2,1,9,2,2,24
0,1,0,28,61,69,1,0,72,1,1,1,1,1,2,0,9,2,2,24
0,1,0,28,61,69,1,0,72,1,1,1,1,1,2,1,9,0,2,24
1,3,0,19,96,63,0,1,91,0,0,0,1,3,0,1,2,1,2,25
0,3,0,19,96,63,0,1,91,1,0,0,1,3,0,1,2,0,2,25
1,3,0,19,96,63,0,1,91,0,0,0,1,3,0,1,2,1,2,25
1,2,2,20,87,83,0,1,67,0,2,0,1,2,2,1,4,1,1,17
1,2,2,20,87,83,0,1,67,0,2,0,1,2,2,0,4,1,1,17
1,2,2,20,87,83,0,1,67,0,2,0,1,2,2,1,4,1,1,17
2,1,1,19,64,85,0,1,81,0,1,0,1,1,1,2,15,0,0,17
2,1,1,29,53,85,1,1,97,0,0,0,1,1,0,2,16,0,2,17
2,1,0,19,64,85,0,1,81,1,1,0,1,1,1,0,15,0,0,17
3,1,0,29,53,85,1,1,97,1,0,0,1,1,0,0,16,0,2,17
3,1,1,19,64,85,0,1,81,1,1,0,1,1,1,1,15,1,0,17
3,1,1,29,53,85,1,1,97,1,0,0,1,1,0,1,16,1,2,17
2,1,1,19,64,85,0,1,81,1,1,0,1,1,1,1,15,2,0,17
3,1,1,29,53,85,1,1,97,1,0,0,1,1,0,1,16,2,2,17
3,1,1,19,64,85,0,1,81,1,1,0,1,1,1,1,15,1,0,17
3,1,1,29,53,85,1,1,97,1,0,0,1,1,0,1,16,1,2,17
2,1,1,19,64,85,0,1,81,1,1,0,1,1,1,1,15,2,0,17
3,1,1,29,53,85,1,1,97,1,0,0,1,1,0,1,16,2,2,17
0,2,1,24,86,80,1,1,54,1,3,0,1,2,1,1,3,0,2,18
2,0,1,24,74,80,0,1,61,1,2,0,1,0,1,1,14,0,2,18
2,2,2,29,90,80,0,1,71,1,1,0,1,2,2,1,17,0,0,18
2,1,2,24,74,80,0,1,83,1,1,0,1,1,0,1,16,0,0,18
0,2,1,24,86,80,1,1,54,1,3,0,1,2,1,1,3,2,2,18
2,0,1,24,74,80,0,1,61,1,2,0,1,0,1,1,14,2,2,18
2,2,2,29,90,80,0,1,71,1,1,0,1,2,2,1,17,2,0,18
2,1,2,24,74,80,0,1,83,1,1,0,1,1,0,1,16,2,0,18
0,2,1,24,86,80,1,1,54,1,3,0,1,2,1,1,3,0,2,18
2,0,1,24,74,80,0,1,61,1,2,0,1,0,1,1,14,0,2,18
2,2,2,29,90,80,0,1,71,1,1,0,1,2,2,1,17,0,0,18
2,1,2,24,74,80,0,1,83,1,1,0,1,1,0,1,16,0,0,18
0,3,1,26,83,93,1,0,81,0,1,0,1,3,3,2,4,1,1,6
3,2,1,18,86,94,1,1,41,1,3,0,0,2,3,2,13,0,2,11
2,2,1,22,91,94,0,1,40,1,3,0,0,2,2,2,15,0,1,11
3,0,1,22,75,94,1,1,50,1,3,0,0,0,1,2,14,0,2,11
3,3,1,21,83,94,1,1,100,1,0,0,0,3,0,2,18,0,2,11
3,2,1,18,86,94,1,1,41,1,3,0,1,2,3,2,13,2,2,11
2,2,1,22,91,94,0,1,40,1,3,0,1,2,2,2,15,2,1,11
3,0,1,22,75,94,1,1,50,1,3,0,1,0,1,2,14,2,2,11
3,3,1,21,83,94,1,1,100,1,0,0,1,3,0,2,18,2,2,11
3,2,1,18,86,94,1,1,41,0,3,0,1,2,3,1,13,1,2,11
2,2,1,22,91,94,0,1,40,0,3,0,1,2,2,1,15,1,1,11
3,0,1,22,75,94,1,1,50,0,3,0,1,0,1,1,14,1,2,11
3,3,1,21,83,94,1,1,100,0,0,0,1,3,0,1,18,1,2,11
3,3,1,27,75,85,1,1,87,1,0,1,1,3,2,1,19,2,2,28
0,0,1,22,54,85,1,0,43,1,3,1,1,0,1,1,0,2,0,28
3,3,0,27,75,85,1,1,87,1,0,1,1,3,2,0,19,1,2,28
0,0,0,22,54,85,1,0,43,1,3,1,1,0,1,0,0,1,0,28
3,3,0,27,75,85,1,1,87,1,0,1,1,3,2,0,19,1,2,28
0,0,0,22,54,85,1,0,43,1,3,1,1,0,1,0,0,1,0,28
2,3,0,27,75,85,1,1,87,0,0,1,1,3,2,0,19,0,2,28
0,0,0,22,54,85,1,0,43,0,3,1,1,0,1,0,0,0,0,28
3,3,0,23,89,61,1,1,83,1,1,0,1,3,2,1,14,2,2,30
3,3,0,23,89,61,1,1,83,1,1,0,1,3,2,0,14,2,2,30
2,2,2,27,77,88,0,0,45,0,3,0,1,2,3,1,10,0,1,19
2,0,1,27,74,88,0,1,68,0,2,0,1,0,0,1,15,0,2,19
1,2,2,27,77,88,0,0,45,0,3,0,1,2,3,1,10,2,1,19
2,0,1,27,74,88,0,1,68,0,2,0,1,0,0,1,15,2,2,19
3,2,1,21,99,86,1,1,53,1,3,1,1,2,2,0,11,2,0,38
3,2,2,28,83,74,1,1,45,0,3,0,1,2,2,1,14,2,0,27
3,0,2,28,66,74,1,1,57,0,2,0,1,0,1,1,14,2,1,27
1,2,2,20,76,74,1,1,62,0,2,0,1,2,3,1,6,2,1,27
1,0,2,19,66,74,1,1,69,0,2,0,1,0,0,1,8,2,2,27
3,2,0,28,83,74,1,1,45,1,3,0,1,2,2,0,14,2,0,27
3,0,2,28,66,74,1,1,57,1,2,0,1,0,1,0,14,2,1,27
0,2,2,20,76,74,1,1,62,1,2,0,1,2,3,0,6,2,1,27
0,0,0,19,66,74,1,1,69,1,2,0,1,0,0,0,8,2,2,27
3,2,2,28,83,74,1,1,45,0,3,0,1,2,2,1,14,2,0,27
3,0,2,28,66,74,1,1,57,0,2,0,1,0,1,1,14,2,1,27
1,2,2,20,76,74,1,1,62,0,2,0,1,2,3,1,6,2,1,27
1,0,2,19,66,74,1,1,69,0,2,0,1,0,0,1,8,2,2,27
3,1,0,26,72,65,1,1,75,1,1,0,1,1,0,1,18,1,2,14
3,3,2,20,93,65,1,0,96,1,0,0,1,3,0,1,15,1,1,14
3,1,0,26,72,65,1,1,75,1,1,0,1,1,0,0,18,2,2,14
3,3,0,20,93,65,1,0,96,1,0,0,1,3,0,0,15,2,1,14
3,3,0,19,79,60,0,0,76,1,1,0,1,3,2,0,13,2,1,21
3,0,0,27,50,60,1,1,40,1,3,0,1,0,3,0,19,2,1,21
1,1,0,19,63,60,0,1,74,1,1,0,1,1,0,0,4,2,2,21
0,0,0,18,56,60,1,1,63,1,2,0,1,0,2,0,8,2,1,21
2,3,2,19,79,60,0,0,76,0,1,0,1,3,2,1,13,0,1,21
2,0,2,27,50,60,1,1,40,0,3,0,1,0,3,1,19,0,1,21
1,1,0,19,63,60,0,1,74,0,1,0,1,1,0,1,4,0,2,21
1,0,2,18,56,60,1,1,63,0,2,0,1,0,2,1,8,0,1,21
3,3,1,28,82,97,0,0,98,1,0,1,1,3,3,1,14,1,0,15
3,1,1,24,53,97,0,1,97,1,0,1,1,1,1,1,20,1,1,15
0,0,1,19,69,97,1,1,41,1,3,1,1,0,0,1,8,1,2,15
2,3,1,28,82,97,0,0,98,0,0,1,1,3,3,2,14,2,0,15
2,1,1,24,53,97,0,1,97,0,0,1,1,1,1,2,20,2,1,15
1,0,1,19,69,97,1,1,41,0,3,1,1,0,0,2,8,2,2,15
1,3,2,28,91,65,0,0,78,0,1,0,1,3,0,1,4,2,0,11
1,1,0,21,70,65,1,1,97,0,0,0,1,1,0,1,1,2,2,11
0,3,2,28,91,65,0,0,78,1,1,0,1,3,0,1,4,0,0,11
0,1,0,21,70,65,1,1,97,1,0,0,1,1,0,1,1,0,2,11
0,3,2,18,90,73,1,1,75,1,1,0,1,3,2,1,4,1,0,14
0,2,2,22,81,73,0,1,40,1,3,0,1,2,1,1,7,1,2,14
0,2,2,22,95,73,1,1,69,1,2,0,1,2,3,1,1,1,1,14
0,2,2,28,98,73,0,0,68,1,2,0,1,2,3,1,3,1,1,14
0,1,2,28,60,73,1,1,75,1,1,0,1,1,3,1,2,1,0,14
3,3,2,18,98,73,0,0,93,1,0,0,1,3,2,1,10,1,2,14
0,0,2,28,53,73,0,0,68,1,2,0,1,0,1,1,1,1,2,14
0,3,0,18,90,73,1,1,75,1,1,0,1,3,2,0,4,0,0,14
1,2,0,22,81,73,0,1,40,1,3,0,1,2,1,0,7,0,2,14
0,2,2,22,95,73,1,1,69,1,2,0,1,2,3,0,1,0,1,14
0,2,2,28,98,73,0,0,68,1,2,0,1,2,3,0,3,0,1,14
0,1,0,28,60,73,1,1,75,1,1,0,1,1,3,0,2,0,0,14
2,3,0,18,98,73,0,0,93,1,0,0,1,3,2,0,10,0,2,14
0,0,0,28,53,73,0,0,68,1,2,0,1,0,1,0,1,0,2,14
0,3,2,18,90,73,1,1,75,1,1,0,1,3,2,1,4,2,0,14
1,2,2,22,81,73,0,1,40,1,3,0,1,2,1,1,7,2,2,14
0,2,2,22,95,73,1,1,69,1,2,0,1,2,3,1,1,2,1,14
1,2,2,28,98,73,0,0,68,1,2,0,1,2,3,1,3,2,1,14
0,1,2,28,60,73,1,1,75,1,1,0,1,1,3,1,2,2,0,14
1,3,2,18,98,73,0,0,93,1,0,0,1,3,2,1,10,2,2,14
1,0,2,28,53,73,0,0,68,1,2,0,1,0,1,1,1,2,2,14
0,3,2,18,90,73,1,1,75,0,1,0,1,3,2,2,4,1,0,14
1,2,0,22,81,73,0,1,40,0,3,0,1,2,1,2,7,1,2,14
0,2,2,22,95,73,1,1,69,0,2,0,1,2,3,2,1,1,1,14
1,2,2,28,98,73,0,0,68,0,2,0,1,2,3,2,3,1,1,14
0,1,2,28,60,73,1,1,75,0,1,0,1,1,3,2,2,1,0,14
1,3,0,18,98,73,0,0,93,0,0,0,1,3,2,2,10,1,2,14
1,0,0,28,53,73,0,0,68,0,2,0,1,0,1,2,1,1,2,14
0,3,2,18,90,73,1,1,75,1,1,0,1,3,2,2,4,1,0,14
0,2,0,22,81,73,0,1,40,1,3,0,1,2,1,2,7,1,2,14
0,2,2,22,95,73,1,1,69,1,2,0,1,2,3,2,1,1,1,14
0,2,2,28,98,73,0,0,68,1,2,0,1,2,3,2,3,1,1,14
0,1,2,28,60,73,1,1,75,1,1,0,1,1,3,2,2,1,0,14
3,3,0,18,98,73,0,0,93,1,0,0,1,3,2,2,10,1,2,14
0,0,0,28,53,73,0,0,68,1,2,0,1,0,1,2,1,1,2,14
3,2,2,22,96,75,1,0,40,0,3,0,1,2,1,2,15,2,1,30
2,0,2,22,60,75,0,1,63,0,2,0,1,0,1,2,17,2,0,30
1,3,2,19,77,75,0,1,92,0,0,0,1,3,0,2,3,2,0,30
3,0,2,23,55,75,1,1,69,0,2,0,1,0,1,2,16,2,0,30
1,0,2,22,57,75,1,1,64,0,2,0,1,0,0,2,12,2,1,30
2,0,0,27,68,61,0,1,56,1,2,0,1,0,1,1,13,0,2,20
0,2,2,29,91,61,1,0,70,1,1,0,1,2,2,1,1,0,0,20
3,1,0,25,72,61,1,1,82,1,1,0,1,1,1,1,18,0,2,20
2,1,0,28,69,61,0,1,91,1,0,0,1,1,2,1,9,0,2,20
2,0,0,27,68,61,0,1,56,1,2,0,1,0,1,0,13,0,2,20
0,2,0,29,91,61,1,0,70,1,1,0,1,2,2,0,1,0,0,20
3,1,0,25,72,61,1,1,82,1,1,0,1,1,1,0,18,0,2,20
2,1,0,28,69,61,0,1,91,1,0,0,1,1,2,0,9,0,2,20
3,0,0,27,68,61,0,1,56,1,2,0,1,0,1,1,13,2,2,20
0,2,2,29,91,61,1,0,70,1,1,0,1,2,2,1,1,2,0,20
3,1,0,25,72,61,1,1,82,1,1,0,1,1,1,1,18,2,2,20
1,1,0,28,69,61,0,1,91,1,0,0,1,1,2,1,9,2,2,20
2,0,0,27,68,61,0,1,56,0,2,0,1,0,1,1,13,2,2,20
1,2,2,29,91,61,1,0,70,0,1,0,1,2,2,1,1,2,0,20
2,1,0,25,72,61,1,1,82,0,1,0,1,1,1,1,18,2,2,20
1,1,0,28,69,61,0,1,91,0,0,0,1,1,2,1,9,2,2,20
2,0,0,27,68,61,0,1,56,0,2,0,1,0,1,1,13,2,2,20
1,2,2,29,91,61,1,0,70,0,1,0,1,2,2,1,1,2,0,20
2,1,0,25,72,61,1,1,82,0,1,0,1,1,1,1,18,2,2,20
1,1,0,28,69,61,0,1,91,0,0,0,1,1,2,1,9,2,2,20
0,1,2,29,59,73,1,0,78,1,1,1,1,1,0,1,1,0,2,15
1,1,0,29,59,73,1,0,78,0,1,1,1,1,0,0,1,2,2,15
0,1,2,29,59,73,1,0,78,1,1,1,1,1,0,1,1,2,2,15
1,1,2,29,59,73,1,0,78,0,1,1,1,1,0,1,1,2,2,15
1,1,0,29,59,73,1,0,78,0,1,1,0,1,0,0,1,2,2,15
3,3,1,28,99,92,0,0,83,1,1,1,1,3,0,2,19,1,1,29
0,0,1,20,55,92,1,1,49,1,3,1,1,0,1,2,2,1,1,29
2,3,1,28,99,92,0,0,83,1,1,1,1,3,0,1,19,0,1,29
0,0,1,20,55,92,1,1,49,1,3,1,1,0,1,1,2,0,1,29
2,3,1,28,99,92,0,0,83,0,1,1,1,3,0,0,19,2,1,29
1,0,1,20,55,92,1,1,49,0,3,1,1,0,1,0,2,2,1,29
0,2,2,18,86,88,1,0,45,1,3,1,1,2,2,1,5,1,1,23
3,3,1,23,84,88,0,0,93,1,0,1,1,3,3,1,19,1,2,23
3,3,1,25,91,88,0,1,91,1,0,1,1,3,1,1,11,1,0,23
3,3,2,29,81,88,1,0,96,1,0,1,1,3,0,1,16,1,1,23
0,2,2,18,86,88,1,0,45,0,3,1,1,2,2,1,5,1,1,23
2,3,1,23,84,88,0,0,93,0,0,1,1,3,3,1,19,1,2,23
2,3,1,25,91,88,0,1,91,0,0,1,1,3,1,1,11,1,0,23
3,3,2,29,81,88,1,0,96,0,0,1,1,3,0,1,16,1,1,23
1,2,2,18,86,88,1,0,45,0,3,1,0,2,2,0,5,2,1,23
2,3,1,23,84,88,0,0,93,0,0,1,0,3,3,0,19,2,2,23
1,3,1,25,91,88,0,1,91,0,0,1,0,3,1,0,11,2,0,23
3,3,2,29,81,88,1,0,96,0,0,1,0,3,0,0,16,2,1,23
0,2,2,18,86,88,1,0,45,1,3,1,1,2,2,1,5,0,1,23
2,3,1,23,84,88,0,0,93,1,0,1,1,3,3,1,19,0,2,23
2,3,1,25,91,88,0,1,91,1,0,1,1,3,1,1,11,0,0,23
3,3,2,29,81,88,1,0,96,1,0,1,1,3,0,1,16,0,1,23
0,2,2,18,86,88,1,0,45,1,3,1,1,2,2,1,5,0,1,23
2,3,1,23,84,88,0,0,93,1,0,1,1,3,3,1,19,0,2,23
2,3,1,25,91,88,0,1,91,1,0,1,1,3,1,1,11,0,0,23
3,3,2,29,81,88,1,0,96,1,0,1,1,3,0,1,16,0,1,23
0,2,2,18,86,88,1,0,45,1,3,1,1,2,2,0,5,1,1,23
3,3,1,23,84,88,0,0,93,1,0,1,1,3,3,0,19,1,2,23
3,3,1,25,91,88,0,1,91,1,0,1,1,3,1,0,11,1,0,23
3,3,2,29,81,88,1,0,96,1,0,1,1,3,0,0,16,1,1,23
0,2,2,18,86,88,1,0,45,0,3,1,1,2,2,1,5,1,1,23
2,3,1,23,84,88,0,0,93,0,0,1,1,3,3,1,19,1,2,23
2,3,1,25,91,88,0,1,91,0,0,1,1,3,1,1,11,1,0,23
3,3,2,29,81,88,1,0,96,0,0,1,1,3,0,1,16,1,1,23
0,2,1,25,88,89,1,0,51,1,3,1,1,2,3,1,8,2,2,14
3,0,2,19,74,89,1,1,65,1,2,1,1,0,0,1,15,2,1,14
1,2,1,25,88,89,1,0,51,0,3,1,1,2,3,0,8,2,2,14
2,0,2,19,74,89,1,1,65,0,2,1,1,0,0,0,15,2,1,14
0,2,1,25,88,89,1,0,51,1,3,1,1,2,3,0,8,2,2,14
3,0,2,19,74,89,1,1,65,1,2,1,1,0,0,0,15,2,1,14
0,2,1,25,88,89,1,0,51,1,3,1,1,2,3,2,8,1,2,14
3,0,2,19,74,89,1,1,65,1,2,1,1,0,0,2,15,1,1,14
2,3,0,21,97,72,0,1,95,0,0,0,1,3,1,1,16,2,2,15
2,0,2,28,73,72,1,0,57,0,2,0,1,0,1,1,14,2,1,15
1,3,2,20,99,72,1,0,73,0,1,0,1,3,3,1,1,2,1,15
1,1,0,23,70,72,1,0,86,0,0,0,1,1,0,1,0,2,2,15
3,3,0,21,97,72,0,1,95,1,0,0,1,3,1,2,16,1,2,15
3,0,2,28,73,72,1,0,57,1,2,0,1,0,1,2,14,1,1,15
0,3,2,20,99,72,1,0,73,1,1,0,1,3,3,2,1,1,1,15
0,1,0,23,70,72,1,0,86,1,0,0,1,1,0,2,0,1,2,15
2,3,0,21,97,72,0,1,95,1,0,0,1,3,1,1,16,0,2,15
3,0,2,28,73,72,1,0,57,1,2,0,1,0,1,1,14,0,1,15
0,3,2,20,99,72,1,0,73,1,1,0,1,3,3,1,1,0,1,15
0,1,0,23,70,72,1,0,86,1,0,0,1,1,0,1,0,0,2,15
0,1,2,22,64,64,0,1,84,1,1,1,1,1,2,2,2,0,1,12
1,1,0,23,54,64,0,1,88,1,0,1,1,1,3,2,6,0,2,12
0,2,0,23,86,64,0,1,51,1,3,1,1,2,1,2,1,0,2,12
1,1,2,22,64,64,0,1,84,0,1,1,1,1,2,1,2,0,1,12
1,1,0,23,54,64,0,1,88,0,0,1,1,1,3,1,6,0,2,12
1,2,0,23,86,64,0,1,51,0,3,1,1,2,1,1,1,0,2,12
1,1,0,22,64,64,0,1,84,0,1,1,0,1,2,0,2,1,1,12
1,1,0,23,54,64,0,1,88,0,0,1,0,1,3,0,6,1,2,12
1,2,0,23,86,64,0,1,51,0,3,1,0,2,1,0,1,1,2,12
1,1,2,22,64,64,0,1,84,1,1,1,0,1,2,1,2,2,1,12
1,1,0,23,54,64,0,1,88,1,0,1,0,1,3,1,6,2,2,12
1,2,0,23,86,64,0,1,51,1,3,1,0,2,1,1,1,2,2,12
1,0,1,19,62,93,0,1,66,1,2,1,1,0,1,1,8,0,1,31
0,3,1,18,89,93,1,0,94,1,0,1,1,3,0,1,7,0,1,31
3,0,1,23,62,93,1,0,66,1,2,1,1,0,2,1,15,0,2,31
1,0,1,19,62,93,0,1,66,0,2,1,1,0,1,0,8,0,1,31
1,3,1,18,89,93,1,0,94,0,0,1,1,3,0,0,7,0,1,31
2,0,1,23,62,93,1,0,66,0,2,1,1,0,2,0,15,0,2,31
1,0,1,19,62,93,0,1,66,0,2,1,1,0,1,1,8,1,1,31
0,3,1,18,89,93,1,0,94,0,0,1,1,3,0,1,7,1,1,31
3,0,1,23,62,93,1,0,66,0,2,1,1,0,2,1,15,1,2,31
1,3,1,22,92,99,0,1,72,0,1,0,1,3,2,0,4,1,0,12
0,1,1,23,56,99,1,1,85,0,0,0,1,1,0,0,8,1,0,12
1,3,1,22,92,99,0,1,72,0,1,0,1,3,2,1,4,2,0,12
1,1,1,23,56,99,1,1,85,0,0,0,1,1,0,1,8,2,0,12
0,3,1,22,92,99,0,1,72,1,1,0,1,3,2,0,4,1,0,12
0,1,1,23,56,99,1,1,85,1,0,0,1,1,0,0,8,1,0,12
3,0,0,20,54,80,0,0,47,1,3,0,1,0,3,0,12,1,2,23
0,3,0,21,97,80,1,1,79,1,1,0,1,3,1,0,4,1,2,23
0,2,0,19,83,80,0,0,68,1,2,0,1,2,1,0,4,1,2,23
3,1,0,29,73,80,1,0,81,1,1,0,1,1,2,0,17,1,0,23
2,0,1,20,54,80,0,0,47,1,3,0,1,0,3,1,12,0,2,23
0,3,1,21,97,80,1,1,79,1,1,0,1,3,1,1,4,0,2,23
0,2,1,19,83,80,0,0,68,1,2,0,1,2,1,1,4,0,2,23
3,1,2,29,73,80,1,0,81,1,1,0,1,1,2,1,17,0,0,23
2,0,0,20,54,80,0,0,47,1,3,0,1,0,3,2,12,0,2,23
0,3,0,21,97,80,1,1,79,1,1,0,1,3,1,2,4,0,2,23
0,2,0,19,83,80,0,0,68,1,2,0,1,2,1,2,4,0,2,23
3,1,2,29,73,80,1,0,81,1,1,0,1,1,2,2,17,0,0,23
2,0,0,20,54,80,0,0,47,0,3,0,1,0,3,0,12,1,2,23
0,3,0,21,97,80,1,1,79,0,1,0,1,3,1,0,4,1,2,23
1,2,0,19,83,80,0,0,68,0,2,0,1,2,1,0,4,1,2,23
3,1,0,29,73,80,1,0,81,0,1,0,1,1,2,0,17,1,0,23
0,1,0,21,58,60,1,1,77,1,1,0,1,1,1,0,0,1,2,16
3,0,0,19,72,60,1,0,57,1,2,0,1,0,2,0,11,1,0,16
3,2,0,25,99,60,1,0,46,1,3,0,1,2,3,0,13,1,1,16
1,1,0,21,58,60,1,1,77,0,1,0,1,1,1,0,0,2,2,16
1,0,0,19,72,60,1,0,57,0,2,0,1,0,2,0,11,2,0,16
2,2,0,25,99,60,1,0,46,0,3,0,1,2,3,0,13,2,1,16
3,2,0,27,99,63,1,1,60,1,2,0,1,2,0,0,12,0,2,20
2,2,0,21,98,63,0,0,50,1,3,0,1,2,0,0,19,0,0,20
0,2,0,26,83,63,1,1,68,1,2,0,1,2,3,0,5,0,2,20
3,2,0,27,99,63,1,1,60,1,2,0,1,2,0,1,12,0,2,20
2,2,2,21,98,63,0,0,50,1,3,0,1,2,0,1,19,0,0,20
0,2,0,26,83,63,1,1,68,1,2,0,1,2,3,1,5,0,2,20
3,2,0,27,99,63,1,1,60,1,2,0,0,2,0,1,12,1,2,20
3,2,2,21,98,63,0,0,50,1,3,0,0,2,0,1,19,1,0,20
0,2,0,26,83,63,1,1,68,1,2,0,0,2,3,1,5,1,2,20
2,2,0,27,99,63,1,1,60,0,2,0,1,2,0,0,12,0,2,20
2,2,0,21,98,63,0,0,50,0,3,0,1,2,0,0,19,0,0,20
1,2,0,26,83,63,1,1,68,0,2,0,1,2,3,0,5,0,2,20
3,2,0,27,99,63,1,1,60,1,2,0,1,2,0,0,12,1,2,20
3,2,0,21,98,63,0,0,50,1,3,0,1,2,0,0,19,1,0,20
0,2,0,26,83,63,1,1,68,1,2,0,1,2,3,0,5,1,2,20
2,2,1,25,87,98,0,1,64,1,2,0,1,2,2,0,17,2,1,15
1,0,1,18,58,98,0,1,67,1,2,0,1,0,2,0,9,2,2,15
2,2,1,25,87,98,0,1,64,0,2,0,0,2,2,0,17,0,1,15
2,0,1,18,58,98,0,1,67,0,2,0,0,0,2,0,9,0,2,15
2,2,1,25,87,98,0,1,64,0,2,0,1,2,2,1,17,2,1,15
1,0,1,18,58,98,0,1,67,0,2,0,1,0,2,1,9,2,2,15
3,2,1,25,87,98,0,1,64,1,2,0,1,2,2,1,17,1,1,15
0,0,1,18,58,98,0,1,67,1,2,0,1,0,2,1,9,1,2,15
3,2,1,25,87,98,0,1,64,1,2,0,1,2,2,2,17,1,1,15
0,0,1,18,58,98,0,1,67,1,2,0,1,0,2,2,9,1,2,15
2,2,1,25,87,98,0,1,64,1,2,0,1,2,2,1,17,2,1,15
1,0,1,18,58,98,0,1,67,1,2,0,1,0,2,1,9,2,2,15
2,2,0,23,99,75,0,1,60,0,2,1,1,2,2,0,14,1,2,22
0,3,0,18,93,75,1,0,84,0,1,1,1,3,0,0,0,1,0,22
3,2,0,23,99,75,0,1,60,1,2,1,1,2,2,0,14,2,2,22
0,3,0,18,93,75,1,0,84,1,1,1,1,3,0,0,0,2,0,22
2,2,0,23,99,75,0,1,60,1,2,1,1,2,2,0,14,0,2,22
0,3,0,18,93,75,1,0,84,1,1,1,1,3,0,0,0,0,0,22
2,2,0,23,99,75,0,1,60,0,2,1,1,2,2,0,14,1,2,22
0,3,0,18,93,75,1,0,84,0,1,1,1,3,0,0,0,1,0,22
3,2,0,23,99,75,0,1,60,1,2,1,1,2,2,0,14,2,2,22
0,3,0,18,93,75,1,0,84,1,1,1,1,3,0,0,0,2,0,22
3,2,0,23,99,75,0,1,60,1,2,1,1,2,2,0,14,1,2,22
0,3,0,18,93,75,1,0,84,1,1,1,1,3,0,0,0,1,0,22
3,2,0,23,99,75,0,1,60,1,2,1,1,2,2,2,14,1,2,22
0,3,2,18,93,75,1,0,84,1,1,1,1,3,0,2,0,1,0,22
2,2,0,23,99,75,0,1,60,0,2,1,1,2,2,0,14,2,2,22
1,3,0,18,93,75,1,0,84,0,1,1,1,3,0,0,0,2,0,22
0,0,1,22,55,90,1,0,43,1,3,1,1,0,3,0,7,0,2,15
3,3,1,28,81,90,1,1,96,1,0,1,1,3,0,0,20,0,2,15
0,0,1,22,55,90,1,0,43,0,3,1,1,0,3,1,7,1,2,15
3,3,1,28,81,90,1,1,96,0,0,1,1,3,0,1,20,1,2,15
3,3,1,24,85,84,1,0,94,1,0,0,1,3,1,2,18,0,2,17
3,2,1,27,84,84,1,0,68,1,2,0,1,2,3,2,10,0,2,17
2,2,1,18,88,84,0,1,65,1,2,0,1,2,0,2,20,0,0,17
3,1,1,22,54,84,1,1,90,1,0,0,1,1,2,2,18,0,2,17
2,2,2,22,77,84,0,1,49,1,3,0,1,2,3,2,11,0,1,17
3,3,0,24,85,84,1,0,94,1,0,0,1,3,1,0,18,1,2,17
3,2,0,27,84,84,1,0,68,1,2,0,1,2,3,0,10,1,2,17
3,2,0,18,88,84,0,1,65,1,2,0,1,2,0,0,20,1,0,17
3,1,0,22,54,84,1,1,90,1,0,0,1,1,2,0,18,1,2,17
3,2,2,22,77,84,0,1,49,1,3,0,1,2,3,0,11,1,1,17
2,3,1,24,85,84,1,0,94,0,0,0,1,3,1,1,18,2,2,17
1,2,1,27,84,84,1,0,68,0,2,0,1,2,3,1,10,2,2,17
2,2,1,18,88,84,0,1,65,0,2,0,1,2,0,1,20,2,0,17
2,1,1,22,54,84,1,1,90,0,0,0,1,1,2,1,18,2,2,17
1,2,2,22,77,84,0,1,49,0,3,0,1,2,3,1,11,2,1,17
3,3,1,24,85,84,1,0,94,1,0,0,1,3,1,1,18,2,2,17
3,2,1,27,84,84,1,0,68,1,2,0,1,2,3,1,10,2,2,17
2,2,1,18,88,84,0,1,65,1,2,0,1,2,0,1,20,2,0,17
3,1,1,22,54,84,1,1,90,1,0,0,1,1,2,1,18,2,2,17
1,2,2,22,77,84,0,1,49,1,3,0,1,2,3,1,11,2,1,17
3,1,1,18,69,85,1,1,70,0,1,0,1,1,2,2,16,2,2,25
1,2,1,21,96,85,0,1,50,0,3,0,1,2,0,2,3,2,2,25
1,3,2,24,78,85,1,1,76,0,1,0,1,3,0,2,4,2,1,25
3,1,0,18,69,85,1,1,70,0,1,0,1,1,2,0,16,1,2,25
1,2,0,21,96,85,0,1,50,0,3,0,1,2,0,0,3,1,2,25
0,3,2,24,78,85,1,1,76,0,1,0,1,3,0,0,4,1,1,25
3,1,0,18,69,85,1,1,70,0,1,0,1,1,2,0,16,1,2,25
1,2,0,21,96,85,0,1,50,0,3,0,1,2,0,0,3,1,2,25
0,3,2,24,78,85,1,1,76,0,1,0,1,3,0,0,4,1,1,25
3,1,1,18,69,85,1,1,70,1,1,0,1,1,2,1,16,1,2,25
0,2,1,21,96,85,0,1,50,1,3,0,1,2,0,1,3,1,2,25
0,3,2,24,78,85,1,1,76,1,1,0,1,3,0,1,4,1,1,25
3,1,1,18,69,85,1,1,70,0,1,0,1,1,2,1,16,2,2,25
1,2,1,21,96,85,0,1,50,0,3,0,1,2,0,1,3,2,2,25
1,3,2,24,78,85,1,1,76,0,1,0,1,3,0,1,4,2,1,25
3,1,1,18,69,85,1,1,70,0,1,0,1,1,2,1,16,2,2,25
1,2,1,21,96,85,0,1,50,0,3,0,1,2,0,1,3,2,2,25
1,3,2,24,78,85,1,1,76,0,1,0,1,3,0,1,4,2,1,25
0,3,1,20,81,86,1,1,85,1,0,0,1,3,0,0,3,1,2,23
0,3,1,20,81,86,1,1,85,1,0,0,1,3,0,0,3,2,2,23
0,3,1,20,81,86,1,1,85,1,0,0,1,3,0,1,3,2,2,23
0,3,1,20,81,86,1,1,85,0,0,0,1,3,0,0,3,1,2,23
0,3,1,20,81,86,1,1,85,1,0,0,1,3,0,2,3,1,2,23
1,3,1,20,81,86,1,1,85,0,0,0,1,3,0,0,3,2,2,23
0,0,0,19,58,85,1,1,56,0,2,1,1,0,1,0,4,1,0,14
1,2,0,23,88,85,0,1,65,0,2,1,1,2,0,0,4,1,2,14
1,1,0,19,73,85,0,1,87,0,0,1,1,1,3,0,6,1,2,14
0,0,0,19,58,85,1,1,56,1,2,1,1,0,1,0,4,1,0,14
0,2,0,23,88,85,0,1,65,1,2,1,1,2,0,0,4,1,2,14
0,1,0,19,73,85,0,1,87,1,0,1,1,1,3,0,6,1,2,14
0,0,1,19,58,85,1,1,56,1,2,1,1,0,1,1,4,2,0,14
1,2,1,23,88,85,0,1,65,1,2,1,1,2,0,1,4,2,2,14
1,1,1,19,73,85,0,1,87,1,0,1,1,1,3,1,6,2,2,14
0,0,1,19,58,85,1,1,56,1,2,1,1,0,1,1,4,0,0,14
0,2,1,23,88,85,0,1,65,1,2,1,1,2,0,1,4,0,2,14
1,1,1,19,73,85,0,1,87,1,0,1,1,1,3,1,6,0,2,14
0,0,1,19,58,85,1,1,56,0,2,1,1,0,1,1,4,1,0,14
1,2,1,23,88,85,0,1,65,0,2,1,1,2,0,1,4,1,2,14
1,1,1,19,73,85,0,1,87,0,0,1,1,1,3,1,6,1,2,14
0,2,1,25,78,82,1,1,46,0,3,1,1,2,0,1,8,1,2,21
0,3,2,19,80,82,1,1,91,0,0,1,1,3,1,1,8,1,0,21
0,2,1,25,78,82,1,1,46,1,3,1,1,2,0,2,8,0,2,21
0,3,2,19,80,82,1,1,91,1,0,1,1,3,1,2,8,0,0,21
0,2,0,25,78,82,1,1,46,1,3,1,1,2,0,0,8,2,2,21
0,3,0,19,80,82,1,1,91,1,0,1,1,3,1,0,8,2,0,21
1,2,1,25,78,82,1,1,46,0,3,1,1,2,0,1,8,2,2,21
1,3,2,19,80,82,1,1,91,0,0,1,1,3,1,1,8,2,0,21
1,2,1,25,78,82,1,1,46,0,3,1,1,2,0,2,8,2,2,21
1,3,2,19,80,82,1,1,91,0,0,1,1,3,1,2,8,2,0,21
3,3,1,19,99,99,0,1,97,1,0,1,1,3,3,2,11,1,2,25
0,2,1,18,80,99,0,0,48,1,3,1,1,2,1,2,4,1,1,25
2,3,1,19,99,99,0,1,97,0,0,1,0,3,3,1,11,1,2,25
1,2,1,18,80,99,0,0,48,0,3,1,0,2,1,1,4,1,1,25
2,3,1,19,99,99,0,1,97,0,0,1,1,3,3,1,11,1,2,25
1,2,1,18,80,99,0,0,48,0,3,1,1,2,1,1,4,1,1,25
2,3,1,19,99,99,0,1,97,0,0,1,1,3,3,1,11,1,2,25
1,2,1,18,80,99,0,0,48,0,3,1,1,2,1,1,4,1,1,25
1,3,1,19,99,99,0,1,97,0,0,1,1,3,3,1,11,2,2,25
1,2,1,18,80,99,0,0,48,0,3,1,1,2,1,1,4,2,1,25
1,3,1,19,99,99,0,1,97,0,0,1,1,3,3,2,11,2,2,25
1,2,1,18,80,99,0,0,48,0,3,1,1,2,1,2,4,2,1,25
3,3,1,19,99,99,0,1,97,1,0,1,1,3,3,1,11,1,2,25
0,2,1,18,80,99,0,0,48,1,3,1,1,2,1,1,4,1,1,25
3,0,1,20,70,89,1,0,58,1,2,1,1,0,2,0,17,0,0,10
2,2,1,27,82,89,0,1,57,1,2,1,1,2,3,0,20,0,0,10
3,1,1,21,62,89,1,1,94,1,0,1,1,1,3,0,13,0,0,10
3,0,1,20,70,89,1,0,58,1,2,1,1,0,2,1,17,1,0,10
3,2,1,27,82,89,0,1,57,1,2,1,1,2,3,1,20,1,0,10
3,1,1,21,62,89,1,1,94,1,0,1,1,1,3,1,13,1,0,10
0,2,1,23,91,95,0,1,59,1,2,0,1,2,1,0,1,0,2,16
2,1,1,29,66,95,0,0,89,1,0,0,1,1,2,0,18,0,1,16
1,2,1,23,91,95,0,1,59,0,2,0,1,2,1,0,1,0,2,16
2,1,1,29,66,95,0,0,89,0,0,0,1,1,2,0,18,0,1,16
0,2,1,23,91,95,0,1,59,1,2,0,1,2,1,2,1,1,2,16
3,1,1,29,66,95,0,0,89,1,0,0,1,1,2,2,18,1,1,16
1,2,1,23,91,95,0,1,59,0,2,0,0,2,1,0,1,0,2,16
2,1,1,29,66,95,0,0,89,0,0,0,0,1,2,0,18,0,1,16
1,2,1,23,91,95,0,1,59,0,2,0,1,2,1,1,1,0,2,16
2,1,1,29,66,95,0,0,89,0,0,0,1,1,2,1,18,0,1,16
0,1,0,18,69,69,1,1,80,1,1,1,1,1,3,1,7,2,2,23
0,1,0,18,69,69,1,1,80,1,1,1,1,1,3,1,7,1,2,23
0,1,0,18,69,69,1,1,80,1,1,1,1,1,3,2,7,0,2,23
0,1,0,18,69,69,1,1,80,1,1,1,0,1,3,0,7,0,2,23
0,1,0,18,69,69,1,1,80,1,1,1,1,1,3,1,7,2,2,23
2,3,0,28,93,63,1,1,78,0,1,0,1,3,2,0,12,0,1,15
1,0,2,23,69,79,0,1,53,0,3,1,1,0,1,2,0,0,1,9
2,2,2,19,91,79,1,1,58,0,2,1,1,2,1,2,10,0,1,9
2,2,2,24,81,79,0,1,66,0,2,1,1,2,1,2,10,0,1,9
0,1,1,23,64,81,0,0,82,1,1,0,0,1,1,1,4,1,2,10
3,3,1,21,90,81,1,1,94,1,0,0,0,3,1,1,20,1,2,10
0,0,2,27,52,81,1,1,50,1,3,0,0,0,3,1,1,1,0,10
3,2,2,29,93,81,0,0,61,1,2,0,0,2,1,1,20,1,1,10
1,1,1,23,64,81,0,0,82,1,1,0,1,1,1,1,4,2,2,10
3,3,1,21,90,81,1,1,94,1,0,0,1,3,1,1,20,2,2,10
0,0,2,27,52,81,1,1,50,1,3,0,1,0,3,1,1,2,0,10
2,2,2,29,93,81,0,0,61,1,2,0,1,2,1,1,20,2,1,10
1,0,1,19,65,93,0,0,54,1,3,1,1,0,1,1,0,2,2,20
0,1,1,23,55,93,1,1,99,1,0,1,1,1,1,1,5,2,0,20
3,0,1,23,65,93,1,0,56,1,2,1,1,0,2,1,14,2,2,20
0,0,1,23,51,93,1,1,47,1,3,1,1,0,3,1,8,2,1,20
0,0,1,19,65,93,0,0,54,1,3,1,1,0,1,0,0,1,2,20
0,1,1,23,55,93,1,1,99,1,0,1,1,1,1,0,5,1,0,20
3,0,1,23,65,93,1,0,56,1,2,1,1,0,2,0,14,1,2,20
0,0,1,23,51,93,1,1,47,1,3,1,1,0,3,0,8,1,1,20
0,0,1,19,65,93,0,0,54,1,3,1,1,0,1,1,0,0,2,20
0,1,1,23,55,93,1,1,99,1,0,1,1,1,1,1,5,0,0,20
3,0,1,23,65,93,1,0,56,1,2,1,1,0,2,1,14,0,2,20
0,0,1,23,51,93,1,1,47,1,3,1,1,0,3,1,8,0,1,20
0,0,1,19,65,93,0,0,54,1,3,1,1,0,1,1,0,1,2,20
0,1,1,23,55,93,1,1,99,1,0,1,1,1,1,1,5,1,0,20
3,0,1,23,65,93,1,0,56,1,2,1,1,0,2,1,14,1,2,20
0,0,1,23,51,93,1,1,47,1,3,1,1,0,3,1,8,1,1,20
0,0,1,19,65,93,0,0,54,1,3,1,1,0,1,0,0,1,2,20
0,1,1,23,55,93,1,1,99,1,0,1,1,1,1,0,5,1,0,20
3,0,1,23,65,93,1,0,56,1,2,1,1,0,2,0,14,1,2,20
0,0,1,23,51,93,1,1,47,1,3,1,1,0,3,0,8,1,1,20
0,0,1,19,65,93,0,0,54,1,3,1,1,0,1,1,0,1,2,20
0,1,1,23,55,93,1,1,99,1,0,1,1,1,1,1,5,1,0,20
3,0,1,23,65,93,1,0,56,1,2,1,1,0,2,1,14,1,2,20
0,0,1,23,51,93,1,1,47,1,3,1,1,0,3,1,8,1,1,20
1,0,1,19,65,93,0,0,54,0,3,1,1,0,1,1,0,2,2,20
1,1,1,23,55,93,1,1,99,0,0,1,1,1,1,1,5,2,0,20
3,0,1,23,65,93,1,0,56,0,2,1,1,0,2,1,14,2,2,20
1,0,1,23,51,93,1,1,47,0,3,1,1,0,3,1,8,2,1,20
1,0,1,19,65,93,0,0,54,0,3,1,1,0,1,2,0,1,2,20
0,1,1,23,55,93,1,1,99,0,0,1,1,1,1,2,5,1,0,20
3,0,1,23,65,93,1,0,56,0,2,1,1,0,2,2,14,1,2,20
0,0,1,23,51,93,1,1,47,0,3,1,1,0,3,2,8,1,1,20
1,0,1,19,65,93,0,0,54,0,3,1,1,0,1,1,0,0,2,20
1,1,1,23,55,93,1,1,99,0,0,1,1,1,1,1,5,0,0,20
2,0,1,23,65,93,1,0,56,0,2,1,1,0,2,1,14,0,2,20
1,0,1,23,51,93,1,1,47,0,3,1,1,0,3,1,8,0,1,20
3,2,0,19,95,78,1,0,60,1,2,1,1,2,3,0,13,1,2,22
0,1,2,27,58,78,1,1,73,1,1,1,1,1,3,0,9,1,1,22
3,2,0,22,87,78,0,0,65,1,2,1,1,2,3,0,10,1,0,22
3,2,1,19,95,78,1,0,60,1,2,1,1,2,3,1,13,2,2,22
0,1,2,27,58,78,1,1,73,1,1,1,1,1,3,1,9,2,1,22
1,2,2,22,87,78,0,0,65,1,2,1,1,2,3,1,10,2,0,22
3,2,1,19,95,78,1,0,60,0,2,1,1,2,3,1,13,1,2,22
0,1,2,27,58,78,1,1,73,0,1,1,1,1,3,1,9,1,1,22
1,2,2,22,87,78,0,0,65,0,2,1,1,2,3,1,10,1,0,22
3,2,1,19,95,78,1,0,60,1,2,1,1,2,3,1,13,1,2,22
0,1,2,27,58,78,1,1,73,1,1,1,1,1,3,1,9,1,1,22
3,2,2,22,87,78,0,0,65,1,2,1,1,2,3,1,10,1,0,22
3,2,0,19,95,78,1,0,60,0,2,1,1,2,3,0,13,2,2,22
1,1,2,27,58,78,1,1,73,0,1,1,1,1,3,0,9,2,1,22
1,2,0,22,87,78,0,0,65,0,2,1,1,2,3,0,10,2,0,22
3,2,0,19,95,78,1,0,60,1,2,1,1,2,3,0,13,2,2,22
0,1,2,27,58,78,1,1,73,1,1,1,1,1,3,0,9,2,1,22
1,2,0,22,87,78,0,0,65,1,2,1,1,2,3,0,10,2,0,22
3,2,1,19,95,78,1,0,60,1,2,1,1,2,3,1,13,1,2,22
0,1,2,27,58,78,1,1,73,1,1,1,1,1,3,1,9,1,1,22
3,2,2,22,87,78,0,0,65,1,2,1,1,2,3,1,10,1,0,22
2,2,0,19,95,78,1,0,60,0,2,1,1,2,3,2,13,0,2,22
2,1,2,27,58,78,1,1,73,0,1,1,1,1,3,2,9,0,1,22
2,2,2,22,87,78,0,0,65,0,2,1,1,2,3,2,10,0,0,22
2,0,1,25,64,81,0,1,43,0,3,0,1,0,0,1,20,0,2,24
2,3,2,20,97,81,1,0,83,0,1,0,1,3,2,1,13,0,1,24
2,2,2,27,97,62,0,1,51,0,3,1,1,2,1,2,13,0,1,10
0,0,0,20,60,62,1,1,68,0,2,1,1,0,1,2,0,0,2,10
2,3,2,20,95,62,1,0,83,0,1,1,1,3,2,2,15,0,1,10
2,2,2,24,98,62,0,0,65,0,2,1,1,2,1,2,10,0,1,10
2,2,0,23,79,62,0,1,59,0,2,1,1,2,2,2,14,0,2,10
2,2,2,27,97,62,0,1,51,0,3,1,1,2,1,2,13,1,1,10
0,0,0,20,60,62,1,1,68,0,2,1,1,0,1,2,0,1,2,10
3,3,2,20,95,62,1,0,83,0,1,1,1,3,2,2,15,1,1,10
1,2,2,24,98,62,0,0,65,0,2,1,1,2,1,2,10,1,1,10
2,2,0,23,79,62,0,1,59,0,2,1,1,2,2,2,14,1,2,10
2,2,2,27,97,62,0,1,51,0,3,1,1,2,1,1,13,2,1,10
1,0,0,20,60,62,1,1,68,0,2,1,1,0,1,1,0,2,2,10
2,3,2,20,95,62,1,0,83,0,1,1,1,3,2,1,15,2,1,10
1,2,2,24,98,62,0,0,65,0,2,1,1,2,1,1,10,2,1,10
2,2,0,23,79,62,0,1,59,0,2,1,1,2,2,1,14,2,2,10
3,0,2,25,52,85,1,1,53,0,3,1,1,0,1,2,20,1,1,20
1,2,1,28,98,85,0,1,67,0,2,1,1,2,2,2,1,1,2,20
0,1,1,28,50,85,1,1,75,0,1,1,1,1,3,2,5,1,2,20
1,3,2,20,97,85,0,1,81,0,1,1,1,3,2,2,7,1,1,20
0,0,2,22,54,85,1,1,41,0,3,1,1,0,3,2,5,1,1,20
3,0,2,25,52,85,1,1,53,1,3,1,1,0,1,0,20,1,1,20
0,2,0,28,98,85,0,1,67,1,2,1,1,2,2,0,1,1,2,20
0,1,0,28,50,85,1,1,75,1,1,1,1,1,3,0,5,1,2,20
0,3,2,20,97,85,0,1,81,1,1,1,1,3,2,0,7,1,1,20
0,0,2,22,54,85,1,1,41,1,3,1,1,0,3,0,5,1,1,20
3,0,2,25,52,85,1,1,53,1,3,1,1,0,1,0,20,1,1,20
0,2,0,28,98,85,0,1,67,1,2,1,1,2,2,0,1,1,2,20
0,1,0,28,50,85,1,1,75,1,1,1,1,1,3,0,5,1,2,20
0,3,2,20,97,85,0,1,81,1,1,1,1,3,2,0,7,1,1,20
0,0,2,22,54,85,1,1,41,1,3,1,1,0,3,0,5,1,1,20
2,0,2,25,52,85,1,1,53,0,3,1,1,0,1,0,20,0,1,20
1,2,0,28,98,85,0,1,67,0,2,1,1,2,2,0,1,0,2,20
1,1,0,28,50,85,1,1,75,0,1,1,1,1,3,0,5,0,2,20
1,3,2,20,97,85,0,1,81,0,1,1,1,3,2,0,7,0,1,20
1,0,2,22,54,85,1,1,41,0,3,1,1,0,3,0,5,0,1,20
3,0,2,25,52,85,1,1,53,1,3,1,1,0,1,1,20,0,1,20
0,2,1,28,98,85,0,1,67,1,2,1,1,2,2,1,1,0,2,20
0,1,1,28,50,85,1,1,75,1,1,1,1,1,3,1,5,0,2,20
1,3,2,20,97,85,0,1,81,1,1,1,1,3,2,1,7,0,1,20
0,0,2,22,54,85,1,1,41,1,3,1,1,0,3,1,5,0,1,20
3,0,2,25,52,85,1,1,53,0,3,1,1,0,1,0,20,1,1,20
1,2,0,28,98,85,0,1,67,0,2,1,1,2,2,0,1,1,2,20
0,1,0,28,50,85,1,1,75,0,1,1,1,1,3,0,5,1,2,20
1,3,2,20,97,85,0,1,81,0,1,1,1,3,2,0,7,1,1,20
0,0,2,22,54,85,1,1,41,0,3,1,1,0,3,0,5,1,1,20
0,2,1,23,99,93,0,1,53,1,3,1,1,2,3,2,1,0,2,13
0,3,1,23,94,93,1,1,75,1,1,1,1,3,3,2,9,0,0,13
0,1,1,23,58,93,1,1,96,1,0,1,1,1,3,2,4,0,2,13
3,2,1,29,89,93,1,0,41,1,3,1,1,2,1,2,15,0,1,13
1,2,1,23,99,93,0,1,53,1,3,1,1,2,3,1,1,2,2,13
0,3,1,23,94,93,1,1,75,1,1,1,1,3,3,1,9,2,0,13
0,1,1,23,58,93,1,1,96,1,0,1,1,1,3,1,4,2,2,13
3,2,1,29,89,93,1,0,41,1,3,1,1,2,1,1,15,2,1,13
1,2,1,23,99,93,0,1,53,0,3,1,1,2,3,0,1,2,2,13
1,3,1,23,94,93,1,1,75,0,1,1,1,3,3,0,9,2,0,13
1,1,1,23,58,93,1,1,96,0,0,1,1,1,3,0,4,2,2,13
2,2,1,29,89,93,1,0,41,0,3,1,1,2,1,0,15,2,1,13
3,2,2,21,83,84,1,1,66,1,2,0,1,2,2,2,15,2,1,20
3,2,2,21,83,84,1,1,66,1,2,0,1,2,2,1,15,2,1,20
2,2,2,21,83,84,1,1,66,0,2,0,1,2,2,1,15,0,1,20
2,2,2,21,83,84,1,1,66,0,2,0,1,2,2,0,15,0,1,20
2,1,0,26,59,84,0,1,95,0,0,1,1,1,1,0,15,2,2,15
1,3,0,19,82,84,1,0,79,0,1,1,1,3,0,0,4,2,2,15
1,0,2,26,74,84,0,0,65,0,2,1,1,0,2,0,10,2,1,15
1,0,2,22,54,84,1,1,69,0,2,1,1,0,1,0,12,2,1,15
2,1,1,26,59,84,0,1,95,0,0,1,1,1,1,1,15,1,2,15
0,3,1,19,82,84,1,0,79,0,1,1,1,3,0,1,4,1,2,15
1,0,2,26,74,84,0,0,65,0,2,1,1,0,2,1,10,1,1,15
3,0,2,22,54,84,1,1,69,0,2,1,1,0,1,1,12,1,1,15
2,1,1,26,59,84,0,1,95,1,0,1,1,1,1,1,15,0,2,15
0,3,1,19,82,84,1,0,79,1,1,1,1,3,0,1,4,0,2,15
2,0,2,26,74,84,0,0,65,1,2,1,1,0,2,1,10,0,1,15
3,0,2,22,54,84,1,1,69,1,2,1,1,0,1,1,12,0,1,15
3,2,0,25,78,67,1,1,56,1,2,1,1,2,3,0,17,0,2,18
2,3,0,19,76,67,0,1,100,1,0,1,1,3,0,0,12,0,2,18
3,2,0,25,78,67,1,1,56,1,2,1,1,2,3,1,17,2,2,18
1,3,0,19,76,67,0,1,100,1,0,1,1,3,0,1,12,2,2,18
3,2,0,25,78,67,1,1,56,1,2,1,1,2,3,1,17,2,2,18
1,3,0,19,76,67,0,1,100,1,0,1,1,3,0,1,12,2,2,18
2,2,0,25,78,67,1,1,56,0,2,1,1,2,3,0,17,0,2,18
2,3,0,19,76,67,0,1,100,0,0,1,1,3,0,0,12,0,2,18
3,2,0,25,78,67,1,1,56,0,2,1,1,2,3,2,17,1,2,18
2,3,0,19,76,67,0,1,100,0,0,1,1,3,0,2,12,1,2,18
3,2,0,25,78,67,1,1,56,1,2,1,1,2,3,2,17,1,2,18
3,3,0,19,76,67,0,1,100,1,0,1,1,3,0,2,12,1,2,18
2,2,1,27,81,99,1,1,43,0,3,1,1,2,1,1,16,2,1,17
2,3,1,27,99,99,1,1,74,0,1,1,1,3,2,1,16,2,2,17
3,2,1,27,81,99,1,1,43,0,3,1,0,2,1,0,16,1,1,17
3,3,1,27,99,99,1,1,74,0,1,1,0,3,2,0,16,1,2,17
3,2,1,27,81,99,1,1,43,0,3,1,1,2,1,0,16,1,1,17
3,3,1,27,99,99,1,1,74,0,1,1,1,3,2,0,16,1,2,17
3,2,1,27,81,99,1,1,43,1,3,1,1,2,1,1,16,1,1,17
3,3,1,27,99,99,1,1,74,1,1,1,1,3,2,1,16,1,2,17
3,2,1,27,81,99,1,1,43,0,3,1,1,2,1,0,16,1,1,17
3,3,1,27,99,99,1,1,74,0,1,1,1,3,2,0,16,1,2,17
2,1,0,25,66,69,0,0,77,0,1,1,1,1,2,1,15,0,2,13
2,3,2,19,91,69,1,1,75,0,1,1,1,3,3,1,15,0,0,13
2,0,0,25,62,69,0,1,55,0,2,1,1,0,1,1,17,0,2,13
2,1,0,25,66,69,0,0,77,0,1,1,1,1,2,0,15,2,2,13
2,3,0,19,91,69,1,1,75,0,1,1,1,3,3,0,15,2,0,13
2,0,0,25,62,69,0,1,55,0,2,1,1,0,1,0,17,2,2,13
2,1,0,25,66,69,0,0,77,0,1,1,1,1,2,1,15,0,2,13
2,3,2,19,91,69,1,1,75,0,1,1,1,3,3,1,15,0,0,13
2,0,0,25,62,69,0,1,55,0,2,1,1,0,1,1,17,0,2,13
2,1,0,25,66,69,0,0,77,0,1,1,1,1,2,1,15,0,2,13
2,3,2,19,91,69,1,1,75,0,1,1,1,3,3,1,15,0,0,13
2,0,0,25,62,69,0,1,55,0,2,1,1,0,1,1,17,0,2,13
0,1,2,27,70,67,0,1,93,1,0,0,1,1,2,1,5,1,0,23
1,1,0,27,70,67,0,1,93,0,0,0,1,1,2,2,5,1,0,23
1,1,2,27,70,67,0,1,93,1,0,0,1,1,2,1,5,2,0,23
1,1,0,27,70,67,0,1,93,1,0,0,1,1,2,0,5,2,0,23
1,1,2,27,70,67,0,1,93,0,0,0,1,1,2,1,5,0,0,23
0,0,1,23,69,87,1,1,59,1,2,1,1,0,0,2,9,2,0,29
3,0,1,20,74,84,1,1,65,1,2,1,1,0,2,2,17,1,2,5
3,0,0,20,74,84,1,1,65,1,2,1,0,0,2,0,17,1,2,5
3,0,1,21,72,96,1,0,54,1,3,0,0,0,2,0,20,0,0,19
3,0,1,20,62,96,1,1,65,1,2,0,0,0,0,0,12,0,1,19
0,1,1,24,66,96,0,0,72,1,1,0,0,1,0,0,1,0,2,19
0,3,1,29,98,96,1,1,73,1,1,0,0,3,2,0,4,0,1,19
3,0,1,21,72,96,1,0,54,0,3,0,1,0,2,2,20,1,0,19
3,0,1,20,62,96,1,1,65,0,2,0,1,0,0,2,12,1,1,19
1,1,1,24,66,96,0,0,72,0,1,0,1,1,0,2,1,1,2,19
0,3,1,29,98,96,1,1,73,0,1,0,1,3,2,2,4,1,1,19
3,0,1,21,72,96,1,0,54,1,3,0,1,0,2,2,20,1,0,19
3,0,1,20,62,96,1,1,65,1,2,0,1,0,0,2,12,1,1,19
0,1,1,24,66,96,0,0,72,1,1,0,1,1,0,2,1,1,2,19
0,3,1,29,98,96,1,1,73,1,1,0,1,3,2,2,4,1,1,19
3,2,0,27,83,76,1,1,54,1,3,1,1,2,0,0,20,2,2,19
1,1,2,21,72,76,0,1,90,1,0,1,1,1,2,0,11,2,1,19
2,2,1,27,83,76,1,1,54,0,3,1,1,2,0,1,20,0,2,19
2,1,2,21,72,76,0,1,90,0,0,1,1,1,2,1,11,0,1,19
3,2,1,27,83,76,1,1,54,1,3,1,1,2,0,1,20,1,2,19
3,1,2,21,72,76,0,1,90,1,0,1,1,1,2,1,11,1,1,19
3,2,1,27,83,76,1,1,54,1,3,1,1,2,0,1,20,0,2,19
2,1,2,21,72,76,0,1,90,1,0,1,1,1,2,1,11,0,1,19
0,1,1,19,63,95,1,1,91,0,0,0,1,1,2,2,1,1,0,27
1,1,1,19,63,95,1,1,91,0,0,0,1,1,2,2,1,2,0,27
0,1,1,19,63,95,1,1,91,1,0,0,1,1,2,2,1,1,0,27
0,1,1,19,63,95,1,1,91,1,0,0,1,1,2,2,1,2,0,27
3,1,1,29,73,97,1,1,89,1,0,1,1,1,1,1,11,2,1,22
3,3,1,20,79,97,1,0,77,1,1,1,1,3,0,1,13,2,2,22
3,0,1,26,66,97,1,1,65,1,2,1,1,0,2,1,16,2,2,22
3,1,1,29,73,97,1,1,89,1,0,1,1,1,1,2,11,1,1,22
3,3,1,20,79,97,1,0,77,1,1,1,1,3,0,2,13,1,2,22
3,0,1,26,66,97,1,1,65,1,2,1,1,0,2,2,16,1,2,22
3,1,1,29,73,97,1,1,89,0,0,1,1,1,1,2,11,1,1,22
3,3,1,20,79,97,1,0,77,0,1,1,1,3,0,2,13,1,2,22
3,0,1,26,66,97,1,1,65,0,2,1,1,0,2,2,16,1,2,22
3,1,1,29,73,97,1,1,89,1,0,1,1,1,1,1,11,2,1,22
3,3,1,20,79,97,1,0,77,1,1,1,1,3,0,1,13,2,2,22
3,0,1,26,66,97,1,1,65,1,2,1,1,0,2,1,16,2,2,22
3,1,1,29,73,97,1,1,89,0,0,1,1,1,1,1,11,1,1,22
3,3,1,20,79,97,1,0,77,0,1,1,1,3,0,1,13,1,2,22
3,0,1,26,66,97,1,1,65,0,2,1,1,0,2,1,16,1,2,22
3,1,1,29,73,97,1,1,89,1,0,1,0,1,1,1,11,1,1,22
3,3,1,20,79,97,1,0,77,1,1,1,0,3,0,1,13,1,2,22
3,0,1,26,66,97,1,1,65,1,2,1,0,0,2,1,16,1,2,22
3,1,1,29,73,97,1,1,89,1,0,1,1,1,1,1,11,1,1,22
3,3,1,20,79,97,1,0,77,1,1,1,1,3,0,1,13,1,2,22
3,0,1,26,66,97,1,1,65,1,2,1,1,0,2,1,16,1,2,22
3,1,2,27,50,72,0,0,87,1,0,1,1,1,0,1,20,1,1,22
2,1,0,27,50,72,0,0,87,0,0,1,1,1,0,0,20,1,1,22
2,1,2,27,50,72,0,0,87,1,0,1,1,1,0,2,20,0,1,22
2,1,2,27,50,72,0,0,87,1,0,1,1,1,0,2,20,0,1,22
2,1,0,27,50,72,0,0,87,0,0,1,0,1,0,0,20,2,1,22
2,1,2,27,50,72,0,0,87,1,0,1,1,1,0,2,20,0,1,22
3,0,1,28,55,95,1,1,57,1,2,1,1,0,2,0,14,1,0,18
3,1,1,29,53,95,1,0,99,1,0,1,1,1,2,0,19,1,2,18
3,2,1,18,85,95,0,0,51,1,3,1,1,2,1,0,12,1,2,18
3,0,1,28,55,95,1,1,57,1,2,1,1,0,2,2,14,1,0,18
3,1,1,29,53,95,1,0,99,1,0,1,1,1,2,2,19,1,2,18
3,2,1,18,85,95,0,0,51,1,3,1,1,2,1,2,12,1,2,18
2,0,1,28,55,95,1,1,57,0,2,1,1,0,2,1,14,2,0,18
2,1,1,29,53,95,1,0,99,0,0,1,1,1,2,1,19,2,2,18
1,2,1,18,85,95,0,0,51,0,3,1,1,2,1,1,12,2,2,18
2,0,1,28,55,95,1,1,57,0,2,1,1,0,2,1,14,2,0,18
2,1,1,29,53,95,1,0,99,0,0,1,1,1,2,1,19,2,2,18
1,2,1,18,85,95,0,0,51,0,3,1,1,2,1,1,12,2,2,18
3,0,1,28,55,95,1,1,57,1,2,1,1,0,2,2,14,2,0,18
3,1,1,29,53,95,1,0,99,1,0,1,1,1,2,2,19,2,2,18
1,2,1,18,85,95,0,0,51,1,3,1,1,2,1,2,12,2,2,18
2,3,1,23,94,91,0,1,81,0,1,1,1,3,3,2,19,1,2,17
1,1,1,28,54,91,0,1,75,0,1,1,1,1,2,2,9,1,2,17
3,3,1,23,94,91,0,1,81,1,1,1,1,3,3,1,19,1,2,17
0,1,1,28,54,91,0,1,75,1,1,1,1,1,2,1,9,1,2,17
2,3,1,23,94,91,0,1,81,1,1,1,1,3,3,0,19,0,2,17
2,1,1,28,54,91,0,1,75,1,1,1,1,1,2,0,9,0,2,17
2,3,1,23,94,91,0,1,81,1,1,1,1,3,3,1,19,0,2,17
2,1,1,28,54,91,0,1,75,1,1,1,1,1,2,1,9,0,2,17
0,0,0,22,59,71,1,1,61,1,2,0,1,0,1,2,1,2,2,22
0,1,0,22,73,71,1,1,97,1,0,0,1,1,1,2,8,2,2,22
1,0,0,28,51,71,0,1,57,1,2,0,1,0,1,2,2,2,2,22
0,0,0,22,59,71,1,1,61,0,2,0,0,0,1,1,1,1,2,22
0,1,0,22,73,71,1,1,97,0,0,0,0,1,1,1,8,1,2,22
1,0,0,28,51,71,0,1,57,0,2,0,0,0,1,1,2,1,2,22
0,0,0,22,59,71,1,1,61,1,2,0,1,0,1,0,1,1,2,22
0,1,0,22,73,71,1,1,97,1,0,0,1,1,1,0,8,1,2,22
0,0,0,28,51,71,0,1,57,1,2,0,1,0,1,0,2,1,2,22
0,0,0,22,59,71,1,1,61,1,2,0,1,0,1,0,1,0,2,22
0,1,0,22,73,71,1,1,97,1,0,0,1,1,1,0,8,0,2,22
0,0,0,28,51,71,0,1,57,1,2,0,1,0,1,0,2,0,2,22
1,1,2,22,55,60,1,1,90,0,0,0,1,1,0,1,6,2,0,25
0,1,2,22,55,60,1,1,90,1,0,0,1,1,0,1,6,2,0,25
2,1,2,23,58,74,0,1,98,0,0,1,0,1,2,2,16,1,1,27
2,2,2,28,84,74,0,1,61,0,2,1,0,2,2,2,20,1,0,27
3,0,2,21,54,74,1,1,44,0,3,1,0,0,0,2,10,1,0,27
2,1,2,23,58,74,0,1,98,1,0,1,0,1,2,2,16,0,1,27
2,2,2,28,84,74,0,1,61,1,2,1,0,2,2,2,20,0,0,27
3,0,2,21,54,74,1,1,44,1,3,1,0,0,0,2,10,0,0,27
3,1,2,23,58,74,0,1,98,1,0,1,1,1,2,1,16,1,1,27
3,2,2,28,84,74,0,1,61,1,2,1,1,2,2,1,20,1,0,27
3,0,2,21,54,74,1,1,44,1,3,1,1,0,0,1,10,1,0,27
2,1,2,23,58,74,0,1,98,0,0,1,1,1,2,2,16,2,1,27
2,2,2,28,84,74,0,1,61,0,2,1,1,2,2,2,20,2,0,27
1,0,2,21,54,74,1,1,44,0,3,1,1,0,0,2,10,2,0,27
0,1,2,28,63,73,1,1,78,1,1,0,1,1,0,1,6,0,0,18
0,3,2,29,92,73,1,1,78,1,1,0,1,3,1,1,4,0,0,18
3,3,2,24,77,73,1,1,91,1,0,0,1,3,3,1,19,0,0,18
0,1,2,28,63,73,1,1,78,1,1,0,1,1,0,2,6,2,0,18
0,3,2,29,92,73,1,1,78,1,1,0,1,3,1,2,4,2,0,18
3,3,2,24,77,73,1,1,91,1,0,0,1,3,3,2,19,2,0,18
0,1,2,28,63,73,1,1,78,0,1,0,1,1,0,1,6,1,0,18
0,3,2,29,92,73,1,1,78,0,1,0,1,3,1,1,4,1,0,18
3,3,2,24,77,73,1,1,91,0,0,0,1,3,3,1,19,1,0,18
0,1,2,28,63,73,1,1,78,1,1,0,1,1,0,1,6,1,0,18
0,3,2,29,92,73,1,1,78,1,1,0,1,3,1,1,4,1,0,18
3,3,2,24,77,73,1,1,91,1,0,0,1,3,3,1,19,1,0,18
2,0,1,23,68,86,1,1,69,0,2,1,1,0,0,2,19,2,2,8
2,3,1,28,90,86,1,0,90,0,0,1,1,3,1,2,15,2,2,8
1,3,2,25,85,86,1,1,91,0,0,1,1,3,0,2,9,2,1,8
3,0,1,23,68,86,1,1,69,1,2,1,1,0,0,0,19,0,2,8
3,3,1,28,90,86,1,0,90,1,0,1,1,3,1,0,15,0,2,8
0,3,2,25,85,86,1,1,91,1,0,1,1,3,0,0,9,0,1,8
2,2,1,19,95,94,0,1,65,0,2,1,1,2,2,1,18,1,0,14
2,2,1,19,95,94,0,1,65,0,2,1,1,2,2,1,18,1,0,14
2,2,1,19,95,94,0,1,65,0,2,1,1,2,2,2,18,1,0,14
3,2,1,19,95,94,0,1,65,1,2,1,1,2,2,2,18,1,0,14
3,2,1,19,95,94,0,1,65,1,2,1,0,2,2,1,18,1,0,14
2,3,2,28,95,84,1,0,95,0,0,1,1,3,3,2,18,0,1,9
2,1,1,25,66,84,1,1,82,0,1,1,1,1,2,2,9,0,0,9
3,3,2,28,95,84,1,0,95,1,0,1,1,3,3,2,18,2,1,9
0,1,1,25,66,84,1,1,82,1,1,1,1,1,2,2,9,2,0,9
3,3,2,28,95,84,1,0,95,0,0,1,1,3,3,1,18,1,1,9
0,1,1,25,66,84,1,1,82,0,1,1,1,1,2,1,9,1,0,9
3,2,1,24,95,82,1,1,48,1,3,1,1,2,2,1,18,2,2,25
1,1,2,25,61,82,0,1,94,1,0,1,1,1,3,1,7,2,1,25
3,2,1,27,92,82,1,0,44,1,3,1,1,2,0,1,11,2,2,25
3,0,1,18,69,82,1,1,55,1,2,1,1,0,0,1,12,2,2,25
2,2,1,24,95,82,1,1,48,0,3,1,1,2,2,1,18,0,2,25
1,1,2,25,61,82,0,1,94,0,0,1,1,1,3,1,7,0,1,25
2,2,1,27,92,82,1,0,44,0,3,1,1,2,0,1,11,0,2,25
2,0,1,18,69,82,1,1,55,0,2,1,1,0,0,1,12,0,2,25
3,2,1,24,95,82,1,1,48,1,3,1,0,2,2,1,18,1,2,25
0,1,2,25,61,82,0,1,94,1,0,1,0,1,3,1,7,1,1,25
3,2,1,27,92,82,1,0,44,1,3,1,0,2,0,1,11,1,2,25
3,0,1,18,69,82,1,1,55,1,2,1,0,0,0,1,12,1,2,25
3,2,0,24,95,82,1,1,48,1,3,1,1,2,2,0,18,1,2,25
0,1,2,25,61,82,0,1,94,1,0,1,1,1,3,0,7,1,1,25
3,2,0,27,92,82,1,0,44,1,3,1,1,2,0,0,11,1,2,25
3,0,0,18,69,82,1,1,55,1,2,1,1,0,0,0,12,1,2,25
3,2,1,24,95,82,1,1,48,1,3,1,1,2,2,1,18,1,2,25
0,1,2,25,61,82,0,1,94,1,0,1,1,1,3,1,7,1,1,25
3,2,1,27,92,82,1,0,44,1,3,1,1,2,0,1,11,1,2,25
3,0,1,18,69,82,1,1,55,1,2,1,1,0,0,1,12,1,2,25
3,2,0,24,95,82,1,1,48,0,3,1,1,2,2,0,18,2,2,25
1,1,2,25,61,82,0,1,94,0,0,1,1,1,3,0,7,2,1,25
1,2,0,27,92,82,1,0,44,0,3,1,1,2,0,0,11,2,2,25
1,0,0,18,69,82,1,1,55,0,2,1,1,0,0,0,12,2,2,25
3,2,1,24,95,82,1,1,48,0,3,1,1,2,2,1,18,2,2,25
1,1,2,25,61,82,0,1,94,0,0,1,1,1,3,1,7,2,1,25
1,2,1,27,92,82,1,0,44,0,3,1,1,2,0,1,11,2,2,25
1,0,1,18,69,82,1,1,55,0,2,1,1,0,0,1,12,2,2,25
2,0,2,26,76,86,1,0,40,0,3,0,1,0,1,1,8,0,1,7
0,3,1,24,95,89,1,1,82,1,1,1,1,3,1,2,8,1,2,25
0,3,1,24,95,89,1,1,82,1,1,1,1,3,1,2,8,0,2,25
1,3,1,24,95,89,1,1,82,0,1,1,1,3,1,1,8,2,2,25
2,3,1,20,79,84,1,0,98,0,0,0,1,3,3,1,19,2,0,18
1,1,1,23,60,84,1,1,82,0,1,0,1,1,0,1,10,2,2,18
1,0,1,23,71,84,1,1,46,0,3,0,1,0,2,1,10,2,2,18
2,2,1,23,98,84,0,0,47,0,3,0,1,2,3,1,18,2,2,18
3,3,1,20,79,84,1,0,98,1,0,0,1,3,3,1,19,1,0,18
3,1,1,23,60,84,1,1,82,1,1,0,1,1,0,1,10,1,2,18
3,0,1,23,71,84,1,1,46,1,3,0,1,0,2,1,10,1,2,18
3,2,1,23,98,84,0,0,47,1,3,0,1,2,3,1,18,1,2,18
3,3,0,20,79,84,1,0,98,1,0,0,1,3,3,0,19,2,0,18
3,1,0,23,60,84,1,1,82,1,1,0,1,1,0,0,10,2,2,18
3,0,0,23,71,84,1,1,46,1,3,0,1,0,2,0,10,2,2,18
2,2,0,23,98,84,0,0,47,1,3,0,1,2,3,0,18,2,2,18
2,3,1,20,79,84,1,0,98,0,0,0,1,3,3,1,19,0,0,18
2,1,1,23,60,84,1,1,82,0,1,0,1,1,0,1,10,0,2,18
2,0,1,23,71,84,1,1,46,0,3,0,1,0,2,1,10,0,2,18
2,2,1,23,98,84,0,0,47,0,3,0,1,2,3,1,18,0,2,18
3,3,0,20,79,84,1,0,98,1,0,0,1,3,3,0,19,0,0,18
3,1,0,23,60,84,1,1,82,1,1,0,1,1,0,0,10,0,2,18
3,0,0,23,71,84,1,1,46,1,3,0,1,0,2,0,10,0,2,18
2,2,0,23,98,84,0,0,47,1,3,0,1,2,3,0,18,0,2,18
1,3,2,25,85,71,1,1,81,0,1,0,1,3,3,1,5,0,1,24
0,3,2,25,85,71,1,1,81,1,1,0,1,3,3,1,5,2,1,24
0,3,2,25,85,71,1,1,81,1,1,0,1,3,3,1,5,2,1,24
0,3,0,25,85,71,1,1,81,1,1,0,1,3,3,0,5,2,1,24
0,3,2,25,85,71,1,1,81,0,1,0,0,3,3,1,5,1,1,24
3,2,0,28,78,63,1,1,67,1,2,0,1,2,0,0,18,2,2,34
3,1,0,23,65,63,1,1,95,1,0,0,1,1,0,0,20,2,2,34
3,2,0,25,88,73,1,1,54,0,3,1,1,2,3,2,13,1,2,17
2,2,0,28,94,73,0,1,51,0,3,1,1,2,1,2,14,1,2,17
3,2,2,25,88,73,1,1,54,1,3,1,1,2,3,1,13,1,2,17
3,2,2,28,94,73,0,1,51,1,3,1,1,2,1,1,14,1,2,17
3,2,2,25,88,73,1,1,54,1,3,1,1,2,3,1,13,2,2,17
2,2,2,28,94,73,0,1,51,1,3,1,1,2,1,1,14,2,2,17
3,2,0,25,88,73,1,1,54,1,3,1,1,2,3,2,13,1,2,17
3,2,0,28,94,73,0,1,51,1,3,1,1,2,1,2,14,1,2,17
3,2,0,25,88,73,1,1,54,1,3,1,1,2,3,0,13,2,2,17
2,2,0,28,94,73,0,1,51,1,3,1,1,2,1,0,14,2,2,17
2,2,2,25,88,73,1,1,54,0,3,1,1,2,3,1,13,0,2,17
2,2,2,28,94,73,0,1,51,0,3,1,1,2,1,1,14,0,2,17
0,0,1,29,54,89,0,1,64,1,2,1,1,0,2,0,4,1,2,15
1,0,1,29,54,89,0,1,64,0,2,1,1,0,2,0,4,0,2,15
1,0,1,29,54,89,0,1,64,1,2,1,1,0,2,0,4,2,2,15
0,0,1,29,54,89,0,1,64,1,2,1,1,0,2,0,4,0,2,15
1,0,1,29,54,89,0,1,64,0,2,1,1,0,2,2,4,0,2,15
0,0,1,29,54,89,0,1,64,1,2,1,1,0,2,2,4,1,2,15
0,0,1,29,54,89,0,1,64,1,2,1,1,0,2,2,4,1,2,15
1,0,1,29,54,89,0,1,64,0,2,1,1,0,2,0,4,1,2,15
1,0,1,29,54,89,0,1,64,0,2,1,1,0,2,1,4,0,2,15
3,1,1,25,60,86,1,1,71,1,1,1,1,1,0,0,13,1,2,25
0,0,1,18,51,86,1,1,51,1,3,1,1,0,3,0,9,1,2,25
3,1,1,25,60,86,1,1,71,1,1,1,1,1,0,0,13,1,2,25
0,0,1,18,51,86,1,1,51,1,3,1,1,0,3,0,9,1,2,25
3,1,1,25,60,86,1,1,71,0,1,1,1,1,0,1,13,1,2,25
0,0,1,18,51,86,1,1,51,0,3,1,1,0,3,1,9,1,2,25
0,1,0,27,67,85,1,0,81,1,1,1,1,1,2,0,8,0,2,23
3,3,2,24,90,85,1,1,74,1,1,1,1,3,0,0,20,0,1,23
3,3,2,21,85,85,1,1,97,1,0,1,1,3,0,0,10,0,1,23
2,2,0,21,88,85,0,1,55,1,2,1,1,2,3,0,18,0,2,23
1,1,0,27,67,85,1,0,81,0,1,1,0,1,2,0,8,2,2,23
2,3,2,24,90,85,1,1,74,0,1,1,0,3,0,0,20,2,1,23
1,3,2,21,85,85,1,1,97,0,0,1,0,3,0,0,10,2,1,23
2,2,0,21,88,85,0,1,55,0,2,1,0,2,3,0,18,2,2,23
0,1,0,27,67,85,1,0,81,1,1,1,1,1,2,0,8,1,2,23
3,3,2,24,90,85,1,1,74,1,1,1,1,3,0,0,20,1,1,23
3,3,2,21,85,85,1,1,97,1,0,1,1,3,0,0,10,1,1,23
3,2,0,21,88,85,0,1,55,1,2,1,1,2,3,0,18,1,2,23
1,1,1,27,67,85,1,0,81,0,1,1,1,1,2,1,8,2,2,23
2,3,2,24,90,85,1,1,74,0,1,1,1,3,0,1,20,2,1,23
1,3,2,21,85,85,1,1,97,0,0,1,1,3,0,1,10,2,1,23
2,2,1,21,88,85,0,1,55,0,2,1,1,2,3,1,18,2,2,23
3,1,0,28,50,60,0,1,96,1,0,0,1,1,2,2,19,1,2,26
0,3,0,22,94,60,0,1,84,1,1,0,1,3,2,2,1,1,2,26
0,2,2,26,92,60,1,1,62,1,2,0,1,2,2,2,4,1,1,26
0,1,2,29,57,88,1,1,73,1,1,0,1,1,1,1,9,1,1,17
3,1,1,21,65,88,0,1,74,1,1,0,1,1,3,1,19,1,2,17
0,0,2,24,55,88,0,1,44,1,3,0,1,0,3,1,4,1,1,17
0,1,2,29,57,88,1,1,73,0,1,0,1,1,1,1,9,1,1,17
2,1,1,21,65,88,0,1,74,0,1,0,1,1,3,1,19,1,2,17
1,0,2,24,55,88,0,1,44,0,3,0,1,0,3,1,4,1,1,17
0,1,2,29,57,88,1,1,73,1,1,0,1,1,1,1,9,2,1,17
2,1,1,21,65,88,0,1,74,1,1,0,1,1,3,1,19,2,2,17
1,0,2,24,55,88,0,1,44,1,3,0,1,0,3,1,4,2,1,17
1,2,1,29,78,98,0,0,43,1,3,1,0,2,0,1,6,2,2,14
1,3,1,18,83,98,0,1,91,1,0,1,0,3,3,1,2,2,2,14
1,2,1,24,96,98,0,0,69,1,2,1,0,2,0,1,4,2,2,14
1,2,1,29,78,98,0,0,43,0,3,1,1,2,0,1,6,2,2,14
1,3,1,18,83,98,0,1,91,0,0,1,1,3,3,1,2,2,2,14
1,2,1,24,96,98,0,0,69,0,2,1,1,2,0,1,4,2,2,14
1,2,1,29,78,98,0,0,43,1,3,1,1,2,0,1,6,2,2,14
1,3,1,18,83,98,0,1,91,1,0,1,1,3,3,1,2,2,2,14
1,2,1,24,96,98,0,0,69,1,2,1,1,2,0,1,4,2,2,14
0,2,1,29,78,98,0,0,43,1,3,1,1,2,0,2,6,1,2,14
0,3,1,18,83,98,0,1,91,1,0,1,1,3,3,2,2,1,2,14
0,2,1,24,96,98,0,0,69,1,2,1,1,2,0,2,4,1,2,14
0,2,1,29,78,98,0,0,43,1,3,1,1,2,0,0,6,1,2,14
0,3,1,18,83,98,0,1,91,1,0,1,1,3,3,0,2,1,2,14
0,2,1,24,96,98,0,0,69,1,2,1,1,2,0,0,4,1,2,14
1,2,1,29,78,98,0,0,43,0,3,1,0,2,0,1,6,1,2,14
1,3,1,18,83,98,0,1,91,0,0,1,0,3,3,1,2,1,2,14
1,2,1,24,96,98,0,0,69,0,2,1,0,2,0,1,4,1,2,14
0,2,1,29,78,98,0,0,43,1,3,1,1,2,0,0,6,1,2,14
0,3,1,18,83,98,0,1,91,1,0,1,1,3,3,0,2,1,2,14
0,2,1,24,96,98,0,0,69,1,2,1,1,2,0,0,4,1,2,14
1,2,1,29,78,98,0,0,43,1,3,1,1,2,0,2,6,2,2,14
1,3,1,18,83,98,0,1,91,1,0,1,1,3,3,2,2,2,2,14
1,2,1,24,96,98,0,0,69,1,2,1,1,2,0,2,4,2,2,14
2,2,1,26,79,93,1,1,45,0,3,1,1,2,0,1,15,0,0,17
2,1,1,19,74,93,1,1,83,0,1,1,1,1,3,1,13,0,2,17
3,2,1,26,79,93,1,1,45,1,3,1,1,2,0,2,15,1,0,17
3,1,1,19,74,93,1,1,83,1,1,1,1,1,3,2,13,1,2,17
3,2,1,26,79,93,1,1,45,1,3,1,1,2,0,0,15,1,0,17
3,1,1,19,74,93,1,1,83,1,1,1,1,1,3,0,13,1,2,17
3,2,1,26,79,93,1,1,45,0,3,1,1,2,0,0,15,1,0,17
3,1,1,19,74,93,1,1,83,0,1,1,1,1,3,0,13,1,2,17
3,2,1,26,79,93,1,1,45,0,3,1,1,2,0,0,15,1,0,17
3,1,1,19,74,93,1,1,83,0,1,1,1,1,3,0,13,1,2,17
3,2,1,26,79,93,1,1,45,1,3,1,1,2,0,0,15,0,0,17
3,1,1,19,74,93,1,1,83,1,1,1,1,1,3,0,13,0,2,17
0,1,0,28,51,68,1,0,81,1,1,0,1,1,2,1,8,1,2,14
0,3,0,24,81,68,0,0,98,1,0,0,1,3,1,1,5,1,2,14
0,1,2,23,62,68,0,1,84,1,1,0,1,1,1,1,9,1,0,14
0,1,0,28,51,68,1,0,81,1,1,0,1,1,2,2,8,1,2,14
0,3,0,24,81,68,0,0,98,1,0,0,1,3,1,2,5,1,2,14
0,1,0,23,62,68,0,1,84,1,1,0,1,1,1,2,9,1,0,14
0,1,0,28,51,68,1,0,81,1,1,0,1,1,2,0,8,2,2,14
1,3,0,24,81,68,0,0,98,1,0,0,1,3,1,0,5,2,2,14
1,1,0,23,62,68,0,1,84,1,1,0,1,1,1,0,9,2,0,14
0,1,0,28,51,68,1,0,81,1,1,0,1,1,2,2,8,1,2,14
0,3,0,24,81,68,0,0,98,1,0,0,1,3,1,2,5,1,2,14
0,1,0,23,62,68,0,1,84,1,1,0,1,1,1,2,9,1,0,14
3,1,2,19,71,74,0,0,70,1,1,1,1,1,2,1,17,2,2,25
0,0,2,26,65,74,1,1,44,1,3,1,1,0,0,1,1,2,2,25
0,1,2,20,53,74,1,1,76,1,1,1,1,1,1,1,9,2,2,25
3,0,2,21,75,74,1,1,49,1,3,1,1,0,3,1,17,2,1,25
0,0,2,24,51,74,1,1,43,1,3,1,1,0,3,1,9,2,2,25
0,1,2,23,57,74,1,1,72,1,1,1,1,1,1,1,5,2,2,25
3,1,0,19,71,74,0,0,70,1,1,1,1,1,2,0,17,1,2,25
0,0,0,26,65,74,1,1,44,1,3,1,1,0,0,0,1,1,2,25
0,1,0,20,53,74,1,1,76,1,1,1,1,1,1,0,9,1,2,25
3,0,2,21,75,74,1,1,49,1,3,1,1,0,3,0,17,1,1,25
0,0,0,24,51,74,1,1,43,1,3,1,1,0,3,0,9,1,2,25
0,1,0,23,57,74,1,1,72,1,1,1,1,1,1,0,5,1,2,25
3,1,0,19,71,74,0,0,70,1,1,1,1,1,2,2,17,1,2,25
0,0,0,26,65,74,1,1,44,1,3,1,1,0,0,2,1,1,2,25
0,1,0,20,53,74,1,1,76,1,1,1,1,1,1,2,9,1,2,25
3,0,2,21,75,74,1,1,49,1,3,1,1,0,3,2,17,1,1,25
0,0,0,24,51,74,1,1,43,1,3,1,1,0,3,2,9,1,2,25
0,1,0,23,57,74,1,1,72,1,1,1,1,1,1,2,5,1,2,25
2,1,0,19,71,74,0,0,70,0,1,1,1,1,2,2,17,2,2,25
1,0,0,26,65,74,1,1,44,0,3,1,1,0,0,2,1,2,2,25
1,1,0,20,53,74,1,1,76,0,1,1,1,1,1,2,9,2,2,25
3,0,2,21,75,74,1,1,49,0,3,1,1,0,3,2,17,2,1,25
1,0,0,24,51,74,1,1,43,0,3,1,1,0,3,2,9,2,2,25
1,1,0,23,57,74,1,1,72,0,1,1,1,1,1,2,5,2,2,25
0,3,2,21,82,79,1,1,73,1,1,1,1,3,1,1,2,1,1,28
3,0,2,28,67,79,0,1,42,1,3,1,1,0,2,1,11,1,1,28
3,2,1,18,94,79,1,1,52,1,3,1,1,2,0,1,13,1,2,28
3,2,2,18,83,79,0,1,69,1,2,1,1,2,1,1,12,1,1,28
0,3,2,21,82,79,1,1,73,1,1,1,1,3,1,0,2,2,1,28
1,0,2,28,67,79,0,1,42,1,3,1,1,0,2,0,11,2,1,28
3,2,0,18,94,79,1,1,52,1,3,1,1,2,0,0,13,2,2,28
1,2,2,18,83,79,0,1,69,1,2,1,1,2,1,0,12,2,1,28
3,0,0,22,64,81,1,0,52,0,3,0,1,0,3,0,12,1,2,31
3,1,0,19,58,81,1,1,96,0,0,0,1,1,3,0,16,1,0,31
3,3,2,22,89,81,1,1,90,0,0,0,1,3,2,0,19,1,1,31
2,0,0,20,63,81,0,1,69,0,2,0,1,0,1,0,18,1,2,31
0,2,1,19,99,99,0,1,47,1,3,1,1,2,3,1,4,1,0,13
0,1,1,26,71,99,1,0,85,1,0,1,1,1,1,1,1,1,1,13
0,1,1,29,52,99,1,1,77,1,1,1,1,1,0,1,7,1,1,13
0,2,1,20,83,99,0,0,58,1,2,1,1,2,2,1,6,1,1,13
3,3,1,20,76,99,0,1,96,1,0,1,1,3,1,1,15,1,0,13
3,2,1,20,92,99,1,1,58,1,2,1,1,2,1,1,10,1,2,13
0,1,1,20,73,99,1,1,71,1,1,1,1,1,1,1,6,1,1,13
1,2,1,19,99,99,0,1,47,0,3,1,1,2,3,1,4,2,0,13
1,1,1,26,71,99,1,0,85,0,0,1,1,1,1,1,1,2,1,13
1,1,1,29,52,99,1,1,77,0,1,1,1,1,0,1,7,2,1,13
1,2,1,20,83,99,0,0,58,0,2,1,1,2,2,1,6,2,1,13
2,3,1,20,76,99,0,1,96,0,0,1,1,3,1,1,15,2,0,13
1,2,1,20,92,99,1,1,58,0,2,1,1,2,1,1,10,2,2,13
1,1,1,20,73,99,1,1,71,0,1,1,1,1,1,1,6,2,1,13
0,2,1,19,99,99,0,1,47,1,3,1,1,2,3,1,4,1,0,13
0,1,1,26,71,99,1,0,85,1,0,1,1,1,1,1,1,1,1,13
0,1,1,29,52,99,1,1,77,1,1,1,1,1,0,1,7,1,1,13
0,2,1,20,83,99,0,0,58,1,2,1,1,2,2,1,6,1,1,13
3,3,1,20,76,99,0,1,96,1,0,1,1,3,1,1,15,1,0,13
3,2,1,20,92,99,1,1,58,1,2,1,1,2,1,1,10,1,2,13
0,1,1,20,73,99,1,1,71,1,1,1,1,1,1,1,6,1,1,13
1,2,1,19,99,99,0,1,47,1,3,1,0,2,3,1,4,2,0,13
0,1,1,26,71,99,1,0,85,1,0,1,0,1,1,1,1,2,1,13
0,1,1,29,52,99,1,1,77,1,1,1,0,1,0,1,7,2,1,13
1,2,1,20,83,99,0,0,58,1,2,1,0,2,2,1,6,2,1,13
2,3,1,20,76,99,0,1,96,1,0,1,0,3,1,1,15,2,0,13
3,2,1,20,92,99,1,1,58,1,2,1,0,2,1,1,10,2,2,13
0,1,1,20,73,99,1,1,71,1,1,1,0,1,1,1,6,2,1,13
1,2,1,19,99,99,0,1,47,0,3,1,1,2,3,2,4,1,0,13
0,1,1,26,71,99,1,0,85,0,0,1,1,1,1,2,1,1,1,13
0,1,1,29,52,99,1,1,77,0,1,1,1,1,0,2,7,1,1,13
1,2,1,20,83,99,0,0,58,0,2,1,1,2,2,2,6,1,1,13
2,3,1,20,76,99,0,1,96,0,0,1,1,3,1,2,15,1,0,13
3,2,1,20,92,99,1,1,58,0,2,1,1,2,1,2,10,1,2,13
0,1,1,20,73,99,1,1,71,0,1,1,1,1,1,2,6,1,1,13
0,1,1,20,65,97,1,1,77,0,1,0,1,1,0,1,9,1,1,29
1,0,1,23,62,97,0,0,66,0,2,0,1,0,0,1,2,1,2,29
3,3,1,18,86,97,1,1,75,0,1,0,1,3,3,1,20,1,2,29
0,1,1,20,65,97,1,1,77,0,1,0,1,1,0,1,9,1,1,29
1,0,1,23,62,97,0,0,66,0,2,0,1,0,0,1,2,1,2,29
3,3,1,18,86,97,1,1,75,0,1,0,1,3,3,1,20,1,2,29
0,1,1,20,65,97,1,1,77,1,1,0,1,1,0,1,9,1,1,29
0,0,1,23,62,97,0,0,66,1,2,0,1,0,0,1,2,1,2,29
3,3,1,18,86,97,1,1,75,1,1,0,1,3,3,1,20,1,2,29
0,1,1,20,65,97,1,1,77,1,1,0,1,1,0,1,9,2,1,29
1,0,1,23,62,97,0,0,66,1,2,0,1,0,0,1,2,2,2,29
3,3,1,18,86,97,1,1,75,1,1,0,1,3,3,1,20,2,2,29
2,3,1,22,95,97,1,1,83,0,1,0,1,3,3,0,20,0,0,24
2,1,1,20,70,97,0,1,79,0,1,0,1,1,1,0,15,0,1,24
2,0,1,20,52,97,0,0,42,0,3,0,1,0,2,0,15,0,2,24
1,0,1,28,56,97,0,1,48,0,3,0,1,0,1,0,0,0,2,24
2,1,1,29,68,97,1,1,90,0,0,0,1,1,2,0,14,0,1,24
2,3,1,24,98,97,0,1,85,0,0,0,1,3,1,0,18,0,0,24
1,0,1,25,62,97,0,1,67,0,2,0,1,0,0,0,1,0,1,24
3,3,1,22,95,97,1,1,83,0,1,0,1,3,3,2,20,1,0,24
2,1,1,20,70,97,0,1,79,0,1,0,1,1,1,2,15,1,1,24
2,0,1,20,52,97,0,0,42,0,3,0,1,0,2,2,15,1,2,24
1,0,1,28,56,97,0,1,48,0,3,0,1,0,1,2,0,1,2,24
3,1,1,29,68,97,1,1,90,0,0,0,1,1,2,2,14,1,1,24
2,3,1,24,98,97,0,1,85,0,0,0,1,3,1,2,18,1,0,24
1,0,1,25,62,97,0,1,67,0,2,0,1,0,0,2,1,1,1,24
3,3,1,22,95,97,1,1,83,1,1,0,1,3,3,1,20,1,0,24
3,1,1,20,70,97,0,1,79,1,1,0,1,1,1,1,15,1,1,24
3,0,1,20,52,97,0,0,42,1,3,0,1,0,2,1,15,1,2,24
0,0,1,28,56,97,0,1,48,1,3,0,1,0,1,1,0,1,2,24
3,1,1,29,68,97,1,1,90,1,0,0,1,1,2,1,14,1,1,24
3,3,1,24,98,97,0,1,85,1,0,0,1,3,1,1,18,1,0,24
0,0,1,25,62,97,0,1,67,1,2,0,1,0,0,1,1,1,1,24
3,0,0,19,64,81,1,1,63,1,2,0,1,0,3,0,14,0,2,20
2,3,2,28,80,81,0,1,88,1,0,0,1,3,3,0,11,0,1,20
3,0,0,19,64,81,1,1,63,1,2,0,0,0,3,0,14,1,2,20
3,3,2,28,80,81,0,1,88,1,0,0,0,3,3,0,11,1,1,20
2,0,1,19,64,81,1,1,63,0,2,0,1,0,3,1,14,0,2,20
2,3,2,28,80,81,0,1,88,0,0,0,1,3,3,1,11,0,1,20
3,0,0,19,64,81,1,1,63,0,2,0,1,0,3,0,14,1,2,20
2,3,2,28,80,81,0,1,88,0,0,0,1,3,3,0,11,1,1,20
3,0,2,20,58,89,0,1,51,1,3,1,1,0,0,1,14,2,1,22
1,0,1,27,73,89,0,0,58,1,2,1,1,0,3,1,0,2,2,22
1,0,1,18,51,89,0,1,68,1,2,1,1,0,2,1,8,2,0,22
3,1,1,23,72,89,1,1,88,1,0,1,1,1,1,1,15,2,2,22
2,0,2,20,58,89,0,1,51,0,3,1,1,0,0,1,14,1,1,22
1,0,1,27,73,89,0,0,58,0,2,1,1,0,3,1,0,1,2,22
1,0,1,18,51,89,0,1,68,0,2,1,1,0,2,1,8,1,0,22
3,1,1,23,72,89,1,1,88,0,0,1,1,1,1,1,15,1,2,22
3,0,2,20,58,89,0,1,51,1,3,1,1,0,0,1,14,2,1,22
1,0,1,27,73,89,0,0,58,1,2,1,1,0,3,1,0,2,2,22
1,0,1,18,51,89,0,1,68,1,2,1,1,0,2,1,8,2,0,22
3,1,1,23,72,89,1,1,88,1,0,1,1,1,1,1,15,2,2,22
3,0,2,20,58,89,0,1,51,1,3,1,1,0,0,1,14,1,1,22
0,0,1,27,73,89,0,0,58,1,2,1,1,0,3,1,0,1,2,22
0,0,1,18,51,89,0,1,68,1,2,1,1,0,2,1,8,1,0,22
3,1,1,23,72,89,1,1,88,1,0,1,1,1,1,1,15,1,2,22
2,0,2,20,58,89,0,1,51,0,3,1,1,0,0,2,14,2,1,22
1,0,1,27,73,89,0,0,58,0,2,1,1,0,3,2,0,2,2,22
1,0,1,18,51,89,0,1,68,0,2,1,1,0,2,2,8,2,0,22
3,1,1,23,72,89,1,1,88,0,0,1,1,1,1,2,15,2,2,22
2,0,2,20,58,89,0,1,51,0,3,1,1,0,0,1,14,2,1,22
1,0,1,27,73,89,0,0,58,0,2,1,1,0,3,1,0,2,2,22
1,0,1,18,51,89,0,1,68,0,2,1,1,0,2,1,8,2,0,22
3,1,1,23,72,89,1,1,88,0,0,1,1,1,1,1,15,2,2,22
0,3,1,26,98,77,1,1,99,1,0,1,1,3,0,1,2,1,2,13
3,1,1,26,66,77,0,0,82,1,1,1,1,1,0,1,16,1,2,13
0,3,1,26,98,77,1,1,99,0,0,1,1,3,0,1,2,1,2,13
2,1,1,26,66,77,0,0,82,0,1,1,1,1,0,1,16,1,2,13
0,3,0,26,98,77,1,1,99,1,0,1,1,3,0,0,2,2,2,13
2,1,0,26,66,77,0,0,82,1,1,1,1,1,0,0,16,2,2,13
0,3,0,26,98,77,1,1,99,1,0,1,0,3,0,0,2,1,2,13
3,1,0,26,66,77,0,0,82,1,1,1,0,1,0,0,16,1,2,13
1,3,1,26,98,77,1,1,99,0,0,1,1,3,0,1,2,2,2,13
2,1,1,26,66,77,0,0,82,0,1,1,1,1,0,1,16,2,2,13
0,3,1,26,98,77,1,1,99,1,0,1,1,3,0,1,2,2,2,13
2,1,1,26,66,77,0,0,82,1,1,1,1,1,0,1,16,2,2,13
1,3,1,26,98,77,1,1,99,0,0,1,1,3,0,1,2,2,2,13
2,1,1,26,66,77,0,0,82,0,1,1,1,1,0,1,16,2,2,13
0,3,0,26,98,77,1,1,99,1,0,1,1,3,0,0,2,1,2,13
3,1,0,26,66,77,0,0,82,1,1,1,1,1,0,0,16,1,2,13
1,1,1,18,60,85,0,1,76,1,1,0,1,1,3,2,1,2,2,35
1,1,1,20,59,85,0,0,77,1,1,0,1,1,2,2,8,2,0,35
1,0,1,28,66,85,0,1,61,1,2,0,1,0,0,2,4,2,2,35
0,0,1,18,73,85,1,0,54,1,3,0,1,0,0,2,4,2,2,35
0,3,1,21,96,85,1,1,97,1,0,0,1,3,1,2,2,2,2,35
0,0,2,26,73,85,1,1,65,1,2,0,1,0,1,2,5,2,1,35
3,3,2,18,82,85,1,1,73,1,1,0,1,3,0,2,19,2,1,35
0,2,0,23,89,74,1,1,59,1,2,1,1,2,3,0,1,0,2,21
3,1,2,20,69,74,1,1,90,1,0,1,1,1,3,0,11,0,1,21
3,2,0,19,91,74,1,1,68,1,2,1,1,2,2,0,12,0,2,21
0,2,2,23,89,74,1,1,59,0,2,1,1,2,3,1,1,1,2,21
3,1,2,20,69,74,1,1,90,0,0,1,1,1,3,1,11,1,1,21
3,2,2,19,91,74,1,1,68,0,2,1,1,2,2,1,12,1,2,21
1,2,0,23,89,74,1,1,59,0,2,1,1,2,3,0,1,2,2,21
1,1,2,20,69,74,1,1,90,0,0,1,1,1,3,0,11,2,1,21
1,2,0,19,91,74,1,1,68,0,2,1,1,2,2,0,12,2,2,21
0,2,0,23,89,74,1,1,59,1,2,1,0,2,3,0,1,2,2,21
3,1,2,20,69,74,1,1,90,1,0,1,0,1,3,0,11,2,1,21
3,2,0,19,91,74,1,1,68,1,2,1,0,2,2,0,12,2,2,21
0,2,2,23,89,74,1,1,59,1,2,1,1,2,3,1,1,1,2,21
3,1,2,20,69,74,1,1,90,1,0,1,1,1,3,1,11,1,1,21
3,2,2,19,91,74,1,1,68,1,2,1,1,2,2,1,12,1,2,21
0,2,2,23,89,74,1,1,59,1,2,1,1,2,3,1,1,1,2,21
3,1,2,20,69,74,1,1,90,1,0,1,1,1,3,1,11,1,1,21
3,2,2,19,91,74,1,1,68,1,2,1,1,2,2,1,12,1,2,21
0,2,0,23,89,74,1,1,59,0,2,1,1,2,3,2,1,1,2,21
3,1,2,20,69,74,1,1,90,0,0,1,1,1,3,2,11,1,1,21
3,2,0,19,91,74,1,1,68,0,2,1,1,2,2,2,12,1,2,21
0,2,2,23,89,74,1,1,59,1,2,1,1,2,3,1,1,0,2,21
3,1,2,20,69,74,1,1,90,1,0,1,1,1,3,1,11,0,1,21
3,2,2,19,91,74,1,1,68,1,2,1,1,2,2,1,12,0,2,21
0,2,2,23,89,74,1,1,59,1,2,1,1,2,3,1,1,2,2,21
3,1,2,20,69,74,1,1,90,1,0,1,1,1,3,1,11,2,1,21
3,2,2,19,91,74,1,1,68,1,2,1,1,2,2,1,12,2,2,21
0,2,0,23,89,74,1,1,59,1,2,1,0,2,3,2,1,2,2,21
3,1,2,20,69,74,1,1,90,1,0,1,0,1,3,2,11,2,1,21
3,2,0,19,91,74,1,1,68,1,2,1,0,2,2,2,12,2,2,21
0,2,2,23,89,74,1,1,59,1,2,1,1,2,3,1,1,0,2,21
3,1,2,20,69,74,1,1,90,1,0,1,1,1,3,1,11,0,1,21
3,2,2,19,91,74,1,1,68,1,2,1,1,2,2,1,12,0,2,21
1,3,0,26,98,83,0,1,80,0,1,0,1,3,2,0,7,2,0,24
0,3,2,26,98,83,0,1,80,1,1,0,1,3,2,2,7,1,0,24
3,0,1,27,68,80,1,0,55,1,2,1,1,0,0,1,11,0,2,23
3,0,2,28,53,80,1,1,64,1,2,1,1,0,2,1,14,0,0,23
0,3,2,29,77,80,1,1,79,1,1,1,1,3,1,1,5,0,1,23
3,0,0,27,68,80,1,0,55,0,2,1,1,0,0,0,11,1,2,23
3,0,0,28,53,80,1,1,64,0,2,1,1,0,2,0,14,1,0,23
0,3,2,29,77,80,1,1,79,0,1,1,1,3,1,0,5,1,1,23
3,0,1,27,68,80,1,0,55,1,2,1,1,0,0,1,11,2,2,23
3,0,2,28,53,80,1,1,64,1,2,1,1,0,2,1,14,2,0,23
0,3,2,29,77,80,1,1,79,1,1,1,1,3,1,1,5,2,1,23
3,0,1,27,68,80,1,0,55,1,2,1,1,0,0,1,11,0,2,23
3,0,2,28,53,80,1,1,64,1,2,1,1,0,2,1,14,0,0,23
0,3,2,29,77,80,1,1,79,1,1,1,1,3,1,1,5,0,1,23
1,0,0,27,68,80,1,0,55,0,2,1,1,0,0,0,11,2,2,23
3,0,0,28,53,80,1,1,64,0,2,1,1,0,2,0,14,2,0,23
1,3,2,29,77,80,1,1,79,0,1,1,1,3,1,0,5,2,1,23
3,0,1,27,68,80,1,0,55,1,2,1,1,0,0,1,11,2,2,23
3,0,2,28,53,80,1,1,64,1,2,1,1,0,2,1,14,2,0,23
0,3,2,29,77,80,1,1,79,1,1,1,1,3,1,1,5,2,1,23
3,0,0,27,68,80,1,0,55,0,2,1,1,0,0,0,11,1,2,23
3,0,0,28,53,80,1,1,64,0,2,1,1,0,2,0,14,1,0,23
0,3,2,29,77,80,1,1,79,0,1,1,1,3,1,0,5,1,1,23
3,0,1,27,68,80,1,0,55,0,2,1,1,0,0,1,11,1,2,23
3,0,2,28,53,80,1,1,64,0,2,1,1,0,2,1,14,1,0,23
0,3,2,29,77,80,1,1,79,0,1,1,1,3,1,1,5,1,1,23
1,2,0,19,87,71,1,1,43,0,3,0,1,2,0,0,12,2,1,15
3,2,2,19,87,71,1,1,43,0,3,0,0,2,0,2,12,1,1,15
3,2,0,19,87,71,1,1,43,1,3,0,1,2,0,0,12,2,1,15
1,2,2,19,87,71,1,1,43,0,3,0,1,2,0,1,12,2,1,15
3,2,2,19,87,71,1,1,43,0,3,0,0,2,0,2,12,1,1,15
2,2,0,19,87,71,1,1,43,0,3,0,0,2,0,0,12,0,1,15
3,1,0,21,72,75,1,0,94,1,0,0,1,1,2,0,13,2,0,23
3,3,0,25,89,75,1,1,82,1,1,0,1,3,0,0,14,2,2,23
3,1,0,21,72,75,1,0,94,1,0,0,1,1,2,0,13,1,0,23
3,3,0,25,89,75,1,1,82,1,1,0,1,3,0,0,14,1,2,23
3,1,2,21,72,75,1,0,94,1,0,0,1,1,2,2,13,1,0,23
3,3,0,25,89,75,1,1,82,1,1,0,1,3,0,2,14,1,2,23
3,1,0,21,72,75,1,0,94,0,0,0,1,1,2,0,13,1,0,23
3,3,0,25,89,75,1,1,82,0,1,0,1,3,0,0,14,1,2,23
3,1,2,21,72,75,1,0,94,1,0,0,1,1,2,2,13,0,0,23
3,3,0,25,89,75,1,1,82,1,1,0,1,3,0,2,14,0,2,23
3,1,2,21,72,75,1,0,94,1,0,0,0,1,2,1,13,2,0,23
3,3,2,25,89,75,1,1,82,1,1,0,0,3,0,1,14,2,2,23
3,1,2,21,72,75,1,0,94,1,0,0,1,1,2,1,13,2,0,23
3,3,2,25,89,75,1,1,82,1,1,0,1,3,0,1,14,2,2,23
1,3,0,27,91,63,1,1,91,0,0,1,1,3,1,0,8,2,2,31
0,3,0,27,91,63,1,1,91,1,0,1,1,3,1,0,8,2,2,31
1,0,0,24,50,62,0,1,51,0,3,1,1,0,0,1,2,2,2,28
1,0,0,25,51,62,0,1,63,0,2,1,1,0,2,1,12,2,2,28
0,0,0,24,50,62,0,1,51,1,3,1,1,0,0,1,2,1,2,28
3,0,0,25,51,62,0,1,63,1,2,1,1,0,2,1,12,1,2,28
1,0,0,24,50,62,0,1,51,0,3,1,1,0,0,2,2,1,2,28
2,0,0,25,51,62,0,1,63,0,2,1,1,0,2,2,12,1,2,28
3,1,2,18,59,70,1,0,89,0,0,0,1,1,3,1,12,1,0,30
3,2,0,26,87,70,1,1,64,0,2,0,1,2,1,1,14,1,2,30
2,1,0,18,54,70,0,1,89,0,0,0,1,1,1,1,18,1,2,30
0,1,2,27,62,70,1,1,80,0,1,0,1,1,1,1,6,1,1,30
3,1,2,21,50,70,1,1,70,0,1,0,1,1,3,1,10,1,1,30
3,1,2,18,59,70,1,0,89,1,0,0,1,1,3,1,12,2,0,30
3,2,0,26,87,70,1,1,64,1,2,0,1,2,1,1,14,2,2,30
3,1,0,18,54,70,0,1,89,1,0,0,1,1,1,1,18,2,2,30
0,1,2,27,62,70,1,1,80,1,1,0,1,1,1,1,6,2,1,30
3,1,2,21,50,70,1,1,70,1,1,0,1,1,3,1,10,2,1,30
3,1,2,18,59,70,1,0,89,0,0,0,1,1,3,1,12,1,0,30
3,2,0,26,87,70,1,1,64,0,2,0,1,2,1,1,14,1,2,30
2,1,0,18,54,70,0,1,89,0,0,0,1,1,1,1,18,1,2,30
0,1,2,27,62,70,1,1,80,0,1,0,1,1,1,1,6,1,1,30
3,1,2,21,50,70,1,1,70,0,1,0,1,1,3,1,10,1,1,30
0,2,2,28,95,63,1,0,43,0,3,0,1,2,1,1,7,1,0,17
3,0,0,23,72,63,1,0,42,0,3,0,1,0,3,1,20,1,2,17
2,2,2,18,76,63,0,1,54,0,3,0,1,2,0,1,20,1,1,17
2,1,2,23,73,63,0,1,79,0,1,0,1,1,2,1,19,1,0,17
0,2,2,28,95,63,1,0,43,1,3,0,1,2,1,1,7,1,0,17
3,0,0,23,72,63,1,0,42,1,3,0,1,0,3,1,20,1,2,17
3,2,2,18,76,63,0,1,54,1,3,0,1,2,0,1,20,1,1,17
3,1,2,23,73,63,0,1,79,1,1,0,1,1,2,1,19,1,0,17
3,2,0,20,93,64,1,1,62,1,2,0,1,2,0,0,13,2,2,14
3,1,0,23,51,64,1,1,96,1,0,0,1,1,0,0,18,2,2,14
1,1,1,27,52,93,1,0,91,0,0,1,1,1,0,1,10,2,2,19
1,1,1,27,52,93,1,0,91,0,0,1,1,1,0,1,10,2,2,19
3,1,1,27,52,93,1,0,91,0,0,1,0,1,0,2,10,1,2,19
3,1,1,27,52,93,1,0,91,1,0,1,1,1,0,1,10,2,2,19
0,1,0,24,56,62,0,1,79,1,1,1,1,1,1,2,6,1,0,20
3,2,2,20,81,62,0,1,64,1,2,1,1,2,1,2,17,1,1,20
3,1,0,27,61,62,1,1,83,1,1,1,1,1,2,2,19,1,0,20
1,1,0,24,56,62,0,1,79,0,1,1,1,1,1,2,6,0,0,20
2,2,2,20,81,62,0,1,64,0,2,1,1,2,1,2,17,0,1,20
2,1,0,27,61,62,1,1,83,0,1,1,1,1,2,2,19,0,0,20
0,1,0,24,56,62,0,1,79,1,1,1,1,1,1,0,6,1,0,20
3,2,0,20,81,62,0,1,64,1,2,1,1,2,1,0,17,1,1,20
3,1,0,27,61,62,1,1,83,1,1,1,1,1,2,0,19,1,0,20
0,1,0,24,56,62,0,1,79,1,1,1,1,1,1,2,6,1,0,20
3,2,2,20,81,62,0,1,64,1,2,1,1,2,1,2,17,1,1,20
3,1,0,27,61,62,1,1,83,1,1,1,1,1,2,2,19,1,0,20
0,1,0,24,56,62,0,1,79,1,1,1,1,1,1,0,6,1,0,20
3,2,0,20,81,62,0,1,64,1,2,1,1,2,1,0,17,1,1,20
3,1,0,27,61,62,1,1,83,1,1,1,1,1,2,0,19,1,0,20
1,1,0,24,56,62,0,1,79,0,1,1,1,1,1,2,6,1,0,20
2,2,2,20,81,62,0,1,64,0,2,1,1,2,1,2,17,1,1,20
3,1,0,27,61,62,1,1,83,0,1,1,1,1,2,2,19,1,0,20
0,1,0,24,56,62,0,1,79,1,1,1,1,1,1,0,6,1,0,20
3,2,0,20,81,62,0,1,64,1,2,1,1,2,1,0,17,1,1,20
3,1,0,27,61,62,1,1,83,1,1,1,1,1,2,0,19,1,0,20
0,1,0,24,56,62,0,1,79,1,1,1,1,1,1,2,6,1,0,20
3,2,2,20,81,62,0,1,64,1,2,1,1,2,1,2,17,1,1,20
3,1,0,27,61,62,1,1,83,1,1,1,1,1,2,2,19,1,0,20
0,2,1,23,93,86,0,1,47,1,3,0,1,2,1,0,4,1,2,27
3,2,2,26,87,86,0,1,66,1,2,0,1,2,2,0,20,1,1,27
0,2,1,23,93,86,0,1,47,1,3,0,1,2,1,2,4,1,2,27
3,2,2,26,87,86,0,1,66,1,2,0,1,2,2,2,20,1,1,27
0,2,0,23,99,71,0,1,59,1,2,0,1,2,2,2,1,1,2,10
0,3,0,27,76,71,1,1,97,1,0,0,1,3,1,2,7,1,2,10
1,2,0,23,99,71,0,1,59,0,2,0,1,2,2,0,1,0,2,10
1,3,0,27,76,71,1,1,97,0,0,0,1,3,1,0,7,0,2,10
3,0,2,27,70,79,0,1,40,1,3,1,1,0,2,0,14,1,1,19
3,0,2,27,70,79,0,1,40,1,3,1,1,0,2,1,14,2,1,19
2,0,2,27,70,79,0,1,40,0,3,1,1,0,2,2,14,1,1,19
2,0,2,27,70,79,0,1,40,0,3,1,1,0,2,1,14,1,1,19
3,0,2,27,70,79,0,1,40,1,3,1,1,0,2,0,14,2,1,19
3,0,2,27,70,79,0,1,40,1,3,1,1,0,2,1,14,2,1,19
3,0,2,27,70,79,0,1,40,1,3,1,1,0,2,1,14,2,1,19
2,0,2,27,70,79,0,1,40,0,3,1,1,0,2,2,14,1,1,19
3,0,2,27,70,79,0,1,40,1,3,1,1,0,2,0,14,1,1,19
3,0,2,27,70,79,0,1,40,1,3,1,1,0,2,1,14,2,1,19
1,3,0,27,94,72,0,1,75,1,1,1,1,3,3,0,8,2,2,17
0,3,0,27,94,72,0,1,75,1,1,1,1,3,3,2,8,1,2,17
0,3,0,27,94,72,0,1,75,1,1,1,1,3,3,1,8,1,2,17
1,3,0,27,94,72,0,1,75,1,1,1,1,3,3,0,8,2,2,17
1,3,0,27,94,72,0,1,75,0,1,1,1,3,3,1,8,1,2,17
1,3,0,27,94,72,0,1,75,0,1,1,1,3,3,2,8,1,2,17
0,3,0,27,94,72,0,1,75,1,1,1,1,3,3,2,8,1,2,17
0,0,0,19,68,81,1,1,44,1,3,1,0,0,1,0,8,1,2,14
3,0,2,22,54,81,0,1,42,1,3,1,0,0,0,0,13,1,1,14
0,1,0,21,64,81,1,1,79,1,1,1,0,1,0,0,9,1,2,14
0,0,0,19,68,81,1,1,44,0,3,1,1,0,1,0,8,1,2,14
2,0,2,22,54,81,0,1,42,0,3,1,1,0,0,0,13,1,1,14
0,1,0,21,64,81,1,1,79,0,1,1,1,1,0,0,9,1,2,14
0,0,1,19,68,81,1,1,44,1,3,1,1,0,1,2,8,1,2,14
3,0,2,22,54,81,0,1,42,1,3,1,1,0,0,2,13,1,1,14
0,1,1,21,64,81,1,1,79,1,1,1,1,1,0,2,9,1,2,14
0,0,1,19,68,81,1,1,44,1,3,1,1,0,1,1,8,1,2,14
3,0,2,22,54,81,0,1,42,1,3,1,1,0,0,1,13,1,1,14
0,1,1,21,64,81,1,1,79,1,1,1,1,1,0,1,9,1,2,14
0,0,0,19,68,81,1,1,44,1,3,1,1,0,1,0,8,1,2,14
3,0,2,22,54,81,0,1,42,1,3,1,1,0,0,0,13,1,1,14
0,1,0,21,64,81,1,1,79,1,1,1,1,1,0,0,9,1,2,14
0,0,1,19,68,81,1,1,44,1,3,1,1,0,1,1,8,1,2,14
3,0,2,22,54,81,0,1,42,1,3,1,1,0,0,1,13,1,1,14
0,1,1,21,64,81,1,1,79,1,1,1,1,1,0,1,9,1,2,14
1,0,1,19,68,81,1,1,44,0,3,1,1,0,1,1,8,2,2,14
2,0,2,22,54,81,0,1,42,0,3,1,1,0,0,1,13,2,1,14
1,1,1,21,64,81,1,1,79,0,1,1,1,1,0,1,9,2,2,14
1,0,2,24,61,75,0,0,40,0,3,0,1,0,3,1,2,1,1,10
3,0,2,23,56,75,1,1,42,0,3,0,1,0,1,1,17,1,2,10
3,3,2,26,80,75,1,0,98,0,0,0,1,3,2,1,19,1,2,10
1,0,2,24,61,75,0,0,40,0,3,0,1,0,3,0,2,1,1,10
3,0,0,23,56,75,1,1,42,0,3,0,1,0,1,0,17,1,2,10
3,3,0,26,80,75,1,0,98,0,0,0,1,3,2,0,19,1,2,10
3,2,2,19,90,83,1,1,41,1,3,0,1,2,2,1,11,1,1,25
0,3,2,29,77,77,1,0,81,1,1,1,1,3,3,1,3,1,0,12
0,0,2,21,65,77,1,0,65,1,2,1,1,0,0,1,1,1,1,12
0,3,2,29,77,77,1,0,81,1,1,1,1,3,3,1,3,0,0,12
0,0,2,21,65,77,1,0,65,1,2,1,1,0,0,1,1,0,1,12
3,3,2,25,89,74,1,1,81,0,1,1,1,3,3,1,15,1,2,18
3,3,0,25,89,74,1,1,81,1,1,1,1,3,3,2,15,0,2,18
3,3,0,25,89,74,1,1,81,1,1,1,1,3,3,0,15,1,2,18
3,3,0,25,89,74,1,1,81,0,1,1,1,3,3,2,15,1,2,18
3,3,2,25,89,74,1,1,81,1,1,1,1,3,3,1,15,1,2,18
2,3,0,25,89,74,1,1,81,0,1,1,1,3,3,2,15,2,2,18
3,2,1,22,84,88,1,1,69,0,2,0,1,2,1,1,20,1,2,30
2,0,1,24,62,88,0,1,50,0,3,0,1,0,1,1,16,1,2,30
2,1,1,25,60,88,0,1,98,0,0,0,1,1,3,1,15,1,2,30
3,3,1,24,94,88,1,1,81,0,1,0,1,3,3,1,15,1,2,30
1,0,1,26,73,88,0,1,57,0,2,0,1,0,1,1,6,1,0,30
3,2,1,22,84,88,1,1,69,1,2,0,1,2,1,2,20,1,2,30
3,0,1,24,62,88,0,1,50,1,3,0,1,0,1,2,16,1,2,30
3,1,1,25,60,88,0,1,98,1,0,0,1,1,3,2,15,1,2,30
3,3,1,24,94,88,1,1,81,1,1,0,1,3,3,2,15,1,2,30
0,0,1,26,73,88,0,1,57,1,2,0,1,0,1,2,6,1,0,30
3,2,1,22,84,88,1,1,69,1,2,0,1,2,1,1,20,1,2,30
3,0,1,24,62,88,0,1,50,1,3,0,1,0,1,1,16,1,2,30
3,1,1,25,60,88,0,1,98,1,0,0,1,1,3,1,15,1,2,30
3,3,1,24,94,88,1,1,81,1,1,0,1,3,3,1,15,1,2,30
0,0,1,26,73,88,0,1,57,1,2,0,1,0,1,1,6,1,0,30
3,2,1,22,84,88,1,1,69,1,2,0,1,2,1,0,20,1,2,30
3,0,1,24,62,88,0,1,50,1,3,0,1,0,1,0,16,1,2,30
3,1,1,25,60,88,0,1,98,1,0,0,1,1,3,0,15,1,2,30
3,3,1,24,94,88,1,1,81,1,1,0,1,3,3,0,15,1,2,30
0,0,1,26,73,88,0,1,57,1,2,0,1,0,1,0,6,1,0,30
3,3,1,19,81,93,1,0,93,1,0,1,1,3,3,0,20,1,2,11
3,1,1,19,51,93,1,1,89,1,0,1,1,1,1,0,12,1,1,11
3,3,1,19,81,93,1,0,93,0,0,1,1,3,3,1,20,1,2,11
3,1,1,19,51,93,1,1,89,0,0,1,1,1,1,1,12,1,1,11
1,2,2,19,87,78,1,1,56,0,2,1,1,2,1,1,8,2,0,19
0,2,0,19,87,78,1,1,56,0,2,1,1,2,1,0,8,1,0,19
0,2,2,19,87,78,1,1,56,1,2,1,1,2,1,1,8,2,0,19
0,2,2,19,87,78,1,1,56,1,2,1,1,2,1,1,8,1,0,19
1,2,1,28,84,94,0,1,50,0,3,1,1,2,0,1,0,1,2,20
1,2,1,28,84,94,0,1,50,1,3,1,1,2,0,1,0,2,2,20
0,2,1,28,84,94,0,1,50,1,3,1,1,2,0,1,0,1,2,20
0,2,1,28,84,94,0,1,50,1,3,1,1,2,0,0,0,0,2,20
3,2,1,21,78,89,1,0,47,0,3,0,1,2,0,1,10,1,2,19
0,3,1,24,95,89,1,0,80,0,1,0,1,3,3,1,7,1,0,19
1,2,1,27,95,89,0,1,47,0,3,0,1,2,2,1,6,1,2,19
0,1,1,23,54,89,1,1,87,0,0,0,1,1,0,1,2,1,0,19
3,2,1,21,78,89,1,0,47,1,3,0,1,2,0,0,10,1,2,19
0,3,1,24,95,89,1,0,80,1,1,0,1,3,3,0,7,1,0,19
0,2,1,27,95,89,0,1,47,1,3,0,1,2,2,0,6,1,2,19
0,1,1,23,54,89,1,1,87,1,0,0,1,1,0,0,2,1,0,19
3,2,1,21,78,89,1,0,47,1,3,0,1,2,0,0,10,2,2,19
0,3,1,24,95,89,1,0,80,1,1,0,1,3,3,0,7,2,0,19
1,2,1,27,95,89,0,1,47,1,3,0,1,2,2,0,6,2,2,19
0,1,1,23,54,89,1,1,87,1,0,0,1,1,0,0,2,2,0,19
3,2,1,21,78,89,1,0,47,1,3,0,1,2,0,1,10,0,2,19
0,3,1,24,95,89,1,0,80,1,1,0,1,3,3,1,7,0,0,19
1,2,1,27,95,89,0,1,47,1,3,0,1,2,2,1,6,0,2,19
0,1,1,23,54,89,1,1,87,1,0,0,1,1,0,1,2,0,0,19
3,2,1,21,78,89,1,0,47,1,3,0,1,2,0,0,10,1,2,19
0,3,1,24,95,89,1,0,80,1,1,0,1,3,3,0,7,1,0,19
0,2,1,27,95,89,0,1,47,1,3,0,1,2,2,0,6,1,2,19
0,1,1,23,54,89,1,1,87,1,0,0,1,1,0,0,2,1,0,19
2,2,1,21,78,89,1,0,47,0,3,0,1,2,0,1,10,0,2,19
1,3,1,24,95,89,1,0,80,0,1,0,1,3,3,1,7,0,0,19
1,2,1,27,95,89,0,1,47,0,3,0,1,2,2,1,6,0,2,19
0,1,1,23,54,89,1,1,87,0,0,0,1,1,0,1,2,0,0,19
3,2,1,21,78,89,1,0,47,1,3,0,1,2,0,2,10,1,2,19
0,3,1,24,95,89,1,0,80,1,1,0,1,3,3,2,7,1,0,19
0,2,1,27,95,89,0,1,47,1,3,0,1,2,2,2,6,1,2,19
0,1,1,23,54,89,1,1,87,1,0,0,1,1,0,2,2,1,0,19
3,2,1,21,78,89,1,0,47,1,3,0,1,2,0,1,10,2,2,19
0,3,1,24,95,89,1,0,80,1,1,0,1,3,3,1,7,2,0,19
1,2,1,27,95,89,0,1,47,1,3,0,1,2,2,1,6,2,2,19
0,1,1,23,54,89,1,1,87,1,0,0,1,1,0,1,2,2,0,19
3,0,0,20,63,73,1,1,45,0,3,1,1,0,2,0,14,1,2,27
3,1,2,22,66,73,1,1,82,0,1,1,1,1,3,0,20,1,1,27
0,2,1,18,90,99,1,1,68,1,2,1,1,2,1,0,8,2,0,18
0,1,1,20,68,99,1,1,77,1,1,1,1,1,3,0,7,2,2,18
0,2,1,18,90,99,1,1,68,0,2,1,1,2,1,1,8,1,0,18
0,1,1,20,68,99,1,1,77,0,1,1,1,1,3,1,7,1,2,18
0,2,1,18,90,99,1,1,68,1,2,1,1,2,1,1,8,2,0,18
0,1,1,20,68,99,1,1,77,1,1,1,1,1,3,1,7,2,2,18
0,2,1,18,90,99,1,1,68,1,2,1,1,2,1,0,8,2,0,18
0,1,1,20,68,99,1,1,77,1,1,1,1,1,3,0,7,2,2,18
0,2,1,18,90,99,1,1,68,0,2,1,0,2,1,1,8,1,0,18
0,1,1,20,68,99,1,1,77,0,1,1,0,1,3,1,7,1,2,18
2,2,2,23,85,78,0,0,40,1,3,1,1,2,0,1,12,0,0,35
2,2,2,22,89,78,0,1,50,1,3,1,1,2,1,1,10,0,1,35
1,3,0,29,79,76,0,1,91,1,0,1,1,3,0,0,5,2,2,20
1,0,2,22,59,76,0,1,55,1,2,1,1,0,3,0,9,2,1,20
1,0,0,26,58,76,0,1,62,1,2,1,1,0,2,0,10,2,2,20
0,3,1,29,79,76,0,1,91,1,0,1,1,3,0,1,5,1,2,20
0,0,2,22,59,76,0,1,55,1,2,1,1,0,3,1,9,1,1,20
3,0,1,26,58,76,0,1,62,1,2,1,1,0,2,1,10,1,2,20
1,3,0,29,79,76,0,1,91,0,0,1,1,3,0,0,5,1,2,20
1,0,2,22,59,76,0,1,55,0,2,1,1,0,3,0,9,1,1,20
1,0,0,26,58,76,0,1,62,0,2,1,1,0,2,0,10,1,2,20
1,3,0,29,79,76,0,1,91,0,0,1,1,3,0,0,5,1,2,20
1,0,2,22,59,76,0,1,55,0,2,1,1,0,3,0,9,1,1,20
1,0,0,26,58,76,0,1,62,0,2,1,1,0,2,0,10,1,2,20
2,0,1,21,56,83,0,1,67,0,2,0,1,0,2,1,17,1,2,20
0,3,1,22,89,83,1,1,78,0,1,0,1,3,1,1,8,1,2,20
0,1,2,21,57,83,1,1,78,0,1,0,1,1,1,1,2,1,1,20
3,0,1,21,56,83,0,1,67,1,2,0,1,0,2,2,17,1,2,20
0,3,1,22,89,83,1,1,78,1,1,0,1,3,1,2,8,1,2,20
0,1,2,21,57,83,1,1,78,1,1,0,1,1,1,2,2,1,1,20
2,0,1,21,56,83,0,1,67,1,2,0,1,0,2,2,17,2,2,20
0,3,1,22,89,83,1,1,78,1,1,0,1,3,1,2,8,2,2,20
0,1,2,21,57,83,1,1,78,1,1,0,1,1,1,2,2,2,1,20
3,0,1,21,56,83,0,1,67,1,2,0,1,0,2,1,17,1,2,20
0,3,1,22,89,83,1,1,78,1,1,0,1,3,1,1,8,1,2,20
0,1,2,21,57,83,1,1,78,1,1,0,1,1,1,1,2,1,1,20
2,0,1,21,56,83,0,1,67,1,2,0,1,0,2,1,17,0,2,20
0,3,1,22,89,83,1,1,78,1,1,0,1,3,1,1,8,0,2,20
0,1,2,21,57,83,1,1,78,1,1,0,1,1,1,1,2,0,1,20
2,0,1,21,56,83,0,1,67,1,2,0,1,0,2,1,17,2,2,20
0,3,1,22,89,83,1,1,78,1,1,0,1,3,1,1,8,2,2,20
0,1,2,21,57,83,1,1,78,1,1,0,1,1,1,1,2,2,1,20
2,0,1,21,56,83,0,1,67,1,2,0,1,0,2,2,17,0,2,20
0,3,1,22,89,83,1,1,78,1,1,0,1,3,1,2,8,0,2,20
0,1,2,21,57,83,1,1,78,1,1,0,1,1,1,2,2,0,1,20
2,0,0,21,56,83,0,1,67,0,2,0,1,0,2,0,17,0,2,20
1,3,0,22,89,83,1,1,78,0,1,0,1,3,1,0,8,0,2,20
0,1,2,21,57,83,1,1,78,0,1,0,1,1,1,0,2,0,1,20
3,3,1,18,83,98,1,0,79,0,1,1,1,3,0,0,10,1,0,21
1,3,1,29,78,98,0,1,82,0,1,1,1,3,2,0,3,1,2,21
1,3,1,18,83,98,1,0,79,0,1,1,1,3,0,0,10,2,0,21
1,3,1,29,78,98,0,1,82,0,1,1,1,3,2,0,3,2,2,21
3,3,1,18,83,98,1,0,79,0,1,1,1,3,0,1,10,1,0,21
1,3,1,29,78,98,0,1,82,0,1,1,1,3,2,1,3,1,2,21
3,3,1,18,83,98,1,0,79,1,1,1,1,3,0,1,10,1,0,21
0,3,1,29,78,98,0,1,82,1,1,1,1,3,2,1,3,1,2,21
3,3,1,18,83,98,1,0,79,1,1,1,1,3,0,1,10,2,0,21
1,3,1,29,78,98,0,1,82,1,1,1,1,3,2,1,3,2,2,21
3,3,1,18,83,98,1,0,79,1,1,1,1,3,0,1,10,0,0,21
0,3,1,29,78,98,0,1,82,1,1,1,1,3,2,1,3,0,2,21
3,3,1,18,83,98,1,0,79,1,1,1,1,3,0,1,10,2,0,21
1,3,1,29,78,98,0,1,82,1,1,1,1,3,2,1,3,2,2,21
3,3,1,18,83,98,1,0,79,1,1,1,1,3,0,0,10,1,0,21
0,3,1,29,78,98,0,1,82,1,1,1,1,3,2,0,3,1,2,21
3,3,1,18,83,98,1,0,79,1,1,1,1,3,0,0,10,0,0,21
0,3,1,29,78,98,0,1,82,1,1,1,1,3,2,0,3,0,2,21
2,1,0,26,67,81,1,1,100,0,0,1,1,1,0,0,16,2,2,19
1,2,2,24,99,81,1,1,70,0,1,1,1,2,2,0,4,2,1,19
3,1,1,26,67,81,1,1,100,1,0,1,1,1,0,1,16,2,2,19
0,2,2,24,99,81,1,1,70,1,1,1,1,2,2,1,4,2,1,19
3,1,1,26,67,81,1,1,100,1,0,1,1,1,0,2,16,0,2,19
0,2,2,24,99,81,1,1,70,1,1,1,1,2,2,2,4,0,1,19
3,1,0,26,67,81,1,1,100,1,0,1,1,1,0,0,16,0,2,19
0,2,2,24,99,81,1,1,70,1,1,1,1,2,2,0,4,0,1,19
3,1,1,26,67,81,1,1,100,1,0,1,1,1,0,1,16,1,2,19
0,2,2,24,99,81,1,1,70,1,1,1,1,2,2,1,4,1,1,19
3,1,1,26,67,81,1,1,100,1,0,1,1,1,0,2,16,1,2,19
0,2,2,24,99,81,1,1,70,1,1,1,1,2,2,2,4,1,1,19
3,1,1,24,52,93,1,1,82,1,1,0,1,1,1,1,17,1,2,17
0,1,1,25,53,93,1,1,80,1,1,0,1,1,1,1,1,1,1,17
3,1,1,18,58,93,1,0,78,1,1,0,1,1,0,1,15,1,1,17
3,1,1,18,61,93,1,0,86,1,0,0,1,1,2,1,18,1,2,17
3,1,1,24,52,93,1,1,82,0,1,0,1,1,1,0,17,1,2,17
0,1,1,25,53,93,1,1,80,0,1,0,1,1,1,0,1,1,1,17
3,1,1,18,58,93,1,0,78,0,1,0,1,1,0,0,15,1,1,17
3,1,1,18,61,93,1,0,86,0,0,0,1,1,2,0,18,1,2,17
3,1,1,24,52,93,1,1,82,0,1,0,1,1,1,1,17,1,2,17
0,1,1,25,53,93,1,1,80,0,1,0,1,1,1,1,1,1,1,17
3,1,1,18,58,93,1,0,78,0,1,0,1,1,0,1,15,1,1,17
3,1,1,18,61,93,1,0,86,0,0,0,1,1,2,1,18,1,2,17
1,0,0,29,71,82,1,1,61,0,2,1,1,0,3,0,6,0,0,17
2,0,0,21,56,82,1,0,64,0,2,1,1,0,1,0,16,0,2,17
1,0,0,24,65,82,0,1,46,0,3,1,1,0,2,0,2,0,2,17
0,0,2,29,71,82,1,1,61,0,2,1,1,0,3,1,6,1,0,17
3,0,1,21,56,82,1,0,64,0,2,1,1,0,1,1,16,1,2,17
1,0,1,24,65,82,0,1,46,0,3,1,1,0,2,1,2,1,2,17
1,0,2,29,71,82,1,1,61,0,2,1,1,0,3,1,6,2,0,17
2,0,1,21,56,82,1,0,64,0,2,1,1,0,1,1,16,2,2,17
1,0,1,24,65,82,0,1,46,0,3,1,1,0,2,1,2,2,2,17
0,0,2,29,71,82,1,1,61,1,2,1,1,0,3,1,6,1,0,17
3,0,1,21,56,82,1,0,64,1,2,1,1,0,1,1,16,1,2,17
0,0,1,24,65,82,0,1,46,1,3,1,1,0,2,1,2,1,2,17
0,0,2,29,71,82,1,1,61,1,2,1,1,0,3,1,6,1,0,17
3,0,1,21,56,82,1,0,64,1,2,1,1,0,1,1,16,1,2,17
0,0,1,24,65,82,0,1,46,1,3,1,1,0,2,1,2,1,2,17
0,0,2,29,71,82,1,1,61,1,2,1,1,0,3,1,6,1,0,17
3,0,1,21,56,82,1,0,64,1,2,1,1,0,1,1,16,1,2,17
0,0,1,24,65,82,0,1,46,1,3,1,1,0,2,1,2,1,2,17
0,0,2,29,71,82,1,1,61,0,2,1,1,0,3,1,6,1,0,17
3,0,1,21,56,82,1,0,64,0,2,1,1,0,1,1,16,1,2,17
1,0,1,24,65,82,0,1,46,0,3,1,1,0,2,1,2,1,2,17
0,0,2,29,71,82,1,1,61,1,2,1,1,0,3,2,6,2,0,17
3,0,1,21,56,82,1,0,64,1,2,1,1,0,1,2,16,2,2,17
1,0,1,24,65,82,0,1,46,1,3,1,1,0,2,2,2,2,2,17
0,0,2,29,71,82,1,1,61,1,2,1,1,0,3,1,6,1,0,17
3,0,1,21,56,82,1,0,64,1,2,1,1,0,1,1,16,1,2,17
0,0,1,24,65,82,0,1,46,1,3,1,1,0,2,1,2,1,2,17
0,0,1,29,75,83,1,1,46,0,3,1,1,0,0,1,5,1,2,16
3,1,2,21,61,83,1,0,95,0,0,1,1,1,3,1,13,1,1,16
0,0,1,29,75,83,1,1,46,1,3,1,1,0,0,1,5,2,2,16
3,1,2,21,61,83,1,0,95,1,0,1,1,1,3,1,13,2,1,16
0,0,1,29,75,83,1,1,46,1,3,1,1,0,0,1,5,0,2,16
3,1,2,21,61,83,1,0,95,1,0,1,1,1,3,1,13,0,1,16
0,0,1,29,75,83,1,1,46,1,3,1,1,0,0,1,5,1,2,16
3,1,2,21,61,83,1,0,95,1,0,1,1,1,3,1,13,1,1,16
0,0,1,29,75,83,1,1,46,1,3,1,1,0,0,1,5,2,2,16
3,1,2,21,61,83,1,0,95,1,0,1,1,1,3,1,13,2,1,16
3,2,2,25,87,68,1,1,55,0,2,1,1,2,0,1,11,1,1,27
1,3,0,22,90,68,0,1,76,0,1,1,1,3,2,1,3,1,2,27
0,0,2,28,51,68,1,0,43,0,3,1,1,0,2,1,8,1,1,27
3,2,0,25,87,68,1,1,55,1,2,1,1,2,0,0,11,1,1,27
0,3,0,22,90,68,0,1,76,1,1,1,1,3,2,0,3,1,2,27
0,0,0,28,51,68,1,0,43,1,3,1,1,0,2,0,8,1,1,27
3,2,0,25,87,68,1,1,55,1,2,1,1,2,0,0,11,1,1,27
0,3,0,22,90,68,0,1,76,1,1,1,1,3,2,0,3,1,2,27
0,0,0,28,51,68,1,0,43,1,3,1,1,0,2,0,8,1,1,27
3,2,2,25,87,68,1,1,55,1,2,1,1,2,0,1,11,0,1,27
0,3,0,22,90,68,0,1,76,1,1,1,1,3,2,1,3,0,2,27
0,0,2,28,51,68,1,0,43,1,3,1,1,0,2,1,8,0,1,27
3,2,2,25,87,68,1,1,55,0,2,1,1,2,0,2,11,1,1,27
1,3,0,22,90,68,0,1,76,0,1,1,1,3,2,2,3,1,2,27
0,0,2,28,51,68,1,0,43,0,3,1,1,0,2,2,8,1,1,27
3,2,2,25,87,68,1,1,55,1,2,1,1,2,0,2,11,0,1,27
0,3,0,22,90,68,0,1,76,1,1,1,1,3,2,2,3,0,2,27
0,0,2,28,51,68,1,0,43,1,3,1,1,0,2,2,8,0,1,27
0,1,1,20,69,97,1,1,97,1,0,1,1,1,0,0,3,2,2,27
0,0,1,22,61,97,1,1,50,1,3,1,1,0,2,0,1,2,2,27
1,3,1,24,79,97,0,1,100,1,0,1,1,3,3,0,11,2,2,27
1,3,1,23,81,94,0,1,88,0,0,0,1,3,2,2,3,0,1,8
1,0,1,25,73,94,0,1,44,0,3,0,1,0,3,2,3,0,2,8
1,0,1,24,65,91,0,1,56,1,2,1,1,0,2,2,4,2,2,18
1,3,1,28,87,91,0,1,72,1,1,1,1,3,2,2,6,2,1,18
0,3,1,22,85,91,1,1,92,1,0,1,1,3,3,2,7,2,1,18
1,1,1,20,63,91,0,0,71,1,1,1,1,1,0,2,11,2,0,18
1,0,1,24,65,91,0,1,56,0,2,1,1,0,2,2,4,1,2,18
1,3,1,28,87,91,0,1,72,0,1,1,1,3,2,2,6,1,1,18
0,3,1,22,85,91,1,1,92,0,0,1,1,3,3,2,7,1,1,18
2,1,1,20,63,91,0,0,71,0,1,1,1,1,0,2,11,1,0,18
1,0,1,24,65,91,0,1,56,1,2,1,1,0,2,2,4,2,2,18
1,3,1,28,87,91,0,1,72,1,1,1,1,3,2,2,6,2,1,18
0,3,1,22,85,91,1,1,92,1,0,1,1,3,3,2,7,2,1,18
1,1,1,20,63,91,0,0,71,1,1,1,1,1,0,2,11,2,0,18
1,0,1,24,65,91,0,1,56,0,2,1,1,0,2,1,4,0,2,18
1,3,1,28,87,91,0,1,72,0,1,1,1,3,2,1,6,0,1,18
1,3,1,22,85,91,1,1,92,0,0,1,1,3,3,1,7,0,1,18
2,1,1,20,63,91,0,0,71,0,1,1,1,1,0,1,11,0,0,18
1,0,1,24,65,91,0,1,56,0,2,1,1,0,2,1,4,1,2,18
1,3,1,28,87,91,0,1,72,0,1,1,1,3,2,1,6,1,1,18
0,3,1,22,85,91,1,1,92,0,0,1,1,3,3,1,7,1,1,18
2,1,1,20,63,91,0,0,71,0,1,1,1,1,0,1,11,1,0,18
0,0,1,24,65,91,0,1,56,1,2,1,1,0,2,0,4,1,2,18
0,3,1,28,87,91,0,1,72,1,1,1,1,3,2,0,6,1,1,18
0,3,1,22,85,91,1,1,92,1,0,1,1,3,3,0,7,1,1,18
3,1,1,20,63,91,0,0,71,1,1,1,1,1,0,0,11,1,0,18
0,0,1,24,65,91,0,1,56,1,2,1,1,0,2,1,4,1,2,18
0,3,1,28,87,91,0,1,72,1,1,1,1,3,2,1,6,1,1,18
0,3,1,22,85,91,1,1,92,1,0,1,1,3,3,1,7,1,1,18
3,1,1,20,63,91,0,0,71,1,1,1,1,1,0,1,11,1,0,18
1,0,1,24,65,91,0,1,56,0,2,1,1,0,2,1,4,2,2,18
1,3,1,28,87,91,0,1,72,0,1,1,1,3,2,1,6,2,1,18
1,3,1,22,85,91,1,1,92,0,0,1,1,3,3,1,7,2,1,18
1,1,1,20,63,91,0,0,71,0,1,1,1,1,0,1,11,2,0,18
1,0,1,24,65,91,0,1,56,1,2,1,1,0,2,1,4,2,2,18
1,3,1,28,87,91,0,1,72,1,1,1,1,3,2,1,6,2,1,18
0,3,1,22,85,91,1,1,92,1,0,1,1,3,3,1,7,2,1,18
1,1,1,20,63,91,0,0,71,1,1,1,1,1,0,1,11,2,0,18
1,0,1,24,65,91,0,1,56,0,2,1,1,0,2,1,4,2,2,18
1,3,1,28,87,91,0,1,72,0,1,1,1,3,2,1,6,2,1,18
1,3,1,22,85,91,1,1,92,0,0,1,1,3,3,1,7,2,1,18
1,1,1,20,63,91,0,0,71,0,1,1,1,1,0,1,11,2,0,18
1,0,1,24,65,91,0,1,56,0,2,1,1,0,2,0,4,1,2,18
1,3,1,28,87,91,0,1,72,0,1,1,1,3,2,0,6,1,1,18
0,3,1,22,85,91,1,1,92,0,0,1,1,3,3,0,7,1,1,18
2,1,1,20,63,91,0,0,71,0,1,1,1,1,0,0,11,1,0,18
1,0,1,24,65,91,0,1,56,0,2,1,1,0,2,1,4,1,2,18
1,3,1,28,87,91,0,1,72,0,1,1,1,3,2,1,6,1,1,18
0,3,1,22,85,91,1,1,92,0,0,1,1,3,3,1,7,1,1,18
2,1,1,20,63,91,0,0,71,0,1,1,1,1,0,1,11,1,0,18
3,3,2,20,83,76,1,0,97,0,0,0,1,3,2,1,13,2,0,18
2,0,2,28,62,76,1,0,52,0,3,0,1,0,3,1,18,2,1,18
1,3,1,20,87,76,1,1,98,0,0,0,1,3,3,1,2,2,2,18
2,1,2,29,55,76,1,1,93,0,0,0,1,1,2,1,16,2,0,18
3,3,2,20,83,76,1,0,97,0,0,0,1,3,2,2,13,1,0,18
3,0,2,28,62,76,1,0,52,0,3,0,1,0,3,2,18,1,1,18
0,3,0,20,87,76,1,1,98,0,0,0,1,3,3,2,2,1,2,18
3,1,2,29,55,76,1,1,93,0,0,0,1,1,2,2,16,1,0,18
2,3,2,20,83,76,1,0,97,0,0,0,1,3,2,2,13,0,0,18
2,0,2,28,62,76,1,0,52,0,3,0,1,0,3,2,18,0,1,18
0,3,0,20,87,76,1,1,98,0,0,0,1,3,3,2,2,0,2,18
2,1,2,29,55,76,1,1,93,0,0,0,1,1,2,2,16,0,0,18
3,3,2,20,83,76,1,0,97,1,0,0,1,3,2,2,13,2,0,18
3,0,2,28,62,76,1,0,52,1,3,0,1,0,3,2,18,2,1,18
0,3,0,20,87,76,1,1,98,1,0,0,1,3,3,2,2,2,2,18
3,1,2,29,55,76,1,1,93,1,0,0,1,1,2,2,16,2,0,18
3,3,0,20,83,76,1,0,97,0,0,0,1,3,2,0,13,1,0,18
3,0,2,28,62,76,1,0,52,0,3,0,1,0,3,0,18,1,1,18
0,3,0,20,87,76,1,1,98,0,0,0,1,3,3,0,2,1,2,18
3,1,0,29,55,76,1,1,93,0,0,0,1,1,2,0,16,1,0,18
2,3,2,25,97,80,1,1,86,0,0,0,1,3,1,2,20,0,1,12
1,2,0,20,90,80,0,1,66,0,2,0,1,2,1,2,3,0,2,12
3,3,2,25,97,80,1,1,86,0,0,0,1,3,1,1,20,1,1,12
1,2,1,20,90,80,0,1,66,0,2,0,1,2,1,1,3,1,2,12
2,3,2,25,97,80,1,1,86,0,0,0,1,3,1,1,20,0,1,12
1,2,1,20,90,80,0,1,66,0,2,0,1,2,1,1,3,0,2,12
3,3,2,25,97,80,1,1,86,1,0,0,1,3,1,2,20,1,1,12
0,2,0,20,90,80,0,1,66,1,2,0,1,2,1,2,3,1,2,12
2,2,0,20,92,79,0,1,45,0,3,1,1,2,0,0,13,1,0,15
0,3,0,19,93,79,1,1,81,0,1,1,1,3,1,0,0,1,2,15
0,3,0,27,76,79,1,1,80,0,1,1,1,3,2,0,7,1,2,15
3,2,2,20,92,79,0,1,45,1,3,1,1,2,0,1,13,1,0,15
0,3,1,19,93,79,1,1,81,1,1,1,1,3,1,1,0,1,2,15
0,3,1,27,76,79,1,1,80,1,1,1,1,3,2,1,7,1,2,15
3,2,2,20,92,79,0,1,45,1,3,1,1,2,0,1,13,1,0,15
0,3,1,19,93,79,1,1,81,1,1,1,1,3,1,1,0,1,2,15
0,3,1,27,76,79,1,1,80,1,1,1,1,3,2,1,7,1,2,15
3,2,2,20,92,79,0,1,45,1,3,1,1,2,0,1,13,1,0,15
0,3,1,19,93,79,1,1,81,1,1,1,1,3,1,1,0,1,2,15
0,3,1,27,76,79,1,1,80,1,1,1,1,3,2,1,7,1,2,15
0,0,2,19,65,70,1,1,52,0,3,0,1,0,0,1,8,1,1,13
3,3,0,20,87,70,1,1,75,0,1,0,1,3,0,1,13,1,2,13
0,1,2,28,55,70,1,1,86,0,0,0,1,1,0,1,0,1,0,13
0,0,2,19,65,70,1,1,52,0,3,0,1,0,0,1,8,1,1,13
3,3,0,20,87,70,1,1,75,0,1,0,1,3,0,1,13,1,2,13
0,1,2,28,55,70,1,1,86,0,0,0,1,1,0,1,0,1,0,13
0,0,2,19,65,70,1,1,52,1,3,0,1,0,0,1,8,1,1,13
3,3,0,20,87,70,1,1,75,1,1,0,1,3,0,1,13,1,2,13
0,1,2,28,55,70,1,1,86,1,0,0,1,1,0,1,0,1,0,13
0,0,2,19,65,70,1,1,52,1,3,0,1,0,0,2,8,0,1,13
3,3,0,20,87,70,1,1,75,1,1,0,1,3,0,2,13,0,2,13
0,1,0,28,55,70,1,1,86,1,0,0,1,1,0,2,0,0,0,13
3,3,0,19,91,80,1,1,80,1,1,0,1,3,0,0,14,2,2,31
3,3,0,19,91,80,1,1,80,1,1,0,1,3,0,2,14,1,2,31
3,0,2,25,70,65,1,1,64,1,2,1,1,0,0,1,10,1,0,28
3,0,0,25,70,65,1,1,64,1,2,1,1,0,0,2,10,1,0,28
3,0,0,25,70,65,1,1,64,1,2,1,1,0,0,2,10,1,0,28
0,3,1,26,94,90,1,1,81,0,1,0,1,3,1,1,1,1,2,13
0,3,1,26,94,90,1,1,81,0,1,0,1,3,1,1,1,1,2,13
1,0,1,19,56,81,0,1,59,1,2,0,1,0,3,1,6,0,2,23
0,3,2,26,89,81,1,1,83,1,1,0,1,3,0,1,5,0,1,23
1,0,1,19,56,81,0,1,59,1,2,0,1,0,3,2,6,0,2,23
0,3,2,26,89,81,1,1,83,1,1,0,1,3,0,2,5,0,1,23
1,0,1,19,56,81,0,1,59,1,2,0,1,0,3,1,6,0,2,23
0,3,2,26,89,81,1,1,83,1,1,0,1,3,0,1,5,0,1,23
1,0,1,19,56,81,0,1,59,0,2,0,1,0,3,1,6,0,2,23
1,3,2,26,89,81,1,1,83,0,1,0,1,3,0,1,5,0,1,23
1,0,0,19,56,81,0,1,59,0,2,0,1,0,3,0,6,2,2,23
1,3,2,26,89,81,1,1,83,0,1,0,1,3,0,0,5,2,1,23
0,1,2,29,66,89,1,1,90,1,0,0,1,1,3,1,7,2,1,24
1,2,2,26,98,89,0,1,62,1,2,0,1,2,0,1,7,2,1,24
0,1,2,29,66,89,1,1,90,1,0,0,1,1,3,1,7,2,1,24
1,2,2,26,98,89,0,1,62,1,2,0,1,2,0,1,7,2,1,24
0,1,2,29,66,89,1,1,90,1,0,0,1,1,3,1,7,1,1,24
0,2,2,26,98,89,0,1,62,1,2,0,1,2,0,1,7,1,1,24
0,1,2,29,66,89,1,1,90,0,0,0,1,1,3,1,7,1,1,24
1,2,2,26,98,89,0,1,62,0,2,0,1,2,0,1,7,1,1,24
0,1,2,29,66,89,1,1,90,1,0,0,0,1,3,1,7,1,1,24
0,2,2,26,98,89,0,1,62,1,2,0,0,2,0,1,7,1,1,24
2,1,0,28,61,68,0,0,93,0,0,0,1,1,2,1,9,0,2,23
0,2,2,26,88,68,1,1,71,0,1,0,1,2,2,1,3,0,0,23
1,3,0,28,82,68,0,1,99,0,0,0,1,3,1,1,1,0,2,23
1,2,2,20,77,68,0,0,69,0,2,0,1,2,1,1,3,0,1,23
1,1,0,28,61,68,0,0,93,1,0,0,1,1,2,2,9,2,2,23
0,2,0,26,88,68,1,1,71,1,1,0,1,2,2,2,3,2,0,23
1,3,0,28,82,68,0,1,99,1,0,0,1,3,1,2,1,2,2,23
1,2,2,20,77,68,0,0,69,1,2,0,1,2,1,2,3,2,1,23
1,1,0,28,61,68,0,0,93,0,0,0,1,1,2,1,9,1,2,23
0,2,2,26,88,68,1,1,71,0,1,0,1,2,2,1,3,1,0,23
1,3,0,28,82,68,0,1,99,0,0,0,1,3,1,1,1,1,2,23
1,2,2,20,77,68,0,0,69,0,2,0,1,2,1,1,3,1,1,23
1,1,0,28,61,68,0,0,93,0,0,0,1,1,2,0,9,2,2,23
1,2,0,26,88,68,1,1,71,0,1,0,1,2,2,0,3,2,0,23
1,3,0,28,82,68,0,1,99,0,0,0,1,3,1,0,1,2,2,23
1,2,0,20,77,68,0,0,69,0,2,0,1,2,1,0,3,2,1,23
1,1,0,28,61,68,0,0,93,0,0,0,1,1,2,2,9,2,2,23
1,2,0,26,88,68,1,1,71,0,1,0,1,2,2,2,3,2,0,23
1,3,0,28,82,68,0,1,99,0,0,0,1,3,1,2,1,2,2,23
1,2,2,20,77,68,0,0,69,0,2,0,1,2,1,2,3,2,1,23
0,1,0,28,61,68,0,0,93,1,0,0,1,1,2,1,9,1,2,23
0,2,2,26,88,68,1,1,71,1,1,0,1,2,2,1,3,1,0,23
0,3,0,28,82,68,0,1,99,1,0,0,1,3,1,1,1,1,2,23
0,2,2,20,77,68,0,0,69,1,2,0,1,2,1,1,3,1,1,23
0,2,2,28,85,79,1,1,57,0,2,1,1,2,0,0,2,0,1,27
0,2,2,28,85,79,1,1,57,1,2,1,1,2,0,0,2,2,1,27
0,0,2,19,54,73,0,1,44,1,3,0,1,0,0,1,8,1,2,24
0,0,2,27,67,73,1,1,69,1,2,0,1,0,0,1,1,1,2,24
0,0,2,19,54,73,0,1,44,1,3,0,1,0,0,1,8,1,2,24
0,0,2,27,67,73,1,1,69,1,2,0,1,0,0,1,1,1,2,24
3,3,0,19,91,76,0,0,85,1,0,1,1,3,3,2,18,1,2,22
3,2,0,23,88,76,1,0,49,1,3,1,1,2,2,2,12,1,2,22
2,3,0,19,91,76,0,0,85,0,0,1,1,3,3,2,18,1,2,22
3,2,0,23,88,76,1,0,49,0,3,1,1,2,2,2,12,1,2,22
3,3,1,19,91,76,0,0,85,1,0,1,1,3,3,1,18,1,2,22
3,2,1,23,88,76,1,0,49,1,3,1,1,2,2,1,12,1,2,22
2,3,0,19,91,76,0,0,85,1,0,1,1,3,3,0,18,0,2,22
3,2,0,23,88,76,1,0,49,1,3,1,1,2,2,0,12,0,2,22
2,3,0,19,91,76,0,0,85,1,0,1,1,3,3,0,18,0,2,22
3,2,0,23,88,76,1,0,49,1,3,1,1,2,2,0,12,0,2,22
3,3,1,19,91,76,0,0,85,1,0,1,1,3,3,1,18,1,2,22
3,2,1,23,88,76,1,0,49,1,3,1,1,2,2,1,12,1,2,22
1,1,1,25,55,99,0,1,84,1,1,1,0,1,2,1,5,2,2,12
3,0,1,29,56,99,1,1,49,1,3,1,0,0,3,1,17,2,2,12
3,3,1,21,83,99,1,1,99,1,0,1,0,3,3,1,20,2,2,12
1,1,1,25,55,99,0,1,84,0,1,1,1,1,2,1,5,1,2,12
3,0,1,29,56,99,1,1,49,0,3,1,1,0,3,1,17,1,2,12
3,3,1,21,83,99,1,1,99,0,0,1,1,3,3,1,20,1,2,12
1,1,1,25,55,99,0,1,84,1,1,1,1,1,2,1,5,2,2,12
3,0,1,29,56,99,1,1,49,1,3,1,1,0,3,1,17,2,2,12
3,3,1,21,83,99,1,1,99,1,0,1,1,3,3,1,20,2,2,12
0,3,2,25,84,69,1,0,92,1,0,1,1,3,0,1,8,1,0,26
0,3,2,18,82,69,0,0,81,1,1,1,1,3,3,1,5,1,1,26
0,3,2,20,90,69,0,1,93,1,0,1,1,3,1,1,2,1,1,26
1,3,0,25,84,69,1,0,92,0,0,1,1,3,0,0,8,0,0,26
1,3,0,18,82,69,0,0,81,0,1,1,1,3,3,0,5,0,1,26
1,3,0,20,90,69,0,1,93,0,0,1,1,3,1,0,2,0,1,26
0,3,2,25,84,69,1,0,92,1,0,1,1,3,0,1,8,0,0,26
1,3,2,18,82,69,0,0,81,1,1,1,1,3,3,1,5,0,1,26
0,3,2,20,90,69,0,1,93,1,0,1,1,3,1,1,2,0,1,26
0,3,0,25,84,69,1,0,92,0,0,1,1,3,0,0,8,1,0,26
1,3,0,18,82,69,0,0,81,0,1,1,1,3,3,0,5,1,1,26
1,3,0,20,90,69,0,1,93,0,0,1,1,3,1,0,2,1,1,26
3,2,2,21,91,84,0,0,49,1,3,0,1,2,3,0,13,2,1,19
1,2,0,27,98,84,0,1,66,1,2,0,1,2,2,0,8,2,0,19
2,2,2,21,91,84,0,0,49,0,3,0,1,2,3,1,13,1,1,19
1,2,1,27,98,84,0,1,66,0,2,0,1,2,2,1,8,1,0,19
3,2,2,21,91,84,0,0,49,1,3,0,1,2,3,0,13,1,1,19
0,2,0,27,98,84,0,1,66,1,2,0,1,2,2,0,8,1,0,19
3,2,2,21,91,84,0,0,49,1,3,0,1,2,3,1,13,1,1,19
0,2,1,27,98,84,0,1,66,1,2,0,1,2,2,1,8,1,0,19
2,2,2,21,91,84,0,0,49,0,3,0,1,2,3,2,13,0,1,19
1,2,1,27,98,84,0,1,66,0,2,0,1,2,2,2,8,0,0,19
3,2,2,21,91,84,0,0,49,1,3,0,1,2,3,0,13,1,1,19
0,2,0,27,98,84,0,1,66,1,2,0,1,2,2,0,8,1,0,19
1,0,2,20,58,77,0,1,48,0,3,0,1,0,1,0,8,1,1,17
0,3,0,21,77,77,1,1,92,0,0,0,1,3,3,0,5,1,2,17
3,2,0,18,88,77,1,1,63,0,2,0,1,2,1,0,16,1,2,17
3,2,0,29,77,77,1,0,48,0,3,0,1,2,0,0,20,1,2,17
1,0,2,20,58,77,0,1,48,1,3,0,1,0,1,0,8,2,1,17
0,3,0,21,77,77,1,1,92,1,0,0,1,3,3,0,5,2,2,17
3,2,0,18,88,77,1,1,63,1,2,0,1,2,1,0,16,2,2,17
3,2,0,29,77,77,1,0,48,1,3,0,1,2,0,0,20,2,2,17
0,0,2,20,58,77,0,1,48,1,3,0,1,0,1,0,8,1,1,17
0,3,0,21,77,77,1,1,92,1,0,0,1,3,3,0,5,1,2,17
3,2,0,18,88,77,1,1,63,1,2,0,1,2,1,0,16,1,2,17
3,2,0,29,77,77,1,0,48,1,3,0,1,2,0,0,20,1,2,17
0,0,2,28,55,63,1,0,41,1,3,0,1,0,1,1,8,2,1,26
1,0,2,28,55,63,1,0,41,0,3,0,1,0,1,1,8,2,1,26
0,0,2,28,55,63,1,0,41,1,3,0,1,0,1,1,8,1,1,26
2,3,0,29,86,80,0,1,72,0,1,1,0,3,2,2,15,1,2,16
2,3,1,29,86,80,0,1,72,0,1,1,1,3,2,1,15,1,2,16
3,3,0,29,86,80,0,1,72,1,1,1,1,3,2,2,15,1,2,16
3,3,0,29,86,80,0,1,72,1,1,1,1,3,2,2,15,1,2,16
2,3,1,29,86,80,0,1,72,0,1,1,1,3,2,1,15,1,2,16
1,0,0,26,54,72,0,1,68,0,2,1,1,0,0,0,9,1,2,12
2,3,0,21,80,72,0,1,88,0,0,1,1,3,3,0,18,1,0,12
0,2,0,23,93,72,1,1,69,0,2,1,1,2,3,0,3,1,1,12
0,0,0,25,56,72,1,0,47,0,3,1,1,0,0,0,3,1,2,12
3,2,0,27,90,72,1,1,57,0,2,1,1,2,3,0,18,1,0,12
1,0,0,26,54,72,0,1,68,1,2,1,1,0,0,2,9,2,2,12
2,3,0,21,80,72,0,1,88,1,0,1,1,3,3,2,18,2,0,12
0,2,2,23,93,72,1,1,69,1,2,1,1,2,3,2,3,2,1,12
0,0,0,25,56,72,1,0,47,1,3,1,1,0,0,2,3,2,2,12
3,2,0,27,90,72,1,1,57,1,2,1,1,2,3,2,18,2,0,12
2,0,0,26,54,72,0,1,68,1,2,1,1,0,0,1,9,0,2,12
2,3,2,21,80,72,0,1,88,1,0,1,1,3,3,1,18,0,0,12
0,2,2,23,93,72,1,1,69,1,2,1,1,2,3,1,3,0,1,12
0,0,0,25,56,72,1,0,47,1,3,1,1,0,0,1,3,0,2,12
3,2,2,27,90,72,1,1,57,1,2,1,1,2,3,1,18,0,0,12
0,0,0,26,54,72,0,1,68,1,2,1,1,0,0,2,9,1,2,12
3,3,0,21,80,72,0,1,88,1,0,1,1,3,3,2,18,1,0,12
0,2,2,23,93,72,1,1,69,1,2,1,1,2,3,2,3,1,1,12
0,0,0,25,56,72,1,0,47,1,3,1,1,0,0,2,3,1,2,12
3,2,0,27,90,72,1,1,57,1,2,1,1,2,3,2,18,1,0,12
1,0,0,26,54,72,0,1,68,0,2,1,1,0,0,2,9,1,2,12
2,3,0,21,80,72,0,1,88,0,0,1,1,3,3,2,18,1,0,12
0,2,2,23,93,72,1,1,69,0,2,1,1,2,3,2,3,1,1,12
0,0,0,25,56,72,1,0,47,0,3,1,1,0,0,2,3,1,2,12
3,2,0,27,90,72,1,1,57,0,2,1,1,2,3,2,18,1,0,12
0,0,0,26,54,72,0,1,68,1,2,1,1,0,0,0,9,1,2,12
3,3,0,21,80,72,0,1,88,1,0,1,1,3,3,0,18,1,0,12
0,2,0,23,93,72,1,1,69,1,2,1,1,2,3,0,3,1,1,12
0,0,0,25,56,72,1,0,47,1,3,1,1,0,0,0,3,1,2,12
3,2,0,27,90,72,1,1,57,1,2,1,1,2,3,0,18,1,0,12
0,0,0,26,54,72,0,1,68,1,2,1,1,0,0,2,9,1,2,12
3,3,0,21,80,72,0,1,88,1,0,1,1,3,3,2,18,1,0,12
0,2,2,23,93,72,1,1,69,1,2,1,1,2,3,2,3,1,1,12
0,0,0,25,56,72,1,0,47,1,3,1,1,0,0,2,3,1,2,12
3,2,0,27,90,72,1,1,57,1,2,1,1,2,3,2,18,1,0,12
2,2,0,22,98,75,0,1,57,0,2,1,1,2,2,2,13,1,2,30
3,2,0,22,98,75,0,1,57,1,2,1,1,2,2,0,13,1,2,30
2,2,2,22,98,75,0,1,57,0,2,1,1,2,2,1,13,1,2,30
2,2,0,22,98,75,0,1,57,1,2,1,1,2,2,0,13,0,2,30
3,3,1,18,92,92,0,0,96,1,0,1,1,3,1,1,10,1,2,19
3,1,1,22,62,92,0,1,88,1,0,1,1,1,0,1,10,1,1,19
3,2,1,18,81,92,1,0,46,1,3,1,1,2,1,1,10,1,0,19
3,3,1,27,89,92,0,1,85,1,0,1,1,3,0,1,10,1,0,19
3,3,1,18,92,92,0,0,96,1,0,1,1,3,1,1,10,1,2,19
3,1,1,22,62,92,0,1,88,1,0,1,1,1,0,1,10,1,1,19
3,2,1,18,81,92,1,0,46,1,3,1,1,2,1,1,10,1,0,19
3,3,1,27,89,92,0,1,85,1,0,1,1,3,0,1,10,1,0,19
3,3,1,18,92,92,0,0,96,1,0,1,1,3,1,0,10,1,2,19
3,1,1,22,62,92,0,1,88,1,0,1,1,1,0,0,10,1,1,19
3,2,1,18,81,92,1,0,46,1,3,1,1,2,1,0,10,1,0,19
3,3,1,27,89,92,0,1,85,1,0,1,1,3,0,0,10,1,0,19
3,3,1,18,92,92,0,0,96,1,0,1,0,3,1,1,10,1,2,19
3,1,1,22,62,92,0,1,88,1,0,1,0,1,0,1,10,1,1,19
3,2,1,18,81,92,1,0,46,1,3,1,0,2,1,1,10,1,0,19
3,3,1,27,89,92,0,1,85,1,0,1,0,3,0,1,10,1,0,19
1,3,1,18,92,92,0,0,96,0,0,1,1,3,1,1,10,1,2,19
1,1,1,22,62,92,0,1,88,0,0,1,1,1,0,1,10,1,1,19
3,2,1,18,81,92,1,0,46,0,3,1,1,2,1,1,10,1,0,19
1,3,1,27,89,92,0,1,85,0,0,1,1,3,0,1,10,1,0,19
3,3,1,18,92,92,0,0,96,1,0,1,1,3,1,0,10,1,2,19
3,1,1,22,62,92,0,1,88,1,0,1,1,1,0,0,10,1,1,19
3,2,1,18,81,92,1,0,46,1,3,1,1,2,1,0,10,1,0,19
3,3,1,27,89,92,0,1,85,1,0,1,1,3,0,0,10,1,0,19
3,1,0,19,51,65,1,1,79,1,1,0,1,1,1,1,17,2,2,20
1,3,0,22,87,65,0,1,95,1,0,0,1,3,0,1,5,2,2,20
3,1,0,19,51,65,1,1,79,1,1,0,1,1,1,0,17,1,2,20
0,3,0,22,87,65,0,1,95,1,0,0,1,3,0,0,5,1,2,20
3,1,0,19,51,65,1,1,79,1,1,0,1,1,1,2,17,1,2,20
0,3,0,22,87,65,0,1,95,1,0,0,1,3,0,2,5,1,2,20
3,1,0,19,51,65,1,1,79,0,1,0,1,1,1,1,17,1,2,20
1,3,0,22,87,65,0,1,95,0,0,0,1,3,0,1,5,1,2,20
3,1,2,21,61,66,1,1,92,1,0,0,1,1,3,1,18,1,1,21
3,2,0,27,78,66,1,1,71,1,1,0,1,2,2,1,15,1,2,21
3,1,2,21,61,66,1,1,92,1,0,0,1,1,3,1,18,1,1,21
3,2,0,27,78,66,1,1,71,1,1,0,1,2,2,1,15,1,2,21
3,1,2,21,61,66,1,1,92,1,0,0,1,1,3,2,18,2,1,21
3,2,0,27,78,66,1,1,71,1,1,0,1,2,2,2,15,2,2,21
3,1,0,21,61,66,1,1,92,1,0,0,1,1,3,0,18,1,1,21
3,2,0,27,78,66,1,1,71,1,1,0,1,2,2,0,15,1,2,21
3,1,2,21,61,66,1,1,92,1,0,0,1,1,3,2,18,1,1,21
3,2,0,27,78,66,1,1,71,1,1,0,1,2,2,2,15,1,2,21
3,1,2,21,61,66,1,1,92,1,0,0,1,1,3,1,18,1,1,21
3,2,0,27,78,66,1,1,71,1,1,0,1,2,2,1,15,1,2,21
1,3,0,27,89,69,0,1,72,0,1,0,0,3,2,0,8,1,2,18
2,3,0,28,81,69,0,0,79,0,1,0,0,3,2,0,15,1,2,18
1,0,0,26,65,69,0,1,64,0,2,0,0,0,2,0,9,1,1,18
1,3,0,27,89,69,0,1,72,1,1,0,1,3,2,1,8,2,2,18
2,3,0,28,81,69,0,0,79,1,1,0,1,3,2,1,15,2,2,18
1,0,2,26,65,69,0,1,64,1,2,0,1,0,2,1,9,2,1,18
1,3,0,27,89,69,0,1,72,1,1,0,1,3,2,1,8,2,2,18
2,3,0,28,81,69,0,0,79,1,1,0,1,3,2,1,15,2,2,18
1,0,2,26,65,69,0,1,64,1,2,0,1,0,2,1,9,2,1,18
1,3,0,27,89,69,0,1,72,1,1,0,1,3,2,1,8,2,2,18
2,3,0,28,81,69,0,0,79,1,1,0,1,3,2,1,15,2,2,18
1,0,2,26,65,69,0,1,64,1,2,0,1,0,2,1,9,2,1,18
3,2,1,22,92,89,1,1,68,1,2,1,1,2,1,1,19,1,2,20
0,2,1,19,79,89,1,0,57,1,2,1,1,2,1,1,3,1,0,20
3,3,1,21,81,89,1,1,99,1,0,1,1,3,0,1,20,1,2,20
0,0,1,29,55,89,1,0,41,1,3,1,1,0,2,1,4,1,2,20
3,2,1,22,92,89,1,1,68,1,2,1,1,2,1,1,19,1,2,20
0,2,1,19,79,89,1,0,57,1,2,1,1,2,1,1,3,1,0,20
3,3,1,21,81,89,1,1,99,1,0,1,1,3,0,1,20,1,2,20
0,0,1,29,55,89,1,0,41,1,3,1,1,0,2,1,4,1,2,20
3,2,1,22,92,89,1,1,68,1,2,1,1,2,1,0,19,1,2,20
0,2,1,19,79,89,1,0,57,1,2,1,1,2,1,0,3,1,0,20
3,3,1,21,81,89,1,1,99,1,0,1,1,3,0,0,20,1,2,20
0,0,1,29,55,89,1,0,41,1,3,1,1,0,2,0,4,1,2,20
3,2,1,22,92,89,1,1,68,1,2,1,1,2,1,0,19,2,2,20
0,2,1,19,79,89,1,0,57,1,2,1,1,2,1,0,3,2,0,20
3,3,1,21,81,89,1,1,99,1,0,1,1,3,0,0,20,2,2,20
0,0,1,29,55,89,1,0,41,1,3,1,1,0,2,0,4,2,2,20
3,2,1,22,92,89,1,1,68,1,2,1,1,2,1,1,19,1,2,20
0,2,1,19,79,89,1,0,57,1,2,1,1,2,1,1,3,1,0,20
3,3,1,21,81,89,1,1,99,1,0,1,1,3,0,1,20,1,2,20
0,0,1,29,55,89,1,0,41,1,3,1,1,0,2,1,4,1,2,20
3,2,1,22,92,89,1,1,68,1,2,1,1,2,1,2,19,1,2,20
0,2,1,19,79,89,1,0,57,1,2,1,1,2,1,2,3,1,0,20
3,3,1,21,81,89,1,1,99,1,0,1,1,3,0,2,20,1,2,20
0,0,1,29,55,89,1,0,41,1,3,1,1,0,2,2,4,1,2,20
3,2,1,22,92,89,1,1,68,1,2,1,1,2,1,0,19,2,2,20
0,2,1,19,79,89,1,0,57,1,2,1,1,2,1,0,3,2,0,20
3,3,1,21,81,89,1,1,99,1,0,1,1,3,0,0,20,2,2,20
0,0,1,29,55,89,1,0,41,1,3,1,1,0,2,0,4,2,2,20
3,2,1,22,92,89,1,1,68,1,2,1,1,2,1,0,19,0,2,20
0,2,1,19,79,89,1,0,57,1,2,1,1,2,1,0,3,0,0,20
3,3,1,21,81,89,1,1,99,1,0,1,1,3,0,0,20,0,2,20
0,0,1,29,55,89,1,0,41,1,3,1,1,0,2,0,4,0,2,20
2,2,1,22,92,89,1,1,68,0,2,1,1,2,1,0,19,2,2,20
1,2,1,19,79,89,1,0,57,0,2,1,1,2,1,0,3,2,0,20
2,3,1,21,81,89,1,1,99,0,0,1,1,3,0,0,20,2,2,20
1,0,1,29,55,89,1,0,41,0,3,1,1,0,2,0,4,2,2,20
2,2,1,22,92,89,1,1,68,0,2,1,1,2,1,1,19,2,2,20
1,2,1,19,79,89,1,0,57,0,2,1,1,2,1,1,3,2,0,20
2,3,1,21,81,89,1,1,99,0,0,1,1,3,0,1,20,2,2,20
1,0,1,29,55,89,1,0,41,0,3,1,1,0,2,1,4,2,2,20
0,1,0,27,63,81,0,1,81,1,1,1,1,1,0,0,0,0,2,10
0,1,1,27,63,81,0,1,81,1,1,1,1,1,0,1,0,1,2,10
1,1,1,27,63,81,0,1,81,0,1,1,1,1,0,1,0,2,2,10
2,0,2,18,74,82,0,1,66,0,2,0,1,0,2,2,17,1,1,12
2,2,2,25,83,82,0,0,41,0,3,0,1,2,0,2,12,1,0,12
3,0,2,18,74,82,0,1,66,1,2,0,1,0,2,2,17,1,1,12
3,2,2,25,83,82,0,0,41,1,3,0,1,2,0,2,12,1,0,12
2,0,2,18,74,82,0,1,66,0,2,0,1,0,2,0,17,0,1,12
2,2,0,25,83,82,0,0,41,0,3,0,1,2,0,0,12,0,0,12
0,2,0,27,89,78,1,1,55,1,2,1,1,2,3,2,9,0,2,24
2,0,2,23,59,78,0,1,55,1,2,1,1,0,1,2,9,0,1,24
3,1,0,23,66,78,1,1,98,1,0,1,1,1,0,2,11,0,2,24
3,0,0,29,71,78,1,1,64,1,2,1,1,0,1,2,12,0,2,24
0,2,1,27,89,78,1,1,55,1,2,1,1,2,3,1,9,2,2,24
1,0,2,23,59,78,0,1,55,1,2,1,1,0,1,1,9,2,1,24
3,1,1,23,66,78,1,1,98,1,0,1,1,1,0,1,11,2,2,24
3,0,1,29,71,78,1,1,64,1,2,1,1,0,1,1,12,2,2,24
0,2,0,27,89,78,1,1,55,1,2,1,1,2,3,0,9,1,2,24
0,0,2,23,59,78,0,1,55,1,2,1,1,0,1,0,9,1,1,24
3,1,0,23,66,78,1,1,98,1,0,1,1,1,0,0,11,1,2,24
3,0,0,29,71,78,1,1,64,1,2,1,1,0,1,0,12,1,2,24
3,3,2,25,81,73,1,1,90,0,0,1,1,3,1,1,14,1,0,21
2,3,2,25,89,73,0,1,87,0,0,1,1,3,3,1,14,1,2,21
3,3,2,25,81,73,1,1,90,1,0,1,1,3,1,2,14,1,0,21
3,3,0,25,89,73,0,1,87,1,0,1,1,3,3,2,14,1,2,21
3,3,2,25,81,73,1,1,90,1,0,1,1,3,1,1,14,1,0,21
3,3,2,25,89,73,0,1,87,1,0,1,1,3,3,1,14,1,2,21
3,3,2,25,81,73,1,1,90,0,0,1,1,3,1,1,14,1,0,21
2,3,2,25,89,73,0,1,87,0,0,1,1,3,3,1,14,1,2,21
3,3,2,25,81,73,1,1,90,0,0,1,1,3,1,2,14,1,0,21
2,3,0,25,89,73,0,1,87,0,0,1,1,3,3,2,14,1,2,21
3,3,2,25,81,73,1,1,90,0,0,1,0,3,1,1,14,1,0,21
2,3,2,25,89,73,0,1,87,0,0,1,0,3,3,1,14,1,2,21
3,3,2,25,81,73,1,1,90,1,0,1,1,3,1,1,14,1,0,21
3,3,2,25,89,73,0,1,87,1,0,1,1,3,3,1,14,1,2,21
0,1,0,23,59,84,0,1,77,1,1,1,1,1,3,0,8,1,2,20
0,3,2,23,82,84,1,1,98,1,0,1,1,3,1,0,9,1,1,20
3,2,2,24,100,84,1,1,62,1,2,1,1,2,0,0,19,1,1,20
1,1,1,23,59,84,0,1,77,0,1,1,1,1,3,1,8,1,2,20
0,3,2,23,82,84,1,1,98,0,0,1,1,3,1,1,9,1,1,20
3,2,2,24,100,84,1,1,62,0,2,1,1,2,0,1,19,1,1,20
1,1,0,23,59,84,0,1,77,0,1,1,1,1,3,0,8,1,2,20
0,3,2,23,82,84,1,1,98,0,0,1,1,3,1,0,9,1,1,20
3,2,2,24,100,84,1,1,62,0,2,1,1,2,0,0,19,1,1,20
0,1,1,23,59,84,0,1,77,1,1,1,1,1,3,2,8,1,2,20
0,3,2,23,82,84,1,1,98,1,0,1,1,3,1,2,9,1,1,20
3,2,2,24,100,84,1,1,62,1,2,1,1,2,0,2,19,1,1,20
1,1,1,23,59,84,0,1,77,0,1,1,1,1,3,1,8,2,2,20
1,3,2,23,82,84,1,1,98,0,0,1,1,3,1,1,9,2,1,20
2,2,2,24,100,84,1,1,62,0,2,1,1,2,0,1,19,2,1,20
1,1,1,23,59,84,0,1,77,0,1,1,1,1,3,1,8,0,2,20
2,3,2,23,82,84,1,1,98,0,0,1,1,3,1,1,9,0,1,20
2,2,2,24,100,84,1,1,62,0,2,1,1,2,0,1,19,0,1,20
0,1,1,23,59,84,0,1,77,1,1,1,1,1,3,1,8,1,2,20
0,3,2,23,82,84,1,1,98,1,0,1,1,3,1,1,9,1,1,20
3,2,2,24,100,84,1,1,62,1,2,1,1,2,0,1,19,1,1,20
0,1,1,23,59,84,0,1,77,1,1,1,1,1,3,1,8,1,2,20
0,3,2,23,82,84,1,1,98,1,0,1,1,3,1,1,9,1,1,20
3,2,2,24,100,84,1,1,62,1,2,1,1,2,0,1,19,1,1,20
1,1,1,20,53,98,0,1,98,0,0,1,1,1,2,0,2,2,0,17
1,3,1,20,77,98,1,1,84,0,1,1,1,3,1,0,4,2,2,17
1,1,1,26,68,98,1,1,95,0,0,1,1,1,0,0,2,2,1,17
1,3,1,28,75,98,1,1,99,0,0,1,1,3,2,0,9,2,2,17
1,1,1,20,53,98,0,1,98,1,0,1,1,1,2,0,2,2,0,17
0,3,1,20,77,98,1,1,84,1,1,1,1,3,1,0,4,2,2,17
0,1,1,26,68,98,1,1,95,1,0,1,1,1,0,0,2,2,1,17
0,3,1,28,75,98,1,1,99,1,0,1,1,3,2,0,9,2,2,17
1,1,1,20,53,98,0,1,98,0,0,1,1,1,2,0,2,2,0,17
1,3,1,20,77,98,1,1,84,0,1,1,1,3,1,0,4,2,2,17
1,1,1,26,68,98,1,1,95,0,0,1,1,1,0,0,2,2,1,17
1,3,1,28,75,98,1,1,99,0,0,1,1,3,2,0,9,2,2,17
1,1,1,20,53,98,0,1,98,0,0,1,1,1,2,1,2,1,0,17
0,3,1,20,77,98,1,1,84,0,1,1,1,3,1,1,4,1,2,17
0,1,1,26,68,98,1,1,95,0,0,1,1,1,0,1,2,1,1,17
0,3,1,28,75,98,1,1,99,0,0,1,1,3,2,1,9,1,2,17
1,1,1,20,53,98,0,1,98,0,0,1,1,1,2,1,2,1,0,17
0,3,1,20,77,98,1,1,84,0,1,1,1,3,1,1,4,1,2,17
0,1,1,26,68,98,1,1,95,0,0,1,1,1,0,1,2,1,1,17
0,3,1,28,75,98,1,1,99,0,0,1,1,3,2,1,9,1,2,17
1,1,1,20,53,98,0,1,98,1,0,1,1,1,2,1,2,2,0,17
0,3,1,20,77,98,1,1,84,1,1,1,1,3,1,1,4,2,2,17
0,1,1,26,68,98,1,1,95,1,0,1,1,1,0,1,2,2,1,17
0,3,1,28,75,98,1,1,99,1,0,1,1,3,2,1,9,2,2,17
1,1,1,20,53,98,0,1,98,1,0,1,1,1,2,2,2,2,0,17
0,3,1,20,77,98,1,1,84,1,1,1,1,3,1,2,4,2,2,17
0,1,1,26,68,98,1,1,95,1,0,1,1,1,0,2,2,2,1,17
0,3,1,28,75,98,1,1,99,1,0,1,1,3,2,2,9,2,2,17
1,1,1,20,53,98,0,1,98,0,0,1,1,1,2,1,2,2,0,17
1,3,1,20,77,98,1,1,84,0,1,1,1,3,1,1,4,2,2,17
1,1,1,26,68,98,1,1,95,0,0,1,1,1,0,1,2,2,1,17
1,3,1,28,75,98,1,1,99,0,0,1,1,3,2,1,9,2,2,17
1,1,1,20,53,98,0,1,98,0,0,1,1,1,2,0,2,1,0,17
0,3,1,20,77,98,1,1,84,0,1,1,1,3,1,0,4,1,2,17
0,1,1,26,68,98,1,1,95,0,0,1,1,1,0,0,2,1,1,17
0,3,1,28,75,98,1,1,99,0,0,1,1,3,2,0,9,1,2,17
2,0,1,21,60,94,0,1,69,0,2,1,1,0,0,0,14,1,2,15
2,0,1,21,60,94,0,1,69,0,2,1,1,0,0,1,14,0,2,15
2,0,1,21,60,94,0,1,69,1,2,1,1,0,0,1,14,0,2,15
2,0,1,21,60,94,0,1,69,0,2,1,1,0,0,1,14,1,2,15
2,0,1,21,60,94,0,1,69,1,2,1,1,0,0,1,14,2,2,15
2,2,1,20,81,96,1,1,55,0,2,0,1,2,0,1,18,2,0,21
2,2,1,20,81,96,1,1,55,0,2,0,1,2,0,1,18,2,0,21
3,2,1,20,81,96,1,1,55,1,2,0,1,2,0,0,18,2,0,21
3,2,1,20,81,96,1,1,55,1,2,0,0,2,0,2,18,1,0,21
3,2,1,20,81,96,1,1,55,1,2,0,1,2,0,1,18,1,0,21
3,0,2,26,63,79,0,1,68,1,2,1,1,0,0,1,10,1,0,14
2,0,2,26,63,79,0,1,68,1,2,1,1,0,0,1,10,0,0,14
3,0,2,26,63,79,0,1,68,1,2,1,1,0,0,1,10,1,0,14
3,0,2,26,63,79,0,1,68,1,2,1,1,0,0,1,10,1,0,14
1,0,2,26,63,79,0,1,68,0,2,1,1,0,0,1,10,1,0,14
3,0,2,26,63,79,0,1,68,1,2,1,1,0,0,1,10,1,0,14
0,0,2,26,53,76,1,0,48,0,3,0,1,0,1,0,3,1,1,26
3,2,0,29,84,76,1,1,40,0,3,0,1,2,3,0,14,1,2,26
2,3,0,28,77,76,0,1,73,0,1,0,1,3,3,0,19,1,2,26
0,0,2,26,53,76,1,0,48,1,3,0,1,0,1,1,3,0,1,26
3,2,1,29,84,76,1,1,40,1,3,0,1,2,3,1,14,0,2,26
2,3,1,28,77,76,0,1,73,1,1,0,1,3,3,1,19,0,2,26
3,0,2,26,60,77,1,1,65,1,2,1,1,0,3,1,12,1,0,22
3,1,2,27,68,77,0,1,96,1,0,1,1,1,3,1,10,1,1,22
0,0,2,25,65,77,0,0,47,1,3,1,1,0,2,1,7,1,1,22
3,0,2,26,60,77,1,1,65,1,2,1,0,0,3,1,12,1,0,22
3,1,2,27,68,77,0,1,96,1,0,1,0,1,3,1,10,1,1,22
0,0,2,25,65,77,0,0,47,1,3,1,0,0,2,1,7,1,1,22
3,0,2,26,60,77,1,1,65,1,2,1,1,0,3,1,12,0,0,22
2,1,2,27,68,77,0,1,96,1,0,1,1,1,3,1,10,0,1,22
1,0,2,25,65,77,0,0,47,1,3,1,1,0,2,1,7,0,1,22
3,0,2,26,60,77,1,1,65,1,2,1,1,0,3,2,12,1,0,22
3,1,2,27,68,77,0,1,96,1,0,1,1,1,3,2,10,1,1,22
0,0,2,25,65,77,0,0,47,1,3,1,1,0,2,2,7,1,1,22
3,0,2,26,60,77,1,1,65,1,2,1,1,0,3,1,12,1,0,22
3,1,2,27,68,77,0,1,96,1,0,1,1,1,3,1,10,1,1,22
0,0,2,25,65,77,0,0,47,1,3,1,1,0,2,1,7,1,1,22
1,0,0,26,60,77,1,1,65,0,2,1,1,0,3,0,12,2,0,22
1,1,2,27,68,77,0,1,96,0,0,1,1,1,3,0,10,2,1,22
1,0,2,25,65,77,0,0,47,0,3,1,1,0,2,0,7,2,1,22
3,0,2,26,60,77,1,1,65,1,2,1,1,0,3,2,12,1,0,22
3,1,2,27,68,77,0,1,96,1,0,1,1,1,3,2,10,1,1,22
0,0,2,25,65,77,0,0,47,1,3,1,1,0,2,2,7,1,1,22
2,0,2,26,60,77,1,1,65,0,2,1,1,0,3,1,12,0,0,22
2,1,2,27,68,77,0,1,96,0,0,1,1,1,3,1,10,0,1,22
1,0,2,25,65,77,0,0,47,0,3,1,1,0,2,1,7,0,1,22
1,1,2,28,67,84,1,1,75,0,1,1,0,1,1,1,5,2,1,26
1,2,1,20,93,84,1,0,53,0,3,1,0,2,0,1,6,2,0,26
0,1,2,28,67,84,1,1,75,0,1,1,1,1,1,0,5,1,1,26
0,2,0,20,93,84,1,0,53,0,3,1,1,2,0,0,6,1,0,26
0,1,2,28,67,84,1,1,75,0,1,1,1,1,1,1,5,1,1,26
0,2,1,20,93,84,1,0,53,0,3,1,1,2,0,1,6,1,0,26
0,1,2,28,67,84,1,1,75,0,1,1,0,1,1,1,5,1,1,26
0,2,1,20,93,84,1,0,53,0,3,1,0,2,0,1,6,1,0,26
3,2,2,21,78,88,0,1,61,1,2,1,1,2,2,1,13,1,1,30
3,1,2,28,58,88,0,1,76,1,1,1,1,1,1,1,15,1,1,30
3,0,1,29,51,88,0,1,49,1,3,1,1,0,2,1,18,1,0,30
3,2,2,21,78,88,0,1,61,1,2,1,1,2,2,2,13,1,1,30
3,1,2,28,58,88,0,1,76,1,1,1,1,1,1,2,15,1,1,30
3,0,1,29,51,88,0,1,49,1,3,1,1,0,2,2,18,1,0,30
3,1,1,27,53,98,1,1,78,1,1,1,1,1,0,2,16,0,2,26
2,1,1,18,68,98,0,1,73,1,1,1,1,1,3,2,16,0,2,26
2,1,1,19,72,98,0,0,86,1,0,1,1,1,1,2,12,0,0,26
3,1,1,22,52,98,1,0,91,1,0,1,1,1,3,2,17,0,2,26
3,1,1,27,53,98,1,1,78,1,1,1,1,1,0,0,16,2,2,26
3,1,1,18,68,98,0,1,73,1,1,1,1,1,3,0,16,2,2,26
1,1,1,19,72,98,0,0,86,1,0,1,1,1,1,0,12,2,0,26
3,1,1,22,52,98,1,0,91,1,0,1,1,1,3,0,17,2,2,26
3,1,1,27,53,98,1,1,78,1,1,1,1,1,0,1,16,2,2,26
3,1,1,18,68,98,0,1,73,1,1,1,1,1,3,1,16,2,2,26
1,1,1,19,72,98,0,0,86,1,0,1,1,1,1,1,12,2,0,26
3,1,1,22,52,98,1,0,91,1,0,1,1,1,3,1,17,2,2,26
3,1,1,27,53,98,1,1,78,1,1,1,1,1,0,0,16,1,2,26
3,1,1,18,68,98,0,1,73,1,1,1,1,1,3,0,16,1,2,26
3,1,1,19,72,98,0,0,86,1,0,1,1,1,1,0,12,1,0,26
3,1,1,22,52,98,1,0,91,1,0,1,1,1,3,0,17,1,2,26
3,1,1,27,53,98,1,1,78,0,1,1,1,1,0,1,16,1,2,26
2,1,1,18,68,98,0,1,73,0,1,1,1,1,3,1,16,1,2,26
2,1,1,19,72,98,0,0,86,0,0,1,1,1,1,1,12,1,0,26
3,1,1,22,52,98,1,0,91,0,0,1,1,1,3,1,17,1,2,26
3,1,1,27,53,98,1,1,78,1,1,1,1,1,0,1,16,0,2,26
2,1,1,18,68,98,0,1,73,1,1,1,1,1,3,1,16,0,2,26
2,1,1,19,72,98,0,0,86,1,0,1,1,1,1,1,12,0,0,26
3,1,1,22,52,98,1,0,91,1,0,1,1,1,3,1,17,0,2,26
3,0,2,18,73,81,0,0,50,1,3,1,1,0,3,1,11,1,1,16
1,0,2,18,73,81,0,0,50,0,3,1,1,0,3,1,11,2,1,16
1,0,2,18,73,81,0,0,50,1,3,1,0,0,3,2,11,2,1,16
3,0,2,18,73,81,0,0,50,1,3,1,1,0,3,2,11,1,1,16
2,0,2,18,73,81,0,0,50,0,3,1,1,0,3,2,11,1,1,16
0,1,1,27,58,91,1,1,73,1,1,0,1,1,0,0,6,2,2,23
0,1,1,27,58,91,1,1,73,0,1,0,1,1,0,1,6,1,2,23
0,1,1,27,58,91,1,1,73,1,1,0,1,1,0,2,6,0,2,23
0,1,1,27,58,91,1,1,73,1,1,0,1,1,0,1,6,0,2,23
1,0,0,22,65,82,0,1,69,1,2,0,1,0,1,0,9,2,2,16
3,0,2,26,61,82,1,1,61,1,2,0,1,0,1,0,16,2,1,16
1,1,0,18,58,82,0,0,85,1,0,0,1,1,0,0,5,2,0,16
2,0,1,22,65,82,0,1,69,1,2,0,1,0,1,1,9,0,2,16
3,0,2,26,61,82,1,1,61,1,2,0,1,0,1,1,16,0,1,16
0,1,2,18,58,82,0,0,85,1,0,0,1,1,0,1,5,0,0,16
1,0,1,22,65,82,0,1,69,0,2,0,1,0,1,1,9,2,2,16
2,0,2,26,61,82,1,1,61,0,2,0,1,0,1,1,16,2,1,16
1,1,2,18,58,82,0,0,85,0,0,0,1,1,0,1,5,2,0,16
1,0,1,22,65,82,0,1,69,0,2,0,1,0,1,1,9,1,2,16
3,0,2,26,61,82,1,1,61,0,2,0,1,0,1,1,16,1,1,16
1,1,2,18,58,82,0,0,85,0,0,0,1,1,0,1,5,1,0,16
0,0,1,22,65,82,0,1,69,1,2,0,1,0,1,2,9,1,2,16
3,0,2,26,61,82,1,1,61,1,2,0,1,0,1,2,16,1,1,16
0,1,2,18,58,82,0,0,85,1,0,0,1,1,0,2,5,1,0,16
1,0,0,22,65,82,0,1,69,0,2,0,1,0,1,0,9,1,2,16
3,0,2,26,61,82,1,1,61,0,2,0,1,0,1,0,16,1,1,16
1,1,0,18,58,82,0,0,85,0,0,0,1,1,0,0,5,1,0,16
1,0,1,22,65,82,0,1,69,0,2,0,1,0,1,1,9,1,2,16
3,0,2,26,61,82,1,1,61,0,2,0,1,0,1,1,16,1,1,16
1,1,2,18,58,82,0,0,85,0,0,0,1,1,0,1,5,1,0,16
1,0,1,22,65,82,0,1,69,0,2,0,1,0,1,1,9,1,2,16
3,0,2,26,61,82,1,1,61,0,2,0,1,0,1,1,16,1,1,16
1,1,2,18,58,82,0,0,85,0,0,0,1,1,0,1,5,1,0,16
3,3,1,18,90,79,0,1,80,1,1,0,1,3,1,1,16,1,2,16
3,0,1,21,52,79,1,1,43,1,3,0,1,0,0,1,15,1,2,16
3,3,2,24,100,79,1,1,78,1,1,0,1,3,1,1,15,1,0,16
3,1,2,21,70,79,0,1,83,1,1,0,1,1,3,1,11,1,0,16
3,0,1,29,73,79,0,1,47,1,3,0,1,0,0,1,14,1,2,16
2,3,1,18,90,79,0,1,80,1,1,0,1,3,1,1,16,2,2,16
3,0,1,21,52,79,1,1,43,1,3,0,1,0,0,1,15,2,2,16
3,3,2,24,100,79,1,1,78,1,1,0,1,3,1,1,15,2,0,16
1,1,2,21,70,79,0,1,83,1,1,0,1,1,3,1,11,2,0,16
2,0,1,29,73,79,0,1,47,1,3,0,1,0,0,1,14,2,2,16
2,3,0,18,90,79,0,1,80,0,1,0,1,3,1,0,16,1,2,16
3,0,0,21,52,79,1,1,43,0,3,0,1,0,0,0,15,1,2,16
3,3,0,24,100,79,1,1,78,0,1,0,1,3,1,0,15,1,0,16
2,1,0,21,70,79,0,1,83,0,1,0,1,1,3,0,11,1,0,16
2,0,0,29,73,79,0,1,47,0,3,0,1,0,0,0,14,1,2,16
1,3,2,29,93,85,0,0,97,1,0,0,1,3,2,2,2,2,1,12
0,3,1,23,91,85,1,1,73,1,1,0,1,3,3,2,3,2,2,12
0,1,2,24,56,85,1,1,76,1,1,0,1,1,0,2,2,2,1,12
1,1,1,25,58,85,0,0,89,1,0,0,1,1,2,2,5,2,2,12
0,2,2,27,88,76,1,1,56,1,2,1,1,2,2,0,5,1,1,14
3,2,2,20,76,76,0,1,60,1,2,1,1,2,3,0,17,1,1,14
0,2,2,27,88,76,1,1,56,1,2,1,1,2,2,1,5,1,1,14
3,2,2,20,76,76,0,1,60,1,2,1,1,2,3,1,17,1,1,14
0,2,2,27,88,76,1,1,56,0,2,1,0,2,2,0,5,0,1,14
2,2,2,20,76,76,0,1,60,0,2,1,0,2,3,0,17,0,1,14
0,2,2,27,88,76,1,1,56,0,2,1,1,2,2,2,5,1,1,14
2,2,2,20,76,76,0,1,60,0,2,1,1,2,3,2,17,1,1,14
0,2,2,27,88,76,1,1,56,0,2,1,1,2,2,0,5,1,1,14
2,2,2,20,76,76,0,1,60,0,2,1,1,2,3,0,17,1,1,14
0,2,2,27,88,76,1,1,56,0,2,1,1,2,2,1,5,1,1,14
2,2,2,20,76,76,0,1,60,0,2,1,1,2,3,1,17,1,1,14
0,1,0,22,58,68,1,1,85,1,0,1,1,1,0,1,9,2,2,12
1,0,2,29,58,68,0,1,68,1,2,1,1,0,2,1,6,2,0,12
3,2,0,21,95,68,1,0,46,1,3,1,1,2,0,1,11,2,2,12
1,1,0,22,58,68,1,1,85,0,0,1,1,1,0,1,9,2,2,12
1,0,2,29,58,68,0,1,68,0,2,1,1,0,2,1,6,2,0,12
1,2,0,21,95,68,1,0,46,0,3,1,1,2,0,1,11,2,2,12
2,1,0,22,58,68,1,1,85,0,0,1,1,1,0,0,9,0,2,12
1,0,0,29,58,68,0,1,68,0,2,1,1,0,2,0,6,0,0,12
2,2,0,21,95,68,1,0,46,0,3,1,1,2,0,0,11,0,2,12
0,1,0,22,58,68,1,1,85,1,0,1,1,1,0,0,9,1,2,12
0,0,0,29,58,68,0,1,68,1,2,1,1,0,2,0,6,1,0,12
3,2,0,21,95,68,1,0,46,1,3,1,1,2,0,0,11,1,2,12
2,3,1,22,96,80,0,1,90,1,0,1,1,3,2,1,13,0,2,26
3,2,2,19,82,80,1,1,66,1,2,1,1,2,1,1,18,0,1,26
3,3,1,22,96,80,0,1,90,1,0,1,1,3,2,1,13,1,2,26
3,2,2,19,82,80,1,1,66,1,2,1,1,2,1,1,18,1,1,26
3,3,1,22,96,80,0,1,90,1,0,1,1,3,2,1,13,1,2,26
3,2,2,19,82,80,1,1,66,1,2,1,1,2,1,1,18,1,1,26
2,3,0,22,96,80,0,1,90,0,0,1,1,3,2,0,13,1,2,26
3,2,2,19,82,80,1,1,66,0,2,1,1,2,1,0,18,1,1,26
2,3,0,22,96,80,0,1,90,0,0,1,1,3,2,2,13,0,2,26
2,2,2,19,82,80,1,1,66,0,2,1,1,2,1,2,18,0,1,26
3,3,1,22,96,80,0,1,90,1,0,1,0,3,2,1,13,1,2,26
3,2,2,19,82,80,1,1,66,1,2,1,0,2,1,1,18,1,1,26
0,0,1,28,62,89,1,1,68,1,2,0,0,0,2,0,4,0,2,14
0,0,1,21,70,89,1,1,68,1,2,0,0,0,1,0,6,0,2,14
3,2,1,24,86,89,1,0,49,1,3,0,0,2,0,0,12,0,2,14
0,0,1,28,62,89,1,1,68,0,2,0,1,0,2,2,4,1,2,14
0,0,1,21,70,89,1,1,68,0,2,0,1,0,1,2,6,1,2,14
3,2,1,24,86,89,1,0,49,0,3,0,1,2,0,2,12,1,2,14
0,0,1,28,62,89,1,1,68,0,2,0,1,0,2,0,4,0,2,14
1,0,1,21,70,89,1,1,68,0,2,0,1,0,1,0,6,0,2,14
2,2,1,24,86,89,1,0,49,0,3,0,1,2,0,0,12,0,2,14
2,1,1,27,67,76,0,1,73,0,1,0,1,1,3,1,17,1,2,21
2,1,0,27,67,76,0,1,73,0,1,0,1,1,3,0,17,1,2,21
2,1,0,27,67,76,0,1,73,1,1,0,1,1,3,0,17,2,2,21
2,1,1,27,67,76,0,1,73,0,1,0,1,1,3,1,17,2,2,21
3,1,0,27,67,76,0,1,73,1,1,0,1,1,3,0,17,1,2,21
3,3,1,23,92,82,0,1,86,1,0,0,1,3,3,1,18,1,2,24
0,0,1,21,55,82,0,0,42,1,3,0,1,0,2,1,1,1,2,24
3,0,2,25,76,82,1,1,42,1,3,0,1,0,0,1,12,1,0,24
3,0,2,27,59,82,1,1,40,1,3,0,1,0,1,1,10,1,1,24
2,3,1,23,92,82,0,1,86,0,0,0,1,3,3,1,18,1,2,24
1,0,1,21,55,82,0,0,42,0,3,0,1,0,2,1,1,1,2,24
3,0,2,25,76,82,1,1,42,0,3,0,1,0,0,1,12,1,0,24
3,0,2,27,59,82,1,1,40,0,3,0,1,0,1,1,10,1,1,24
3,2,2,27,95,65,1,0,59,1,2,1,1,2,3,2,20,1,1,35
3,3,0,25,94,65,1,0,98,1,0,1,1,3,1,2,17,1,2,35
1,0,1,23,55,80,0,1,49,0,3,1,1,0,1,1,7,0,2,19
0,1,1,23,69,80,1,1,91,0,0,1,1,1,3,1,3,0,2,19
0,0,1,23,55,80,0,1,49,1,3,1,1,0,1,1,7,1,2,19
0,1,1,23,69,80,1,1,91,1,0,1,1,1,3,1,3,1,2,19
1,0,0,23,55,80,0,1,49,0,3,1,1,0,1,2,7,0,2,19
0,1,0,23,69,80,1,1,91,0,0,1,1,1,3,2,3,0,2,19
1,0,0,23,55,80,0,1,49,0,3,1,1,0,1,0,7,0,2,19
0,1,0,23,69,80,1,1,91,0,0,1,1,1,3,0,3,0,2,19
0,0,0,23,55,80,0,1,49,1,3,1,1,0,1,0,7,1,2,19
0,1,0,23,69,80,1,1,91,1,0,1,1,1,3,0,3,1,2,19
1,0,1,23,55,80,0,1,49,1,3,1,1,0,1,1,7,2,2,19
0,1,1,23,69,80,1,1,91,1,0,1,1,1,3,1,3,2,2,19
3,2,0,25,77,67,1,1,65,1,2,1,1,2,2,1,18,1,2,27
0,3,2,23,80,67,1,0,85,1,0,1,1,3,3,1,6,1,0,27
3,3,0,27,95,67,0,1,83,1,1,1,1,3,2,1,13,1,2,27
3,2,0,25,77,67,1,1,65,0,2,1,1,2,2,1,18,1,2,27
0,3,2,23,80,67,1,0,85,0,0,1,1,3,3,1,6,1,0,27
2,3,0,27,95,67,0,1,83,0,1,1,1,3,2,1,13,1,2,27
2,0,0,28,58,65,1,1,46,0,3,1,1,0,2,0,15,2,1,16
2,3,0,19,92,65,1,0,91,0,0,1,1,3,1,0,17,2,1,16
1,3,0,26,83,65,0,1,94,0,0,1,1,3,0,0,1,2,2,16
1,0,0,24,62,65,1,0,65,0,2,1,1,0,3,0,10,2,2,16
2,0,2,28,58,65,1,1,46,0,3,1,1,0,2,1,15,0,1,16
2,3,2,19,92,65,1,0,91,0,0,1,1,3,1,1,17,0,1,16
1,3,0,26,83,65,0,1,94,0,0,1,1,3,0,1,1,0,2,16
2,0,0,24,62,65,1,0,65,0,2,1,1,0,3,1,10,0,2,16
3,0,2,28,58,65,1,1,46,0,3,1,1,0,2,1,15,1,1,16
3,3,2,19,92,65,1,0,91,0,0,1,1,3,1,1,17,1,1,16
1,3,0,26,83,65,0,1,94,0,0,1,1,3,0,1,1,1,2,16
3,0,0,24,62,65,1,0,65,0,2,1,1,0,3,1,10,1,2,16
3,0,2,20,53,76,0,1,55,1,2,0,1,0,2,1,20,1,1,31
1,3,1,18,82,96,0,0,76,0,1,0,1,3,1,1,2,2,1,24
0,3,1,18,82,96,0,0,76,1,1,0,0,3,1,0,2,1,1,24
1,3,1,18,82,96,0,0,76,0,1,0,1,3,1,0,2,2,1,24
1,3,1,18,82,96,0,0,76,0,1,0,1,3,1,1,2,1,1,24
1,3,1,18,82,96,0,0,76,1,1,0,1,3,1,1,2,2,1,24
1,3,1,18,82,96,0,0,76,0,1,0,1,3,1,1,2,1,1,24
0,3,2,29,81,67,1,1,94,1,0,0,1,3,0,1,1,1,1,19
0,3,2,29,81,67,1,1,94,1,0,0,1,3,0,2,1,1,1,19
0,3,2,29,81,67,1,1,94,0,0,0,1,3,0,2,1,0,1,19
0,3,2,29,81,67,1,1,94,0,0,0,1,3,0,1,1,1,1,19
0,3,0,29,81,67,1,1,94,0,0,0,1,3,0,0,1,1,1,19
0,3,0,29,81,67,1,1,94,0,0,0,1,3,0,0,1,1,1,19
0,3,0,29,81,67,1,1,94,1,0,0,1,3,0,0,1,1,1,19
3,1,0,29,68,71,0,1,96,1,0,0,0,1,1,0,16,1,0,21
3,2,0,24,78,71,1,1,56,1,2,0,0,2,0,0,14,1,0,21
3,1,0,29,68,71,0,1,96,1,0,0,1,1,1,0,16,1,0,21
3,2,0,24,78,71,1,1,56,1,2,0,1,2,0,0,14,1,0,21
3,1,2,29,68,71,0,1,96,1,0,0,1,1,1,1,16,1,0,21
3,2,2,24,78,71,1,1,56,1,2,0,1,2,0,1,14,1,0,21
2,1,0,29,68,71,0,1,96,0,0,0,1,1,1,2,16,0,0,21
2,2,0,24,78,71,1,1,56,0,2,0,1,2,0,2,14,0,0,21
2,1,0,29,68,71,0,1,96,0,0,0,1,1,1,0,16,1,0,21
3,2,0,24,78,71,1,1,56,0,2,0,1,2,0,0,14,1,0,21
3,1,2,29,68,71,0,1,96,1,0,0,1,1,1,1,16,2,0,21
3,2,2,24,78,71,1,1,56,1,2,0,1,2,0,1,14,2,0,21
1,3,1,18,87,94,0,0,81,1,1,1,1,3,1,1,12,2,2,12
1,3,1,26,84,94,0,1,90,1,0,1,1,3,0,1,12,2,2,12
1,3,1,18,87,94,0,0,81,0,1,1,1,3,1,2,12,2,2,12
1,3,1,26,84,94,0,1,90,0,0,1,1,3,0,2,12,2,2,12
2,3,1,18,87,94,0,0,81,1,1,1,1,3,1,1,12,0,2,12
2,3,1,26,84,94,0,1,90,1,0,1,1,3,0,1,12,0,2,12
3,3,0,27,91,61,1,1,99,1,0,0,1,3,1,0,17,0,0,22
3,3,0,24,78,61,1,0,85,1,0,0,1,3,3,0,16,0,2,22
3,3,0,24,97,61,1,1,90,1,0,0,1,3,3,0,14,0,2,22
3,1,0,27,63,61,1,0,74,1,1,0,1,1,0,0,12,0,2,22
0,2,0,27,84,61,0,1,71,1,1,0,1,2,1,0,3,0,2,22
3,3,2,27,91,61,1,1,99,1,0,0,1,3,1,1,17,2,0,22
3,3,0,24,78,61,1,0,85,1,0,0,1,3,3,1,16,2,2,22
3,3,0,24,97,61,1,1,90,1,0,0,1,3,3,1,14,2,2,22
3,1,0,27,63,61,1,0,74,1,1,0,1,1,0,1,12,2,2,22
1,2,0,27,84,61,0,1,71,1,1,0,1,2,1,1,3,2,2,22
3,3,0,27,91,61,1,1,99,1,0,0,1,3,1,0,17,1,0,22
3,3,0,24,78,61,1,0,85,1,0,0,1,3,3,0,16,1,2,22
3,3,0,24,97,61,1,1,90,1,0,0,1,3,3,0,14,1,2,22
3,1,0,27,63,61,1,0,74,1,1,0,1,1,0,0,12,1,2,22
0,2,0,27,84,61,0,1,71,1,1,0,1,2,1,0,3,1,2,22
3,3,0,27,91,61,1,1,99,0,0,0,1,3,1,0,17,1,0,22
3,3,0,24,78,61,1,0,85,0,0,0,1,3,3,0,16,1,2,22
3,3,0,24,97,61,1,1,90,0,0,0,1,3,3,0,14,1,2,22
3,1,0,27,63,61,1,0,74,0,1,0,1,1,0,0,12,1,2,22
1,2,0,27,84,61,0,1,71,0,1,0,1,2,1,0,3,1,2,22
2,3,0,27,91,61,1,1,99,0,0,0,1,3,1,2,17,0,0,22
2,3,0,24,78,61,1,0,85,0,0,0,1,3,3,2,16,0,2,22
2,3,0,24,97,61,1,1,90,0,0,0,1,3,3,2,14,0,2,22
2,1,0,27,63,61,1,0,74,0,1,0,1,1,0,2,12,0,2,22
1,2,0,27,84,61,0,1,71,0,1,0,1,2,1,2,3,0,2,22
1,0,0,27,69,63,0,1,43,0,3,1,1,0,2,0,2,1,2,24
3,1,0,27,52,63,1,1,95,0,0,1,1,1,1,0,12,1,1,24
0,0,0,22,63,63,1,1,55,0,2,1,1,0,3,0,7,1,2,24
0,0,0,27,69,63,0,1,43,1,3,1,1,0,2,1,2,1,2,24
3,1,2,27,52,63,1,1,95,1,0,1,1,1,1,1,12,1,1,24
0,0,0,22,63,63,1,1,55,1,2,1,1,0,3,1,7,1,2,24
1,0,0,27,69,63,0,1,43,0,3,1,1,0,2,1,2,1,2,24
3,1,2,27,52,63,1,1,95,0,0,1,1,1,1,1,12,1,1,24
0,0,0,22,63,63,1,1,55,0,2,1,1,0,3,1,7,1,2,24
0,0,0,27,69,63,0,1,43,1,3,1,1,0,2,1,2,1,2,24
3,1,2,27,52,63,1,1,95,1,0,1,1,1,1,1,12,1,1,24
0,0,0,22,63,63,1,1,55,1,2,1,1,0,3,1,7,1,2,24
3,2,2,25,86,71,1,1,41,1,3,0,1,2,1,2,19,1,1,23
3,1,2,26,63,71,1,1,70,1,1,0,1,1,1,2,17,1,1,23
2,2,2,25,86,71,1,1,41,0,3,0,1,2,1,1,19,2,1,23
3,1,2,26,63,71,1,1,70,0,1,0,1,1,1,1,17,2,1,23
3,2,0,25,86,71,1,1,41,1,3,0,1,2,1,0,19,1,1,23
3,1,0,26,63,71,1,1,70,1,1,0,1,1,1,0,17,1,1,23
3,2,0,25,86,71,1,1,41,0,3,0,1,2,1,0,19,1,1,23
3,1,0,26,63,71,1,1,70,0,1,0,1,1,1,0,17,1,1,23
3,2,2,25,86,71,1,1,41,1,3,0,1,2,1,1,19,1,1,23
3,1,2,26,63,71,1,1,70,1,1,0,1,1,1,1,17,1,1,23
3,1,2,24,59,68,1,1,93,1,0,1,1,1,1,1,12,2,1,26
3,2,0,26,81,68,1,0,65,1,2,1,1,2,0,1,10,2,2,26
3,3,0,20,84,68,1,0,77,1,1,1,1,3,3,1,17,2,2,26
1,1,2,24,59,68,1,1,93,0,0,1,1,1,1,2,12,2,1,26
1,2,0,26,81,68,1,0,65,0,2,1,1,2,0,2,10,2,2,26
3,3,0,20,84,68,1,0,77,0,1,1,1,3,3,2,17,2,2,26
3,1,2,24,59,68,1,1,93,0,0,1,1,1,1,1,12,1,1,26
3,2,0,26,81,68,1,0,65,0,2,1,1,2,0,1,10,1,2,26
3,3,0,20,84,68,1,0,77,0,1,1,1,3,3,1,17,1,2,26
3,1,2,24,59,68,1,1,93,1,0,1,1,1,1,1,12,0,1,26
3,2,0,26,81,68,1,0,65,1,2,1,1,2,0,1,10,0,2,26
3,3,0,20,84,68,1,0,77,1,1,1,1,3,3,1,17,0,2,26
3,2,0,19,88,69,1,1,43,1,3,1,1,2,3,1,14,1,2,25
0,0,2,26,62,69,0,0,61,1,2,1,1,0,3,1,8,1,1,25
0,1,2,19,63,69,0,1,71,1,1,1,1,1,3,1,1,1,0,25
3,2,0,19,88,69,1,1,43,1,3,1,1,2,3,2,14,0,2,25
1,0,2,26,62,69,0,0,61,1,2,1,1,0,3,2,8,0,1,25
0,1,0,19,63,69,0,1,71,1,1,1,1,1,3,2,1,0,0,25
3,2,0,19,88,69,1,1,43,1,3,1,1,2,3,1,14,0,2,25
1,0,2,26,62,69,0,0,61,1,2,1,1,0,3,1,8,0,1,25
0,1,2,19,63,69,0,1,71,1,1,1,1,1,3,1,1,0,0,25
3,2,0,19,88,69,1,1,43,1,3,1,1,2,3,1,14,1,2,25
0,0,2,26,62,69,0,0,61,1,2,1,1,0,3,1,8,1,1,25
0,1,2,19,63,69,0,1,71,1,1,1,1,1,3,1,1,1,0,25
3,2,0,19,88,69,1,1,43,0,3,1,0,2,3,1,14,1,2,25
1,0,2,26,62,69,0,0,61,0,2,1,0,0,3,1,8,1,1,25
1,1,2,19,63,69,0,1,71,0,1,1,0,1,3,1,1,1,0,25
3,3,1,20,82,92,1,0,81,0,1,0,1,3,1,1,18,1,2,23
3,2,1,22,92,92,1,1,58,0,2,0,1,2,2,1,16,1,1,23
3,1,1,25,70,92,1,1,82,0,1,0,1,1,1,1,14,1,0,23
3,3,1,20,82,92,1,0,81,0,1,0,1,3,1,2,18,2,2,23
3,2,1,22,92,92,1,1,58,0,2,0,1,2,2,2,16,2,1,23
3,1,1,25,70,92,1,1,82,0,1,0,1,1,1,2,14,2,0,23
3,3,1,20,82,92,1,0,81,0,1,0,1,3,1,1,18,2,2,23
3,2,1,22,92,92,1,1,58,0,2,0,1,2,2,1,16,2,1,23
3,1,1,25,70,92,1,1,82,0,1,0,1,1,1,1,14,2,0,23
3,3,1,20,82,92,1,0,81,1,1,0,1,3,1,2,18,1,2,23
3,2,1,22,92,92,1,1,58,1,2,0,1,2,2,2,16,1,1,23
3,1,1,25,70,92,1,1,82,1,1,0,1,1,1,2,14,1,0,23
3,3,1,20,82,92,1,0,81,0,1,0,1,3,1,1,18,2,2,23
3,2,1,22,92,92,1,1,58,0,2,0,1,2,2,1,16,2,1,23
3,1,1,25,70,92,1,1,82,0,1,0,1,1,1,1,14,2,0,23
3,2,2,25,91,60,1,1,52,0,3,1,1,2,0,1,19,1,1,10
3,2,0,25,91,60,1,1,52,0,3,1,0,2,0,0,19,1,1,10
1,1,2,29,56,76,0,1,83,1,1,1,1,1,3,1,3,2,0,21
3,0,1,18,74,76,1,0,42,1,3,1,1,0,0,1,11,2,2,21
1,1,1,19,57,76,0,0,91,1,0,1,1,1,2,1,7,2,2,21
0,1,2,29,56,76,0,1,83,1,1,1,0,1,3,2,3,0,0,21
3,0,0,18,74,76,1,0,42,1,3,1,0,0,0,2,11,0,2,21
1,1,0,19,57,76,0,0,91,1,0,1,0,1,2,2,7,0,2,21
0,1,2,29,56,76,0,1,83,1,1,1,1,1,3,1,3,1,0,21
3,0,1,18,74,76,1,0,42,1,3,1,1,0,0,1,11,1,2,21
0,1,1,19,57,76,0,0,91,1,0,1,1,1,2,1,7,1,2,21
0,1,2,29,56,76,0,1,83,1,1,1,1,1,3,1,3,1,0,21
3,0,1,18,74,76,1,0,42,1,3,1,1,0,0,1,11,1,2,21
0,1,1,19,57,76,0,0,91,1,0,1,1,1,2,1,7,1,2,21
0,1,2,29,56,76,0,1,83,1,1,1,1,1,3,1,3,1,0,21
3,0,1,18,74,76,1,0,42,1,3,1,1,0,0,1,11,1,2,21
0,1,1,19,57,76,0,0,91,1,0,1,1,1,2,1,7,1,2,21
0,1,0,29,56,76,0,1,83,1,1,1,1,1,3,0,3,1,0,21
3,0,0,18,74,76,1,0,42,1,3,1,1,0,0,0,11,1,2,21
0,1,0,19,57,76,0,0,91,1,0,1,1,1,2,0,7,1,2,21
0,1,2,29,56,76,0,1,83,1,1,1,1,1,3,2,3,0,0,21
3,0,0,18,74,76,1,0,42,1,3,1,1,0,0,2,11,0,2,21
1,1,0,19,57,76,0,0,91,1,0,1,1,1,2,2,7,0,2,21
0,1,2,29,56,76,0,1,83,1,1,1,1,1,3,2,3,1,0,21
3,0,0,18,74,76,1,0,42,1,3,1,1,0,0,2,11,1,2,21
0,1,0,19,57,76,0,0,91,1,0,1,1,1,2,2,7,1,2,21
0,2,1,25,79,87,1,1,61,1,2,0,0,2,3,1,9,0,2,12
0,2,1,25,79,87,1,1,61,1,2,0,0,2,3,1,9,2,2,12
2,2,1,18,100,88,0,0,49,0,3,1,1,2,2,1,17,1,2,14
2,2,1,18,100,88,0,0,49,1,3,1,1,2,2,1,17,2,2,14
3,2,1,18,100,88,0,0,49,1,3,1,1,2,2,1,17,1,2,14
0,3,1,25,88,89,1,1,74,1,1,1,1,3,1,1,4,0,2,26
0,3,1,25,88,89,1,1,74,0,1,1,1,3,1,1,4,1,2,26
0,3,1,25,88,89,1,1,74,1,1,1,1,3,1,0,4,1,2,26
3,0,1,25,61,98,1,1,59,0,2,1,1,0,1,2,10,1,2,20
3,2,1,18,77,98,1,1,62,0,2,1,1,2,1,2,14,1,1,20
3,0,1,25,61,98,1,1,59,1,2,1,1,0,1,1,10,2,2,20
3,2,1,18,77,98,1,1,62,1,2,1,1,2,1,1,14,2,1,20
3,0,1,25,61,98,1,1,59,1,2,1,1,0,1,2,10,1,2,20
3,2,1,18,77,98,1,1,62,1,2,1,1,2,1,2,14,1,1,20
3,0,1,25,61,98,1,1,59,1,2,1,1,0,1,1,10,2,2,20
3,2,1,18,77,98,1,1,62,1,2,1,1,2,1,1,14,2,1,20
3,0,1,25,61,98,1,1,59,1,2,1,1,0,1,1,10,2,2,20
3,2,1,18,77,98,1,1,62,1,2,1,1,2,1,1,14,2,1,20
3,0,1,25,61,98,1,1,59,1,2,1,1,0,1,1,10,1,2,20
3,2,1,18,77,98,1,1,62,1,2,1,1,2,1,1,14,1,1,20
3,0,1,25,61,98,1,1,59,0,2,1,1,0,1,1,10,1,2,20
3,2,1,18,77,98,1,1,62,0,2,1,1,2,1,1,14,1,1,20
2,0,1,25,61,98,1,1,59,0,2,1,1,0,1,0,10,0,2,20
2,2,1,18,77,98,1,1,62,0,2,1,1,2,1,0,14,0,1,20
3,0,1,25,61,98,1,1,59,0,2,1,1,0,1,1,10,1,2,20
3,2,1,18,77,98,1,1,62,0,2,1,1,2,1,1,14,1,1,20
3,0,1,25,61,98,1,1,59,1,2,1,1,0,1,0,10,1,2,20
3,2,1,18,77,98,1,1,62,1,2,1,1,2,1,0,14,1,1,20
3,3,1,19,100,97,1,1,75,1,1,1,1,3,1,1,20,1,2,21
0,1,1,19,58,97,0,1,89,1,0,1,1,1,0,1,4,1,2,21
3,3,1,19,100,97,1,1,75,1,1,1,1,3,1,0,20,2,2,21
1,1,1,19,58,97,0,1,89,1,0,1,1,1,0,0,4,2,2,21
3,3,1,19,100,97,1,1,75,1,1,1,1,3,1,1,20,1,2,21
0,1,1,19,58,97,0,1,89,1,0,1,1,1,0,1,4,1,2,21
3,3,1,19,100,97,1,1,75,1,1,1,1,3,1,2,20,2,2,21
1,1,1,19,58,97,0,1,89,1,0,1,1,1,0,2,4,2,2,21
3,3,1,19,100,97,1,1,75,0,1,1,1,3,1,2,20,1,2,21
1,1,1,19,58,97,0,1,89,0,0,1,1,1,0,2,4,1,2,21
3,3,1,19,100,97,1,1,75,1,1,1,1,3,1,0,20,1,2,21
0,1,1,19,58,97,0,1,89,1,0,1,1,1,0,0,4,1,2,21
1,3,1,22,93,92,1,0,77,0,1,1,1,3,0,1,10,2,2,17
1,1,1,24,58,92,1,1,88,0,0,1,1,1,1,1,11,2,2,17
3,3,1,22,93,92,1,0,77,1,1,1,1,3,0,2,10,0,2,17
3,1,1,24,58,92,1,1,88,1,0,1,1,1,1,2,11,0,2,17
3,3,1,22,93,92,1,0,77,1,1,1,1,3,0,1,10,2,2,17
3,1,1,24,58,92,1,1,88,1,0,1,1,1,1,1,11,2,2,17
3,3,1,22,93,92,1,0,77,1,1,1,1,3,0,1,10,1,2,17
3,1,1,24,58,92,1,1,88,1,0,1,1,1,1,1,11,1,2,17
3,3,1,22,93,92,1,0,77,1,1,1,1,3,0,2,10,1,2,17
3,1,1,24,58,92,1,1,88,1,0,1,1,1,1,2,11,1,2,17
3,3,1,22,93,92,1,0,77,0,1,1,1,3,0,0,10,1,2,17
3,1,1,24,58,92,1,1,88,0,0,1,1,1,1,0,11,1,2,17
3,0,1,29,70,87,1,1,48,1,3,1,1,0,1,1,12,0,2,28
3,0,1,29,70,87,1,1,48,1,3,1,1,0,1,1,12,1,2,28
1,3,1,28,84,98,1,1,84,0,1,0,0,3,2,0,10,2,1,19
2,3,1,22,91,98,1,1,76,0,1,0,0,3,1,0,20,2,2,19
2,0,1,29,51,98,0,1,51,0,3,0,0,0,3,0,16,2,2,19
3,3,1,28,84,98,1,1,84,1,1,0,1,3,2,2,10,0,1,19
3,3,1,22,91,98,1,1,76,1,1,0,1,3,1,2,20,0,2,19
2,0,1,29,51,98,0,1,51,1,3,0,1,0,3,2,16,0,2,19
3,3,1,28,84,98,1,1,84,1,1,0,1,3,2,1,10,2,1,19
3,3,1,22,91,98,1,1,76,1,1,0,1,3,1,1,20,2,2,19
2,0,1,29,51,98,0,1,51,1,3,0,1,0,3,1,16,2,2,19
3,3,1,28,84,98,1,1,84,1,1,0,1,3,2,2,10,2,1,19
3,3,1,22,91,98,1,1,76,1,1,0,1,3,1,2,20,2,2,19
2,0,1,29,51,98,0,1,51,1,3,0,1,0,3,2,16,2,2,19
2,3,1,27,82,97,0,1,87,0,0,1,0,3,2,0,20,1,2,26
3,0,1,27,72,97,1,1,49,0,3,1,0,0,2,0,14,1,0,26
1,2,1,19,98,97,0,0,52,0,3,1,0,2,3,0,0,1,2,26
2,3,1,20,99,97,0,1,86,0,0,1,0,3,1,0,16,1,2,26
3,3,1,27,82,97,0,1,87,1,0,1,1,3,2,0,20,1,2,26
3,0,1,27,72,97,1,1,49,1,3,1,1,0,2,0,14,1,0,26
0,2,1,19,98,97,0,0,52,1,3,1,1,2,3,0,0,1,2,26
3,3,1,20,99,97,0,1,86,1,0,1,1,3,1,0,16,1,2,26
3,0,2,20,54,63,1,1,45,1,3,0,1,0,3,2,19,1,1,11
3,1,0,22,67,63,0,1,100,1,0,0,1,1,3,2,20,1,2,11
3,1,0,22,57,63,1,1,78,1,1,0,1,1,0,2,15,1,2,11
3,0,0,25,65,63,0,1,55,1,2,0,1,0,0,2,20,1,0,11
3,0,2,20,54,63,1,1,45,1,3,0,0,0,3,2,19,2,1,11
2,1,0,22,67,63,0,1,100,1,0,0,0,1,3,2,20,2,2,11
3,1,0,22,57,63,1,1,78,1,1,0,0,1,0,2,15,2,2,11
2,0,0,25,65,63,0,1,55,1,2,0,0,0,0,2,20,2,0,11
3,0,2,20,54,63,1,1,45,1,3,0,1,0,3,2,19,1,1,11
3,1,0,22,67,63,0,1,100,1,0,0,1,1,3,2,20,1,2,11
3,1,0,22,57,63,1,1,78,1,1,0,1,1,0,2,15,1,2,11
3,0,0,25,65,63,0,1,55,1,2,0,1,0,0,2,20,1,0,11
2,0,1,19,72,92,1,1,46,0,3,0,1,0,3,0,10,0,1,20
3,0,1,19,72,92,1,1,46,1,3,0,1,0,3,1,10,2,1,20
3,0,1,19,72,92,1,1,46,1,3,0,1,0,3,0,10,1,1,20
1,0,1,19,72,92,1,1,46,0,3,0,1,0,3,1,10,2,1,20
3,0,1,19,72,92,1,1,46,1,3,0,1,0,3,0,10,1,1,20
0,0,1,22,59,96,1,1,54,1,3,0,1,0,2,1,8,1,2,17
1,0,1,22,59,96,1,1,54,0,3,0,1,0,2,0,8,0,2,17
1,0,1,22,59,96,1,1,54,0,3,0,1,0,2,0,8,2,2,17
0,0,1,22,59,96,1,1,54,1,3,0,1,0,2,1,8,1,2,17
0,0,1,22,59,96,1,1,54,0,3,0,1,0,2,1,8,1,2,17
0,0,1,22,59,96,1,1,54,1,3,0,1,0,2,0,8,1,2,17
0,0,1,22,59,96,1,1,54,0,3,0,1,0,2,1,8,1,2,17
0,0,1,22,59,96,1,1,54,0,3,0,1,0,2,0,8,1,2,17
0,0,1,21,62,98,1,0,53,1,3,1,1,0,2,1,6,1,2,28
3,1,1,29,61,98,0,0,96,1,0,1,1,1,0,1,13,1,2,28
0,3,1,19,79,98,1,1,79,1,1,1,1,3,1,1,0,1,1,28
3,3,1,25,84,98,1,1,78,1,1,1,1,3,1,1,14,1,2,28
0,1,1,21,55,98,1,1,94,1,0,1,1,1,2,1,8,1,0,28
0,1,1,21,64,98,0,1,71,1,1,1,1,1,1,1,3,1,2,28
0,0,1,21,62,98,1,0,53,1,3,1,1,0,2,1,6,2,2,28
3,1,1,29,61,98,0,0,96,1,0,1,1,1,0,1,13,2,2,28
0,3,1,19,79,98,1,1,79,1,1,1,1,3,1,1,0,2,1,28
3,3,1,25,84,98,1,1,78,1,1,1,1,3,1,1,14,2,2,28
0,1,1,21,55,98,1,1,94,1,0,1,1,1,2,1,8,2,0,28
1,1,1,21,64,98,0,1,71,1,1,1,1,1,1,1,3,2,2,28
0,0,0,28,63,63,1,0,60,1,2,1,1,0,2,1,6,2,2,34
1,1,1,28,68,76,1,1,88,0,0,1,1,1,2,1,11,2,2,18
1,2,1,23,88,76,1,1,65,0,2,1,1,2,3,1,6,2,2,18
1,0,2,20,65,76,1,1,40,0,3,1,1,0,0,1,1,2,1,18
1,1,1,28,68,76,1,1,88,0,0,1,1,1,2,1,11,2,2,18
1,2,1,23,88,76,1,1,65,0,2,1,1,2,3,1,6,2,2,18
1,0,2,20,65,76,1,1,40,0,3,1,1,0,0,1,1,2,1,18
3,1,0,28,68,76,1,1,88,1,0,1,1,1,2,2,11,2,2,18
0,2,0,23,88,76,1,1,65,1,2,1,1,2,3,2,6,2,2,18
0,0,2,20,65,76,1,1,40,1,3,1,1,0,0,2,1,2,1,18
3,0,0,28,62,61,1,0,69,0,2,0,1,0,2,2,10,1,2,17
3,0,0,28,62,61,1,0,69,1,2,0,1,0,2,0,10,2,2,17
3,0,0,28,62,61,1,0,69,0,2,0,1,0,2,0,10,1,2,17
3,0,0,28,62,61,1,0,69,1,2,0,0,0,2,1,10,2,2,17
0,0,2,18,71,73,1,0,42,0,3,0,1,0,1,1,2,1,1,29
0,0,2,18,71,73,1,0,42,1,3,0,1,0,1,1,2,0,1,29
0,2,1,27,100,96,0,1,68,1,2,1,1,2,0,1,6,1,1,17
3,1,1,23,55,96,1,1,95,1,0,1,1,1,3,1,13,1,0,17
3,1,1,25,69,96,0,0,70,1,1,1,1,1,0,1,15,1,1,17
3,2,1,22,82,96,0,1,44,1,3,1,1,2,2,1,17,1,1,17
1,2,1,27,100,96,0,1,68,1,2,1,1,2,0,1,6,2,1,17
3,1,1,23,55,96,1,1,95,1,0,1,1,1,3,1,13,2,0,17
2,1,1,25,69,96,0,0,70,1,1,1,1,1,0,1,15,2,1,17
2,2,1,22,82,96,0,1,44,1,3,1,1,2,2,1,17,2,1,17
0,2,1,27,100,96,0,1,68,1,2,1,1,2,0,0,6,1,1,17
3,1,1,23,55,96,1,1,95,1,0,1,1,1,3,0,13,1,0,17
3,1,1,25,69,96,0,0,70,1,1,1,1,1,0,0,15,1,1,17
3,2,1,22,82,96,0,1,44,1,3,1,1,2,2,0,17,1,1,17
1,2,1,27,100,96,0,1,68,1,2,1,0,2,0,0,6,0,1,17
3,1,1,23,55,96,1,1,95,1,0,1,0,1,3,0,13,0,0,17
2,1,1,25,69,96,0,0,70,1,1,1,0,1,0,0,15,0,1,17
2,2,1,22,82,96,0,1,44,1,3,1,0,2,2,0,17,0,1,17
1,2,1,27,100,96,0,1,68,0,2,1,1,2,0,0,6,1,1,17
3,1,1,23,55,96,1,1,95,0,0,1,1,1,3,0,13,1,0,17
2,1,1,25,69,96,0,0,70,0,1,1,1,1,0,0,15,1,1,17
2,2,1,22,82,96,0,1,44,0,3,1,1,2,2,0,17,1,1,17
1,2,1,27,100,96,0,1,68,1,2,1,1,2,0,1,6,2,1,17
3,1,1,23,55,96,1,1,95,1,0,1,1,1,3,1,13,2,0,17
2,1,1,25,69,96,0,0,70,1,1,1,1,1,0,1,15,2,1,17
2,2,1,22,82,96,0,1,44,1,3,1,1,2,2,1,17,2,1,17
0,3,2,18,84,84,1,0,80,0,1,1,1,3,3,1,2,1,1,14
0,3,2,18,84,84,1,0,80,1,1,1,1,3,3,1,2,1,1,14
1,3,2,18,84,84,1,0,80,0,1,1,1,3,3,0,2,2,1,14
0,3,2,18,84,84,1,0,80,1,1,1,0,3,3,1,2,1,1,14
0,3,2,18,84,84,1,0,80,0,1,1,1,3,3,0,2,1,1,14
0,0,1,22,67,96,1,1,66,0,2,1,1,0,0,1,2,1,0,20
3,0,1,29,64,96,1,0,48,0,3,1,1,0,2,1,20,1,0,20
0,0,1,22,67,96,1,1,66,0,2,1,1,0,0,1,2,1,0,20
3,0,1,29,64,96,1,0,48,0,3,1,1,0,2,1,20,1,0,20
1,0,1,22,67,96,1,1,66,0,2,1,1,0,0,0,2,2,0,20
2,0,1,29,64,96,1,0,48,0,3,1,1,0,2,0,20,2,0,20
0,0,1,22,67,96,1,1,66,0,2,1,1,0,0,1,2,1,0,20
3,0,1,29,64,96,1,0,48,0,3,1,1,0,2,1,20,1,0,20
1,0,1,22,67,96,1,1,66,0,2,1,1,0,0,1,2,2,0,20
2,0,1,29,64,96,1,0,48,0,3,1,1,0,2,1,20,2,0,20
1,0,0,26,71,76,0,0,44,0,3,1,1,0,2,0,10,1,2,29
1,0,0,26,71,76,0,0,44,1,3,1,0,0,2,0,10,2,2,29
2,0,1,26,71,76,0,0,44,1,3,1,1,0,2,1,10,0,2,29
1,0,1,26,71,76,0,0,44,1,3,1,1,0,2,1,10,2,2,29
3,3,0,23,77,79,1,1,74,1,1,1,1,3,3,0,13,0,2,20
0,3,2,25,90,79,1,1,81,1,1,1,1,3,3,0,5,0,1,20
3,3,0,23,77,79,1,1,74,1,1,1,0,3,3,2,13,0,2,20
0,3,2,25,90,79,1,1,81,1,1,1,0,3,3,2,5,0,1,20
3,3,0,23,77,79,1,1,74,1,1,1,0,3,3,0,13,1,2,20
0,3,2,25,90,79,1,1,81,1,1,1,0,3,3,0,5,1,1,20
3,3,0,23,77,79,1,1,74,1,1,1,1,3,3,0,13,2,2,20
0,3,2,25,90,79,1,1,81,1,1,1,1,3,3,0,5,2,1,20
3,3,1,23,77,79,1,1,74,1,1,1,1,3,3,1,13,1,2,20
0,3,2,25,90,79,1,1,81,1,1,1,1,3,3,1,5,1,1,20
3,3,1,23,77,79,1,1,74,1,1,1,1,3,3,1,13,1,2,20
0,3,2,25,90,79,1,1,81,1,1,1,1,3,3,1,5,1,1,20
3,3,0,23,77,79,1,1,74,1,1,1,1,3,3,0,13,2,2,20
0,3,2,25,90,79,1,1,81,1,1,1,1,3,3,0,5,2,1,20
3,3,1,23,77,79,1,1,74,0,1,1,1,3,3,1,13,1,2,20
0,3,2,25,90,79,1,1,81,0,1,1,1,3,3,1,5,1,1,20
2,3,0,23,88,65,0,1,95,0,0,0,1,3,0,0,17,1,2,24
3,3,0,23,88,65,0,1,95,1,0,0,1,3,0,1,17,2,2,24
1,3,1,28,88,97,1,0,99,0,0,0,1,3,3,1,12,2,0,13
2,3,1,25,100,97,1,1,73,0,1,0,1,3,3,1,13,2,0,13
2,1,1,19,56,97,0,1,87,0,0,0,1,1,2,1,13,2,2,13
3,3,1,28,88,97,1,0,99,0,0,0,1,3,3,2,12,1,0,13
3,3,1,25,100,97,1,1,73,0,1,0,1,3,3,2,13,1,0,13
2,1,1,19,56,97,0,1,87,0,0,0,1,1,2,2,13,1,2,13
3,3,1,28,88,97,1,0,99,1,0,0,1,3,3,1,12,1,0,13
3,3,1,25,100,97,1,1,73,1,1,0,1,3,3,1,13,1,0,13
3,1,1,19,56,97,0,1,87,1,0,0,1,1,2,1,13,1,2,13
3,3,1,28,88,97,1,0,99,1,0,0,1,3,3,0,12,2,0,13
3,3,1,25,100,97,1,1,73,1,1,0,1,3,3,0,13,2,0,13
2,1,1,19,56,97,0,1,87,1,0,0,1,1,2,0,13,2,2,13
3,3,1,23,79,89,0,1,90,1,0,0,1,3,0,0,14,1,2,21
0,0,1,18,51,89,1,1,54,1,3,0,1,0,1,0,4,1,0,21
0,3,1,25,100,89,0,1,90,1,0,0,1,3,3,0,6,1,2,21
2,3,1,23,79,89,0,1,90,0,0,0,1,3,0,1,14,1,2,21
0,0,1,18,51,89,1,1,54,0,3,0,1,0,1,1,4,1,0,21
1,3,1,25,100,89,0,1,90,0,0,0,1,3,3,1,6,1,2,21
2,3,1,23,79,89,0,1,90,1,0,0,1,3,0,1,14,0,2,21
0,0,1,18,51,89,1,1,54,1,3,0,1,0,1,1,4,0,0,21
1,3,1,25,100,89,0,1,90,1,0,0,1,3,3,1,6,0,2,21
3,3,1,23,79,89,0,1,90,1,0,0,1,3,0,0,14,1,2,21
0,0,1,18,51,89,1,1,54,1,3,0,1,0,1,0,4,1,0,21
0,3,1,25,100,89,0,1,90,1,0,0,1,3,3,0,6,1,2,21
2,3,1,23,79,89,0,1,90,0,0,0,1,3,0,1,14,1,2,21
0,0,1,18,51,89,1,1,54,0,3,0,1,0,1,1,4,1,0,21
1,3,1,25,100,89,0,1,90,0,0,0,1,3,3,1,6,1,2,21
2,3,1,23,79,89,0,1,90,0,0,0,0,3,0,1,14,1,2,21
0,0,1,18,51,89,1,1,54,0,3,0,0,0,1,1,4,1,0,21
1,3,1,25,100,89,0,1,90,0,0,0,0,3,3,1,6,1,2,21
3,3,1,23,79,89,0,1,90,1,0,0,1,3,0,2,14,1,2,21
0,0,1,18,51,89,1,1,54,1,3,0,1,0,1,2,4,1,0,21
0,3,1,25,100,89,0,1,90,1,0,0,1,3,3,2,6,1,2,21
2,3,2,28,83,61,0,1,94,1,0,1,1,3,2,2,19,0,1,22
0,1,0,18,53,61,1,1,79,1,1,1,1,1,3,2,7,0,2,22
3,3,0,20,78,61,1,1,91,1,0,1,1,3,1,2,11,0,2,22
3,0,2,28,66,61,1,1,41,1,3,1,1,0,2,2,10,0,1,22
3,3,2,28,83,61,0,1,94,1,0,1,1,3,2,2,19,1,1,22
0,1,0,18,53,61,1,1,79,1,1,1,1,1,3,2,7,1,2,22
3,3,0,20,78,61,1,1,91,1,0,1,1,3,1,2,11,1,2,22
3,0,2,28,66,61,1,1,41,1,3,1,1,0,2,2,10,1,1,22
2,3,0,28,83,61,0,1,94,0,0,1,1,3,2,0,19,1,1,22
0,1,0,18,53,61,1,1,79,0,1,1,1,1,3,0,7,1,2,22
3,3,0,20,78,61,1,1,91,0,0,1,1,3,1,0,11,1,2,22
3,0,0,28,66,61,1,1,41,0,3,1,1,0,2,0,10,1,1,22
2,3,0,28,83,61,0,1,94,0,0,1,1,3,2,0,19,1,1,22
0,1,0,18,53,61,1,1,79,0,1,1,1,1,3,0,7,1,2,22
3,3,0,20,78,61,1,1,91,0,0,1,1,3,1,0,11,1,2,22
3,0,0,28,66,61,1,1,41,0,3,1,1,0,2,0,10,1,1,22
2,3,0,28,83,61,0,1,94,0,0,1,1,3,2,0,19,1,1,22
0,1,0,18,53,61,1,1,79,0,1,1,1,1,3,0,7,1,2,22
3,3,0,20,78,61,1,1,91,0,0,1,1,3,1,0,11,1,2,22
3,0,0,28,66,61,1,1,41,0,3,1,1,0,2,0,10,1,1,22
3,3,2,28,83,61,0,1,94,1,0,1,1,3,2,2,19,1,1,22
0,1,0,18,53,61,1,1,79,1,1,1,1,1,3,2,7,1,2,22
3,3,0,20,78,61,1,1,91,1,0,1,1,3,1,2,11,1,2,22
3,0,2,28,66,61,1,1,41,1,3,1,1,0,2,2,10,1,1,22
2,3,2,28,83,61,0,1,94,1,0,1,1,3,2,1,19,0,1,22
0,1,0,18,53,61,1,1,79,1,1,1,1,1,3,1,7,0,2,22
3,3,0,20,78,61,1,1,91,1,0,1,1,3,1,1,11,0,2,22
3,0,2,28,66,61,1,1,41,1,3,1,1,0,2,1,10,0,1,22
2,3,2,28,83,61,0,1,94,0,0,1,1,3,2,2,19,2,1,22
1,1,0,18,53,61,1,1,79,0,1,1,1,1,3,2,7,2,2,22
1,3,0,20,78,61,1,1,91,0,0,1,1,3,1,2,11,2,2,22
1,0,2,28,66,61,1,1,41,0,3,1,1,0,2,2,10,2,1,22
3,0,0,20,56,64,0,0,43,1,3,1,1,0,1,1,20,1,2,35
0,1,0,19,59,64,0,1,95,1,0,1,1,1,3,1,1,1,2,35
2,0,0,20,56,64,0,0,43,0,3,1,1,0,1,2,20,0,2,35
1,1,0,19,59,64,0,1,95,0,0,1,1,1,3,2,1,0,2,35
3,2,1,24,99,88,1,1,69,0,2,1,1,2,0,1,13,1,2,16
3,2,1,24,99,88,1,1,69,1,2,1,1,2,0,2,13,2,2,16
3,2,1,19,79,88,1,1,56,0,2,1,1,2,2,1,11,1,2,27
1,0,2,19,70,88,0,0,44,0,3,1,1,0,3,1,2,1,1,27
3,2,1,19,79,88,1,1,56,1,2,1,0,2,2,0,11,1,2,27
0,0,2,19,70,88,0,0,44,1,3,1,0,0,3,0,2,1,1,27
3,2,1,19,79,88,1,1,56,1,2,1,1,2,2,1,11,2,2,27
1,0,2,19,70,88,0,0,44,1,3,1,1,0,3,1,2,2,1,27
1,2,2,26,100,80,0,1,44,1,3,0,1,2,1,1,6,2,0,29
0,2,2,26,100,80,0,1,44,1,3,0,1,2,1,1,6,1,0,29
1,2,2,26,100,80,0,1,44,1,3,0,1,2,1,1,6,0,0,29
0,1,2,23,67,78,0,1,84,1,1,1,1,1,0,0,4,1,1,23
1,1,2,23,67,78,0,1,84,0,1,1,1,1,0,1,4,2,1,23
0,1,2,23,67,78,0,1,84,1,1,1,1,1,0,1,4,0,1,23
1,1,2,23,67,78,0,1,84,0,1,1,1,1,0,2,4,1,1,23
1,1,2,23,67,78,0,1,84,0,1,1,1,1,0,1,4,1,1,23
0,1,2,23,67,78,0,1,84,1,1,1,1,1,0,1,4,1,1,23
1,1,2,23,67,78,0,1,84,1,1,1,1,1,0,1,4,2,1,23
1,1,2,23,67,78,0,1,84,0,1,1,1,1,0,1,4,2,1,23
3,1,0,19,52,68,1,1,74,1,1,1,1,1,1,2,18,1,2,17
0,0,0,27,69,68,1,1,45,1,3,1,1,0,0,2,1,1,2,17
2,1,0,19,52,68,1,1,74,0,1,1,1,1,1,1,18,2,2,17
1,0,0,27,69,68,1,1,45,0,3,1,1,0,0,1,1,2,2,17
3,1,0,19,52,68,1,1,74,1,1,1,1,1,1,1,18,2,2,17
0,0,0,27,69,68,1,1,45,1,3,1,1,0,0,1,1,2,2,17
3,1,0,19,52,68,1,1,74,1,1,1,1,1,1,1,18,2,2,17
0,0,0,27,69,68,1,1,45,1,3,1,1,0,0,1,1,2,2,17
3,1,0,19,52,68,1,1,74,1,1,1,1,1,1,1,18,0,2,17
0,0,0,27,69,68,1,1,45,1,3,1,1,0,0,1,1,0,2,17
3,1,0,19,52,68,1,1,74,0,1,1,1,1,1,1,18,1,2,17
0,0,0,27,69,68,1,1,45,0,3,1,1,0,0,1,1,1,2,17
3,1,0,19,52,68,1,1,74,1,1,1,1,1,1,2,18,1,2,17
0,0,0,27,69,68,1,1,45,1,3,1,1,0,0,2,1,1,2,17
3,1,0,19,52,68,1,1,74,0,1,1,1,1,1,1,18,1,2,17
0,0,0,27,69,68,1,1,45,0,3,1,1,0,0,1,1,1,2,17
3,1,0,19,52,68,1,1,74,1,1,1,0,1,1,1,18,1,2,17
0,0,0,27,69,68,1,1,45,1,3,1,0,0,0,1,1,1,2,17
3,1,0,19,52,68,1,1,74,1,1,1,1,1,1,2,18,1,2,17
0,0,0,27,69,68,1,1,45,1,3,1,1,0,0,2,1,1,2,17
3,1,0,19,52,68,1,1,74,1,1,1,1,1,1,2,18,2,2,17
0,0,0,27,69,68,1,1,45,1,3,1,1,0,0,2,1,2,2,17
3,3,0,29,78,85,1,1,90,1,0,1,1,3,3,0,13,0,2,11
0,0,0,29,60,85,1,1,44,1,3,1,1,0,1,0,5,0,2,11
3,3,0,29,78,85,1,1,90,0,0,1,1,3,3,0,13,1,2,11
0,0,0,29,60,85,1,1,44,0,3,1,1,0,1,0,5,1,2,11
3,3,1,29,78,85,1,1,90,1,0,1,1,3,3,2,13,0,2,11
0,0,1,29,60,85,1,1,44,1,3,1,1,0,1,2,5,0,2,11
3,3,1,29,78,85,1,1,90,1,0,1,0,3,3,1,13,1,2,11
0,0,1,29,60,85,1,1,44,1,3,1,0,0,1,1,5,1,2,11
2,2,0,18,99,70,0,0,68,0,2,1,1,2,0,0,19,2,2,29
2,2,0,18,99,70,0,0,68,1,2,1,1,2,0,0,19,0,2,29
2,2,0,18,99,70,0,0,68,0,2,1,1,2,0,2,19,0,2,29
3,2,0,18,99,70,0,0,68,1,2,1,1,2,0,0,19,1,2,29
3,2,1,25,84,91,1,1,63,0,2,0,1,2,2,2,17,1,2,16
2,0,1,21,60,91,0,0,59,0,2,0,1,0,0,2,20,1,0,16
3,2,1,25,92,91,1,1,56,0,2,0,1,2,3,2,15,1,0,16
3,2,1,27,100,91,1,1,57,0,2,0,1,2,0,2,11,1,1,16
3,0,1,27,57,91,1,1,55,0,2,0,1,0,0,2,14,1,2,16
3,2,1,25,84,91,1,1,63,1,2,0,1,2,2,1,17,1,2,16
3,0,1,21,60,91,0,0,59,1,2,0,1,0,0,1,20,1,0,16
3,2,1,25,92,91,1,1,56,1,2,0,1,2,3,1,15,1,0,16
3,2,1,27,100,91,1,1,57,1,2,0,1,2,0,1,11,1,1,16
3,0,1,27,57,91,1,1,55,1,2,0,1,0,0,1,14,1,2,16
2,2,1,25,84,91,1,1,63,0,2,0,1,2,2,0,17,0,2,16
2,0,1,21,60,91,0,0,59,0,2,0,1,0,0,0,20,0,0,16
2,2,1,25,92,91,1,1,56,0,2,0,1,2,3,0,15,0,0,16
2,2,1,27,100,91,1,1,57,0,2,0,1,2,0,0,11,0,1,16
2,0,1,27,57,91,1,1,55,0,2,0,1,0,0,0,14,0,2,16
3,2,1,25,84,91,1,1,63,1,2,0,1,2,2,2,17,1,2,16
3,0,1,21,60,91,0,0,59,1,2,0,1,0,0,2,20,1,0,16
3,2,1,25,92,91,1,1,56,1,2,0,1,2,3,2,15,1,0,16
3,2,1,27,100,91,1,1,57,1,2,0,1,2,0,2,11,1,1,16
3,0,1,27,57,91,1,1,55,1,2,0,1,0,0,2,14,1,2,16
3,1,0,29,67,73,1,1,76,1,1,1,1,1,1,0,14,1,2,18
3,0,0,29,53,73,1,0,64,1,2,1,1,0,2,0,12,1,2,18
0,2,0,25,80,73,1,0,62,1,2,1,1,2,1,0,5,1,2,18
0,0,0,18,52,73,0,1,65,1,2,1,1,0,0,0,3,1,2,18
2,1,2,29,67,73,1,1,76,0,1,1,0,1,1,1,14,2,2,18
1,0,2,29,53,73,1,0,64,0,2,1,0,0,2,1,12,2,2,18
1,2,2,25,80,73,1,0,62,0,2,1,0,2,1,1,5,2,2,18
1,0,2,18,52,73,0,1,65,0,2,1,0,0,0,1,3,2,2,18
3,1,0,29,67,73,1,1,76,1,1,1,1,1,1,0,14,2,2,18
3,0,0,29,53,73,1,0,64,1,2,1,1,0,2,0,12,2,2,18
0,2,0,25,80,73,1,0,62,1,2,1,1,2,1,0,5,2,2,18
1,0,0,18,52,73,0,1,65,1,2,1,1,0,0,0,3,2,2,18
3,1,0,29,67,73,1,1,76,1,1,1,0,1,1,0,14,1,2,18
3,0,0,29,53,73,1,0,64,1,2,1,0,0,2,0,12,1,2,18
0,2,0,25,80,73,1,0,62,1,2,1,0,2,1,0,5,1,2,18
0,0,0,18,52,73,0,1,65,1,2,1,0,0,0,0,3,1,2,18
3,1,0,27,66,70,0,1,83,1,1,1,1,1,3,1,17,2,2,22
0,2,2,18,86,70,1,1,47,1,3,1,1,2,1,1,2,2,0,22
3,1,0,27,66,70,0,1,83,1,1,1,1,1,3,2,17,2,2,22
0,2,0,18,86,70,1,1,47,1,3,1,1,2,1,2,2,2,0,22
3,1,0,27,66,70,0,1,83,1,1,1,1,1,3,0,17,2,2,22
0,2,0,18,86,70,1,1,47,1,3,1,1,2,1,0,2,2,0,22
3,1,0,27,66,70,0,1,83,1,1,1,1,1,3,2,17,1,2,22
0,2,0,18,86,70,1,1,47,1,3,1,1,2,1,2,2,1,0,22
2,1,0,27,66,70,0,1,83,0,1,1,1,1,3,1,17,0,2,22
0,2,2,18,86,70,1,1,47,0,3,1,1,2,1,1,2,0,0,22
2,1,0,27,66,70,0,1,83,0,1,1,1,1,3,0,17,0,2,22
0,2,0,18,86,70,1,1,47,0,3,1,1,2,1,0,2,0,0,22
2,1,0,27,66,70,0,1,83,0,1,1,1,1,3,1,17,0,2,22
0,2,2,18,86,70,1,1,47,0,3,1,1,2,1,1,2,0,0,22
2,1,0,27,66,70,0,1,83,0,1,1,1,1,3,0,17,2,2,22
1,2,0,18,86,70,1,1,47,0,3,1,1,2,1,0,2,2,0,22
2,1,0,27,66,70,0,1,83,1,1,1,1,1,3,0,17,0,2,22
0,2,0,18,86,70,1,1,47,1,3,1,1,2,1,0,2,0,0,22
2,1,0,27,66,70,0,1,83,0,1,1,1,1,3,1,17,1,2,22
0,2,2,18,86,70,1,1,47,0,3,1,1,2,1,1,2,1,0,22
3,2,0,23,79,67,1,0,53,0,3,1,1,2,2,0,16,1,2,22
2,0,0,18,62,67,0,1,56,0,2,1,1,0,3,0,19,1,2,22
3,2,0,23,79,67,1,0,53,1,3,1,1,2,2,1,16,2,2,22
2,0,0,18,62,67,0,1,56,1,2,1,1,0,3,1,19,2,2,22
3,2,0,23,79,67,1,0,53,1,3,1,1,2,2,2,16,1,2,22
3,0,0,18,62,67,0,1,56,1,2,1,1,0,3,2,19,1,2,22
3,2,0,23,79,67,1,0,53,0,3,1,1,2,2,1,16,2,2,22
2,0,0,18,62,67,0,1,56,0,2,1,1,0,3,1,19,2,2,22
3,2,0,23,79,67,1,0,53,1,3,1,1,2,2,0,16,1,2,22
3,0,0,18,62,67,0,1,56,1,2,1,1,0,3,0,19,1,2,22
3,2,0,23,79,67,1,0,53,1,3,1,1,2,2,1,16,1,2,22
3,0,0,18,62,67,0,1,56,1,2,1,1,0,3,1,19,1,2,22
3,2,0,23,79,67,1,0,53,1,3,1,1,2,2,2,16,2,2,22
2,0,0,18,62,67,0,1,56,1,2,1,1,0,3,2,19,2,2,22
3,2,0,23,79,67,1,0,53,0,3,1,1,2,2,2,16,2,2,22
2,0,0,18,62,67,0,1,56,0,2,1,1,0,3,2,19,2,2,22
3,2,0,23,79,67,1,0,53,1,3,1,1,2,2,1,16,2,2,22
2,0,0,18,62,67,0,1,56,1,2,1,1,0,3,1,19,2,2,22
0,3,0,22,97,65,0,1,74,1,1,0,1,3,0,0,4,0,2,32
3,1,0,19,61,65,1,1,90,1,0,0,1,1,1,0,17,0,2,32
1,3,0,22,97,65,0,1,74,0,1,0,1,3,0,1,4,1,2,32
3,1,0,19,61,65,1,1,90,0,0,0,1,1,1,1,17,1,2,32
3,3,1,29,98,87,1,0,73,1,1,1,1,3,3,0,20,1,2,12
3,1,1,23,59,87,1,1,83,1,1,1,1,1,0,0,20,1,0,12
3,0,1,21,68,85,1,1,42,0,3,1,1,0,1,2,14,1,2,16
0,2,1,25,100,85,1,1,42,0,3,1,1,2,1,2,7,1,0,16
2,1,1,25,72,85,0,0,74,0,1,1,1,1,0,2,19,1,2,16
3,1,2,28,71,85,1,0,70,0,1,1,1,1,0,2,14,1,1,16
3,0,1,21,68,85,1,1,42,1,3,1,1,0,1,2,14,2,2,16
0,2,1,25,100,85,1,1,42,1,3,1,1,2,1,2,7,2,0,16
2,1,1,25,72,85,0,0,74,1,1,1,1,1,0,2,19,2,2,16
3,1,2,28,71,85,1,0,70,1,1,1,1,1,0,2,14,2,1,16
2,0,0,21,68,85,1,1,42,0,3,1,1,0,1,0,14,0,2,16
1,2,0,25,100,85,1,1,42,0,3,1,1,2,1,0,7,0,0,16
2,1,0,25,72,85,0,0,74,0,1,1,1,1,0,0,19,0,2,16
2,1,2,28,71,85,1,0,70,0,1,1,1,1,0,0,14,0,1,16
3,0,0,21,68,85,1,1,42,1,3,1,1,0,1,0,14,0,2,16
0,2,0,25,100,85,1,1,42,1,3,1,1,2,1,0,7,0,0,16
2,1,0,25,72,85,0,0,74,1,1,1,1,1,0,0,19,0,2,16
3,1,2,28,71,85,1,0,70,1,1,1,1,1,0,0,14,0,1,16
3,0,1,21,68,85,1,1,42,0,3,1,1,0,1,2,14,1,2,16
0,2,1,25,100,85,1,1,42,0,3,1,1,2,1,2,7,1,0,16
2,1,1,25,72,85,0,0,74,0,1,1,1,1,0,2,19,1,2,16
3,1,2,28,71,85,1,0,70,0,1,1,1,1,0,2,14,1,1,16
3,0,0,21,68,85,1,1,42,1,3,1,0,0,1,0,14,1,2,16
0,2,0,25,100,85,1,1,42,1,3,1,0,2,1,0,7,1,0,16
3,1,0,25,72,85,0,0,74,1,1,1,0,1,0,0,19,1,2,16
3,1,2,28,71,85,1,0,70,1,1,1,0,1,0,0,14,1,1,16
3,0,1,21,68,85,1,1,42,0,3,1,1,0,1,2,14,1,2,16
0,2,1,25,100,85,1,1,42,0,3,1,1,2,1,2,7,1,0,16
2,1,1,25,72,85,0,0,74,0,1,1,1,1,0,2,19,1,2,16
3,1,2,28,71,85,1,0,70,0,1,1,1,1,0,2,14,1,1,16
2,0,0,21,56,62,0,1,45,0,3,0,1,0,2,1,20,1,2,31
3,0,0,21,56,62,0,1,45,1,3,0,1,0,2,1,20,1,2,31
2,1,0,24,59,71,1,1,74,0,1,1,1,1,0,1,13,0,2,21
1,3,2,24,92,71,1,1,97,0,0,1,1,3,3,1,6,0,0,21
3,1,0,24,59,71,1,1,74,1,1,1,1,1,0,0,13,1,2,21
0,3,0,24,92,71,1,1,97,1,0,1,1,3,3,0,6,1,0,21
3,1,0,24,59,71,1,1,74,0,1,1,1,1,0,2,13,1,2,21
0,3,0,24,92,71,1,1,97,0,0,1,1,3,3,2,6,1,0,21
3,1,0,24,59,71,1,1,74,0,1,1,1,1,0,0,13,1,2,21
0,3,0,24,92,71,1,1,97,0,0,1,1,3,3,0,6,1,0,21
3,1,0,24,59,71,1,1,74,1,1,1,1,1,0,1,13,1,2,21
0,3,2,24,92,71,1,1,97,1,0,1,1,3,3,1,6,1,0,21
3,1,0,24,59,71,1,1,74,1,1,1,1,1,0,1,13,1,2,21
0,3,2,24,92,71,1,1,97,1,0,1,1,3,3,1,6,1,0,21
3,3,0,25,92,72,1,1,85,1,0,1,1,3,1,1,10,2,2,35
0,0,0,20,71,72,1,1,54,1,3,1,1,0,2,1,4,2,2,35
2,2,2,21,89,81,1,1,64,0,2,1,1,2,1,1,17,2,1,17
1,0,1,29,71,81,1,1,52,0,3,1,1,0,3,1,2,2,2,17
3,2,2,21,89,81,1,1,64,1,2,1,1,2,1,0,17,0,1,17
0,0,0,29,71,81,1,1,52,1,3,1,1,0,3,0,2,0,2,17
3,2,2,21,89,81,1,1,64,1,2,1,1,2,1,1,17,1,1,17
0,0,1,29,71,81,1,1,52,1,3,1,1,0,3,1,2,1,2,17
2,2,2,21,89,81,1,1,64,0,2,1,1,2,1,1,17,2,1,17
1,0,1,29,71,81,1,1,52,0,3,1,1,0,3,1,2,2,2,17
3,2,2,21,89,81,1,1,64,1,2,1,1,2,1,0,17,1,1,17
0,0,0,29,71,81,1,1,52,1,3,1,1,0,3,0,2,1,2,17
3,2,2,21,89,81,1,1,64,0,2,1,1,2,1,1,17,1,1,17
0,0,1,29,71,81,1,1,52,0,3,1,1,0,3,1,2,1,2,17
3,2,2,21,89,81,1,1,64,0,2,1,1,2,1,1,17,1,1,17
0,0,1,29,71,81,1,1,52,0,3,1,1,0,3,1,2,1,2,17
3,2,2,21,89,81,1,1,64,1,2,1,1,2,1,2,17,0,1,17
0,0,1,29,71,81,1,1,52,1,3,1,1,0,3,2,2,0,2,17
3,2,2,21,89,81,1,1,64,1,2,1,1,2,1,0,17,1,1,17
0,0,0,29,71,81,1,1,52,1,3,1,1,0,3,0,2,1,2,17
3,2,2,21,89,81,1,1,64,0,2,1,1,2,1,2,17,1,1,17
0,0,1,29,71,81,1,1,52,0,3,1,1,0,3,2,2,1,2,17
0,0,1,20,63,87,1,1,48,1,3,1,1,0,1,1,1,0,0,17
0,0,1,20,63,87,1,1,48,1,3,1,1,0,1,1,1,2,0,17
0,0,1,20,63,87,1,1,48,0,3,1,1,0,1,0,1,1,0,17
0,0,1,20,63,87,1,1,48,0,3,1,1,0,1,1,1,1,0,17
0,0,1,20,63,87,1,1,48,1,3,1,1,0,1,2,1,2,0,17
0,0,1,20,63,87,1,1,48,1,3,1,1,0,1,1,1,2,0,17
1,0,1,20,63,87,1,1,48,0,3,1,1,0,1,1,1,2,0,17
0,0,1,20,63,87,1,1,48,1,3,1,0,0,1,1,1,1,0,17
0,0,1,20,63,87,1,1,48,0,3,1,1,0,1,1,1,1,0,17
2,1,2,23,61,89,0,1,71,0,1,1,0,1,2,1,15,1,1,24
2,1,2,23,61,89,0,1,71,1,1,1,1,1,2,0,15,0,1,24
3,1,2,23,61,89,0,1,71,1,1,1,1,1,2,1,15,2,1,24
3,1,2,23,61,89,0,1,71,1,1,1,1,1,2,1,15,2,1,24
2,1,2,23,61,89,0,1,71,0,1,1,0,1,2,0,15,1,1,24
2,1,2,23,61,89,0,1,71,1,1,1,1,1,2,1,15,0,1,24
2,1,2,23,61,89,0,1,71,0,1,1,1,1,2,2,15,0,1,24
3,3,2,19,87,73,1,0,97,1,0,1,1,3,0,1,13,1,2,31
0,0,2,18,67,72,1,1,64,1,2,1,1,0,2,1,5,0,0,24
0,0,2,18,67,72,1,1,64,1,2,1,1,0,2,1,5,1,0,24
0,0,0,18,67,72,1,1,64,1,2,1,0,0,2,2,5,2,0,24
0,0,0,18,67,72,1,1,64,1,2,1,1,0,2,2,5,1,0,24
0,0,0,18,67,72,1,1,64,1,2,1,1,0,2,0,5,2,0,24
1,1,2,19,70,82,0,0,79,0,1,0,1,1,2,0,7,1,1,18
3,0,0,25,75,82,1,1,42,0,3,0,1,0,2,0,19,1,2,18
1,1,2,19,70,82,0,0,79,0,1,0,1,1,2,1,7,1,1,18
3,0,1,25,75,82,1,1,42,0,3,0,1,0,2,1,19,1,2,18
1,1,2,19,70,82,0,0,79,0,1,0,1,1,2,0,7,0,1,18
2,0,0,25,75,82,1,1,42,0,3,0,1,0,2,0,19,0,2,18
0,1,2,19,70,82,0,0,79,1,1,0,1,1,2,2,7,1,1,18
3,0,1,25,75,82,1,1,42,1,3,0,1,0,2,2,19,1,2,18
2,3,0,20,80,61,0,1,74,0,1,1,1,3,3,2,14,1,0,24
1,2,0,22,79,61,0,0,47,0,3,1,1,2,1,2,10,1,2,24
3,3,2,28,92,61,1,1,90,0,0,1,1,3,1,2,17,1,1,24
2,3,2,20,80,61,0,1,74,0,1,1,1,3,3,1,14,1,0,24
1,2,0,22,79,61,0,0,47,0,3,1,1,2,1,1,10,1,2,24
3,3,2,28,92,61,1,1,90,0,0,1,1,3,1,1,17,1,1,24
2,3,0,20,80,61,0,1,74,0,1,1,1,3,3,2,14,1,0,24
1,2,0,22,79,61,0,0,47,0,3,1,1,2,1,2,10,1,2,24
3,3,2,28,92,61,1,1,90,0,0,1,1,3,1,2,17,1,1,24
3,2,2,18,85,63,1,1,56,1,2,0,1,2,2,1,11,1,1,27
3,2,2,18,85,63,1,1,56,1,2,0,1,2,2,1,11,1,1,27
3,2,2,18,85,63,1,1,56,1,2,0,1,2,2,1,11,2,1,27
2,2,2,18,85,63,1,1,56,0,2,0,0,2,2,1,11,0,1,27
3,2,2,18,85,63,1,1,56,1,2,0,1,2,2,1,11,1,1,27
3,2,2,18,85,63,1,1,56,1,2,0,1,2,2,1,11,1,1,27
1,2,0,18,85,63,1,1,56,0,2,0,1,2,2,0,11,2,1,27
3,2,0,18,85,63,1,1,56,1,2,0,1,2,2,0,11,1,1,27
0,1,1,19,67,89,1,0,74,1,1,0,1,1,1,0,0,0,2,26
0,2,1,26,80,89,1,0,62,1,2,0,1,2,1,0,0,0,2,26
3,3,1,29,76,89,1,1,75,1,1,0,1,3,3,0,10,0,0,26
0,1,1,19,67,89,1,0,74,0,1,0,1,1,1,2,0,1,2,26
0,2,1,26,80,89,1,0,62,0,2,0,1,2,1,2,0,1,2,26
3,3,1,29,76,89,1,1,75,0,1,0,1,3,3,2,10,1,0,26
0,1,1,19,67,89,1,0,74,0,1,0,1,1,1,0,0,0,2,26
0,2,1,26,80,89,1,0,62,0,2,0,1,2,1,0,0,0,2,26
2,3,1,29,76,89,1,1,75,0,1,0,1,3,3,0,10,0,0,26
0,0,2,19,53,64,1,1,41,1,3,1,1,0,2,1,9,0,1,27
0,3,2,18,99,64,1,0,91,1,0,1,1,3,2,1,7,0,0,27
0,0,2,19,53,64,1,1,41,1,3,1,1,0,2,2,9,2,1,27
0,3,0,18,99,64,1,0,91,1,0,1,1,3,2,2,7,2,0,27
1,0,2,19,53,64,1,1,41,0,3,1,1,0,2,1,9,2,1,27
1,3,2,18,99,64,1,0,91,0,0,1,1,3,2,1,7,2,0,27
0,0,2,19,53,64,1,1,41,1,3,1,1,0,2,2,9,1,1,27
0,3,0,18,99,64,1,0,91,1,0,1,1,3,2,2,7,1,0,27
3,0,1,18,54,93,1,1,66,1,2,1,0,0,1,1,18,1,2,21
0,2,1,26,95,93,0,1,53,1,3,1,0,2,0,1,0,1,2,21
3,0,1,18,54,93,1,1,66,1,2,1,0,0,1,0,18,0,2,21
0,2,1,26,95,93,0,1,53,1,3,1,0,2,0,0,0,0,2,21
3,0,1,18,54,93,1,1,66,1,2,1,1,0,1,1,18,0,2,21
0,2,1,26,95,93,0,1,53,1,3,1,1,2,0,1,0,0,2,21
3,0,1,18,54,93,1,1,66,1,2,1,1,0,1,0,18,0,2,21
0,2,1,26,95,93,0,1,53,1,3,1,1,2,0,0,0,0,2,21
3,0,1,18,54,93,1,1,66,0,2,1,1,0,1,1,18,1,2,21
1,2,1,26,95,93,0,1,53,0,3,1,1,2,0,1,0,1,2,21
3,0,1,18,54,93,1,1,66,1,2,1,1,0,1,0,18,2,2,21
1,2,1,26,95,93,0,1,53,1,3,1,1,2,0,0,0,2,2,21
2,0,1,18,54,93,1,1,66,0,2,1,1,0,1,1,18,0,2,21
1,2,1,26,95,93,0,1,53,0,3,1,1,2,0,1,0,0,2,21
3,0,1,18,54,93,1,1,66,1,2,1,0,0,1,1,18,1,2,21
0,2,1,26,95,93,0,1,53,1,3,1,0,2,0,1,0,1,2,21
3,0,0,26,66,69,1,1,46,1,3,0,1,0,0,1,18,1,2,15
3,3,2,29,80,69,1,1,81,1,1,0,1,3,3,1,18,1,1,15
3,3,2,18,86,69,0,0,74,1,1,0,1,3,1,1,16,1,1,15
0,1,2,22,73,69,1,1,93,1,0,0,1,1,2,1,3,1,1,15
0,0,0,26,65,69,1,1,46,1,3,0,1,0,3,1,7,1,2,15
0,1,0,23,51,69,0,1,82,1,1,0,1,1,0,1,0,1,2,15
3,0,0,26,66,69,1,1,46,1,3,0,1,0,0,2,18,1,2,15
3,3,2,29,80,69,1,1,81,1,1,0,1,3,3,2,18,1,1,15
3,3,2,18,86,69,0,0,74,1,1,0,1,3,1,2,16,1,1,15
0,1,2,22,73,69,1,1,93,1,0,0,1,1,2,2,3,1,1,15
0,0,0,26,65,69,1,1,46,1,3,0,1,0,3,2,7,1,2,15
0,1,0,23,51,69,0,1,82,1,1,0,1,1,0,2,0,1,2,15
3,0,0,26,66,69,1,1,46,1,3,0,1,0,0,1,18,1,2,15
3,3,2,29,80,69,1,1,81,1,1,0,1,3,3,1,18,1,1,15
3,3,2,18,86,69,0,0,74,1,1,0,1,3,1,1,16,1,1,15
0,1,2,22,73,69,1,1,93,1,0,0,1,1,2,1,3,1,1,15
0,0,0,26,65,69,1,1,46,1,3,0,1,0,3,1,7,1,2,15
0,1,0,23,51,69,0,1,82,1,1,0,1,1,0,1,0,1,2,15
2,0,0,26,66,69,1,1,46,0,3,0,1,0,0,0,18,0,2,15
2,3,0,29,80,69,1,1,81,0,1,0,1,3,3,0,18,0,1,15
2,3,0,18,86,69,0,0,74,0,1,0,1,3,1,0,16,0,1,15
0,1,0,22,73,69,1,1,93,0,0,0,1,1,2,0,3,0,1,15
1,0,0,26,65,69,1,1,46,0,3,0,1,0,3,0,7,0,2,15
1,1,0,23,51,69,0,1,82,0,1,0,1,1,0,0,0,0,2,15
3,0,0,26,66,69,1,1,46,1,3,0,0,0,0,1,18,0,2,15
3,3,2,29,80,69,1,1,81,1,1,0,0,3,3,1,18,0,1,15
2,3,2,18,86,69,0,0,74,1,1,0,0,3,1,1,16,0,1,15
0,1,2,22,73,69,1,1,93,1,0,0,0,1,2,1,3,0,1,15
0,0,0,26,65,69,1,1,46,1,3,0,0,0,3,1,7,0,2,15
0,1,0,23,51,69,0,1,82,1,1,0,0,1,0,1,0,0,2,15
0,1,0,28,75,82,0,0,75,1,1,1,1,1,3,0,7,1,0,18
1,1,2,28,75,82,0,0,75,1,1,1,1,1,3,1,7,0,0,18
0,1,2,28,75,82,0,0,75,1,1,1,1,1,3,2,7,1,0,18
1,1,2,28,75,82,0,0,75,0,1,1,1,1,3,1,7,2,0,18
0,1,2,28,75,82,0,0,75,1,1,1,0,1,3,2,7,1,0,18
1,1,2,28,75,82,0,0,75,1,1,1,1,1,3,2,7,0,0,18
0,1,2,28,75,82,0,0,75,1,1,1,1,1,3,1,7,1,0,18
2,2,1,26,75,82,0,1,64,1,2,1,1,2,2,1,18,0,2,20
3,2,0,26,75,82,0,1,64,1,2,1,1,2,2,0,18,1,2,20
2,2,0,26,75,82,0,1,64,1,2,1,1,2,2,0,18,2,2,20
2,2,1,26,75,82,0,1,64,1,2,1,1,2,2,1,18,0,2,20
2,2,0,26,75,82,0,1,64,0,2,1,1,2,2,0,18,1,2,20
2,2,1,26,75,82,0,1,64,0,2,1,1,2,2,1,18,1,2,20
2,3,2,19,76,83,0,0,86,0,0,1,1,3,2,1,17,2,1,28
1,1,2,26,64,83,1,1,98,0,0,1,1,1,3,1,12,2,1,28
2,3,2,19,76,83,0,0,86,0,0,1,1,3,2,1,17,0,1,28
2,1,2,26,64,83,1,1,98,0,0,1,1,1,3,1,12,0,1,28
3,3,2,19,76,83,0,0,86,1,0,1,1,3,2,1,17,1,1,28
3,1,2,26,64,83,1,1,98,1,0,1,1,1,3,1,12,1,1,28
2,3,2,19,76,83,0,0,86,0,0,1,1,3,2,1,17,0,1,28
2,1,2,26,64,83,1,1,98,0,0,1,1,1,3,1,12,0,1,28
0,2,1,27,91,95,1,1,54,0,3,1,1,2,0,2,7,1,2,12
3,2,1,25,90,95,1,1,60,0,2,1,1,2,3,2,12,1,2,12
0,2,1,27,91,95,1,1,54,1,3,1,1,2,0,1,7,2,2,12
3,2,1,25,90,95,1,1,60,1,2,1,1,2,3,1,12,2,2,12
0,2,1,27,91,95,1,1,54,1,3,1,1,2,0,2,7,1,2,12
3,2,1,25,90,95,1,1,60,1,2,1,1,2,3,2,12,1,2,12
0,2,1,27,91,95,1,1,54,0,3,1,1,2,0,1,7,1,2,12
3,2,1,25,90,95,1,1,60,0,2,1,1,2,3,1,12,1,2,12
0,2,1,27,91,95,1,1,54,0,3,1,1,2,0,1,7,1,2,12
3,2,1,25,90,95,1,1,60,0,2,1,1,2,3,1,12,1,2,12
2,2,1,28,78,92,0,0,49,1,3,1,1,2,1,0,20,2,2,24
1,2,1,27,97,92,0,0,52,1,3,1,1,2,3,0,5,2,0,24
1,3,1,18,81,92,0,1,87,1,0,1,1,3,3,0,3,2,2,24
3,2,1,28,78,92,0,0,49,1,3,1,0,2,1,1,20,1,2,24
0,2,1,27,97,92,0,0,52,1,3,1,0,2,3,1,5,1,0,24
0,3,1,18,81,92,0,1,87,1,0,1,0,3,3,1,3,1,2,24
2,2,1,28,78,92,0,0,49,0,3,1,1,2,1,2,20,2,2,24
1,2,1,27,97,92,0,0,52,0,3,1,1,2,3,2,5,2,0,24
1,3,1,18,81,92,0,1,87,0,0,1,1,3,3,2,3,2,2,24
2,2,1,28,78,92,0,0,49,1,3,1,1,2,1,2,20,2,2,24
1,2,1,27,97,92,0,0,52,1,3,1,1,2,3,2,5,2,0,24
1,3,1,18,81,92,0,1,87,1,0,1,1,3,3,2,3,2,2,24
2,2,1,28,78,92,0,0,49,1,3,1,1,2,1,1,20,2,2,24
1,2,1,27,97,92,0,0,52,1,3,1,1,2,3,1,5,2,0,24
1,3,1,18,81,92,0,1,87,1,0,1,1,3,3,1,3,2,2,24
0,3,0,20,90,64,1,1,87,0,0,0,1,3,3,1,4,1,2,33
1,3,2,25,77,64,0,1,83,0,1,0,1,3,2,1,9,1,1,33
0,0,0,24,63,71,1,1,63,1,2,1,1,0,0,0,2,0,1,18
0,1,0,22,68,71,0,0,79,1,1,1,1,1,1,0,2,0,0,18
0,0,2,24,63,71,1,1,63,1,2,1,1,0,0,1,2,2,1,18
1,1,2,22,68,71,0,0,79,1,1,1,1,1,1,1,2,2,0,18
0,0,0,24,63,71,1,1,63,1,2,1,1,0,0,0,2,0,1,18
0,1,0,22,68,71,0,0,79,1,1,1,1,1,1,0,2,0,0,18
0,0,2,24,63,71,1,1,63,1,2,1,1,0,0,1,2,1,1,18
0,1,2,22,68,71,0,0,79,1,1,1,1,1,1,1,2,1,0,18
0,0,2,24,63,71,1,1,63,0,2,1,1,0,0,1,2,1,1,18
1,1,2,22,68,71,0,0,79,0,1,1,1,1,1,1,2,1,0,18
0,0,2,24,63,71,1,1,63,1,2,1,1,0,0,1,2,2,1,18
1,1,2,22,68,71,0,0,79,1,1,1,1,1,1,1,2,2,0,18
3,2,1,20,100,90,1,1,72,1,1,0,1,2,0,2,15,1,0,19
3,1,1,19,58,90,1,1,76,1,1,0,1,1,1,2,18,1,2,19
2,2,1,20,100,90,1,1,72,0,1,0,1,2,0,1,15,0,0,19
2,1,1,19,58,90,1,1,76,0,1,0,1,1,1,1,18,0,2,19
3,2,1,20,100,90,1,1,72,1,1,0,1,2,0,0,15,2,0,19
3,1,1,19,58,90,1,1,76,1,1,0,1,1,1,0,18,2,2,19
2,2,1,20,100,90,1,1,72,0,1,0,1,2,0,1,15,2,0,19
2,1,1,19,58,90,1,1,76,0,1,0,1,1,1,1,18,2,2,19
1,1,0,20,69,70,0,1,75,0,1,1,1,1,2,1,1,2,2,24
0,1,0,20,69,70,0,1,75,1,1,1,1,1,2,1,1,1,2,24
1,1,0,20,69,70,0,1,75,0,1,1,1,1,2,0,1,2,2,24
1,1,0,20,69,70,0,1,75,1,1,1,1,1,2,0,1,2,2,24
0,1,0,20,69,70,0,1,75,1,1,1,1,1,2,1,1,1,2,24
1,1,0,20,69,70,0,1,75,0,1,1,0,1,2,0,1,2,2,24
1,1,0,20,69,70,0,1,75,1,1,1,1,1,2,2,1,2,2,24
0,2,0,27,79,67,1,1,68,1,2,1,1,2,0,2,1,2,2,17
0,2,0,27,79,67,1,1,68,1,2,1,1,2,0,1,1,1,2,17
0,2,0,27,79,67,1,1,68,1,2,1,1,2,0,1,1,2,2,17
0,2,0,27,79,67,1,1,68,0,2,1,1,2,0,2,1,1,2,17
0,2,0,27,79,67,1,1,68,0,2,1,1,2,0,1,1,0,2,17
0,2,0,27,79,67,1,1,68,0,2,1,1,2,0,2,1,0,2,17
1,2,2,20,89,74,0,0,61,1,2,0,1,2,1,2,3,2,0,14
3,0,2,27,73,74,1,1,63,1,2,0,1,0,1,2,18,2,1,14
1,2,2,20,89,74,0,0,61,0,2,0,1,2,1,2,3,1,0,14
3,0,2,27,73,74,1,1,63,0,2,0,1,0,1,2,18,1,1,14
1,2,0,20,89,74,0,0,61,0,2,0,0,2,1,0,3,1,0,14
3,0,2,27,73,74,1,1,63,0,2,0,0,0,1,0,18,1,1,14
0,3,2,26,81,75,0,0,75,1,1,0,1,3,0,1,9,1,2,16
0,1,2,18,54,75,1,1,88,1,0,0,1,1,0,1,9,1,2,16
3,2,2,26,76,75,0,1,51,1,3,0,1,2,0,1,11,1,2,16
2,3,2,26,81,75,0,0,75,1,1,0,1,3,0,1,9,0,2,16
0,1,2,18,54,75,1,1,88,1,0,0,1,1,0,1,9,0,2,16
2,2,2,26,76,75,0,1,51,1,3,0,1,2,0,1,11,0,2,16
2,3,2,26,81,75,0,0,75,1,1,0,1,3,0,1,9,0,2,16
0,1,2,18,54,75,1,1,88,1,0,0,1,1,0,1,9,0,2,16
2,2,2,26,76,75,0,1,51,1,3,0,1,2,0,1,11,0,2,16
2,3,0,26,81,75,0,0,75,1,1,0,1,3,0,2,9,0,2,16
0,1,0,18,54,75,1,1,88,1,0,0,1,1,0,2,9,0,2,16
2,2,0,26,76,75,0,1,51,1,3,0,1,2,0,2,11,0,2,16
0,3,2,26,93,82,1,1,79,1,1,0,1,3,0,0,6,2,1,27
1,0,0,29,61,82,0,0,68,1,2,0,1,0,3,0,2,2,2,27
1,2,2,26,90,82,0,0,44,1,3,0,1,2,1,0,12,2,1,27
0,2,0,27,83,82,1,0,62,1,2,0,1,2,0,0,3,2,2,27
3,1,0,21,53,64,1,1,82,1,1,1,1,1,3,0,14,1,1,11
3,2,0,19,83,64,1,1,69,1,2,1,1,2,2,0,13,1,2,11
0,3,0,20,97,64,0,1,82,1,1,1,1,3,0,0,3,1,0,11
3,1,2,21,53,64,1,1,82,1,1,1,0,1,3,2,14,0,1,11
3,2,0,19,83,64,1,1,69,1,2,1,0,2,2,2,13,0,2,11
0,3,0,20,97,64,0,1,82,1,1,1,0,3,0,2,3,0,0,11
3,1,2,21,53,64,1,1,82,1,1,1,1,1,3,1,14,1,1,11
3,2,0,19,83,64,1,1,69,1,2,1,1,2,2,1,13,1,2,11
0,3,2,20,97,64,0,1,82,1,1,1,1,3,0,1,3,1,0,11
3,1,0,21,53,64,1,1,82,0,1,1,1,1,3,0,14,1,1,11
3,2,0,19,83,64,1,1,69,0,2,1,1,2,2,0,13,1,2,11
1,3,0,20,97,64,0,1,82,0,1,1,1,3,0,0,3,1,0,11
0,2,1,18,79,86,0,0,71,1,1,0,1,2,3,1,8,1,2,29
3,2,1,26,86,86,1,1,62,1,2,0,1,2,2,1,10,1,2,29
0,3,2,22,87,86,1,1,99,1,0,0,1,3,0,1,8,1,1,29
3,2,2,23,87,86,1,0,66,1,2,0,1,2,2,1,15,1,1,29
3,1,1,23,72,86,1,1,84,1,1,0,1,1,1,1,13,1,2,29
3,2,1,20,84,86,1,0,45,1,3,0,1,2,0,1,19,1,2,29
1,2,1,18,79,86,0,0,71,0,1,0,1,2,3,0,8,2,2,29
1,2,1,26,86,86,1,1,62,0,2,0,1,2,2,0,10,2,2,29
1,3,2,22,87,86,1,1,99,0,0,0,1,3,0,0,8,2,1,29
3,2,2,23,87,86,1,0,66,0,2,0,1,2,2,0,15,2,1,29
3,1,1,23,72,86,1,1,84,0,1,0,1,1,1,0,13,2,2,29
3,2,1,20,84,86,1,0,45,0,3,0,1,2,0,0,19,2,2,29
1,2,1,18,79,86,0,0,71,1,1,0,1,2,3,1,8,0,2,29
3,2,1,26,86,86,1,1,62,1,2,0,1,2,2,1,10,0,2,29
0,3,2,22,87,86,1,1,99,1,0,0,1,3,0,1,8,0,1,29
3,2,2,23,87,86,1,0,66,1,2,0,1,2,2,1,15,0,1,29
3,1,1,23,72,86,1,1,84,1,1,0,1,1,1,1,13,0,2,29
3,2,1,20,84,86,1,0,45,1,3,0,1,2,0,1,19,0,2,29
3,0,1,21,61,95,0,1,44,1,3,1,1,0,3,1,19,1,2,31
0,2,2,25,82,77,1,1,41,0,3,1,1,2,0,1,5,1,1,7
1,1,2,27,74,77,0,1,70,0,1,1,1,1,3,1,8,1,0,7
0,1,0,23,69,67,1,1,93,0,0,1,1,1,2,0,4,1,0,23
0,1,0,28,55,67,1,0,100,0,0,1,1,1,2,0,6,1,2,23
1,3,0,22,85,67,0,0,90,0,0,1,1,3,2,0,0,1,1,23
0,1,0,23,69,67,1,1,93,0,0,1,1,1,2,0,4,1,0,23
0,1,0,28,55,67,1,0,100,0,0,1,1,1,2,0,6,1,2,23
1,3,0,22,85,67,0,0,90,0,0,1,1,3,2,0,0,1,1,23
0,1,2,23,69,67,1,1,93,1,0,1,1,1,2,1,4,0,0,23
0,1,0,28,55,67,1,0,100,1,0,1,1,1,2,1,6,0,2,23
0,3,2,22,85,67,0,0,90,1,0,1,1,3,2,1,0,0,1,23
0,1,0,23,69,67,1,1,93,1,0,1,1,1,2,2,4,1,0,23
0,1,0,28,55,67,1,0,100,1,0,1,1,1,2,2,6,1,2,23
0,3,2,22,85,67,0,0,90,1,0,1,1,3,2,2,0,1,1,23
0,1,2,23,69,67,1,1,93,0,0,1,1,1,2,1,4,1,0,23
0,1,0,28,55,67,1,0,100,0,0,1,1,1,2,1,6,1,2,23
1,3,2,22,85,67,0,0,90,0,0,1,1,3,2,1,0,1,1,23
0,1,0,23,69,67,1,1,93,0,0,1,1,1,2,0,4,1,0,23
0,1,0,28,55,67,1,0,100,0,0,1,1,1,2,0,6,1,2,23
1,3,0,22,85,67,0,0,90,0,0,1,1,3,2,0,0,1,1,23
0,1,2,23,69,67,1,1,93,1,0,1,1,1,2,1,4,0,0,23
0,1,0,28,55,67,1,0,100,1,0,1,1,1,2,1,6,0,2,23
0,3,2,22,85,67,0,0,90,1,0,1,1,3,2,1,0,0,1,23
1,3,1,28,80,98,0,1,92,0,0,0,0,3,3,2,0,2,1,17
1,3,1,25,76,98,1,0,84,0,1,0,0,3,0,2,3,2,2,17
0,3,1,28,80,98,0,1,92,1,0,0,1,3,3,1,0,0,1,17
0,3,1,25,76,98,1,0,84,1,1,0,1,3,0,1,3,0,2,17
0,3,1,28,80,98,0,1,92,1,0,0,1,3,3,0,0,0,1,17
0,3,1,25,76,98,1,0,84,1,1,0,1,3,0,0,3,0,2,17
1,3,1,28,80,98,0,1,92,0,0,0,1,3,3,1,0,1,1,17
0,3,1,25,76,98,1,0,84,0,1,0,1,3,0,1,3,1,2,17
1,3,1,28,80,98,0,1,92,0,0,0,1,3,3,0,0,1,1,17
0,3,1,25,76,98,1,0,84,0,1,0,1,3,0,0,3,1,2,17
3,2,1,24,91,90,0,0,63,1,2,1,1,2,1,1,17,1,0,14
0,0,1,23,62,90,0,0,66,1,2,1,1,0,2,1,4,1,2,14
3,2,1,24,91,90,0,0,63,1,2,1,1,2,1,1,17,1,0,14
0,0,1,23,62,90,0,0,66,1,2,1,1,0,2,1,4,1,2,14
2,2,1,24,91,90,0,0,63,1,2,1,1,2,1,1,17,2,0,14
1,0,1,23,62,90,0,0,66,1,2,1,1,0,2,1,4,2,2,14
3,2,1,24,91,90,0,0,63,1,2,1,1,2,1,1,17,1,0,14
0,0,1,23,62,90,0,0,66,1,2,1,1,0,2,1,4,1,2,14
0,0,0,29,50,78,0,1,52,1,3,0,1,0,1,0,5,1,2,24
1,0,0,29,50,78,0,1,52,1,3,0,1,0,1,2,5,2,2,24
1,0,0,29,50,78,0,1,52,1,3,0,1,0,1,0,5,0,2,24
1,2,0,19,98,75,0,1,41,0,3,1,1,2,1,0,10,1,2,31
0,2,2,25,94,75,1,1,48,0,3,1,1,2,1,0,4,1,1,31
1,2,1,20,96,99,1,1,57,0,2,1,1,2,0,2,0,2,2,16
1,2,1,19,93,99,1,1,64,0,2,1,1,2,0,2,2,2,1,16
2,3,1,26,81,99,1,1,73,0,1,1,1,3,3,2,16,2,2,16
0,2,1,20,96,99,1,1,57,1,2,1,1,2,0,2,0,1,2,16
0,2,1,19,93,99,1,1,64,1,2,1,1,2,0,2,2,1,1,16
3,3,1,26,81,99,1,1,73,1,1,1,1,3,3,2,16,1,2,16
0,2,1,20,96,99,1,1,57,1,2,1,1,2,0,1,0,2,2,16
0,2,1,19,93,99,1,1,64,1,2,1,1,2,0,1,2,2,1,16
3,3,1,26,81,99,1,1,73,1,1,1,1,3,3,1,16,2,2,16
3,3,1,22,77,87,1,0,79,1,1,0,1,3,1,0,15,0,2,19
0,3,1,20,88,87,1,0,94,1,0,0,1,3,1,0,6,0,2,19
3,3,1,22,77,87,1,0,79,0,1,0,1,3,1,0,15,1,2,19
0,3,1,20,88,87,1,0,94,0,0,0,1,3,1,0,6,1,2,19
3,3,1,22,77,87,1,0,79,0,1,0,1,3,1,1,15,1,2,19
0,3,1,20,88,87,1,0,94,0,0,0,1,3,1,1,6,1,2,19
3,3,1,22,77,87,1,0,79,0,1,0,1,3,1,0,15,1,2,19
0,3,1,20,88,87,1,0,94,0,0,0,1,3,1,0,6,1,2,19
3,3,1,22,77,87,1,0,79,1,1,0,1,3,1,1,15,1,2,19
0,3,1,20,88,87,1,0,94,1,0,0,1,3,1,1,6,1,2,19
1,2,2,26,89,82,0,1,44,0,3,1,1,2,1,1,4,2,0,22
1,1,1,25,59,82,1,0,91,0,0,1,1,1,0,1,12,2,2,22
1,2,2,26,89,82,0,1,44,0,3,1,1,2,1,2,4,1,0,22
3,1,1,25,59,82,1,0,91,0,0,1,1,1,0,2,12,1,2,22
1,2,2,26,89,82,0,1,44,0,3,1,1,2,1,1,4,2,0,22
1,1,1,25,59,82,1,0,91,0,0,1,1,1,0,1,12,2,2,22
1,2,2,26,89,82,0,1,44,0,3,1,1,2,1,1,4,0,0,22
2,1,1,25,59,82,1,0,91,0,0,1,1,1,0,1,12,0,2,22
1,2,2,26,89,82,0,1,44,1,3,1,1,2,1,1,4,2,0,22
3,1,1,25,59,82,1,0,91,1,0,1,1,1,0,1,12,2,2,22
0,2,0,26,89,82,0,1,44,1,3,1,1,2,1,0,4,1,0,22
3,1,0,25,59,82,1,0,91,1,0,1,1,1,0,0,12,1,2,22
1,2,2,26,89,82,0,1,44,0,3,1,1,2,1,1,4,0,0,22
2,1,1,25,59,82,1,0,91,0,0,1,1,1,0,1,12,0,2,22
0,3,1,25,79,94,1,1,81,1,1,0,1,3,1,0,7,2,1,12
0,3,1,25,79,94,1,1,81,1,1,0,1,3,1,1,7,1,1,12
1,2,1,24,99,90,0,1,61,0,2,0,1,2,3,1,10,2,2,29
1,0,1,25,55,90,1,1,62,0,2,0,1,0,0,1,8,2,2,29
3,2,1,24,99,90,0,1,61,1,2,0,1,2,3,1,10,1,2,29
0,0,1,25,55,90,1,1,62,1,2,0,1,0,0,1,8,1,2,29
2,2,1,24,99,90,0,1,61,1,2,0,1,2,3,0,10,0,2,29
0,0,1,25,55,90,1,1,62,1,2,0,1,0,0,0,8,0,2,29
3,2,1,24,99,90,0,1,61,1,2,0,1,2,3,1,10,1,2,29
0,0,1,25,55,90,1,1,62,1,2,0,1,0,0,1,8,1,2,29
1,2,1,20,92,90,1,0,46,0,3,1,1,2,3,2,12,2,2,22
2,0,2,22,69,90,0,0,55,0,2,1,1,0,2,2,19,2,1,22
2,3,1,19,98,90,1,1,75,0,1,1,1,3,1,2,18,2,0,22
3,2,1,25,92,90,1,1,52,0,3,1,1,2,0,2,17,2,2,22
3,2,1,20,92,90,1,0,46,1,3,1,1,2,3,0,12,1,2,22
3,0,2,22,69,90,0,0,55,1,2,1,1,0,2,0,19,1,1,22
3,3,1,19,98,90,1,1,75,1,1,1,1,3,1,0,18,1,0,22
3,2,1,25,92,90,1,1,52,1,3,1,1,2,0,0,17,1,2,22
3,2,1,20,92,90,1,0,46,0,3,1,1,2,3,0,12,1,2,22
2,0,2,22,69,90,0,0,55,0,2,1,1,0,2,0,19,1,1,22
3,3,1,19,98,90,1,1,75,0,1,1,1,3,1,0,18,1,0,22
3,2,1,25,92,90,1,1,52,0,3,1,1,2,0,0,17,1,2,22
3,2,1,20,92,90,1,0,46,1,3,1,1,2,3,1,12,0,2,22
2,0,2,22,69,90,0,0,55,1,2,1,1,0,2,1,19,0,1,22
3,3,1,19,98,90,1,1,75,1,1,1,1,3,1,1,18,0,0,22
3,2,1,25,92,90,1,1,52,1,3,1,1,2,0,1,17,0,2,22
3,2,1,20,92,90,1,0,46,1,3,1,1,2,3,1,12,1,2,22
3,0,2,22,69,90,0,0,55,1,2,1,1,0,2,1,19,1,1,22
3,3,1,19,98,90,1,1,75,1,1,1,1,3,1,1,18,1,0,22
3,2,1,25,92,90,1,1,52,1,3,1,1,2,0,1,17,1,2,22
3,2,1,25,84,94,1,1,63,1,2,0,1,2,2,1,11,0,2,23
3,2,1,25,84,94,1,1,63,1,2,0,1,2,2,1,11,0,2,23
3,2,1,25,84,94,1,1,63,1,2,0,1,2,2,1,11,0,2,23
1,2,1,25,84,94,1,1,63,0,2,0,1,2,2,1,11,2,2,23
3,2,1,25,84,94,1,1,63,1,2,0,0,2,2,1,11,2,2,23
3,2,1,25,84,94,1,1,63,0,2,0,1,2,2,2,11,1,2,23
3,3,2,24,94,74,1,1,78,1,1,1,1,3,2,1,16,0,2,28
0,3,2,27,85,74,1,1,91,1,0,1,1,3,1,1,0,0,2,28
1,2,2,18,94,74,0,0,45,1,3,1,1,2,0,1,5,0,2,28
3,3,0,24,94,74,1,1,78,0,1,1,1,3,2,2,16,2,2,28
1,3,0,27,85,74,1,1,91,0,0,1,1,3,1,2,0,2,2,28
1,2,0,18,94,74,0,0,45,0,3,1,1,2,0,2,5,2,2,28
0,0,2,22,55,63,1,0,67,1,2,0,1,0,1,1,4,2,0,19
0,0,2,27,70,63,1,1,44,1,3,0,1,0,1,1,1,2,1,19
1,1,0,27,54,63,0,0,86,1,0,0,1,1,0,1,10,2,2,19
1,0,0,23,65,63,0,1,54,1,3,0,1,0,3,1,7,2,2,19
0,0,2,22,55,63,1,0,67,1,2,0,1,0,1,1,4,2,0,19
0,0,2,27,70,63,1,1,44,1,3,0,1,0,1,1,1,2,1,19
1,1,0,27,54,63,0,0,86,1,0,0,1,1,0,1,10,2,2,19
1,0,0,23,65,63,0,1,54,1,3,0,1,0,3,1,7,2,2,19
0,0,0,22,55,63,1,0,67,1,2,0,1,0,1,0,4,1,0,19
0,0,0,27,70,63,1,1,44,1,3,0,1,0,1,0,1,1,1,19
3,1,0,27,54,63,0,0,86,1,0,0,1,1,0,0,10,1,2,19
0,0,0,23,65,63,0,1,54,1,3,0,1,0,3,0,7,1,2,19
2,0,1,22,64,93,0,1,40,0,3,1,1,0,3,1,16,1,2,16
2,0,1,22,64,93,0,1,40,1,3,1,1,0,3,1,16,0,2,16
3,0,1,22,64,93,0,1,40,1,3,1,1,0,3,0,16,1,2,16
2,0,1,22,64,93,0,1,40,0,3,1,0,0,3,1,16,2,2,16
2,0,1,22,64,93,0,1,40,0,3,1,1,0,3,1,16,0,2,16
2,0,1,22,64,93,0,1,40,0,3,1,1,0,3,2,16,2,2,16
3,0,1,22,64,93,0,1,40,1,3,1,1,0,3,0,16,1,2,16
2,0,1,22,64,93,0,1,40,1,3,1,1,0,3,1,16,0,2,16
3,0,1,22,64,93,0,1,40,1,3,1,1,0,3,0,16,1,2,16
0,2,0,28,83,67,1,0,61,0,2,0,1,2,3,2,3,0,0,31
1,3,1,28,82,87,0,0,86,0,0,1,1,3,2,2,10,1,2,11
1,2,2,21,100,87,0,1,50,0,3,1,1,2,2,2,6,1,1,11
3,1,2,23,64,81,1,1,98,0,0,1,1,1,3,1,10,1,0,21
3,3,1,28,95,81,1,1,82,0,1,1,1,3,1,1,20,1,2,21
3,1,1,21,74,81,1,1,84,0,1,1,1,1,1,1,17,1,2,21
3,1,2,23,64,81,1,1,98,1,0,1,1,1,3,2,10,0,0,21
3,3,1,28,95,81,1,1,82,1,1,1,1,3,1,2,20,0,2,21
3,1,1,21,74,81,1,1,84,1,1,1,1,1,1,2,17,0,2,21
3,1,2,23,64,81,1,1,98,1,0,1,1,1,3,1,10,1,0,21
3,3,1,28,95,81,1,1,82,1,1,1,1,3,1,1,20,1,2,21
3,1,1,21,74,81,1,1,84,1,1,1,1,1,1,1,17,1,2,21
3,1,2,23,64,81,1,1,98,1,0,1,1,1,3,1,10,1,0,21
3,3,1,28,95,81,1,1,82,1,1,1,1,3,1,1,20,1,2,21
3,1,1,21,74,81,1,1,84,1,1,1,1,1,1,1,17,1,2,21
3,1,2,23,64,81,1,1,98,1,0,1,1,1,3,1,10,1,0,21
3,3,1,28,95,81,1,1,82,1,1,1,1,3,1,1,20,1,2,21
3,1,1,21,74,81,1,1,84,1,1,1,1,1,1,1,17,1,2,21
3,0,0,24,61,68,1,1,60,1,2,0,1,0,3,2,17,1,2,16
3,0,0,24,61,68,1,1,60,1,2,0,1,0,3,1,17,1,2,16
2,0,0,24,61,68,1,1,60,0,2,0,1,0,3,2,17,2,2,16
1,1,0,21,75,80,1,1,78,0,1,0,1,1,3,0,7,2,2,9
2,3,0,26,100,80,0,1,81,0,1,0,1,3,2,0,20,2,2,9
1,1,2,29,71,80,0,0,93,0,0,0,1,1,1,0,5,2,1,9
0,1,0,21,75,80,1,1,78,1,1,0,1,1,3,0,7,0,2,9
2,3,0,26,100,80,0,1,81,1,1,0,1,3,2,0,20,0,2,9
0,1,2,29,71,80,0,0,93,1,0,0,1,1,1,0,5,0,1,9
3,0,1,21,54,92,1,1,44,1,3,0,1,0,3,1,18,1,0,5
2,2,1,21,76,92,0,0,56,1,2,0,1,2,2,0,13,2,0,10
2,2,1,21,76,92,0,0,56,0,2,0,1,2,2,2,13,1,0,10
2,2,1,21,76,92,0,0,56,1,2,0,1,2,2,2,13,0,0,10
1,2,2,21,93,83,1,1,56,0,2,1,1,2,1,1,6,2,0,25
0,2,0,21,93,83,1,1,56,1,2,1,1,2,1,0,6,2,0,25
0,2,0,21,93,83,1,1,56,1,2,1,1,2,1,0,6,2,0,25
0,2,2,21,93,83,1,1,56,1,2,1,1,2,1,2,6,2,0,25
0,2,0,21,93,83,1,1,56,1,2,1,1,2,1,0,6,1,0,25
1,3,1,24,92,91,0,0,88,1,0,0,1,3,0,1,6,2,2,25
1,0,1,21,59,91,0,1,67,1,2,0,1,0,0,1,0,2,1,25
0,0,1,28,66,91,1,1,62,1,2,0,1,0,0,1,9,2,2,25
0,3,1,24,92,91,0,0,88,1,0,0,1,3,0,1,6,1,2,25
0,0,1,21,59,91,0,1,67,1,2,0,1,0,0,1,0,1,1,25
0,0,1,28,66,91,1,1,62,1,2,0,1,0,0,1,9,1,2,25
1,3,1,24,92,91,0,0,88,1,0,0,1,3,0,0,6,0,2,25
0,0,1,21,59,91,0,1,67,1,2,0,1,0,0,0,0,0,1,25
0,0,1,28,66,91,1,1,62,1,2,0,1,0,0,0,9,0,2,25
1,3,1,24,92,91,0,0,88,0,0,0,1,3,0,1,6,0,2,25
1,0,1,21,59,91,0,1,67,0,2,0,1,0,0,1,0,0,1,25
2,0,1,28,66,91,1,1,62,0,2,0,1,0,0,1,9,0,2,25
0,3,0,23,77,68,1,0,95,1,0,1,1,3,0,1,2,1,2,23
0,3,0,23,77,68,1,0,95,1,0,1,0,3,0,1,2,0,2,23
0,3,0,23,77,68,1,0,95,1,0,1,1,3,0,1,2,0,2,23
0,3,0,23,77,68,1,0,95,1,0,1,1,3,0,1,2,1,2,23
0,3,0,23,77,68,1,0,95,1,0,1,1,3,0,1,2,1,2,23
0,3,0,23,77,68,1,0,95,1,0,1,1,3,0,0,2,1,2,23
0,3,0,23,77,68,1,0,95,1,0,1,1,3,0,1,2,2,2,23
3,0,1,24,59,88,1,1,54,0,3,0,1,0,1,0,20,2,2,29
3,1,0,29,73,76,1,0,90,1,0,1,1,1,2,0,17,0,2,25
3,1,1,29,73,76,1,0,90,1,0,1,1,1,2,1,17,1,2,25
3,1,0,29,73,76,1,0,90,0,0,1,1,1,2,2,17,2,2,25
3,1,1,29,73,76,1,0,90,1,0,1,1,1,2,1,17,1,2,25
3,1,0,29,73,76,1,0,90,1,0,1,0,1,2,0,17,2,2,25
3,1,1,29,73,76,1,0,90,0,0,1,1,1,2,1,17,2,2,25
0,1,0,29,72,72,0,1,85,1,0,0,1,1,1,1,6,1,2,8
3,0,0,23,68,72,1,1,54,1,3,0,1,0,3,1,16,1,2,8
3,0,0,28,60,72,1,1,43,1,3,0,1,0,0,1,12,1,2,8
0,3,0,21,90,72,0,1,79,1,1,0,1,3,0,1,1,1,2,8
0,3,2,25,81,72,1,0,98,1,0,0,1,3,0,1,0,1,0,8
1,1,2,22,66,83,0,1,86,0,0,1,1,1,0,2,8,1,1,19
3,3,2,23,91,83,1,1,78,0,1,1,1,3,0,2,18,1,1,19
1,1,2,22,66,83,0,1,86,0,0,1,1,1,0,1,8,0,1,19
2,3,2,23,91,83,1,1,78,0,1,1,1,3,0,1,18,0,1,19
1,1,2,22,66,83,0,1,86,1,0,1,1,1,0,1,8,0,1,19
3,3,2,23,91,83,1,1,78,1,1,1,1,3,0,1,18,0,1,19
1,1,2,22,66,83,0,1,86,0,0,1,0,1,0,2,8,1,1,19
3,3,2,23,91,83,1,1,78,0,1,1,0,3,0,2,18,1,1,19
1,3,1,27,76,95,0,1,94,0,0,0,1,3,2,1,5,2,1,18
1,0,1,19,63,95,1,1,51,0,3,0,1,0,0,1,9,2,0,18
1,0,1,29,66,95,1,0,53,0,3,0,1,0,2,1,9,2,2,18
1,3,1,27,76,95,0,1,94,1,0,0,1,3,2,0,5,2,1,18
0,0,1,19,63,95,1,1,51,1,3,0,1,0,0,0,9,2,0,18
0,0,1,29,66,95,1,0,53,1,3,0,1,0,2,0,9,2,2,18
1,3,1,27,76,95,0,1,94,1,0,0,1,3,2,1,5,2,1,18
0,0,1,19,63,95,1,1,51,1,3,0,1,0,0,1,9,2,0,18
0,0,1,29,66,95,1,0,53,1,3,0,1,0,2,1,9,2,2,18
1,3,1,27,76,95,0,1,94,0,0,0,1,3,2,1,5,1,1,18
0,0,1,19,63,95,1,1,51,0,3,0,1,0,0,1,9,1,0,18
0,0,1,29,66,95,1,0,53,0,3,0,1,0,2,1,9,1,2,18
1,3,1,27,76,95,0,1,94,1,0,0,1,3,2,0,5,0,1,18
0,0,1,19,63,95,1,1,51,1,3,0,1,0,0,0,9,0,0,18
0,0,1,29,66,95,1,0,53,1,3,0,1,0,2,0,9,0,2,18
0,3,1,27,76,95,0,1,94,1,0,0,1,3,2,2,5,1,1,18
0,0,1,19,63,95,1,1,51,1,3,0,1,0,0,2,9,1,0,18
0,0,1,29,66,95,1,0,53,1,3,0,1,0,2,2,9,1,2,18
0,3,1,27,76,95,0,1,94,1,0,0,1,3,2,0,5,1,1,18
0,0,1,19,63,95,1,1,51,1,3,0,1,0,0,0,9,1,0,18
0,0,1,29,66,95,1,0,53,1,3,0,1,0,2,0,9,1,2,18
0,1,1,18,73,96,0,1,77,1,1,1,1,1,3,0,1,1,2,31
0,0,1,26,59,96,1,1,69,1,2,1,1,0,0,0,5,1,2,31
1,1,1,18,73,96,0,1,77,1,1,1,1,1,3,2,1,2,2,31
0,0,1,26,59,96,1,1,69,1,2,1,1,0,0,2,5,2,2,31
0,1,1,18,73,96,0,1,77,1,1,1,1,1,3,1,1,0,2,31
0,0,1,26,59,96,1,1,69,1,2,1,1,0,0,1,5,0,2,31
3,2,1,26,87,98,1,1,64,1,2,0,1,2,1,1,14,1,2,28
3,3,1,18,84,100,1,0,80,0,1,0,1,3,1,0,15,2,1,26
2,2,1,19,97,100,0,1,45,0,3,0,1,2,1,0,15,2,0,26
3,3,1,18,84,100,1,0,80,1,1,0,1,3,1,2,15,2,1,26
3,2,1,19,97,100,0,1,45,1,3,0,1,2,1,2,15,2,0,26
0,2,0,29,99,69,1,1,57,0,2,0,1,2,3,0,6,1,2,20
0,0,0,20,65,69,1,1,41,0,3,0,1,0,1,0,2,1,2,20
0,2,0,29,99,69,1,1,57,0,2,0,1,2,3,1,6,1,2,20
0,0,0,20,65,69,1,1,41,0,3,0,1,0,1,1,2,1,2,20
0,2,0,29,99,69,1,1,57,1,2,0,1,2,3,1,6,2,2,20
0,0,0,20,65,69,1,1,41,1,3,0,1,0,1,1,2,2,2,20
0,2,0,29,99,69,1,1,57,1,2,0,1,2,3,2,6,0,2,20
0,0,0,20,65,69,1,1,41,1,3,0,1,0,1,2,2,0,2,20
1,2,0,29,99,69,1,1,57,0,2,0,1,2,3,1,6,0,2,20
0,0,0,20,65,69,1,1,41,0,3,0,1,0,1,1,2,0,2,20
0,2,0,29,99,69,1,1,57,1,2,0,1,2,3,2,6,1,2,20
0,0,0,20,65,69,1,1,41,1,3,0,1,0,1,2,2,1,2,20
0,1,1,25,52,89,0,0,89,1,0,1,0,1,2,1,2,1,2,16
3,2,1,18,82,89,0,0,42,1,3,1,0,2,3,1,13,1,2,16
3,2,2,21,83,89,1,1,69,1,2,1,0,2,2,1,16,1,1,16
1,1,1,25,52,89,0,0,89,0,0,1,1,1,2,1,2,1,2,16
2,2,1,18,82,89,0,0,42,0,3,1,1,2,3,1,13,1,2,16
3,2,2,21,83,89,1,1,69,0,2,1,1,2,2,1,16,1,1,16
0,1,1,25,52,89,0,0,89,1,0,1,1,1,2,2,2,1,2,16
3,2,1,18,82,89,0,0,42,1,3,1,1,2,3,2,13,1,2,16
3,2,2,21,83,89,1,1,69,1,2,1,1,2,2,2,16,1,1,16
1,1,1,25,52,89,0,0,89,0,0,1,1,1,2,1,2,1,2,16
2,2,1,18,82,89,0,0,42,0,3,1,1,2,3,1,13,1,2,16
3,2,2,21,83,89,1,1,69,0,2,1,1,2,2,1,16,1,1,16
0,1,1,25,52,89,0,0,89,1,0,1,1,1,2,0,2,1,2,16
3,2,1,18,82,89,0,0,42,1,3,1,1,2,3,0,13,1,2,16
3,2,2,21,83,89,1,1,69,1,2,1,1,2,2,0,16,1,1,16
3,1,0,22,69,60,1,0,88,0,0,1,1,1,1,0,14,1,2,22
3,1,0,22,69,60,1,0,88,1,0,1,1,1,1,1,14,1,2,22
3,1,0,22,69,60,1,0,88,0,0,1,1,1,1,1,14,1,2,22
0,3,0,28,83,60,1,0,76,1,1,1,1,3,3,0,5,0,1,25
1,3,0,28,83,60,1,0,76,0,1,1,1,3,3,0,5,0,1,25
0,3,0,20,79,72,1,1,88,1,0,1,1,3,2,0,7,1,0,16
0,3,0,19,82,72,1,1,73,1,1,1,1,3,3,0,1,1,0,16
0,0,0,28,67,72,0,1,56,1,2,1,1,0,0,0,3,1,1,16
0,2,0,23,85,72,1,1,52,1,3,1,1,2,2,0,0,1,2,16
1,3,0,20,79,72,1,1,88,0,0,1,1,3,2,0,7,2,0,16
1,3,0,19,82,72,1,1,73,0,1,1,1,3,3,0,1,2,0,16
1,0,0,28,67,72,0,1,56,0,2,1,1,0,0,0,3,2,1,16
1,2,0,23,85,72,1,1,52,0,3,1,1,2,2,0,0,2,2,16
0,3,0,20,79,72,1,1,88,1,0,1,1,3,2,2,7,1,0,16
0,3,0,19,82,72,1,1,73,1,1,1,1,3,3,2,1,1,0,16
0,0,2,28,67,72,0,1,56,1,2,1,1,0,0,2,3,1,1,16
0,2,0,23,85,72,1,1,52,1,3,1,1,2,2,2,0,1,2,16
1,3,2,20,79,72,1,1,88,0,0,1,1,3,2,1,7,2,0,16
1,3,2,19,82,72,1,1,73,0,1,1,1,3,3,1,1,2,0,16
1,0,2,28,67,72,0,1,56,0,2,1,1,0,0,1,3,2,1,16
1,2,0,23,85,72,1,1,52,0,3,1,1,2,2,1,0,2,2,16
3,1,0,21,70,67,1,1,96,1,0,1,1,1,0,2,20,2,2,30
1,3,2,18,75,67,0,1,87,1,0,1,1,3,0,2,2,2,1,30
0,1,0,24,65,67,1,0,77,1,1,1,1,1,0,2,7,2,2,30
0,1,2,23,50,67,1,1,75,1,1,1,1,1,3,2,2,2,1,30
1,2,2,24,88,67,0,1,69,1,2,1,1,2,1,2,2,2,1,30
3,1,0,21,70,67,1,1,96,0,0,1,1,1,0,2,20,1,2,30
1,3,2,18,75,67,0,1,87,0,0,1,1,3,0,2,2,1,1,30
0,1,0,24,65,67,1,0,77,0,1,1,1,1,0,2,7,1,2,30
0,1,2,23,50,67,1,1,75,0,1,1,1,1,3,2,2,1,1,30
1,2,2,24,88,67,0,1,69,0,2,1,1,2,1,2,2,1,1,30
3,3,0,21,77,69,1,1,85,1,0,0,1,3,3,1,15,2,2,16
3,3,0,21,77,69,1,1,85,1,0,0,1,3,3,1,15,2,2,16
1,0,0,22,67,66,0,1,43,0,3,0,1,0,1,1,4,2,2,23
1,0,0,28,67,66,0,1,58,0,2,0,1,0,0,1,7,2,2,23
0,0,0,22,67,66,0,1,43,1,3,0,1,0,1,2,4,0,2,23
1,0,0,28,67,66,0,1,58,1,2,0,1,0,0,2,7,0,2,23
0,0,0,22,67,66,0,1,43,1,3,0,1,0,1,1,4,0,2,23
1,0,0,28,67,66,0,1,58,1,2,0,1,0,0,1,7,0,2,23
0,0,0,22,67,66,0,1,43,1,3,0,1,0,1,1,4,1,2,23
0,0,0,28,67,66,0,1,58,1,2,0,1,0,0,1,7,1,2,23
1,0,0,22,67,66,0,1,43,1,3,0,1,0,1,1,4,2,2,23
1,0,0,28,67,66,0,1,58,1,2,0,1,0,0,1,7,2,2,23
1,0,0,22,67,66,0,1,43,1,3,0,1,0,1,2,4,2,2,23
1,0,0,28,67,66,0,1,58,1,2,0,1,0,0,2,7,2,2,23
3,3,0,23,82,64,1,1,100,1,0,1,1,3,2,0,10,0,0,33
3,3,2,23,82,64,1,1,100,1,0,1,1,3,2,1,10,1,0,33
3,3,0,23,82,64,1,1,100,0,0,1,0,3,2,0,10,1,0,33
0,0,2,25,64,79,1,1,69,0,2,0,1,0,2,1,4,1,1,30
0,1,1,19,65,79,1,1,84,0,1,0,1,1,0,1,6,1,2,30
0,0,2,25,64,79,1,1,69,0,2,0,1,0,2,1,4,1,1,30
0,1,1,19,65,79,1,1,84,0,1,0,1,1,0,1,6,1,2,30
1,0,2,25,64,79,1,1,69,0,2,0,1,0,2,1,4,2,1,30
1,1,1,19,65,79,1,1,84,0,1,0,1,1,0,1,6,2,2,30
1,0,2,25,64,79,1,1,69,0,2,0,0,0,2,1,4,2,1,30
1,1,1,19,65,79,1,1,84,0,1,0,0,1,0,1,6,2,2,30
1,2,0,28,96,63,0,1,44,1,3,1,1,2,3,0,5,0,1,23
1,2,2,28,96,63,0,1,44,0,3,1,1,2,3,2,5,1,1,23
0,2,2,28,96,63,0,1,44,1,3,1,1,2,3,2,5,1,1,23
1,2,2,28,96,63,0,1,44,0,3,1,1,2,3,1,5,1,1,23
0,2,2,28,96,63,0,1,44,1,3,1,1,2,3,1,5,1,1,23
1,2,0,28,96,63,0,1,44,0,3,1,1,2,3,0,5,1,1,23
3,1,2,19,58,81,1,1,83,1,1,1,1,1,3,1,11,2,0,24
3,0,2,25,64,81,0,1,62,1,2,1,1,0,3,1,17,2,0,24
3,2,1,28,98,81,0,1,55,1,2,1,1,2,2,1,18,2,2,24
3,1,0,19,58,81,1,1,83,1,1,1,1,1,3,0,11,1,0,24
3,0,0,25,64,81,0,1,62,1,2,1,1,0,3,0,17,1,0,24
3,2,0,28,98,81,0,1,55,1,2,1,1,2,2,0,18,1,2,24
3,1,2,19,58,81,1,1,83,1,1,1,0,1,3,1,11,1,0,24
3,0,2,25,64,81,0,1,62,1,2,1,0,0,3,1,17,1,0,24
3,2,1,28,98,81,0,1,55,1,2,1,0,2,2,1,18,1,2,24
3,1,2,19,58,81,1,1,83,1,1,1,1,1,3,1,11,0,0,24
2,0,2,25,64,81,0,1,62,1,2,1,1,0,3,1,17,0,0,24
2,2,1,28,98,81,0,1,55,1,2,1,1,2,2,1,18,0,2,24
3,1,2,19,58,81,1,1,83,0,1,1,1,1,3,1,11,1,0,24
2,0,2,25,64,81,0,1,62,0,2,1,1,0,3,1,17,1,0,24
2,2,1,28,98,81,0,1,55,0,2,1,1,2,2,1,18,1,2,24
3,1,2,19,58,81,1,1,83,1,1,1,1,1,3,2,11,2,0,24
3,0,2,25,64,81,0,1,62,1,2,1,1,0,3,2,17,2,0,24
3,2,1,28,98,81,0,1,55,1,2,1,1,2,2,2,18,2,2,24
3,1,2,19,58,81,1,1,83,1,1,1,1,1,3,1,11,1,0,24
3,0,2,25,64,81,0,1,62,1,2,1,1,0,3,1,17,1,0,24
3,2,1,28,98,81,0,1,55,1,2,1,1,2,2,1,18,1,2,24
3,1,2,19,58,81,1,1,83,1,1,1,1,1,3,2,11,1,0,24
3,0,2,25,64,81,0,1,62,1,2,1,1,0,3,2,17,1,0,24
3,2,1,28,98,81,0,1,55,1,2,1,1,2,2,2,18,1,2,24
3,1,2,19,58,81,1,1,83,1,1,1,1,1,3,2,11,1,0,24
3,0,2,25,64,81,0,1,62,1,2,1,1,0,3,2,17,1,0,24
3,2,1,28,98,81,0,1,55,1,2,1,1,2,2,2,18,1,2,24
2,1,1,29,72,97,0,1,73,0,1,0,1,1,3,0,18,1,2,18
0,0,1,25,75,97,1,0,53,0,3,0,1,0,3,0,1,1,2,18
2,1,1,29,72,97,0,1,73,0,1,0,1,1,3,0,18,2,2,18
1,0,1,25,75,97,1,0,53,0,3,0,1,0,3,0,1,2,2,18
2,1,1,29,72,97,0,1,73,1,1,0,1,1,3,1,18,2,2,18
0,0,1,25,75,97,1,0,53,1,3,0,1,0,3,1,1,2,2,18
2,1,1,29,72,97,0,1,73,0,1,0,1,1,3,1,18,0,2,18
0,0,1,25,75,97,1,0,53,0,3,0,1,0,3,1,1,0,2,18
1,0,2,28,57,82,0,0,69,0,2,1,1,0,1,0,6,1,1,10
1,1,0,28,66,82,0,1,76,0,1,1,1,1,3,0,5,1,2,10
1,1,1,27,66,91,0,1,75,1,1,0,0,1,3,1,6,2,2,29
1,1,1,27,66,91,0,1,75,0,1,0,1,1,3,0,6,1,2,29
1,1,0,22,56,71,0,1,96,0,0,1,1,1,1,0,8,2,2,13
1,0,0,29,57,71,0,1,51,0,3,1,1,0,3,0,12,2,2,13
0,1,0,22,56,71,0,1,96,1,0,1,1,1,1,1,8,1,2,13
3,0,0,29,57,71,0,1,51,1,3,1,1,0,3,1,12,1,2,13
1,1,0,22,56,71,0,1,96,0,0,1,1,1,1,1,8,1,2,13
2,0,0,29,57,71,0,1,51,0,3,1,1,0,3,1,12,1,2,13
1,1,0,22,56,71,0,1,96,0,0,1,1,1,1,0,8,0,2,13
2,0,0,29,57,71,0,1,51,0,3,1,1,0,3,0,12,0,2,13
1,3,1,28,98,93,0,1,90,0,0,1,1,3,3,1,10,1,1,26
0,3,1,18,79,93,1,1,94,0,0,1,1,3,1,1,9,1,0,26
1,3,1,28,98,93,0,1,90,1,0,1,1,3,3,1,10,2,1,26
0,3,1,18,79,93,1,1,94,1,0,1,1,3,1,1,9,2,0,26
1,3,1,28,98,93,0,1,90,0,0,1,1,3,3,1,10,1,1,26
0,3,1,18,79,93,1,1,94,0,0,1,1,3,1,1,9,1,0,26
1,3,1,28,98,93,0,1,90,0,0,1,1,3,3,1,10,1,1,26
0,3,1,18,79,93,1,1,94,0,0,1,1,3,1,1,9,1,0,26
0,1,1,22,73,93,1,0,99,1,0,0,1,1,2,1,8,2,0,30
3,0,2,21,73,72,0,1,57,1,2,1,1,0,1,1,18,2,1,25
3,2,2,19,81,72,1,1,56,1,2,1,1,2,3,1,13,2,0,25
2,0,0,21,73,72,0,1,57,1,2,1,1,0,1,0,18,0,1,25
3,2,0,19,81,72,1,1,56,1,2,1,1,2,3,0,13,0,0,25
3,0,0,21,73,72,0,1,57,1,2,1,1,0,1,0,18,1,1,25
3,2,0,19,81,72,1,1,56,1,2,1,1,2,3,0,13,1,0,25
2,0,0,21,73,72,0,1,57,0,2,1,1,0,1,0,18,1,1,25
3,2,0,19,81,72,1,1,56,0,2,1,1,2,3,0,13,1,0,25
3,0,0,21,73,72,0,1,57,1,2,1,1,0,1,0,18,1,1,25
3,2,0,19,81,72,1,1,56,1,2,1,1,2,3,0,13,1,0,25
3,0,2,21,73,72,0,1,57,1,2,1,1,0,1,2,18,1,1,25
3,2,0,19,81,72,1,1,56,1,2,1,1,2,3,2,13,1,0,25
2,0,2,21,73,72,0,1,57,1,2,1,1,0,1,2,18,0,1,25
3,2,0,19,81,72,1,1,56,1,2,1,1,2,3,2,13,0,0,25
0,3,0,19,76,69,1,0,97,0,0,1,1,3,0,1,5,1,2,11
0,3,0,19,76,69,1,0,97,1,0,1,1,3,0,0,5,1,2,11
0,3,0,19,76,69,1,0,97,1,0,1,1,3,0,0,5,1,2,11
0,2,2,23,99,60,1,1,68,1,2,0,1,2,3,1,7,2,0,29
3,0,0,21,55,60,0,1,42,1,3,0,1,0,2,1,17,2,2,29
3,2,0,22,87,70,1,1,44,1,3,0,1,2,1,2,20,2,2,23
1,1,0,28,72,70,0,1,90,1,0,0,1,1,3,2,5,2,2,23
3,2,0,22,87,70,1,1,44,1,3,0,1,2,1,1,20,2,2,23
1,1,0,28,72,70,0,1,90,1,0,0,1,1,3,1,5,2,2,23
2,2,0,22,87,70,1,1,44,0,3,0,1,2,1,0,20,2,2,23
1,1,0,28,72,70,0,1,90,0,0,0,1,1,3,0,5,2,2,23
0,3,2,23,89,75,1,0,89,1,0,0,1,3,3,1,2,0,2,22
0,3,0,23,89,75,1,0,89,0,0,0,1,3,3,2,2,1,2,22
1,0,0,18,56,62,0,1,52,0,3,0,1,0,3,2,6,1,2,16
0,0,0,21,63,62,1,1,56,0,2,0,1,0,1,2,5,1,2,16
1,0,0,18,56,62,0,1,52,0,3,0,0,0,3,1,6,2,2,16
1,0,0,21,63,62,1,1,56,0,2,0,0,0,1,1,5,2,2,16
1,0,0,18,56,62,0,1,52,0,3,0,1,0,3,0,6,1,2,16
0,0,0,21,63,62,1,1,56,0,2,0,1,0,1,0,5,1,2,16
1,0,0,18,56,62,0,1,52,0,3,0,1,0,3,1,6,1,2,16
0,0,0,21,63,62,1,1,56,0,2,0,1,0,1,1,5,1,2,16
1,0,0,18,56,62,0,1,52,0,3,0,1,0,3,2,6,0,2,16
0,0,0,21,63,62,1,1,56,0,2,0,1,0,1,2,5,0,2,16
0,1,1,27,62,99,1,1,90,0,0,0,1,1,2,1,4,1,2,20
3,1,1,27,61,99,1,0,97,0,0,0,1,1,3,1,14,1,0,20
0,1,1,27,62,99,1,1,90,1,0,0,1,1,2,0,4,0,2,20
3,1,1,27,61,99,1,0,97,1,0,0,1,1,3,0,14,0,0,20
0,1,2,26,74,89,1,1,96,0,0,0,1,1,3,1,4,1,1,27
2,2,2,21,97,89,0,1,51,0,3,0,1,2,3,1,17,1,1,27
0,1,2,26,74,89,1,1,96,0,0,0,1,1,3,1,4,0,1,27
2,2,2,21,97,89,0,1,51,0,3,0,1,2,3,1,17,0,1,27
0,1,2,26,74,89,1,1,96,1,0,0,1,1,3,1,4,1,1,27
3,2,2,21,97,89,0,1,51,1,3,0,1,2,3,1,17,1,1,27
0,3,2,24,96,73,1,1,86,1,0,0,1,3,1,1,5,1,1,23
0,3,2,21,96,73,0,0,82,1,1,0,1,3,0,1,6,1,2,23
3,1,2,23,58,73,1,1,93,1,0,0,1,1,1,1,17,1,1,23
0,2,2,27,92,73,1,0,65,1,2,0,1,2,0,1,0,1,2,23
1,3,2,24,96,73,1,1,86,0,0,0,1,3,1,0,5,2,1,23
1,3,0,21,96,73,0,0,82,0,1,0,1,3,0,0,6,2,2,23
3,1,2,23,58,73,1,1,93,0,0,0,1,1,1,0,17,2,1,23
1,2,0,27,92,73,1,0,65,0,2,0,1,2,0,0,0,2,2,23
1,3,2,24,96,73,1,1,86,0,0,0,1,3,1,2,5,2,1,23
1,3,0,21,96,73,0,0,82,0,1,0,1,3,0,2,6,2,2,23
3,1,2,23,58,73,1,1,93,0,0,0,1,1,1,2,17,2,1,23
1,2,0,27,92,73,1,0,65,0,2,0,1,2,0,2,0,2,2,23
1,2,1,27,86,78,0,1,68,0,2,0,1,2,3,1,3,1,2,25
3,3,1,26,86,78,1,0,74,0,1,0,1,3,2,1,20,1,2,25
1,3,1,24,99,95,0,1,95,0,0,1,1,3,0,0,4,2,0,27
3,0,1,29,62,95,1,0,58,0,2,1,1,0,3,0,20,2,1,27
3,3,1,22,77,95,1,1,84,0,1,1,1,3,0,0,16,2,0,27
2,1,1,22,66,95,0,1,72,0,1,1,1,1,2,0,15,2,1,27
1,3,1,24,99,95,0,1,95,0,0,1,1,3,0,0,4,1,0,27
3,0,1,29,62,95,1,0,58,0,2,1,1,0,3,0,20,1,1,27
3,3,1,22,77,95,1,1,84,0,1,1,1,3,0,0,16,1,0,27
2,1,1,22,66,95,0,1,72,0,1,1,1,1,2,0,15,1,1,27
3,0,1,21,57,87,1,1,52,0,3,1,1,0,1,1,13,1,2,20
3,0,1,21,57,87,1,1,52,0,3,1,1,0,1,0,13,1,2,20
3,0,1,21,57,87,1,1,52,1,3,1,1,0,1,1,13,2,2,20
3,0,1,21,57,87,1,1,52,1,3,1,1,0,1,0,13,1,2,20
3,0,1,21,57,87,1,1,52,1,3,1,1,0,1,2,13,1,2,20
2,0,1,21,57,87,1,1,52,0,3,1,1,0,1,1,13,0,2,20
3,1,2,18,69,79,1,1,83,1,1,1,1,1,2,1,11,1,1,12
0,2,2,22,94,79,1,1,50,1,3,1,1,2,3,1,2,1,1,12
3,1,2,18,69,79,1,1,83,0,1,1,1,1,2,1,11,1,1,12
0,2,2,22,94,79,1,1,50,0,3,1,1,2,3,1,2,1,1,12
2,1,2,18,69,79,1,1,83,0,1,1,1,1,2,0,11,0,1,12
0,2,2,22,94,79,1,1,50,0,3,1,1,2,3,0,2,0,1,12
3,2,1,21,75,97,1,1,62,1,2,0,1,2,0,0,19,1,0,11
3,1,1,25,52,97,1,1,83,1,1,0,1,1,1,0,19,1,1,11
3,3,1,19,85,97,0,1,73,1,1,0,1,3,0,0,18,1,1,11
3,1,1,29,62,97,1,1,80,1,1,0,1,1,2,0,19,1,2,11
3,2,1,21,75,97,1,1,62,1,2,0,1,2,0,1,19,0,0,11
3,1,1,25,52,97,1,1,83,1,1,0,1,1,1,1,19,0,1,11
2,3,1,19,85,97,0,1,73,1,1,0,1,3,0,1,18,0,1,11
3,1,1,29,62,97,1,1,80,1,1,0,1,1,2,1,19,0,2,11
3,2,1,21,75,97,1,1,62,1,2,0,1,2,0,0,19,1,0,11
3,1,1,25,52,97,1,1,83,1,1,0,1,1,1,0,19,1,1,11
3,3,1,19,85,97,0,1,73,1,1,0,1,3,0,0,18,1,1,11
3,1,1,29,62,97,1,1,80,1,1,0,1,1,2,0,19,1,2,11
3,2,1,21,75,97,1,1,62,0,2,0,1,2,0,2,19,1,0,11
3,1,1,25,52,97,1,1,83,0,1,0,1,1,1,2,19,1,1,11
2,3,1,19,85,97,0,1,73,0,1,0,1,3,0,2,18,1,1,11
3,1,1,29,62,97,1,1,80,0,1,0,1,1,2,2,19,1,2,11
2,0,0,23,52,80,1,1,51,0,3,1,1,0,2,2,18,0,2,29
1,1,0,29,69,80,0,0,89,0,0,1,1,1,0,2,0,0,2,29
3,0,0,23,52,80,1,1,51,1,3,1,0,0,2,2,18,1,2,29
0,1,0,29,69,80,0,0,89,1,0,1,0,1,0,2,0,1,2,29
0,3,1,27,89,88,1,1,90,1,0,0,1,3,1,0,3,2,2,18
3,2,1,24,96,88,1,0,45,1,3,0,1,2,3,0,13,2,2,18
0,3,1,27,89,88,1,1,90,0,0,0,1,3,1,0,3,1,2,18
3,2,1,24,96,88,1,0,45,0,3,0,1,2,3,0,13,1,2,18
0,3,1,27,89,88,1,1,90,1,0,0,1,3,1,1,3,0,2,18
3,2,1,24,96,88,1,0,45,1,3,0,1,2,3,1,13,0,2,18
0,3,1,27,89,88,1,1,90,0,0,0,1,3,1,1,3,1,2,18
3,2,1,24,96,88,1,0,45,0,3,0,1,2,3,1,13,1,2,18
0,0,1,18,56,93,1,1,66,1,2,1,0,0,1,2,1,0,0,23
0,0,1,18,56,93,1,1,66,0,2,1,1,0,1,1,1,0,0,23
0,0,1,18,56,93,1,1,66,1,2,1,1,0,1,0,1,0,0,23
1,0,1,18,56,93,1,1,66,0,2,1,1,0,1,2,1,2,0,23
0,0,1,18,56,93,1,1,66,1,2,1,0,0,1,0,1,1,0,23
3,0,1,24,65,99,0,1,68,1,2,0,1,0,2,2,13,2,2,26
0,3,1,29,93,99,1,1,77,1,1,0,1,3,0,2,1,2,1,26
2,1,1,25,53,95,0,1,90,1,0,0,1,1,1,1,20,0,1,21
2,1,1,21,60,95,0,0,88,1,0,0,1,1,2,1,13,0,0,21
3,1,1,25,53,95,0,1,90,1,0,0,1,1,1,1,20,1,1,21
3,1,1,21,60,95,0,0,88,1,0,0,1,1,2,1,13,1,0,21
2,2,0,25,83,71,0,0,56,0,2,0,1,2,3,1,13,0,2,18
2,0,0,20,67,71,0,1,54,0,3,0,1,0,0,1,14,0,2,18
2,2,0,25,83,71,0,0,56,0,2,0,1,2,3,2,13,1,2,18
2,0,0,20,67,71,0,1,54,0,3,0,1,0,0,2,14,1,2,18
3,2,0,25,83,71,0,0,56,1,2,0,1,2,3,0,13,1,2,18
3,0,0,20,67,71,0,1,54,1,3,0,1,0,0,0,14,1,2,18
2,2,0,25,83,71,0,0,56,0,2,0,1,2,3,1,13,1,2,18
2,0,0,20,67,71,0,1,54,0,3,0,1,0,0,1,14,1,2,18
3,2,0,25,83,71,0,0,56,1,2,0,1,2,3,1,13,2,2,18
2,0,0,20,67,71,0,1,54,1,3,0,1,0,0,1,14,2,2,18
2,2,0,25,83,71,0,0,56,1,2,0,1,2,3,1,13,0,2,18
2,0,0,20,67,71,0,1,54,1,3,0,1,0,0,1,14,0,2,18
2,2,2,27,82,64,0,0,45,0,3,0,1,2,2,1,20,2,0,20
3,2,2,27,82,64,0,0,45,1,3,0,1,2,2,1,20,1,0,20
2,2,0,27,82,64,0,0,45,0,3,0,0,2,2,2,20,2,0,20
2,2,2,27,82,64,0,0,45,0,3,0,1,2,2,1,20,1,0,20
3,2,2,27,82,64,0,0,45,1,3,0,1,2,2,1,20,1,0,20
2,2,0,27,82,64,0,0,45,1,3,0,1,2,2,2,20,0,0,20
0,2,2,20,95,85,1,1,47,1,3,0,1,2,1,1,8,1,1,24
0,2,2,23,100,85,1,1,64,1,2,0,1,2,0,1,5,1,1,24
0,2,2,20,95,85,1,1,47,1,3,0,0,2,1,1,8,1,1,24
0,2,2,23,100,85,1,1,64,1,2,0,0,2,0,1,5,1,1,24
0,2,2,20,95,85,1,1,47,1,3,0,1,2,1,2,8,1,1,24
0,2,2,23,100,85,1,1,64,1,2,0,1,2,0,2,5,1,1,24
0,2,2,20,95,85,1,1,47,1,3,0,1,2,1,0,8,1,1,24
0,2,2,23,100,85,1,1,64,1,2,0,1,2,0,0,5,1,1,24
1,2,2,20,95,85,1,1,47,0,3,0,1,2,1,1,8,2,1,24
1,2,2,23,100,85,1,1,64,0,2,0,1,2,0,1,5,2,1,24
1,3,1,19,89,85,1,0,95,0,0,0,1,3,1,1,0,2,2,20
1,2,1,20,84,85,1,1,42,0,3,0,1,2,1,1,11,2,0,20
3,0,0,29,68,67,1,0,55,1,2,0,1,0,1,0,19,1,2,8
3,0,0,29,72,67,1,1,44,1,3,0,1,0,1,0,19,1,0,8
0,2,0,21,87,64,1,1,46,1,3,0,1,2,1,0,9,0,0,25
0,3,0,18,94,64,1,1,84,1,1,0,1,3,1,0,3,0,1,25
2,2,0,18,85,64,0,1,63,1,2,0,1,2,2,0,12,0,0,25
0,3,0,26,98,64,0,1,88,1,0,0,1,3,3,0,1,0,2,25
0,0,0,23,58,64,1,1,55,1,2,0,1,0,2,0,4,0,1,25
2,1,0,28,60,64,0,1,99,1,0,0,1,1,3,0,18,0,2,25
0,0,0,21,71,64,1,0,40,1,3,0,1,0,2,0,8,0,1,25
3,2,2,20,87,74,1,1,52,0,3,0,1,2,2,1,15,1,2,33
3,2,1,24,98,80,1,1,50,0,3,1,1,2,3,1,16,1,2,24
2,0,2,22,51,80,0,1,43,0,3,1,1,0,1,1,20,1,1,24
0,2,1,27,96,80,1,0,59,0,2,1,1,2,1,1,1,1,2,24
2,1,1,28,71,80,0,1,96,0,0,1,1,1,1,1,16,1,2,24
2,3,1,28,88,80,0,0,84,0,1,1,1,3,1,1,15,1,2,24
3,2,0,24,98,80,1,1,50,1,3,1,1,2,3,2,16,2,2,24
2,0,2,22,51,80,0,1,43,1,3,1,1,0,1,2,20,2,1,24
0,2,0,27,96,80,1,0,59,1,2,1,1,2,1,2,1,2,2,24
3,1,0,28,71,80,0,1,96,1,0,1,1,1,1,2,16,2,2,24
3,3,0,28,88,80,0,0,84,1,1,1,1,3,1,2,15,2,2,24
3,2,0,24,98,80,1,1,50,1,3,1,1,2,3,0,16,1,2,24
3,0,2,22,51,80,0,1,43,1,3,1,1,0,1,0,20,1,1,24
0,2,0,27,96,80,1,0,59,1,2,1,1,2,1,0,1,1,2,24
3,1,0,28,71,80,0,1,96,1,0,1,1,1,1,0,16,1,2,24
3,3,0,28,88,80,0,0,84,1,1,1,1,3,1,0,15,1,2,24
3,2,1,24,98,80,1,1,50,0,3,1,1,2,3,1,16,2,2,24
2,0,2,22,51,80,0,1,43,0,3,1,1,0,1,1,20,2,1,24
1,2,1,27,96,80,1,0,59,0,2,1,1,2,1,1,1,2,2,24
2,1,1,28,71,80,0,1,96,0,0,1,1,1,1,1,16,2,2,24
2,3,1,28,88,80,0,0,84,0,1,1,1,3,1,1,15,2,2,24
3,2,0,24,98,80,1,1,50,0,3,1,1,2,3,2,16,2,2,24
2,0,2,22,51,80,0,1,43,0,3,1,1,0,1,2,20,2,1,24
1,2,0,27,96,80,1,0,59,0,2,1,1,2,1,2,1,2,2,24
2,1,0,28,71,80,0,1,96,0,0,1,1,1,1,2,16,2,2,24
2,3,0,28,88,80,0,0,84,0,1,1,1,3,1,2,15,2,2,24
3,2,0,24,98,80,1,1,50,0,3,1,1,2,3,0,16,1,2,24
2,0,2,22,51,80,0,1,43,0,3,1,1,0,1,0,20,1,1,24
0,2,0,27,96,80,1,0,59,0,2,1,1,2,1,0,1,1,2,24
2,1,0,28,71,80,0,1,96,0,0,1,1,1,1,0,16,1,2,24
2,3,0,28,88,80,0,0,84,0,1,1,1,3,1,0,15,1,2,24
3,2,1,24,98,80,1,1,50,1,3,1,1,2,3,1,16,2,2,24
2,0,2,22,51,80,0,1,43,1,3,1,1,0,1,1,20,2,1,24
0,2,1,27,96,80,1,0,59,1,2,1,1,2,1,1,1,2,2,24
3,1,1,28,71,80,0,1,96,1,0,1,1,1,1,1,16,2,2,24
3,3,1,28,88,80,0,0,84,1,1,1,1,3,1,1,15,2,2,24
1,1,2,21,68,77,0,1,92,0,0,0,1,1,1,1,5,2,0,14
2,3,1,20,77,77,1,1,97,0,0,0,1,3,1,1,13,2,2,14
2,0,1,18,67,77,1,1,69,0,2,0,1,0,2,1,20,2,2,14
1,1,0,21,68,77,0,1,92,0,0,0,1,1,1,0,5,0,0,14
2,3,0,20,77,77,1,1,97,0,0,0,1,3,1,0,13,0,2,14
2,0,0,18,67,77,1,1,69,0,2,0,1,0,2,0,20,0,2,14
0,1,0,21,68,77,0,1,92,1,0,0,1,1,1,0,5,1,0,14
3,3,0,20,77,77,1,1,97,1,0,0,1,3,1,0,13,1,2,14
3,0,0,18,67,77,1,1,69,1,2,0,1,0,2,0,20,1,2,14
0,2,1,23,79,98,1,1,59,1,2,1,1,2,0,1,1,0,2,16
2,0,1,28,63,98,0,1,43,1,3,1,1,0,0,1,11,0,2,16
2,1,1,18,73,98,0,0,80,1,1,1,1,1,3,1,19,0,1,16
2,0,1,24,65,98,0,0,67,1,2,1,1,0,0,1,16,0,1,16
0,3,1,27,84,98,1,1,99,1,0,1,1,3,0,1,0,0,2,16
0,2,1,23,79,98,1,1,59,0,2,1,1,2,0,0,1,0,2,16
2,0,1,28,63,98,0,1,43,0,3,1,1,0,0,0,11,0,2,16
2,1,1,18,73,98,0,0,80,0,1,1,1,1,3,0,19,0,1,16
2,0,1,24,65,98,0,0,67,0,2,1,1,0,0,0,16,0,1,16
0,3,1,27,84,98,1,1,99,0,0,1,1,3,0,0,0,0,2,16
0,2,1,23,79,98,1,1,59,1,2,1,1,2,0,0,1,1,2,16
3,0,1,28,63,98,0,1,43,1,3,1,1,0,0,0,11,1,2,16
3,1,1,18,73,98,0,0,80,1,1,1,1,1,3,0,19,1,1,16
3,0,1,24,65,98,0,0,67,1,2,1,1,0,0,0,16,1,1,16
0,3,1,27,84,98,1,1,99,1,0,1,1,3,0,0,0,1,2,16
1,1,2,29,55,69,0,1,85,0,0,1,0,1,1,1,3,1,1,31
2,2,0,20,98,69,0,1,64,0,2,1,0,2,1,1,20,1,2,31
0,1,2,29,55,69,0,1,85,1,0,1,1,1,1,1,3,0,1,31
2,2,0,20,98,69,0,1,64,1,2,1,1,2,1,1,20,0,2,31
0,1,0,29,55,69,0,1,85,1,0,1,1,1,1,0,3,0,1,31
2,2,0,20,98,69,0,1,64,1,2,1,1,2,1,0,20,0,2,31
2,2,0,18,85,81,0,1,57,0,2,0,0,2,1,0,16,2,0,19
1,3,0,20,76,81,1,1,74,0,1,0,0,3,2,0,2,2,2,19
2,2,2,18,85,81,0,1,57,0,2,0,1,2,1,1,16,1,0,19
0,3,1,20,76,81,1,1,74,0,1,0,1,3,2,1,2,1,2,19
2,2,2,18,85,81,0,1,57,1,2,0,0,2,1,1,16,2,0,19
0,3,1,20,76,81,1,1,74,1,1,0,0,3,2,1,2,2,2,19
2,2,2,18,85,81,0,1,57,0,2,0,1,2,1,1,16,2,0,19
1,3,1,20,76,81,1,1,74,0,1,0,1,3,2,1,2,2,2,19
0,2,2,29,86,89,0,1,40,1,3,1,1,2,0,0,4,1,1,21
0,2,2,29,86,89,0,1,40,1,3,1,1,2,0,1,4,0,1,21
1,2,2,29,86,89,0,1,40,1,3,1,1,2,0,1,4,2,1,21
1,2,2,29,86,89,0,1,40,0,3,1,1,2,0,1,4,1,1,21
1,2,2,29,86,89,0,1,40,0,3,1,1,2,0,0,4,1,1,21
2,3,1,23,86,97,0,1,77,1,1,1,1,3,0,1,11,0,2,23
2,1,1,29,55,97,0,1,76,1,1,1,1,1,1,1,17,0,1,23
2,1,1,20,60,97,0,1,99,1,0,1,1,1,2,1,9,0,0,23
1,3,1,23,86,97,0,1,77,1,1,1,1,3,0,0,11,2,2,23
3,1,1,29,55,97,0,1,76,1,1,1,1,1,1,0,17,2,1,23
1,1,1,20,60,97,0,1,99,1,0,1,1,1,2,0,9,2,0,23
1,3,1,23,86,97,0,1,77,0,1,1,0,3,0,1,11,2,2,23
2,1,1,29,55,97,0,1,76,0,1,1,0,1,1,1,17,2,1,23
1,1,1,20,60,97,0,1,99,0,0,1,0,1,2,1,9,2,0,23
3,3,1,23,86,97,0,1,77,1,1,1,1,3,0,1,11,1,2,23
3,1,1,29,55,97,0,1,76,1,1,1,1,1,1,1,17,1,1,23
0,1,1,20,60,97,0,1,99,1,0,1,1,1,2,1,9,1,0,23
1,3,1,23,86,97,0,1,77,1,1,1,0,3,0,0,11,2,2,23
3,1,1,29,55,97,0,1,76,1,1,1,0,1,1,0,17,2,1,23
1,1,1,20,60,97,0,1,99,1,0,1,0,1,2,0,9,2,0,23
2,3,1,23,86,97,0,1,77,1,1,1,1,3,0,2,11,0,2,23
2,1,1,29,55,97,0,1,76,1,1,1,1,1,1,2,17,0,1,23
2,1,1,20,60,97,0,1,99,1,0,1,1,1,2,2,9,0,0,23
1,3,1,23,86,97,0,1,77,1,1,1,1,3,0,0,11,2,2,23
3,1,1,29,55,97,0,1,76,1,1,1,1,1,1,0,17,2,1,23
1,1,1,20,60,97,0,1,99,1,0,1,1,1,2,0,9,2,0,23
1,3,1,23,86,97,0,1,77,1,1,1,1,3,0,1,11,2,2,23
3,1,1,29,55,97,0,1,76,1,1,1,1,1,1,1,17,2,1,23
1,1,1,20,60,97,0,1,99,1,0,1,1,1,2,1,9,2,0,23
3,2,0,18,100,75,1,0,55,1,2,1,1,2,1,0,12,1,2,21
0,0,0,25,56,75,1,1,56,1,2,1,1,0,1,0,2,1,2,21
3,2,0,25,86,75,1,0,56,1,2,1,1,2,2,0,12,1,2,21
3,0,2,20,69,75,0,0,49,1,3,1,1,0,1,0,10,1,1,21
0,1,2,19,50,75,1,1,90,1,0,1,1,1,3,0,9,1,1,21
3,2,2,18,100,75,1,0,55,1,2,1,1,2,1,1,12,2,2,21
0,0,2,25,56,75,1,1,56,1,2,1,1,0,1,1,2,2,2,21
3,2,2,25,86,75,1,0,56,1,2,1,1,2,2,1,12,2,2,21
1,0,2,20,69,75,0,0,49,1,3,1,1,0,1,1,10,2,1,21
0,1,2,19,50,75,1,1,90,1,0,1,1,1,3,1,9,2,1,21
3,2,0,18,100,75,1,0,55,1,2,1,1,2,1,2,12,0,2,21
0,0,0,25,56,75,1,1,56,1,2,1,1,0,1,2,2,0,2,21
3,2,0,25,86,75,1,0,56,1,2,1,1,2,2,2,12,0,2,21
2,0,2,20,69,75,0,0,49,1,3,1,1,0,1,2,10,0,1,21
0,1,2,19,50,75,1,1,90,1,0,1,1,1,3,2,9,0,1,21
3,2,2,18,100,75,1,0,55,1,2,1,1,2,1,1,12,1,2,21
0,0,2,25,56,75,1,1,56,1,2,1,1,0,1,1,2,1,2,21
3,2,2,25,86,75,1,0,56,1,2,1,1,2,2,1,12,1,2,21
3,0,2,20,69,75,0,0,49,1,3,1,1,0,1,1,10,1,1,21
0,1,2,19,50,75,1,1,90,1,0,1,1,1,3,1,9,1,1,21
3,2,2,18,100,75,1,0,55,1,2,1,1,2,1,1,12,0,2,21
0,0,2,25,56,75,1,1,56,1,2,1,1,0,1,1,2,0,2,21
3,2,2,25,86,75,1,0,56,1,2,1,1,2,2,1,12,0,2,21
2,0,2,20,69,75,0,0,49,1,3,1,1,0,1,1,10,0,1,21
0,1,2,19,50,75,1,1,90,1,0,1,1,1,3,1,9,0,1,21
1,3,2,26,85,64,0,1,74,0,1,0,1,3,3,2,2,1,1,34
3,2,0,25,94,72,1,1,61,0,2,0,0,2,2,0,13,2,1,21
1,3,0,23,84,72,0,0,89,0,0,0,0,3,2,0,3,2,2,21
3,2,0,25,94,72,1,1,61,1,2,0,1,2,2,0,13,2,1,21
1,3,0,23,84,72,0,0,89,1,0,0,1,3,2,0,3,2,2,21
3,2,0,25,94,72,1,1,61,1,2,0,1,2,2,0,13,0,1,21
0,3,0,23,84,72,0,0,89,1,0,0,1,3,2,0,3,0,2,21
0,0,0,27,66,66,1,1,47,0,3,0,1,0,3,1,8,1,2,26
2,1,2,24,57,66,0,1,88,0,0,0,1,1,3,1,14,1,1,26
1,3,2,22,90,66,0,0,83,0,1,0,1,3,3,1,0,1,0,26
0,0,0,27,66,66,1,1,47,1,3,0,1,0,3,2,8,1,2,26
3,1,2,24,57,66,0,1,88,1,0,0,1,1,3,2,14,1,1,26
0,3,0,22,90,66,0,0,83,1,1,0,1,3,3,2,0,1,0,26
1,0,0,27,66,66,1,1,47,0,3,0,1,0,3,2,8,2,2,26
2,1,2,24,57,66,0,1,88,0,0,0,1,1,3,2,14,2,1,26
1,3,0,22,90,66,0,0,83,0,1,0,1,3,3,2,0,2,0,26
0,0,0,27,66,66,1,1,47,1,3,0,1,0,3,1,8,2,2,26
3,1,2,24,57,66,0,1,88,1,0,0,1,1,3,1,14,2,1,26
1,3,2,22,90,66,0,0,83,1,1,0,1,3,3,1,0,2,0,26
2,1,0,26,55,82,0,1,88,0,0,1,1,1,1,0,16,2,2,27
1,0,2,27,69,82,1,0,44,0,3,1,1,0,1,0,11,2,1,27
3,0,2,27,73,82,1,1,47,0,3,1,1,0,3,0,17,2,1,27
1,0,2,19,62,82,0,0,56,0,2,1,1,0,3,0,1,2,1,27
3,1,0,26,55,82,0,1,88,1,0,1,1,1,1,0,16,1,2,27
3,0,2,27,69,82,1,0,44,1,3,1,1,0,1,0,11,1,1,27
3,0,2,27,73,82,1,1,47,1,3,1,1,0,3,0,17,1,1,27
0,0,2,19,62,82,0,0,56,1,2,1,1,0,3,0,1,1,1,27
3,1,0,26,55,82,0,1,88,1,0,1,0,1,1,0,16,1,2,27
3,0,2,27,69,82,1,0,44,1,3,1,0,0,1,0,11,1,1,27
3,0,2,27,73,82,1,1,47,1,3,1,0,0,3,0,17,1,1,27
0,0,2,19,62,82,0,0,56,1,2,1,0,0,3,0,1,1,1,27
2,1,1,26,55,82,0,1,88,0,0,1,1,1,1,2,16,1,2,27
3,0,2,27,69,82,1,0,44,0,3,1,1,0,1,2,11,1,1,27
3,0,2,27,73,82,1,1,47,0,3,1,1,0,3,2,17,1,1,27
1,0,2,19,62,82,0,0,56,0,2,1,1,0,3,2,1,1,1,27
2,1,1,26,55,82,0,1,88,1,0,1,1,1,1,1,16,0,2,27
3,0,2,27,69,82,1,0,44,1,3,1,1,0,1,1,11,0,1,27
3,0,2,27,73,82,1,1,47,1,3,1,1,0,3,1,17,0,1,27
0,0,2,19,62,82,0,0,56,1,2,1,1,0,3,1,1,0,1,27
3,3,2,21,95,81,1,0,99,0,0,1,1,3,3,1,17,1,1,27
0,1,2,18,59,81,1,1,98,0,0,1,1,1,2,1,5,1,0,27
1,3,2,25,89,81,0,1,94,0,0,1,1,3,2,1,7,1,0,27
3,3,2,21,95,81,1,0,99,1,0,1,1,3,3,1,17,0,1,27
0,1,2,18,59,81,1,1,98,1,0,1,1,1,2,1,5,0,0,27
1,3,2,25,89,81,0,1,94,1,0,1,1,3,2,1,7,0,0,27
3,3,2,21,95,81,1,0,99,0,0,1,1,3,3,0,17,2,1,27
1,1,0,18,59,81,1,1,98,0,0,1,1,1,2,0,5,2,0,27
1,3,0,25,89,81,0,1,94,0,0,1,1,3,2,0,7,2,0,27
3,3,1,25,95,88,1,1,82,1,1,0,1,3,2,0,20,0,0,13
3,3,1,25,95,88,1,1,82,0,1,0,1,3,2,0,20,1,0,13
3,3,1,25,95,88,1,1,82,1,1,0,1,3,2,1,20,1,0,13
3,3,1,25,95,88,1,1,82,1,1,0,1,3,2,2,20,1,0,13
0,3,0,18,76,85,1,1,83,1,1,0,1,3,1,0,2,1,0,30
3,1,0,29,57,85,1,0,72,1,1,0,1,1,1,0,16,1,2,30
0,1,0,28,72,85,1,0,73,1,1,0,1,1,3,0,1,1,0,30
3,3,0,28,99,85,1,1,92,1,0,0,1,3,1,0,10,1,2,30
0,0,0,19,53,85,1,0,52,1,3,0,1,0,2,0,7,1,2,30
0,3,1,18,76,85,1,1,83,1,1,0,1,3,1,2,2,0,0,30
3,1,1,29,57,85,1,0,72,1,1,0,1,1,1,2,16,0,2,30
0,1,1,28,72,85,1,0,73,1,1,0,1,1,3,2,1,0,0,30
3,3,1,28,99,85,1,1,92,1,0,0,1,3,1,2,10,0,2,30
0,0,1,19,53,85,1,0,52,1,3,0,1,0,2,2,7,0,2,30
0,3,1,18,76,85,1,1,83,0,1,0,1,3,1,1,2,1,0,30
3,1,1,29,57,85,1,0,72,0,1,0,1,1,1,1,16,1,2,30
0,1,1,28,72,85,1,0,73,0,1,0,1,1,3,1,1,1,0,30
3,3,1,28,99,85,1,1,92,0,0,0,1,3,1,1,10,1,2,30
0,0,1,19,53,85,1,0,52,0,3,0,1,0,2,1,7,1,2,30
0,3,0,18,76,85,1,1,83,0,1,0,1,3,1,0,2,1,0,30
3,1,0,29,57,85,1,0,72,0,1,0,1,1,1,0,16,1,2,30
0,1,0,28,72,85,1,0,73,0,1,0,1,1,3,0,1,1,0,30
3,3,0,28,99,85,1,1,92,0,0,0,1,3,1,0,10,1,2,30
0,0,0,19,53,85,1,0,52,0,3,0,1,0,2,0,7,1,2,30
3,2,0,19,78,68,0,1,60,1,2,1,1,2,2,1,10,1,2,13
0,2,2,25,88,68,0,1,54,1,3,1,1,2,0,1,9,1,1,13
3,3,0,27,93,68,0,1,90,1,0,1,1,3,3,1,17,1,2,13
2,2,0,19,78,68,0,1,60,1,2,1,1,2,2,1,10,0,2,13
2,2,2,25,88,68,0,1,54,1,3,1,1,2,0,1,9,0,1,13
2,3,0,27,93,68,0,1,90,1,0,1,1,3,3,1,17,0,2,13
3,2,0,19,78,68,0,1,60,1,2,1,1,2,2,1,10,1,2,13
0,2,2,25,88,68,0,1,54,1,3,1,1,2,0,1,9,1,1,13
3,3,0,27,93,68,0,1,90,1,0,1,1,3,3,1,17,1,2,13
3,0,1,21,60,98,1,1,44,1,3,1,1,0,2,2,10,0,2,30
3,0,1,21,60,98,1,1,44,1,3,1,1,0,2,1,10,0,2,30
1,0,1,21,60,98,1,1,44,0,3,1,1,0,2,2,10,2,2,30
3,0,1,21,60,98,1,1,44,0,3,1,1,0,2,2,10,1,2,30
3,0,1,21,60,98,1,1,44,1,3,1,1,0,2,1,10,1,2,30
3,0,2,22,62,87,1,1,66,0,2,0,1,0,2,1,13,2,1,23
1,2,1,22,81,87,1,1,53,0,3,0,1,2,2,1,1,2,2,23
2,0,2,22,62,87,1,1,66,0,2,0,1,0,2,0,13,0,1,23
0,2,1,22,81,87,1,1,53,0,3,0,1,2,2,0,1,0,2,23
3,0,2,22,62,87,1,1,66,0,2,0,1,0,2,2,13,2,1,23
1,2,1,22,81,87,1,1,53,0,3,0,1,2,2,2,1,2,2,23
3,0,2,22,62,87,1,1,66,1,2,0,1,0,2,2,13,2,1,23
0,2,1,22,81,87,1,1,53,1,3,0,1,2,2,2,1,2,2,23
3,0,2,22,62,87,1,1,66,0,2,0,1,0,2,1,13,1,1,23
0,2,1,22,81,87,1,1,53,0,3,0,1,2,2,1,1,1,2,23
3,0,2,22,62,87,1,1,66,1,2,0,1,0,2,1,13,0,1,23
0,2,1,22,81,87,1,1,53,1,3,0,1,2,2,1,1,0,2,23
3,1,0,19,53,78,0,1,73,1,1,0,1,1,2,0,15,2,2,26
3,0,2,18,65,78,1,1,48,1,3,0,1,0,1,0,14,2,1,26
1,1,0,20,59,78,0,1,71,1,1,0,1,1,0,0,5,2,2,26
3,2,2,25,78,78,0,0,66,1,2,0,1,2,0,0,13,2,1,26
3,1,1,19,53,78,0,1,73,1,1,0,0,1,2,1,15,2,2,26
3,0,2,18,65,78,1,1,48,1,3,0,0,0,1,1,14,2,1,26
1,1,1,20,59,78,0,1,71,1,1,0,0,1,0,1,5,2,2,26
3,2,2,25,78,78,0,0,66,1,2,0,0,2,0,1,13,2,1,26
2,1,1,19,53,78,0,1,73,0,1,0,1,1,2,1,15,1,2,26
3,0,2,18,65,78,1,1,48,0,3,0,1,0,1,1,14,1,1,26
1,1,1,20,59,78,0,1,71,0,1,0,1,1,0,1,5,1,2,26
2,2,2,25,78,78,0,0,66,0,2,0,1,2,0,1,13,1,1,26
2,1,1,19,53,78,0,1,73,0,1,0,1,1,2,1,15,1,2,26
3,0,2,18,65,78,1,1,48,0,3,0,1,0,1,1,14,1,1,26
1,1,1,20,59,78,0,1,71,0,1,0,1,1,0,1,5,1,2,26
2,2,2,25,78,78,0,0,66,0,2,0,1,2,0,1,13,1,1,26
1,2,1,28,89,96,0,1,46,1,3,1,0,2,2,0,0,2,2,27
0,2,1,28,89,96,0,1,46,1,3,1,1,2,2,1,0,0,2,27
1,2,1,28,89,96,0,1,46,0,3,1,1,2,2,1,0,1,2,27
3,1,0,21,72,64,1,0,92,1,0,1,1,1,1,1,11,0,2,13
3,1,0,21,72,64,1,0,92,1,0,1,1,1,1,0,11,2,2,13
3,1,0,21,72,64,1,0,92,1,0,1,1,1,1,2,11,0,2,13
3,1,0,21,72,64,1,0,92,1,0,1,1,1,1,1,11,2,2,13
2,3,2,21,85,63,1,0,87,0,0,0,1,3,0,1,18,2,1,18
2,2,0,27,93,63,1,0,54,0,3,0,1,2,1,1,18,2,2,18
2,3,2,21,85,63,1,0,87,0,0,0,1,3,0,1,18,2,1,18
2,2,0,27,93,63,1,0,54,0,3,0,1,2,1,1,18,2,2,18
2,3,2,21,85,63,1,0,87,0,0,0,1,3,0,1,18,0,1,18
2,2,0,27,93,63,1,0,54,0,3,0,1,2,1,1,18,0,2,18
3,3,2,21,85,63,1,0,87,1,0,0,1,3,0,1,18,2,1,18
3,2,0,27,93,63,1,0,54,1,3,0,1,2,1,1,18,2,2,18
3,3,0,21,85,63,1,0,87,1,0,0,1,3,0,0,18,1,1,18
3,2,0,27,93,63,1,0,54,1,3,0,1,2,1,0,18,1,2,18
0,2,1,21,98,97,1,1,71,0,1,0,1,2,1,0,3,1,2,28
0,2,1,21,98,97,1,1,71,1,1,0,1,2,1,0,3,0,2,28
2,0,2,19,57,75,0,0,45,0,3,1,1,0,3,2,18,1,0,19
1,0,0,28,57,75,0,0,48,0,3,1,1,0,3,2,1,1,2,19
2,0,2,19,57,75,0,0,45,1,3,1,1,0,3,2,18,2,0,19
1,0,0,28,57,75,0,0,48,1,3,1,1,0,3,2,1,2,2,19
2,0,0,19,57,75,0,0,45,0,3,1,1,0,3,0,18,1,0,19
1,0,0,28,57,75,0,0,48,0,3,1,1,0,3,0,1,1,2,19
3,0,0,19,57,75,0,0,45,1,3,1,1,0,3,0,18,1,0,19
0,0,0,28,57,75,0,0,48,1,3,1,1,0,3,0,1,1,2,19
0,2,0,22,93,78,1,1,67,0,2,0,1,2,3,0,3,1,2,20
0,0,0,21,51,78,1,0,57,0,2,0,1,0,1,0,9,1,2,20
1,1,0,19,51,78,0,1,88,0,0,0,1,1,1,0,10,1,0,20
0,2,1,22,93,78,1,1,67,1,2,0,1,2,3,1,3,2,2,20
0,0,1,21,51,78,1,0,57,1,2,0,1,0,1,1,9,2,2,20
1,1,2,19,51,78,0,1,88,1,0,0,1,1,1,1,10,2,0,20
0,2,0,22,93,78,1,1,67,0,2,0,0,2,3,2,3,1,2,20
0,0,0,21,51,78,1,0,57,0,2,0,0,0,1,2,9,1,2,20
1,1,2,19,51,78,0,1,88,0,0,0,0,1,1,2,10,1,0,20
0,2,1,22,93,78,1,1,67,0,2,0,1,2,3,1,3,0,2,20
2,0,1,21,51,78,1,0,57,0,2,0,1,0,1,1,9,0,2,20
2,1,2,19,51,78,0,1,88,0,0,0,1,1,1,1,10,0,0,20
0,3,1,27,75,85,1,0,82,1,1,0,0,3,0,1,2,2,2,13
3,0,2,28,75,85,1,0,53,1,3,0,0,0,1,1,18,2,1,13
0,3,1,27,75,85,1,0,82,1,1,0,1,3,0,1,2,0,2,13
3,0,2,28,75,85,1,0,53,1,3,0,1,0,1,1,18,0,1,13
0,3,1,27,75,85,1,0,82,1,1,0,1,3,0,1,2,2,2,13
3,0,2,28,75,85,1,0,53,1,3,0,1,0,1,1,18,2,1,13
0,3,1,27,75,85,1,0,82,1,1,0,1,3,0,1,2,2,2,13
3,0,2,28,75,85,1,0,53,1,3,0,1,0,1,1,18,2,1,13
0,3,1,27,75,85,1,0,82,1,1,0,1,3,0,2,2,2,2,13
3,0,2,28,75,85,1,0,53,1,3,0,1,0,1,2,18,2,1,13
3,2,0,27,75,61,1,1,63,0,2,1,1,2,0,0,17,2,0,30
2,3,0,26,89,67,1,1,73,0,1,0,1,3,1,0,16,2,1,14
1,3,0,19,91,67,0,1,77,0,1,0,1,3,1,0,2,2,2,14
2,3,0,29,78,67,1,1,77,0,1,0,1,3,0,0,19,2,2,14
2,3,0,21,75,67,1,1,86,0,0,0,1,3,0,0,13,2,2,14
2,3,0,29,78,67,1,1,82,0,1,0,1,3,1,0,15,2,0,14
2,3,2,26,89,67,1,1,73,0,1,0,1,3,1,1,16,0,1,14
1,3,0,19,91,67,0,1,77,0,1,0,1,3,1,1,2,0,2,14
2,3,0,29,78,67,1,1,77,0,1,0,1,3,0,1,19,0,2,14
2,3,0,21,75,67,1,1,86,0,0,0,1,3,0,1,13,0,2,14
2,3,2,29,78,67,1,1,82,0,1,0,1,3,1,1,15,0,0,14
3,3,0,26,89,67,1,1,73,1,1,0,1,3,1,0,16,0,1,14
0,3,0,19,91,67,0,1,77,1,1,0,1,3,1,0,2,0,2,14
3,3,0,29,78,67,1,1,77,1,1,0,1,3,0,0,19,0,2,14
3,3,0,21,75,67,1,1,86,1,0,0,1,3,0,0,13,0,2,14
3,3,0,29,78,67,1,1,82,1,1,0,1,3,1,0,15,0,0,14
3,3,2,26,89,67,1,1,73,1,1,0,0,3,1,1,16,1,1,14
0,3,0,19,91,67,0,1,77,1,1,0,0,3,1,1,2,1,2,14
3,3,0,29,78,67,1,1,77,1,1,0,0,3,0,1,19,1,2,14
3,3,0,21,75,67,1,1,86,1,0,0,0,3,0,1,13,1,2,14
3,3,2,29,78,67,1,1,82,1,1,0,0,3,1,1,15,1,0,14
2,0,2,26,61,74,1,1,52,0,3,1,1,0,3,2,13,2,1,7
3,0,2,26,61,74,1,1,52,0,3,1,1,0,3,2,13,1,1,7
2,1,2,18,72,74,1,0,93,0,0,0,1,1,0,2,15,0,1,16
2,0,2,21,59,74,1,1,46,0,3,0,1,0,1,2,17,0,0,16
3,1,2,18,72,74,1,0,93,1,0,0,1,1,0,0,15,1,1,16
3,0,0,21,59,74,1,1,46,1,3,0,1,0,1,0,17,1,0,16
3,1,2,18,72,74,1,0,93,1,0,0,1,1,0,1,15,2,1,16
3,0,2,21,59,74,1,1,46,1,3,0,1,0,1,1,17,2,0,16
3,1,2,18,72,74,1,0,93,1,0,0,1,1,0,0,15,2,1,16
3,0,0,21,59,74,1,1,46,1,3,0,1,0,1,0,17,2,0,16
3,1,2,18,72,74,1,0,93,1,0,0,1,1,0,1,15,0,1,16
3,0,2,21,59,74,1,1,46,1,3,0,1,0,1,1,17,0,0,16
3,1,2,18,72,74,1,0,93,0,0,0,1,1,0,1,15,1,1,16
3,0,2,21,59,74,1,1,46,0,3,0,1,0,1,1,17,1,0,16
1,0,1,26,50,79,0,1,67,0,2,0,1,0,3,1,8,2,2,12
1,0,0,26,50,79,0,1,67,0,2,0,1,0,3,2,8,1,2,12
0,0,0,26,50,79,0,1,67,1,2,0,1,0,3,0,8,1,2,12
2,1,2,29,64,73,0,1,94,0,0,1,1,1,0,1,12,1,1,30
3,1,2,25,65,73,1,0,91,0,0,1,1,1,0,1,18,1,1,30
0,1,2,27,65,73,1,1,79,0,1,1,1,1,2,1,5,1,0,30
0,1,2,28,74,73,1,1,89,0,0,1,1,1,1,1,4,1,2,30
3,3,2,22,89,73,1,1,73,0,1,1,1,3,2,1,16,1,2,30
3,1,2,29,64,73,0,1,94,1,0,1,1,1,0,0,12,1,1,30
3,1,2,25,65,73,1,0,91,1,0,1,1,1,0,0,18,1,1,30
0,1,0,27,65,73,1,1,79,1,1,1,1,1,2,0,5,1,0,30
0,1,0,28,74,73,1,1,89,1,0,1,1,1,1,0,4,1,2,30
3,3,0,22,89,73,1,1,73,1,1,1,1,3,2,0,16,1,2,30
1,1,0,28,52,64,1,1,87,0,0,1,1,1,0,0,12,2,1,26
1,1,0,27,53,64,1,1,84,0,1,1,1,1,1,0,2,2,1,26
3,1,2,28,52,64,1,1,87,0,0,1,1,1,0,2,12,1,1,26
0,1,2,27,53,64,1,1,84,0,1,1,1,1,1,2,2,1,1,26
1,1,2,28,52,64,1,1,87,0,0,1,1,1,0,1,12,2,1,26
1,1,2,27,53,64,1,1,84,0,1,1,1,1,1,1,2,2,1,26
3,1,2,28,52,64,1,1,87,0,0,1,1,1,0,1,12,1,1,26
0,1,2,27,53,64,1,1,84,0,1,1,1,1,1,1,2,1,1,26
3,1,0,28,52,64,1,1,87,1,0,1,1,1,0,0,12,0,1,26
0,1,0,27,53,64,1,1,84,1,1,1,1,1,1,0,2,0,1,26
1,1,2,28,52,64,1,1,87,0,0,1,1,1,0,1,12,2,1,26
1,1,2,27,53,64,1,1,84,0,1,1,1,1,1,1,2,2,1,26
3,1,2,28,52,64,1,1,87,1,0,1,1,1,0,2,12,1,1,26
0,1,2,27,53,64,1,1,84,1,1,1,1,1,1,2,2,1,1,26
3,1,2,28,52,64,1,1,87,1,0,1,0,1,0,1,12,2,1,26
0,1,2,27,53,64,1,1,84,1,1,1,0,1,1,1,2,2,1,26
2,1,0,29,57,66,0,1,70,0,1,1,1,1,3,0,20,0,0,16
2,3,0,26,82,66,0,0,81,0,1,1,1,3,1,0,13,0,2,16
1,0,0,25,66,66,1,0,64,0,2,1,1,0,3,0,7,0,2,16
3,1,2,29,57,66,0,1,70,1,1,1,1,1,3,1,20,1,0,16
3,3,0,26,82,66,0,0,81,1,1,1,1,3,1,1,13,1,2,16
0,0,0,25,66,66,1,0,64,1,2,1,1,0,3,1,7,1,2,16
2,1,2,29,57,66,0,1,70,0,1,1,1,1,3,1,20,1,0,16
2,3,0,26,82,66,0,0,81,0,1,1,1,3,1,1,13,1,2,16
0,0,0,25,66,66,1,0,64,0,2,1,1,0,3,1,7,1,2,16
3,1,0,29,57,66,0,1,70,1,1,1,1,1,3,0,20,1,0,16
3,3,0,26,82,66,0,0,81,1,1,1,1,3,1,0,13,1,2,16
0,0,0,25,66,66,1,0,64,1,2,1,1,0,3,0,7,1,2,16
2,1,2,29,57,66,0,1,70,0,1,1,1,1,3,1,20,2,0,16
2,3,0,26,82,66,0,0,81,0,1,1,1,3,1,1,13,2,2,16
1,0,0,25,66,66,1,0,64,0,2,1,1,0,3,1,7,2,2,16
2,1,0,29,57,66,0,1,70,0,1,1,0,1,3,2,20,2,0,16
2,3,0,26,82,66,0,0,81,0,1,1,0,3,1,2,13,2,2,16
1,0,0,25,66,66,1,0,64,0,2,1,0,0,3,2,7,2,2,16
3,1,2,29,57,66,0,1,70,1,1,1,1,1,3,1,20,1,0,16
3,3,0,26,82,66,0,0,81,1,1,1,1,3,1,1,13,1,2,16
0,0,0,25,66,66,1,0,64,1,2,1,1,0,3,1,7,1,2,16
3,1,0,29,57,66,0,1,70,1,1,1,1,1,3,0,20,1,0,16
3,3,0,26,82,66,0,0,81,1,1,1,1,3,1,0,13,1,2,16
0,0,0,25,66,66,1,0,64,1,2,1,1,0,3,0,7,1,2,16
3,1,0,29,57,66,0,1,70,1,1,1,1,1,3,2,20,1,0,16
3,3,0,26,82,66,0,0,81,1,1,1,1,3,1,2,13,1,2,16
0,0,0,25,66,66,1,0,64,1,2,1,1,0,3,2,7,1,2,16
3,3,2,28,97,61,1,1,80,0,1,1,1,3,3,1,11,1,1,34
1,0,2,20,53,61,0,1,60,0,2,1,1,0,1,1,10,1,1,34
3,0,0,21,69,61,1,1,52,0,3,1,1,0,1,1,15,1,2,34
0,0,2,29,51,61,1,1,64,0,2,1,1,0,3,1,9,1,1,34
3,3,2,28,97,61,1,1,80,1,1,1,1,3,3,2,11,1,1,34
3,0,2,20,53,61,0,1,60,1,2,1,1,0,1,2,10,1,1,34
3,0,0,21,69,61,1,1,52,1,3,1,1,0,1,2,15,1,2,34
0,0,2,29,51,61,1,1,64,1,2,1,1,0,3,2,9,1,1,34
2,2,1,25,93,79,1,1,47,0,3,1,1,2,2,1,13,0,2,26
2,3,2,29,90,79,1,1,75,0,1,1,1,3,2,1,20,0,1,26
1,3,2,27,89,79,0,1,76,0,1,1,1,3,3,1,0,0,1,26
1,1,2,25,55,79,0,0,83,0,1,1,1,1,3,1,7,0,0,26
3,2,1,25,93,79,1,1,47,0,3,1,1,2,2,1,13,2,2,26
3,3,2,29,90,79,1,1,75,0,1,1,1,3,2,1,20,2,1,26
1,3,2,27,89,79,0,1,76,0,1,1,1,3,3,1,0,2,1,26
1,1,2,25,55,79,0,0,83,0,1,1,1,1,3,1,7,2,0,26
2,2,1,25,93,79,1,1,47,0,3,1,1,2,2,1,13,0,2,26
2,3,2,29,90,79,1,1,75,0,1,1,1,3,2,1,20,0,1,26
1,3,2,27,89,79,0,1,76,0,1,1,1,3,3,1,0,0,1,26
1,1,2,25,55,79,0,0,83,0,1,1,1,1,3,1,7,0,0,26
3,2,1,25,93,79,1,1,47,1,3,1,1,2,2,1,13,0,2,26
3,3,2,29,90,79,1,1,75,1,1,1,1,3,2,1,20,0,1,26
0,3,2,27,89,79,0,1,76,1,1,1,1,3,3,1,0,0,1,26
1,1,2,25,55,79,0,0,83,1,1,1,1,1,3,1,7,0,0,26
3,2,0,25,93,79,1,1,47,1,3,1,0,2,2,0,13,2,2,26
3,3,2,29,90,79,1,1,75,1,1,1,0,3,2,0,20,2,1,26
1,3,2,27,89,79,0,1,76,1,1,1,0,3,3,0,0,2,1,26
1,1,0,25,55,79,0,0,83,1,1,1,0,1,3,0,7,2,0,26
1,0,1,26,72,98,1,1,48,0,3,1,1,0,0,1,8,0,2,18
0,0,1,26,72,98,1,1,48,1,3,1,1,0,0,1,8,2,2,18
1,0,1,26,72,98,1,1,48,0,3,1,1,0,0,1,8,0,2,18
0,0,1,26,72,98,1,1,48,1,3,1,1,0,0,1,8,1,2,18
0,0,1,26,72,98,1,1,48,0,3,1,1,0,0,1,8,1,2,18
0,0,1,26,72,98,1,1,48,1,3,1,1,0,0,1,8,2,2,18
0,0,1,26,72,98,1,1,48,0,3,1,1,0,0,0,8,1,2,18
0,0,1,26,72,98,1,1,48,1,3,1,1,0,0,0,8,0,2,18
1,0,1,26,72,98,1,1,48,0,3,1,1,0,0,1,8,0,2,18
2,1,0,28,62,65,0,1,100,1,0,1,1,1,0,0,16,2,0,5
3,1,0,19,55,65,1,1,83,1,1,1,1,1,2,0,19,2,1,5
0,2,0,21,90,65,1,0,40,1,3,1,1,2,3,0,8,2,2,5
2,1,2,28,62,65,0,1,100,0,0,1,1,1,0,1,16,2,0,5
2,1,2,19,55,65,1,1,83,0,1,1,1,1,2,1,19,2,1,5
1,2,0,21,90,65,1,0,40,0,3,1,1,2,3,1,8,2,2,5
1,0,1,26,64,98,1,0,44,0,3,1,1,0,2,1,11,2,2,34
1,0,1,20,53,98,1,0,48,0,3,1,1,0,1,1,10,2,1,34
1,2,1,25,82,98,1,0,50,0,3,1,1,2,3,1,0,2,1,34
0,0,1,23,65,89,0,1,42,1,3,1,1,0,3,1,9,1,2,12
3,3,2,29,93,89,1,1,92,1,0,1,1,3,0,1,11,1,1,12
3,3,2,19,88,89,1,0,96,1,0,1,1,3,2,1,19,1,1,12
3,0,1,29,58,89,0,1,41,1,3,1,1,0,1,1,14,1,2,12
3,1,1,27,55,89,1,1,83,1,1,1,1,1,2,1,18,1,2,12
2,0,1,23,65,89,0,1,42,1,3,1,1,0,3,0,9,0,2,12
3,3,2,29,93,89,1,1,92,1,0,1,1,3,0,0,11,0,1,12
3,3,2,19,88,89,1,0,96,1,0,1,1,3,2,0,19,0,1,12
2,0,1,29,58,89,0,1,41,1,3,1,1,0,1,0,14,0,2,12
3,1,1,27,55,89,1,1,83,1,1,1,1,1,2,0,18,0,2,12
2,0,1,23,65,89,0,1,42,1,3,1,1,0,3,1,9,0,2,12
3,3,2,29,93,89,1,1,92,1,0,1,1,3,0,1,11,0,1,12
3,3,2,19,88,89,1,0,96,1,0,1,1,3,2,1,19,0,1,12
2,0,1,29,58,89,0,1,41,1,3,1,1,0,1,1,14,0,2,12
3,1,1,27,55,89,1,1,83,1,1,1,1,1,2,1,18,0,2,12
1,0,1,23,65,89,0,1,42,0,3,1,0,0,3,1,9,2,2,12
1,3,2,29,93,89,1,1,92,0,0,1,0,3,0,1,11,2,1,12
2,3,2,19,88,89,1,0,96,0,0,1,0,3,2,1,19,2,1,12
2,0,1,29,58,89,0,1,41,0,3,1,0,0,1,1,14,2,2,12
2,1,1,27,55,89,1,1,83,0,1,1,0,1,2,1,18,2,2,12
0,0,0,25,59,85,1,0,68,1,2,1,1,0,1,0,2,1,2,10
0,0,1,25,59,85,1,0,68,1,2,1,1,0,1,2,2,0,2,10
0,3,1,19,91,86,1,1,91,1,0,0,1,3,1,1,9,2,0,26
2,3,1,19,91,86,1,1,91,0,0,0,1,3,1,0,9,0,0,26
2,3,1,19,91,86,1,1,91,0,0,0,1,3,1,1,9,0,0,26
0,3,1,19,91,86,1,1,91,1,0,0,1,3,1,1,9,2,0,26
3,3,1,26,88,93,0,1,84,1,1,0,1,3,3,1,16,1,2,35
0,1,1,23,62,93,1,1,96,1,0,0,1,1,3,1,5,1,2,35
3,3,0,23,80,64,1,1,79,1,1,1,1,3,3,0,19,2,1,28
0,2,0,20,100,64,1,1,64,1,2,1,1,2,0,0,2,2,1,28
1,0,0,24,63,64,0,0,60,1,2,1,1,0,0,0,10,2,1,28
3,3,2,23,80,64,1,1,79,1,1,1,1,3,3,1,19,1,1,28
0,2,2,20,100,64,1,1,64,1,2,1,1,2,0,1,2,1,1,28
3,0,2,24,63,64,0,0,60,1,2,1,1,0,0,1,10,1,1,28
3,3,2,23,80,64,1,1,79,1,1,1,1,3,3,1,19,1,1,28
0,2,2,20,100,64,1,1,64,1,2,1,1,2,0,1,2,1,1,28
3,0,2,24,63,64,0,0,60,1,2,1,1,0,0,1,10,1,1,28
3,3,2,23,80,64,1,1,79,1,1,1,1,3,3,1,19,0,1,28
0,2,2,20,100,64,1,1,64,1,2,1,1,2,0,1,2,0,1,28
2,0,2,24,63,64,0,0,60,1,2,1,1,0,0,1,10,0,1,28
3,3,0,23,80,64,1,1,79,0,1,1,1,3,3,0,19,1,1,28
0,2,0,20,100,64,1,1,64,0,2,1,1,2,0,0,2,1,1,28
1,0,0,24,63,64,0,0,60,0,2,1,1,0,0,0,10,1,1,28
3,3,2,23,80,64,1,1,79,1,1,1,1,3,3,1,19,1,1,28
0,2,2,20,100,64,1,1,64,1,2,1,1,2,0,1,2,1,1,28
3,0,2,24,63,64,0,0,60,1,2,1,1,0,0,1,10,1,1,28
3,3,0,23,80,64,1,1,79,0,1,1,1,3,3,0,19,1,1,28
0,2,0,20,100,64,1,1,64,0,2,1,1,2,0,0,2,1,1,28
1,0,0,24,63,64,0,0,60,0,2,1,1,0,0,0,10,1,1,28
3,2,2,25,96,88,1,0,61,0,2,0,1,2,0,0,11,1,1,24
1,1,1,23,66,88,0,0,99,0,0,0,1,1,1,0,5,1,2,24
0,0,1,20,62,88,1,1,45,0,3,0,1,0,3,0,6,1,2,24
0,0,1,24,61,88,1,1,65,0,2,0,1,0,0,0,6,1,2,24
3,2,2,25,96,88,1,0,61,1,2,0,1,2,0,1,11,1,1,24
0,1,1,23,66,88,0,0,99,1,0,0,1,1,1,1,5,1,2,24
0,0,1,20,62,88,1,1,45,1,3,0,1,0,3,1,6,1,2,24
0,0,1,24,61,88,1,1,65,1,2,0,1,0,0,1,6,1,2,24
1,2,2,25,96,88,1,0,61,0,2,0,1,2,0,1,11,2,1,24
1,1,1,23,66,88,0,0,99,0,0,0,1,1,1,1,5,2,2,24
1,0,1,20,62,88,1,1,45,0,3,0,1,0,3,1,6,2,2,24
1,0,1,24,61,88,1,1,65,0,2,0,1,0,0,1,6,2,2,24
2,1,2,23,56,75,0,0,87,1,0,0,1,1,0,2,18,2,0,15
2,1,0,23,56,75,0,0,87,0,0,0,0,1,0,0,18,1,0,15
3,1,2,23,56,75,0,0,87,1,0,0,1,1,0,1,18,1,0,15
2,1,0,23,56,75,0,0,87,0,0,0,1,1,0,0,18,2,0,15
3,2,2,22,84,74,1,1,60,0,2,0,1,2,3,2,13,1,0,18
3,2,0,28,77,74,1,1,55,0,2,0,1,2,1,2,16,1,2,18
2,1,0,27,53,74,0,0,82,0,1,0,1,1,1,2,18,1,2,18
2,2,0,20,85,74,0,1,53,0,3,0,1,2,3,2,12,1,2,18
1,0,2,21,52,74,0,1,48,0,3,0,1,0,1,2,8,1,1,18
2,2,2,22,84,74,1,1,60,0,2,0,1,2,3,2,13,0,0,18
2,2,0,28,77,74,1,1,55,0,2,0,1,2,1,2,16,0,2,18
2,1,0,27,53,74,0,0,82,0,1,0,1,1,1,2,18,0,2,18
2,2,0,20,85,74,0,1,53,0,3,0,1,2,3,2,12,0,2,18
1,0,2,21,52,74,0,1,48,0,3,0,1,0,1,2,8,0,1,18
3,2,2,22,84,74,1,1,60,1,2,0,1,2,3,1,13,2,0,18
3,2,2,28,77,74,1,1,55,1,2,0,1,2,1,1,16,2,2,18
2,1,2,27,53,74,0,0,82,1,1,0,1,1,1,1,18,2,2,18
1,2,2,20,85,74,0,1,53,1,3,0,1,2,3,1,12,2,2,18
1,0,2,21,52,74,0,1,48,1,3,0,1,0,1,1,8,2,1,18
3,2,2,22,84,74,1,1,60,0,2,0,1,2,3,1,13,1,0,18
3,2,2,28,77,74,1,1,55,0,2,0,1,2,1,1,16,1,2,18
2,1,2,27,53,74,0,0,82,0,1,0,1,1,1,1,18,1,2,18
2,2,2,20,85,74,0,1,53,0,3,0,1,2,3,1,12,1,2,18
1,0,2,21,52,74,0,1,48,0,3,0,1,0,1,1,8,1,1,18
3,1,2,27,55,85,1,1,85,1,0,0,1,1,3,0,14,1,1,10
3,1,2,27,55,85,1,1,85,1,0,0,1,1,3,1,14,1,1,10
3,1,2,27,55,85,1,1,85,1,0,0,1,1,3,1,14,2,1,10
1,0,2,28,70,62,1,1,53,0,3,1,1,0,2,1,6,2,0,26
3,3,2,27,82,62,1,0,97,0,0,1,1,3,2,1,14,2,0,26
0,0,2,28,70,62,1,1,53,1,3,1,1,0,2,1,6,1,0,26
3,3,2,27,82,62,1,0,97,1,0,1,1,3,2,1,14,1,0,26
1,0,2,28,70,62,1,1,53,0,3,1,1,0,2,1,6,2,0,26
3,3,2,27,82,62,1,0,97,0,0,1,1,3,2,1,14,2,0,26
0,0,2,28,70,62,1,1,53,0,3,1,1,0,2,1,6,1,0,26
3,3,2,27,82,62,1,0,97,0,0,1,1,3,2,1,14,1,0,26
0,1,0,20,58,62,1,0,73,1,1,0,0,1,3,2,3,2,2,11
2,2,2,19,80,62,0,1,53,1,3,0,0,2,3,2,15,2,1,11
2,0,0,26,50,62,0,0,46,1,3,0,0,0,2,2,16,2,0,11
1,2,2,28,86,62,0,1,45,1,3,0,0,2,0,2,0,2,1,11
3,2,2,20,88,75,1,1,68,1,2,0,1,2,1,0,13,0,1,14
2,2,2,20,88,75,1,1,68,0,2,0,1,2,1,1,13,0,1,14
0,2,2,29,92,73,1,1,41,1,3,1,1,2,3,2,9,1,1,26
3,3,0,23,89,73,0,1,86,1,0,1,1,3,1,2,17,1,2,26
1,2,2,29,92,73,1,1,41,0,3,1,1,2,3,0,9,2,1,26
2,3,0,23,89,73,0,1,86,0,0,1,1,3,1,0,17,2,2,26
0,2,2,29,92,73,1,1,41,0,3,1,1,2,3,1,9,1,1,26
2,3,2,23,89,73,0,1,86,0,0,1,1,3,1,1,17,1,2,26
0,2,2,29,92,73,1,1,41,1,3,1,1,2,3,0,9,2,1,26
3,3,0,23,89,73,0,1,86,1,0,1,1,3,1,0,17,2,2,26
1,2,2,29,92,73,1,1,41,0,3,1,1,2,3,1,9,2,1,26
2,3,2,23,89,73,0,1,86,0,0,1,1,3,1,1,17,2,2,26
1,2,2,29,92,73,1,1,41,0,3,1,1,2,3,1,9,2,1,26
2,3,2,23,89,73,0,1,86,0,0,1,1,3,1,1,17,2,2,26
0,2,2,29,92,73,1,1,41,0,3,1,1,2,3,1,9,1,1,26
2,3,2,23,89,73,0,1,86,0,0,1,1,3,1,1,17,1,2,26
3,1,1,26,64,90,1,0,74,0,1,1,1,1,1,0,16,1,2,19
3,1,1,26,64,90,1,0,74,1,1,1,1,1,1,1,16,1,2,19
3,1,1,26,64,90,1,0,74,0,1,1,1,1,1,1,16,1,2,19
2,1,1,26,64,90,1,0,74,0,1,1,1,1,1,1,16,2,2,19
3,1,1,26,64,90,1,0,74,1,1,1,1,1,1,2,16,0,2,19
2,1,1,26,64,90,1,0,74,0,1,1,1,1,1,0,16,2,2,19
1,3,0,27,84,62,1,0,83,0,1,0,1,3,1,2,11,2,0,23
2,0,0,26,72,62,1,0,45,0,3,0,1,0,3,2,20,2,2,23
3,3,0,27,84,62,1,0,83,1,1,0,1,3,1,2,11,0,0,23
3,0,0,26,72,62,1,0,45,1,3,0,1,0,3,2,20,0,2,23
2,3,2,27,84,62,1,0,83,0,1,0,1,3,1,1,11,0,0,23
2,0,0,26,72,62,1,0,45,0,3,0,1,0,3,1,20,0,2,23
3,3,2,27,84,62,1,0,83,1,1,0,1,3,1,1,11,0,0,23
3,0,0,26,72,62,1,0,45,1,3,0,1,0,3,1,20,0,2,23
3,3,0,27,84,62,1,0,83,1,1,0,1,3,1,0,11,2,0,23
3,0,0,26,72,62,1,0,45,1,3,0,1,0,3,0,20,2,2,23
1,2,0,20,97,69,1,1,63,0,2,1,1,2,3,2,5,2,0,14
2,0,2,18,61,69,0,1,49,0,3,1,1,0,2,2,20,2,1,14
0,2,0,20,97,69,1,1,63,1,2,1,0,2,3,0,5,2,0,14
2,0,0,18,61,69,0,1,49,1,3,1,0,0,2,0,20,2,1,14
0,2,2,20,97,69,1,1,63,0,2,1,1,2,3,1,5,1,0,14
2,0,2,18,61,69,0,1,49,0,3,1,1,0,2,1,20,1,1,14
0,2,2,20,97,69,1,1,63,0,2,1,1,2,3,1,5,1,0,14
2,0,2,18,61,69,0,1,49,0,3,1,1,0,2,1,20,1,1,14
0,0,0,27,66,65,1,1,69,1,2,1,1,0,1,2,3,1,2,22
3,2,2,28,86,65,1,1,48,1,3,1,1,2,0,2,15,1,1,22
0,0,0,27,66,65,1,1,69,1,2,1,1,0,1,1,3,0,2,22
3,2,2,28,86,65,1,1,48,1,3,1,1,2,0,1,15,0,1,22
0,0,0,27,66,65,1,1,69,1,2,1,1,0,1,2,3,1,2,22
3,2,2,28,86,65,1,1,48,1,3,1,1,2,0,2,15,1,1,22
0,0,0,27,66,65,1,1,69,1,2,1,0,0,1,0,3,0,2,22
3,2,0,28,86,65,1,1,48,1,3,1,0,2,0,0,15,0,1,22
0,0,0,27,66,65,1,1,69,0,2,1,0,0,1,1,3,1,2,22
3,2,2,28,86,65,1,1,48,0,3,1,0,2,0,1,15,1,1,22
0,0,0,27,66,65,1,1,69,0,2,1,1,0,1,1,3,1,2,22
3,2,2,28,86,65,1,1,48,0,3,1,1,2,0,1,15,1,1,22
0,0,0,27,66,65,1,1,69,1,2,1,1,0,1,2,3,1,2,22
3,2,2,28,86,65,1,1,48,1,3,1,1,2,0,2,15,1,1,22
0,3,1,28,83,98,1,1,89,1,0,1,1,3,0,1,1,1,0,10
0,1,1,25,50,98,0,1,100,1,0,1,1,1,2,1,1,1,2,10
0,1,1,27,71,98,0,1,87,1,0,1,1,1,3,1,5,1,2,10
0,2,1,20,81,98,1,0,42,1,3,1,1,2,0,1,8,1,2,10
3,2,1,24,95,98,0,1,61,1,2,1,1,2,0,1,14,1,0,10
0,3,1,28,83,98,1,1,89,1,0,1,1,3,0,1,1,1,0,10
0,1,1,25,50,98,0,1,100,1,0,1,1,1,2,1,1,1,2,10
0,1,1,27,71,98,0,1,87,1,0,1,1,1,3,1,5,1,2,10
0,2,1,20,81,98,1,0,42,1,3,1,1,2,0,1,8,1,2,10
3,2,1,24,95,98,0,1,61,1,2,1,1,2,0,1,14,1,0,10
1,3,1,28,83,98,1,1,89,0,0,1,1,3,0,0,1,2,0,10
1,1,1,25,50,98,0,1,100,0,0,1,1,1,2,0,1,2,2,10
1,1,1,27,71,98,0,1,87,0,0,1,1,1,3,0,5,2,2,10
1,2,1,20,81,98,1,0,42,0,3,1,1,2,0,0,8,2,2,10
2,2,1,24,95,98,0,1,61,0,2,1,1,2,0,0,14,2,0,10
1,0,0,21,72,67,1,1,43,0,3,0,1,0,2,2,2,2,0,20
3,2,0,23,81,67,1,1,63,0,2,0,1,2,1,2,15,2,2,20
1,2,0,28,91,67,1,0,69,0,2,0,1,2,2,2,7,2,2,20
2,2,0,27,86,67,0,1,57,0,2,0,1,2,3,2,19,2,2,20
1,0,0,21,72,67,1,1,43,0,3,0,1,0,2,0,2,2,0,20
3,2,0,23,81,67,1,1,63,0,2,0,1,2,1,0,15,2,2,20
1,2,0,28,91,67,1,0,69,0,2,0,1,2,2,0,7,2,2,20
2,2,0,27,86,67,0,1,57,0,2,0,1,2,3,0,19,2,2,20
0,0,0,21,72,67,1,1,43,0,3,0,1,0,2,2,2,1,0,20
3,2,0,23,81,67,1,1,63,0,2,0,1,2,1,2,15,1,2,20
0,2,0,28,91,67,1,0,69,0,2,0,1,2,2,2,7,1,2,20
2,2,0,27,86,67,0,1,57,0,2,0,1,2,3,2,19,1,2,20
0,0,2,24,54,76,1,1,66,1,2,0,1,0,1,2,9,1,1,23
0,1,2,21,61,76,1,1,71,1,1,0,1,1,3,2,3,1,0,23
0,0,2,24,54,76,1,1,66,0,2,0,1,0,1,2,9,1,1,23
0,1,2,21,61,76,1,1,71,0,1,0,1,1,3,2,3,1,0,23
0,0,2,24,54,76,1,1,66,1,2,0,1,0,1,1,9,0,1,23
0,1,2,21,61,76,1,1,71,1,1,0,1,1,3,1,3,0,0,23
0,0,2,24,54,76,1,1,66,1,2,0,1,0,1,0,9,1,1,23
0,1,0,21,61,76,1,1,71,1,1,0,1,1,3,0,3,1,0,23
0,0,2,24,54,76,1,1,66,1,2,0,1,0,1,0,9,2,1,23
0,1,0,21,61,76,1,1,71,1,1,0,1,1,3,0,3,2,0,23
0,0,2,24,54,76,1,1,66,1,2,0,1,0,1,1,9,2,1,23
0,1,2,21,61,76,1,1,71,1,1,0,1,1,3,1,3,2,0,23
0,0,2,24,54,76,1,1,66,0,2,0,1,0,1,1,9,1,1,23
0,1,2,21,61,76,1,1,71,0,1,0,1,1,3,1,3,1,0,23
2,0,1,21,66,92,0,0,69,0,2,0,1,0,2,1,11,1,1,28
1,0,1,23,61,92,0,1,59,0,2,0,1,0,0,1,6,1,0,28
3,0,1,21,66,92,0,0,69,1,2,0,1,0,2,0,11,1,1,28
0,0,1,23,61,92,0,1,59,1,2,0,1,0,0,0,6,1,0,28
0,2,2,26,99,90,1,0,41,1,3,0,1,2,2,2,2,1,1,21
0,2,2,26,99,90,1,0,41,1,3,0,1,2,2,0,2,0,1,21
0,2,2,26,99,90,1,0,41,0,3,0,1,2,2,1,2,1,1,21
0,2,2,26,99,90,1,0,41,0,3,0,1,2,2,1,2,1,1,21
0,2,2,26,99,90,1,0,41,0,3,0,1,2,2,1,2,0,1,21
0,2,2,26,99,90,1,0,41,0,3,0,1,2,2,1,2,0,1,21
0,2,2,26,99,90,1,0,41,1,3,0,1,2,2,2,2,2,1,21
0,2,2,26,99,90,1,0,41,0,3,0,1,2,2,1,2,1,1,21
2,0,2,22,72,75,0,0,55,1,2,1,1,0,2,1,13,0,2,20
2,3,2,26,90,75,0,1,96,1,0,1,1,3,0,1,20,0,1,20
2,0,0,22,72,75,0,0,55,0,2,1,1,0,2,2,13,1,2,20
2,3,2,26,90,75,0,1,96,0,0,1,1,3,0,2,20,1,1,20
3,0,0,22,72,75,0,0,55,1,2,1,1,0,2,2,13,2,2,20
2,3,2,26,90,75,0,1,96,1,0,1,1,3,0,2,20,2,1,20
2,0,2,22,72,75,0,0,55,0,2,1,1,0,2,1,13,2,2,20
2,3,2,26,90,75,0,1,96,0,0,1,1,3,0,1,20,2,1,20
2,0,2,22,72,75,0,0,55,0,2,1,1,0,2,1,13,1,2,20
2,3,2,26,90,75,0,1,96,0,0,1,1,3,0,1,20,1,1,20
3,3,0,23,89,80,1,1,98,1,0,0,1,3,2,0,13,2,2,16
0,3,0,19,94,80,1,1,89,1,0,0,1,3,1,0,1,2,2,16
3,0,0,21,59,80,1,0,52,1,3,0,1,0,0,0,15,2,2,16
2,3,0,23,89,80,1,1,98,0,0,0,1,3,2,0,13,0,2,16
0,3,0,19,94,80,1,1,89,0,0,0,1,3,1,0,1,0,2,16
2,0,0,21,59,80,1,0,52,0,3,0,1,0,0,0,15,0,2,16
1,2,0,19,95,70,1,0,40,0,3,1,1,2,2,1,0,2,2,12
1,0,0,22,56,70,1,1,47,0,3,1,1,0,2,1,7,2,2,12
0,2,0,19,95,70,1,0,40,1,3,1,1,2,2,1,0,2,2,12
0,0,0,22,56,70,1,1,47,1,3,1,1,0,2,1,7,2,2,12
0,2,0,19,95,70,1,0,40,1,3,1,1,2,2,0,0,1,2,12
0,0,0,22,56,70,1,1,47,1,3,1,1,0,2,0,7,1,2,12
1,2,0,19,95,70,1,0,40,0,3,1,1,2,2,2,0,2,2,12
1,0,0,22,56,70,1,1,47,0,3,1,1,0,2,2,7,2,2,12
3,1,0,28,50,76,0,1,94,1,0,0,1,1,1,0,11,1,2,30
0,1,0,20,68,76,0,1,95,1,0,0,1,1,2,0,5,1,2,30
0,0,2,22,61,76,1,1,40,1,3,0,1,0,1,0,8,1,1,30
0,1,0,24,51,76,1,0,90,1,0,0,1,1,1,0,5,1,2,30
0,0,0,25,51,76,0,1,59,1,2,0,1,0,1,0,3,1,2,30
3,3,0,25,91,76,1,0,98,1,0,0,1,3,2,0,14,1,0,30
2,2,0,21,99,61,1,1,72,0,1,1,0,2,3,0,20,0,2,13
2,0,0,21,55,61,0,0,69,0,2,1,0,0,2,0,19,0,2,13
3,2,0,21,99,61,1,1,72,1,1,1,0,2,3,2,20,1,2,13
3,0,0,21,55,61,0,0,69,1,2,1,0,0,2,2,19,1,2,13
3,2,0,21,99,61,1,1,72,1,1,1,1,2,3,1,20,0,2,13
2,0,0,21,55,61,0,0,69,1,2,1,1,0,2,1,19,0,2,13
3,3,0,21,79,62,1,0,77,0,1,0,1,3,0,0,19,1,2,25
1,1,0,19,56,62,0,1,74,0,1,0,1,1,2,0,2,1,1,25
0,1,0,21,69,62,1,1,78,0,1,0,1,1,3,0,4,1,2,25
3,3,0,21,79,62,1,0,77,1,1,0,1,3,0,1,19,0,2,25
0,1,2,19,56,62,0,1,74,1,1,0,1,1,2,1,2,0,1,25
0,1,0,21,69,62,1,1,78,1,1,0,1,1,3,1,4,0,2,25
2,3,0,21,79,62,1,0,77,0,1,0,1,3,0,2,19,0,2,25
1,1,2,19,56,62,0,1,74,0,1,0,1,1,2,2,2,0,1,25
0,1,0,21,69,62,1,1,78,0,1,0,1,1,3,2,4,0,2,25
0,0,2,21,59,86,0,1,64,1,2,1,1,0,0,0,3,0,1,18
2,1,1,21,62,86,0,1,84,1,1,1,1,1,2,0,9,0,2,18
1,0,2,21,59,86,0,1,64,0,2,1,1,0,0,1,3,1,1,18
1,1,1,21,62,86,0,1,84,0,1,1,1,1,2,1,9,1,2,18
0,0,2,21,59,86,0,1,64,1,2,1,1,0,0,1,3,1,1,18
0,1,1,21,62,86,0,1,84,1,1,1,1,1,2,1,9,1,2,18
1,0,2,21,59,86,0,1,64,0,2,1,1,0,0,2,3,1,1,18
1,1,1,21,62,86,0,1,84,0,1,1,1,1,2,2,9,1,2,18
1,0,2,21,59,86,0,1,64,0,2,1,1,0,0,0,3,1,1,18
1,1,1,21,62,86,0,1,84,0,1,1,1,1,2,0,9,1,2,18
1,0,1,18,63,91,0,1,62,1,2,1,1,0,2,1,12,2,2,27
1,3,1,22,98,91,0,1,97,1,0,1,1,3,3,1,11,2,0,27
1,0,1,18,63,91,0,1,62,1,2,1,1,0,2,0,12,2,2,27
1,3,1,22,98,91,0,1,97,1,0,1,1,3,3,0,11,2,0,27
2,0,1,18,63,91,0,1,62,0,2,1,1,0,2,1,12,0,2,27
2,3,1,22,98,91,0,1,97,0,0,1,1,3,3,1,11,0,0,27
3,0,1,18,63,91,0,1,62,1,2,1,1,0,2,0,12,1,2,27
3,3,1,22,98,91,0,1,97,1,0,1,1,3,3,0,11,1,0,27
2,0,1,18,63,91,0,1,62,0,2,1,1,0,2,0,12,1,2,27
2,3,1,22,98,91,0,1,97,0,0,1,1,3,3,0,11,1,0,27
1,3,0,26,100,80,0,1,92,0,0,1,1,3,1,0,0,1,0,22
0,3,0,22,86,80,1,0,74,0,1,1,1,3,3,0,0,1,2,22
1,3,2,26,100,80,0,1,92,1,0,1,1,3,1,1,0,2,0,22
0,3,1,22,86,80,1,0,74,1,1,1,1,3,3,1,0,2,2,22
1,3,2,26,100,80,0,1,92,0,0,1,1,3,1,1,0,2,0,22
1,3,1,22,86,80,1,0,74,0,1,1,1,3,3,1,0,2,2,22
1,3,0,26,100,80,0,1,92,0,0,1,1,3,1,0,0,0,0,22
0,3,0,22,86,80,1,0,74,0,1,1,1,3,3,0,0,0,2,22
0,3,2,26,100,80,0,1,92,1,0,1,1,3,1,2,0,1,0,22
0,3,0,22,86,80,1,0,74,1,1,1,1,3,3,2,0,1,2,22
0,0,0,25,69,68,1,0,66,1,2,0,1,0,2,0,1,1,1,15
0,1,0,25,72,68,0,1,84,1,1,0,1,1,2,0,1,1,1,15
0,3,0,21,97,68,1,0,89,1,0,0,1,3,1,0,4,1,2,15
3,3,0,23,98,68,1,1,92,1,0,0,1,3,1,0,20,1,2,15
3,1,0,24,71,68,1,1,89,1,0,0,1,1,2,0,20,1,2,15
0,0,2,25,69,68,1,0,66,1,2,0,1,0,2,1,1,1,1,15
0,1,2,25,72,68,0,1,84,1,1,0,1,1,2,1,1,1,1,15
0,3,0,21,97,68,1,0,89,1,0,0,1,3,1,1,4,1,2,15
3,3,0,23,98,68,1,1,92,1,0,0,1,3,1,1,20,1,2,15
3,1,0,24,71,68,1,1,89,1,0,0,1,1,2,1,20,1,2,15
0,0,0,25,69,68,1,0,66,0,2,0,1,0,2,0,1,1,1,15
1,1,0,25,72,68,0,1,84,0,1,0,1,1,2,0,1,1,1,15
0,3,0,21,97,68,1,0,89,0,0,0,1,3,1,0,4,1,2,15
3,3,0,23,98,68,1,1,92,0,0,0,1,3,1,0,20,1,2,15
3,1,0,24,71,68,1,1,89,0,0,0,1,1,2,0,20,1,2,15
1,0,2,25,69,68,1,0,66,0,2,0,1,0,2,2,1,2,1,15
1,1,2,25,72,68,0,1,84,0,1,0,1,1,2,2,1,2,1,15
1,3,0,21,97,68,1,0,89,0,0,0,1,3,1,2,4,2,2,15
2,3,0,23,98,68,1,1,92,0,0,0,1,3,1,2,20,2,2,15
2,1,0,24,71,68,1,1,89,0,0,0,1,1,2,2,20,2,2,15
1,0,2,25,69,68,1,0,66,0,2,0,0,0,2,1,1,2,1,15
1,1,2,25,72,68,0,1,84,0,1,0,0,1,2,1,1,2,1,15
1,3,0,21,97,68,1,0,89,0,0,0,0,3,1,1,4,2,2,15
2,3,0,23,98,68,1,1,92,0,0,0,0,3,1,1,20,2,2,15
2,1,0,24,71,68,1,1,89,0,0,0,0,1,2,1,20,2,2,15
0,0,2,25,69,68,1,0,66,0,2,0,1,0,2,1,1,1,1,15
1,1,2,25,72,68,0,1,84,0,1,0,1,1,2,1,1,1,1,15
0,3,0,21,97,68,1,0,89,0,0,0,1,3,1,1,4,1,2,15
3,3,0,23,98,68,1,1,92,0,0,0,1,3,1,1,20,1,2,15
3,1,0,24,71,68,1,1,89,0,0,0,1,1,2,1,20,1,2,15
3,0,2,20,65,89,1,1,57,0,2,1,1,0,0,1,11,1,1,33
1,2,1,19,98,88,1,1,65,0,2,1,1,2,0,0,8,0,0,20
1,3,1,26,97,88,1,0,78,0,1,1,1,3,2,0,5,0,2,20
1,0,2,29,73,88,1,1,62,0,2,1,1,0,0,0,7,0,1,20
0,2,1,19,98,88,1,1,65,1,2,1,1,2,0,1,8,1,0,20
0,3,1,26,97,88,1,0,78,1,1,1,1,3,2,1,5,1,2,20
0,0,2,29,73,88,1,1,62,1,2,1,1,0,0,1,7,1,1,20
0,2,1,19,98,88,1,1,65,0,2,1,1,2,0,0,8,1,0,20
0,3,1,26,97,88,1,0,78,0,1,1,1,3,2,0,5,1,2,20
0,0,2,29,73,88,1,1,62,0,2,1,1,0,0,0,7,1,1,20
0,2,1,19,98,88,1,1,65,1,2,1,0,2,0,1,8,2,0,20
0,3,1,26,97,88,1,0,78,1,1,1,0,3,2,1,5,2,2,20
0,0,2,29,73,88,1,1,62,1,2,1,0,0,0,1,7,2,1,20
3,3,1,22,86,98,1,1,100,1,0,1,1,3,0,1,19,1,2,19
0,2,1,23,89,98,1,1,49,1,3,1,1,2,0,1,3,1,2,19
3,0,1,25,61,98,0,1,50,1,3,1,1,0,3,1,12,1,1,19
0,0,1,19,74,98,1,0,65,1,2,1,1,0,1,1,5,1,1,19
3,3,1,22,86,98,1,1,100,1,0,1,0,3,0,1,19,0,2,19
0,2,1,23,89,98,1,1,49,1,3,1,0,2,0,1,3,0,2,19
2,0,1,25,61,98,0,1,50,1,3,1,0,0,3,1,12,0,1,19
0,0,1,19,74,98,1,0,65,1,2,1,0,0,1,1,5,0,1,19
3,3,1,22,86,98,1,1,100,1,0,1,1,3,0,1,19,0,2,19
0,2,1,23,89,98,1,1,49,1,3,1,1,2,0,1,3,0,2,19
2,0,1,25,61,98,0,1,50,1,3,1,1,0,3,1,12,0,1,19
0,0,1,19,74,98,1,0,65,1,2,1,1,0,1,1,5,0,1,19
3,3,1,22,86,98,1,1,100,1,0,1,1,3,0,1,19,2,2,19
0,2,1,23,89,98,1,1,49,1,3,1,1,2,0,1,3,2,2,19
1,0,1,25,61,98,0,1,50,1,3,1,1,0,3,1,12,2,1,19
0,0,1,19,74,98,1,0,65,1,2,1,1,0,1,1,5,2,1,19
3,3,1,22,86,98,1,1,100,1,0,1,1,3,0,2,19,2,2,19
0,2,1,23,89,98,1,1,49,1,3,1,1,2,0,2,3,2,2,19
1,0,1,25,61,98,0,1,50,1,3,1,1,0,3,2,12,2,1,19
0,0,1,19,74,98,1,0,65,1,2,1,1,0,1,2,5,2,1,19
3,0,0,22,59,68,1,1,61,1,2,1,1,0,2,1,11,0,2,33
0,2,0,23,79,68,1,1,41,1,3,1,1,2,3,1,2,0,2,33
2,1,0,26,51,68,0,1,76,1,1,1,1,1,2,1,15,0,2,33
3,2,2,24,94,68,1,0,62,1,2,1,1,2,0,1,19,0,0,33
1,0,0,18,54,63,0,1,68,0,2,1,1,0,3,0,4,2,0,12
1,1,0,24,75,63,1,1,71,0,1,1,1,1,2,0,7,2,1,12
1,0,0,18,54,63,0,1,68,0,2,1,1,0,3,0,4,1,0,12
0,1,0,24,75,63,1,1,71,0,1,1,1,1,2,0,7,1,1,12
3,1,2,24,63,76,1,1,80,1,1,0,1,1,1,1,14,2,1,19
0,0,2,29,51,76,1,1,61,1,2,0,1,0,0,1,0,2,0,19
3,1,2,24,63,76,1,1,80,1,1,0,1,1,1,1,14,1,1,19
0,0,2,29,51,76,1,1,61,1,2,0,1,0,0,1,0,1,0,19
3,1,2,24,63,76,1,1,80,0,1,0,1,1,1,0,14,2,1,19
1,0,0,29,51,76,1,1,61,0,2,0,1,0,0,0,0,2,0,19
3,1,2,24,63,76,1,1,80,1,1,0,1,1,1,1,14,0,1,19
0,0,2,29,51,76,1,1,61,1,2,0,1,0,0,1,0,0,0,19
3,1,2,24,63,76,1,1,80,1,1,0,1,1,1,1,14,0,1,19
0,0,2,29,51,76,1,1,61,1,2,0,1,0,0,1,0,0,0,19
3,1,2,24,63,76,1,1,80,1,1,0,1,1,1,1,14,1,1,19
0,0,2,29,51,76,1,1,61,1,2,0,1,0,0,1,0,1,0,19
3,1,2,24,63,76,1,1,80,1,1,0,1,1,1,0,14,2,1,19
0,0,0,29,51,76,1,1,61,1,2,0,1,0,0,0,0,2,0,19
3,1,2,24,63,76,1,1,80,1,1,0,1,1,1,0,14,0,1,19
0,0,0,29,51,76,1,1,61,1,2,0,1,0,0,0,0,0,0,19
0,1,1,21,55,90,1,1,93,1,0,1,0,1,1,0,0,1,2,35
0,3,2,20,89,90,1,1,92,1,0,1,0,3,3,0,5,1,1,35
0,3,1,28,78,90,1,1,72,1,1,1,0,3,3,0,5,1,2,35
2,2,0,20,87,75,0,0,48,1,3,1,1,2,3,2,16,2,2,15
0,3,2,27,85,75,1,1,77,1,1,1,1,3,1,2,7,2,1,15
1,2,2,29,91,75,0,0,41,1,3,1,1,2,3,2,4,2,0,15
2,2,2,20,87,75,0,0,48,0,3,1,1,2,3,1,16,1,2,15
0,3,2,27,85,75,1,1,77,0,1,1,1,3,1,1,7,1,1,15
1,2,2,29,91,75,0,0,41,0,3,1,1,2,3,1,4,1,0,15
3,1,2,19,65,73,0,1,87,1,0,0,1,1,0,1,10,1,2,30
2,1,2,19,65,73,0,1,87,0,0,0,1,1,0,1,10,0,2,30
1,2,0,19,84,84,0,1,61,0,2,1,1,2,0,0,8,1,2,30
3,0,0,23,55,84,1,1,60,0,2,1,1,0,1,0,13,1,2,30
0,3,0,27,98,84,1,0,87,0,0,1,1,3,1,0,6,1,2,30
3,1,0,25,65,84,1,1,84,0,1,1,1,1,2,0,12,1,2,30
2,3,0,21,82,84,0,1,87,0,0,1,1,3,2,0,17,1,0,30
2,3,0,19,88,84,0,1,90,0,0,1,1,3,1,0,17,1,2,30
1,2,1,19,84,84,0,1,61,0,2,1,1,2,0,1,8,1,2,30
3,0,1,23,55,84,1,1,60,0,2,1,1,0,1,1,13,1,2,30
0,3,1,27,98,84,1,0,87,0,0,1,1,3,1,1,6,1,2,30
3,1,1,25,65,84,1,1,84,0,1,1,1,1,2,1,12,1,2,30
2,3,1,21,82,84,0,1,87,0,0,1,1,3,2,1,17,1,0,30
2,3,1,19,88,84,0,1,90,0,0,1,1,3,1,1,17,1,2,30
0,2,1,19,84,84,0,1,61,1,2,1,1,2,0,1,8,1,2,30
3,0,1,23,55,84,1,1,60,1,2,1,1,0,1,1,13,1,2,30
0,3,1,27,98,84,1,0,87,1,0,1,1,3,1,1,6,1,2,30
3,1,1,25,65,84,1,1,84,1,1,1,1,1,2,1,12,1,2,30
3,3,1,21,82,84,0,1,87,1,0,1,1,3,2,1,17,1,0,30
3,3,1,19,88,84,0,1,90,1,0,1,1,3,1,1,17,1,2,30
1,1,1,29,66,95,1,0,94,0,0,0,1,1,1,1,1,2,2,17
1,1,1,25,74,95,0,0,81,0,1,0,1,1,0,1,10,2,2,17
2,1,1,22,71,95,0,1,88,0,0,0,1,1,3,1,18,2,2,17
0,1,1,29,66,95,1,0,94,1,0,0,0,1,1,0,1,0,2,17
2,1,1,25,74,95,0,0,81,1,1,0,0,1,0,0,10,0,2,17
2,1,1,22,71,95,0,1,88,1,0,0,0,1,3,0,18,0,2,17
0,1,1,29,66,95,1,0,94,0,0,0,1,1,1,0,1,1,2,17
1,1,1,25,74,95,0,0,81,0,1,0,1,1,0,0,10,1,2,17
2,1,1,22,71,95,0,1,88,0,0,0,1,1,3,0,18,1,2,17
3,1,0,24,58,62,0,0,98,1,0,1,1,1,1,1,15,2,2,23
0,3,2,26,93,62,1,1,91,1,0,1,1,3,0,1,0,2,0,23
2,1,0,24,58,62,0,0,98,0,0,1,1,1,1,1,15,0,2,23
0,3,2,26,93,62,1,1,91,0,0,1,1,3,0,1,0,0,0,23
2,1,0,24,58,62,0,0,98,0,0,1,1,1,1,1,15,1,2,23
0,3,2,26,93,62,1,1,91,0,0,1,1,3,0,1,0,1,0,23
3,1,0,24,58,62,0,0,98,1,0,1,1,1,1,0,15,2,2,23
0,3,0,26,93,62,1,1,91,1,0,1,1,3,0,0,0,2,0,23
3,1,0,24,58,62,0,0,98,1,0,1,1,1,1,0,15,1,2,23
0,3,0,26,93,62,1,1,91,1,0,1,1,3,0,0,0,1,0,23
2,1,0,24,58,62,0,0,98,0,0,1,0,1,1,2,15,1,2,23
0,3,0,26,93,62,1,1,91,0,0,1,0,3,0,2,0,1,0,23
3,1,2,19,58,66,1,0,83,0,1,0,1,1,2,1,19,1,1,18
1,2,2,27,83,66,0,1,42,0,3,0,1,2,0,1,4,1,0,18
2,0,0,28,66,66,0,1,49,0,3,0,1,0,2,1,15,1,2,18
2,3,2,22,82,66,0,1,83,0,1,0,1,3,1,1,14,1,1,18
3,1,2,19,58,66,1,0,83,1,1,0,1,1,2,1,19,2,1,18
1,2,2,27,83,66,0,1,42,1,3,0,1,2,0,1,4,2,0,18
2,0,0,28,66,66,0,1,49,1,3,0,1,0,2,1,15,2,2,18
2,3,2,22,82,66,0,1,83,1,1,0,1,3,1,1,14,2,1,18
3,1,2,19,58,66,1,0,83,1,1,0,1,1,2,1,19,1,1,18
0,2,2,27,83,66,0,1,42,1,3,0,1,2,0,1,4,1,0,18
3,0,0,28,66,66,0,1,49,1,3,0,1,0,2,1,15,1,2,18
3,3,2,22,82,66,0,1,83,1,1,0,1,3,1,1,14,1,1,18
3,1,2,19,58,66,1,0,83,1,1,0,1,1,2,1,19,1,1,18
0,2,2,27,83,66,0,1,42,1,3,0,1,2,0,1,4,1,0,18
3,0,0,28,66,66,0,1,49,1,3,0,1,0,2,1,15,1,2,18
3,3,2,22,82,66,0,1,83,1,1,0,1,3,1,1,14,1,1,18
2,1,2,19,58,66,1,0,83,0,1,0,1,1,2,1,19,2,1,18
1,2,2,27,83,66,0,1,42,0,3,0,1,2,0,1,4,2,0,18
2,0,0,28,66,66,0,1,49,0,3,0,1,0,2,1,15,2,2,18
2,3,2,22,82,66,0,1,83,0,1,0,1,3,1,1,14,2,1,18
3,1,2,25,66,64,1,1,86,0,0,0,1,1,1,1,11,1,1,17
0,2,2,20,84,64,1,1,54,0,3,0,1,2,1,1,6,1,0,17
1,1,2,25,66,64,1,1,86,0,0,0,1,1,1,1,11,2,1,17
1,2,2,20,84,64,1,1,54,0,3,0,1,2,1,1,6,2,0,17
3,1,0,25,66,64,1,1,86,1,0,0,1,1,1,0,11,0,1,17
0,2,0,20,84,64,1,1,54,1,3,0,1,2,1,0,6,0,0,17
1,1,2,25,66,64,1,1,86,0,0,0,1,1,1,1,11,2,1,17
1,2,2,20,84,64,1,1,54,0,3,0,1,2,1,1,6,2,0,17
3,1,2,25,66,64,1,1,86,1,0,0,1,1,1,1,11,0,1,17
0,2,2,20,84,64,1,1,54,1,3,0,1,2,1,1,6,0,0,17
1,3,0,26,100,61,0,1,85,1,0,1,1,3,1,1,7,2,2,15
1,3,0,26,100,61,0,1,85,0,0,1,1,3,1,1,7,1,2,15
1,3,0,26,100,61,0,1,85,1,0,1,1,3,1,1,7,0,2,15
1,3,0,26,100,61,0,1,85,0,0,1,1,3,1,2,7,1,2,15
2,1,0,22,67,79,0,1,99,0,0,0,1,1,3,0,11,1,2,22
0,0,2,21,73,79,1,1,47,0,3,0,1,0,2,0,5,1,1,22
0,2,0,29,86,79,1,1,47,0,3,0,1,2,2,0,2,1,2,22
1,3,0,25,94,79,0,0,78,0,1,0,1,3,1,0,5,1,2,22
3,1,2,27,62,79,1,1,73,0,1,0,1,1,1,0,19,1,1,22
2,2,0,29,99,79,0,1,72,0,1,0,1,2,1,0,16,1,2,22
0,1,0,21,52,79,1,1,80,0,1,0,1,1,3,0,5,1,0,22
3,3,0,26,88,79,1,0,94,0,0,0,1,3,1,0,12,1,0,22
3,1,0,22,65,79,1,1,81,0,1,0,1,1,2,0,12,1,2,22
2,1,1,22,67,79,0,1,99,0,0,0,0,1,3,1,11,1,2,22
0,0,2,21,73,79,1,1,47,0,3,0,0,0,2,1,5,1,1,22
0,2,1,29,86,79,1,1,47,0,3,0,0,2,2,1,2,1,2,22
1,3,1,25,94,79,0,0,78,0,1,0,0,3,1,1,5,1,2,22
3,1,2,27,62,79,1,1,73,0,1,0,0,1,1,1,19,1,1,22
2,2,1,29,99,79,0,1,72,0,1,0,0,2,1,1,16,1,2,22
0,1,2,21,52,79,1,1,80,0,1,0,0,1,3,1,5,1,0,22
3,3,2,26,88,79,1,0,94,0,0,0,0,3,1,1,12,1,0,22
3,1,1,22,65,79,1,1,81,0,1,0,0,1,2,1,12,1,2,22
3,1,1,22,67,79,0,1,99,1,0,0,1,1,3,1,11,1,2,22
0,0,2,21,73,79,1,1,47,1,3,0,1,0,2,1,5,1,1,22
0,2,1,29,86,79,1,1,47,1,3,0,1,2,2,1,2,1,2,22
0,3,1,25,94,79,0,0,78,1,1,0,1,3,1,1,5,1,2,22
3,1,2,27,62,79,1,1,73,1,1,0,1,1,1,1,19,1,1,22
3,2,1,29,99,79,0,1,72,1,1,0,1,2,1,1,16,1,2,22
0,1,2,21,52,79,1,1,80,1,1,0,1,1,3,1,5,1,0,22
3,3,2,26,88,79,1,0,94,1,0,0,1,3,1,1,12,1,0,22
3,1,1,22,65,79,1,1,81,1,1,0,1,1,2,1,12,1,2,22
1,1,1,22,67,79,0,1,99,1,0,0,1,1,3,1,11,2,2,22
0,0,2,21,73,79,1,1,47,1,3,0,1,0,2,1,5,2,1,22
0,2,1,29,86,79,1,1,47,1,3,0,1,2,2,1,2,2,2,22
1,3,1,25,94,79,0,0,78,1,1,0,1,3,1,1,5,2,2,22
3,1,2,27,62,79,1,1,73,1,1,0,1,1,1,1,19,2,1,22
3,2,1,29,99,79,0,1,72,1,1,0,1,2,1,1,16,2,2,22
0,1,2,21,52,79,1,1,80,1,1,0,1,1,3,1,5,2,0,22
3,3,2,26,88,79,1,0,94,1,0,0,1,3,1,1,12,2,0,22
3,1,1,22,65,79,1,1,81,1,1,0,1,1,2,1,12,2,2,22
3,3,0,26,75,73,1,1,93,1,0,1,1,3,1,2,12,1,2,8
3,3,2,26,75,73,1,1,93,1,0,1,1,3,1,1,12,2,2,8
1,3,0,26,75,73,1,1,93,0,0,1,1,3,1,2,12,2,2,8
3,3,0,26,75,73,1,1,93,1,0,1,1,3,1,0,12,2,2,8
3,3,0,25,88,75,0,1,84,1,1,1,1,3,3,2,16,1,2,27
2,3,2,25,88,75,0,1,84,1,1,1,1,3,3,1,16,0,2,27
3,3,2,26,83,87,1,1,85,1,0,1,1,3,1,0,10,1,1,13
3,2,1,21,80,87,1,1,65,1,2,1,1,2,0,0,13,1,2,13
3,3,2,26,83,87,1,1,85,1,0,1,1,3,1,0,10,1,1,13
3,2,1,21,80,87,1,1,65,1,2,1,1,2,0,0,13,1,2,13
0,2,1,28,83,91,1,1,43,1,3,1,1,2,2,2,6,1,2,30
3,0,0,18,61,68,1,1,42,0,3,0,1,0,1,2,13,1,2,20
0,3,2,23,88,68,1,1,79,0,1,0,1,3,2,2,4,1,1,20
1,1,2,27,67,68,0,1,95,0,0,0,1,1,3,2,8,1,1,20
2,2,0,25,93,68,0,1,44,0,3,0,1,2,2,2,16,1,2,20
0,3,0,23,84,68,1,1,97,0,0,0,1,3,0,2,0,1,2,20
3,0,0,18,61,68,1,1,42,1,3,0,1,0,1,0,13,1,2,20
0,3,0,23,88,68,1,1,79,1,1,0,1,3,2,0,4,1,1,20
0,1,0,27,67,68,0,1,95,1,0,0,1,1,3,0,8,1,1,20
3,2,0,25,93,68,0,1,44,1,3,0,1,2,2,0,16,1,2,20
0,3,0,23,84,68,1,1,97,1,0,0,1,3,0,0,0,1,2,20
3,0,0,18,61,68,1,1,42,1,3,0,1,0,1,2,13,0,2,20
0,3,2,23,88,68,1,1,79,1,1,0,1,3,2,2,4,0,1,20
1,1,2,27,67,68,0,1,95,1,0,0,1,1,3,2,8,0,1,20
2,2,0,25,93,68,0,1,44,1,3,0,1,2,2,2,16,0,2,20
0,3,0,23,84,68,1,1,97,1,0,0,1,3,0,2,0,0,2,20
3,0,0,18,61,68,1,1,42,1,3,0,0,0,1,1,13,2,2,20
0,3,2,23,88,68,1,1,79,1,1,0,0,3,2,1,4,2,1,20
1,1,2,27,67,68,0,1,95,1,0,0,0,1,3,1,8,2,1,20
2,2,0,25,93,68,0,1,44,1,3,0,0,2,2,1,16,2,2,20
0,3,0,23,84,68,1,1,97,1,0,0,0,3,0,1,0,2,2,20
3,0,0,18,61,68,1,1,42,1,3,0,1,0,1,2,13,1,2,20
0,3,2,23,88,68,1,1,79,1,1,0,1,3,2,2,4,1,1,20
0,1,2,27,67,68,0,1,95,1,0,0,1,1,3,2,8,1,1,20
3,2,0,25,93,68,0,1,44,1,3,0,1,2,2,2,16,1,2,20
0,3,0,23,84,68,1,1,97,1,0,0,1,3,0,2,0,1,2,20
3,0,0,18,61,68,1,1,42,1,3,0,1,0,1,1,13,1,2,20
0,3,2,23,88,68,1,1,79,1,1,0,1,3,2,1,4,1,1,20
0,1,2,27,67,68,0,1,95,1,0,0,1,1,3,1,8,1,1,20
3,2,0,25,93,68,0,1,44,1,3,0,1,2,2,1,16,1,2,20
0,3,0,23,84,68,1,1,97,1,0,0,1,3,0,1,0,1,2,20
3,0,0,18,61,68,1,1,42,1,3,0,1,0,1,1,13,2,2,20
0,3,2,23,88,68,1,1,79,1,1,0,1,3,2,1,4,2,1,20
1,1,2,27,67,68,0,1,95,1,0,0,1,1,3,1,8,2,1,20
2,2,0,25,93,68,0,1,44,1,3,0,1,2,2,1,16,2,2,20
0,3,0,23,84,68,1,1,97,1,0,0,1,3,0,1,0,2,2,20
3,0,0,18,61,68,1,1,42,1,3,0,1,0,1,1,13,2,2,20
0,3,2,23,88,68,1,1,79,1,1,0,1,3,2,1,4,2,1,20
1,1,2,27,67,68,0,1,95,1,0,0,1,1,3,1,8,2,1,20
2,2,0,25,93,68,0,1,44,1,3,0,1,2,2,1,16,2,2,20
0,3,0,23,84,68,1,1,97,1,0,0,1,3,0,1,0,2,2,20
3,0,0,18,61,68,1,1,42,0,3,0,1,0,1,0,13,2,2,20
1,3,0,23,88,68,1,1,79,0,1,0,1,3,2,0,4,2,1,20
1,1,0,27,67,68,0,1,95,0,0,0,1,1,3,0,8,2,1,20
2,2,0,25,93,68,0,1,44,0,3,0,1,2,2,0,16,2,2,20
1,3,0,23,84,68,1,1,97,0,0,0,1,3,0,0,0,2,2,20
3,0,0,18,61,68,1,1,42,1,3,0,1,0,1,0,13,1,2,20
0,3,0,23,88,68,1,1,79,1,1,0,1,3,2,0,4,1,1,20
0,1,0,27,67,68,0,1,95,1,0,0,1,1,3,0,8,1,1,20
3,2,0,25,93,68,0,1,44,1,3,0,1,2,2,0,16,1,2,20
0,3,0,23,84,68,1,1,97,1,0,0,1,3,0,0,0,1,2,20
0,1,1,23,68,81,1,1,70,1,1,0,1,1,2,1,6,1,2,21
0,1,1,23,68,81,1,1,70,1,1,0,1,1,2,2,6,1,2,21
0,0,1,28,71,83,0,1,58,1,2,0,1,0,1,1,2,0,2,12
1,0,1,28,71,83,0,1,58,0,2,0,1,0,1,1,2,1,2,12
0,0,0,28,71,83,0,1,58,1,2,0,1,0,1,0,2,1,2,12
0,0,2,27,73,68,1,1,46,1,3,1,1,0,3,2,4,1,1,15
0,0,2,27,73,68,1,1,46,1,3,1,0,0,3,1,4,0,1,15
0,0,2,27,73,68,1,1,46,1,3,1,1,0,3,1,4,1,1,15
3,1,1,25,60,86,1,0,89,1,0,0,1,1,2,1,17,1,0,16
0,2,1,23,89,86,0,0,41,1,3,0,1,2,1,1,2,1,2,16
0,1,1,23,54,86,1,1,84,1,1,0,1,1,3,1,8,1,2,16
3,1,1,25,60,86,1,0,89,1,0,0,1,1,2,0,17,1,0,16
0,2,1,23,89,86,0,0,41,1,3,0,1,2,1,0,2,1,2,16
0,1,1,23,54,86,1,1,84,1,1,0,1,1,3,0,8,1,2,16
3,1,1,25,60,86,1,0,89,1,0,0,1,1,2,0,17,0,0,16
0,2,1,23,89,86,0,0,41,1,3,0,1,2,1,0,2,0,2,16
0,1,1,23,54,86,1,1,84,1,1,0,1,1,3,0,8,0,2,16
3,1,1,25,60,86,1,0,89,1,0,0,1,1,2,0,17,2,0,16
1,2,1,23,89,86,0,0,41,1,3,0,1,2,1,0,2,2,2,16
0,1,1,23,54,86,1,1,84,1,1,0,1,1,3,0,8,2,2,16
1,1,2,25,73,70,0,0,79,0,1,0,1,1,3,1,2,2,0,24
0,1,0,25,73,70,0,0,79,1,1,0,1,1,3,2,2,0,0,24
1,1,0,25,73,70,0,0,79,0,1,0,1,1,3,0,2,2,0,24
0,1,2,26,67,62,1,1,70,1,1,1,0,1,1,2,3,2,1,18
2,2,2,29,88,62,0,1,50,1,3,1,0,2,0,2,16,2,1,18
0,1,2,26,67,62,1,1,70,1,1,1,1,1,1,1,3,1,1,18
3,2,2,29,88,62,0,1,50,1,3,1,1,2,0,1,16,1,1,18
1,1,0,26,67,62,1,1,70,0,1,1,1,1,1,0,3,2,1,18
2,2,0,29,88,62,0,1,50,0,3,1,1,2,0,0,16,2,1,18
0,1,2,26,67,62,1,1,70,1,1,1,1,1,1,1,3,1,1,18
3,2,2,29,88,62,0,1,50,1,3,1,1,2,0,1,16,1,1,18
2,1,0,24,71,72,0,1,89,1,0,0,1,1,3,1,16,0,2,27
3,2,0,18,78,72,1,1,54,1,3,0,1,2,3,1,18,0,2,27
3,1,0,24,71,72,0,1,89,1,0,0,1,1,3,1,16,2,2,27
3,2,0,18,78,72,1,1,54,1,3,0,1,2,3,1,18,2,2,27
2,1,0,24,71,72,0,1,89,0,0,0,1,1,3,1,16,1,2,27
3,2,0,18,78,72,1,1,54,0,3,0,1,2,3,1,18,1,2,27
2,3,0,22,81,62,1,0,88,0,0,0,1,3,2,0,12,0,2,34
1,3,2,24,76,69,0,1,85,1,0,0,1,3,0,1,5,2,1,22
3,3,0,25,93,69,1,1,98,1,0,0,1,3,1,1,17,2,2,22
0,0,0,23,65,69,1,0,56,1,2,0,1,0,2,1,0,2,2,22
1,3,0,24,76,69,0,1,85,0,0,0,1,3,0,0,5,2,1,22
3,3,0,25,93,69,1,1,98,0,0,0,1,3,1,0,17,2,2,22
1,0,0,23,65,69,1,0,56,0,2,0,1,0,2,0,0,2,2,22
1,3,0,24,76,69,0,1,85,0,0,0,1,3,0,0,5,1,1,22
3,3,0,25,93,69,1,1,98,0,0,0,1,3,1,0,17,1,2,22
0,0,0,23,65,69,1,0,56,0,2,0,1,0,2,0,0,1,2,22
1,3,2,24,76,69,0,1,85,0,0,0,1,3,0,2,5,1,1,22
3,3,0,25,93,69,1,1,98,0,0,0,1,3,1,2,17,1,2,22
0,0,0,23,65,69,1,0,56,0,2,0,1,0,2,2,0,1,2,22
1,3,0,24,76,69,0,1,85,0,0,0,0,3,0,0,5,1,1,22
3,3,0,25,93,69,1,1,98,0,0,0,0,3,1,0,17,1,2,22
0,0,0,23,65,69,1,0,56,0,2,0,0,0,2,0,0,1,2,22
1,3,2,24,76,69,0,1,85,1,0,0,1,3,0,1,5,2,1,22
3,3,0,25,93,69,1,1,98,1,0,0,1,3,1,1,17,2,2,22
0,0,0,23,65,69,1,0,56,1,2,0,1,0,2,1,0,2,2,22
3,2,2,29,90,66,1,1,63,1,2,1,1,2,1,1,16,1,1,26
0,3,2,22,97,66,0,1,84,1,1,1,1,3,3,1,1,1,1,26
0,2,1,27,89,98,1,1,55,0,2,1,1,2,0,1,2,1,0,9
3,0,1,18,68,98,1,1,65,0,2,1,1,0,1,1,19,1,0,9
2,0,1,21,67,98,0,0,65,0,2,1,1,0,2,1,16,1,1,9
0,2,1,27,89,98,1,1,55,0,2,1,1,2,0,0,2,1,0,9
3,0,1,18,68,98,1,1,65,0,2,1,1,0,1,0,19,1,0,9
2,0,1,21,67,98,0,0,65,0,2,1,1,0,2,0,16,1,1,9
1,2,1,27,89,98,1,1,55,0,2,1,1,2,0,1,2,2,0,9
2,0,1,18,68,98,1,1,65,0,2,1,1,0,1,1,19,2,0,9
2,0,1,21,67,98,0,0,65,0,2,1,1,0,2,1,16,2,1,9
0,2,1,27,89,98,1,1,55,1,2,1,1,2,0,1,2,1,0,9
3,0,1,18,68,98,1,1,65,1,2,1,1,0,1,1,19,1,0,9
3,0,1,21,67,98,0,0,65,1,2,1,1,0,2,1,16,1,1,9
2,3,0,20,82,80,0,1,75,1,1,0,1,3,0,2,13,2,2,13
2,0,2,27,67,80,0,1,62,1,2,0,1,0,3,2,13,2,1,13
0,0,2,24,56,80,1,1,52,1,3,0,1,0,0,2,7,2,0,13
0,2,0,22,84,80,1,1,46,1,3,0,1,2,2,2,1,2,2,13
1,2,2,19,82,80,0,1,44,1,3,0,1,2,3,2,3,2,0,13
0,3,2,29,98,80,1,1,79,1,1,0,1,3,3,2,5,2,1,13
3,3,0,20,82,80,0,1,75,1,1,0,1,3,0,2,13,1,2,13
3,0,2,27,67,80,0,1,62,1,2,0,1,0,3,2,13,1,1,13
0,0,2,24,56,80,1,1,52,1,3,0,1,0,0,2,7,1,0,13
0,2,0,22,84,80,1,1,46,1,3,0,1,2,2,2,1,1,2,13
0,2,2,19,82,80,0,1,44,1,3,0,1,2,3,2,3,1,0,13
0,3,2,29,98,80,1,1,79,1,1,0,1,3,3,2,5,1,1,13
2,3,1,20,82,80,0,1,75,0,1,0,1,3,0,1,13,1,2,13
2,0,2,27,67,80,0,1,62,0,2,0,1,0,3,1,13,1,1,13
0,0,2,24,56,80,1,1,52,0,3,0,1,0,0,1,7,1,0,13
0,2,1,22,84,80,1,1,46,0,3,0,1,2,2,1,1,1,2,13
1,2,2,19,82,80,0,1,44,0,3,0,1,2,3,1,3,1,0,13
0,3,2,29,98,80,1,1,79,0,1,0,1,3,3,1,5,1,1,13
0,0,2,27,69,73,0,1,68,1,2,0,1,0,2,1,0,1,0,7
0,2,2,29,92,73,1,0,40,1,3,0,1,2,2,1,2,1,2,7
3,3,2,29,88,73,1,1,99,1,0,0,1,3,0,1,18,1,0,7
3,0,2,21,65,73,1,0,58,1,2,0,1,0,1,1,15,1,1,7
0,1,2,21,60,73,1,1,76,1,1,0,1,1,1,1,5,1,0,7
3,2,0,25,80,61,1,0,47,1,3,1,1,2,1,0,15,2,1,35
3,0,0,19,61,61,0,0,56,1,2,1,1,0,1,0,18,2,2,35
3,1,1,28,50,93,1,1,82,0,1,1,1,1,2,0,17,2,1,25
2,1,1,22,72,93,0,0,71,0,1,1,1,1,0,0,15,2,1,25
3,1,1,28,50,93,1,1,82,0,1,1,1,1,2,2,17,2,1,25
2,1,1,22,72,93,0,0,71,0,1,1,1,1,0,2,15,2,1,25
3,1,1,28,50,93,1,1,82,1,1,1,1,1,2,0,17,1,1,25
3,1,1,22,72,93,0,0,71,1,1,1,1,1,0,0,15,1,1,25
3,1,1,28,50,93,1,1,82,0,1,1,1,1,2,1,17,1,1,25
2,1,1,22,72,93,0,0,71,0,1,1,1,1,0,1,15,1,1,25
3,1,1,28,50,93,1,1,82,0,1,1,1,1,2,1,17,1,1,25
2,1,1,22,72,93,0,0,71,0,1,1,1,1,0,1,15,1,1,25
0,0,2,23,62,71,1,1,64,0,2,0,1,0,3,1,3,0,1,26
1,1,2,27,55,71,0,0,71,0,1,0,1,1,0,1,3,0,0,26
2,1,0,19,61,71,1,1,89,0,0,0,1,1,3,1,17,0,2,26
2,1,2,18,50,71,1,1,72,0,1,0,1,1,1,1,13,0,1,26
2,2,2,28,97,71,0,1,47,0,3,0,1,2,3,1,13,0,0,26
2,1,0,18,60,71,1,1,90,0,0,0,1,1,1,1,12,0,2,26
2,1,0,25,57,71,0,1,100,0,0,0,1,1,3,1,12,0,2,26
1,0,0,23,62,71,1,1,64,0,2,0,1,0,3,0,3,2,1,26
1,1,0,27,55,71,0,0,71,0,1,0,1,1,0,0,3,2,0,26
3,1,0,19,61,71,1,1,89,0,0,0,1,1,3,0,17,2,2,26
3,1,0,18,50,71,1,1,72,0,1,0,1,1,1,0,13,2,1,26
1,2,0,28,97,71,0,1,47,0,3,0,1,2,3,0,13,2,0,26
1,1,0,18,60,71,1,1,90,0,0,0,1,1,1,0,12,2,2,26
1,1,0,25,57,71,0,1,100,0,0,0,1,1,3,0,12,2,2,26
0,0,2,23,62,71,1,1,64,1,2,0,0,0,3,1,3,1,1,26
0,1,2,27,55,71,0,0,71,1,1,0,0,1,0,1,3,1,0,26
3,1,0,19,61,71,1,1,89,1,0,0,0,1,3,1,17,1,2,26
3,1,2,18,50,71,1,1,72,1,1,0,0,1,1,1,13,1,1,26
3,2,2,28,97,71,0,1,47,1,3,0,0,2,3,1,13,1,0,26
3,1,0,18,60,71,1,1,90,1,0,0,0,1,1,1,12,1,2,26
3,1,0,25,57,71,0,1,100,1,0,0,0,1,3,1,12,1,2,26
0,2,1,28,92,93,1,0,43,0,3,1,1,2,0,0,7,1,2,22
0,2,1,28,92,93,1,0,43,1,3,1,1,2,0,2,7,2,2,22
0,2,1,28,92,93,1,0,43,1,3,1,1,2,0,1,7,0,2,22
0,2,1,28,92,93,1,0,43,1,3,1,1,2,0,2,7,1,2,22
0,0,1,19,55,99,1,0,57,1,2,0,1,0,0,0,0,1,2,16
0,0,1,19,55,99,1,0,57,1,2,0,1,0,0,2,0,2,2,16
0,0,1,19,55,99,1,0,57,0,2,0,0,0,0,0,0,1,2,16
0,0,1,19,55,99,1,0,57,0,2,0,0,0,0,2,0,1,2,16
0,0,1,19,55,99,1,0,57,0,2,0,1,0,0,0,0,1,2,16
0,0,1,19,55,99,1,0,57,1,2,0,1,0,0,2,0,2,2,16
0,0,1,19,55,99,1,0,57,1,2,0,1,0,0,1,0,1,2,16
0,2,1,22,97,82,1,1,55,1,2,1,1,2,2,1,1,2,2,15
3,2,2,26,80,82,1,1,51,1,3,1,1,2,1,1,14,2,1,15
3,1,1,24,67,82,1,0,90,1,0,1,1,1,1,1,15,2,2,15
2,3,2,27,75,82,0,1,90,1,0,1,1,3,3,1,17,2,1,15
0,2,2,25,81,82,1,0,49,1,3,1,1,2,2,1,6,2,1,15
0,2,1,22,97,82,1,1,55,1,2,1,0,2,2,2,1,2,2,15
3,2,2,26,80,82,1,1,51,1,3,1,0,2,1,2,14,2,1,15
3,1,1,24,67,82,1,0,90,1,0,1,0,1,1,2,15,2,2,15
2,3,2,27,75,82,0,1,90,1,0,1,0,3,3,2,17,2,1,15
0,2,2,25,81,82,1,0,49,1,3,1,0,2,2,2,6,2,1,15
0,2,1,24,80,92,1,1,55,1,2,1,1,2,2,2,0,0,2,23
0,2,1,24,80,92,1,1,55,1,2,1,1,2,2,0,0,1,2,23
0,2,1,24,80,92,1,1,55,1,2,1,1,2,2,1,0,1,2,23
1,2,1,24,80,92,1,1,55,0,2,1,1,2,2,1,0,2,2,23
0,2,1,24,80,92,1,1,55,1,2,1,1,2,2,2,0,2,2,23
3,1,1,25,59,91,1,1,84,1,1,1,1,1,3,1,20,1,0,20
3,1,1,25,59,91,1,1,84,1,1,1,1,1,3,0,20,2,0,20
3,1,1,25,59,91,1,1,84,1,1,1,1,1,3,1,20,0,0,20
3,1,1,25,59,91,1,1,84,0,1,1,1,1,3,1,20,1,0,20
3,1,1,25,59,91,1,1,84,0,1,1,1,1,3,1,20,1,0,20
3,1,1,25,59,91,1,1,84,1,1,1,1,1,3,2,20,1,0,20
1,0,0,19,61,74,0,1,66,1,2,1,1,0,3,0,1,2,2,16
3,2,0,28,82,74,1,1,68,1,2,1,1,2,0,0,13,2,0,16
1,0,0,19,61,74,0,1,66,1,2,1,1,0,3,0,1,2,2,16
3,2,0,28,82,74,1,1,68,1,2,1,1,2,0,0,13,2,0,16
1,0,0,19,61,74,0,1,66,0,2,1,1,0,3,0,1,2,2,16
2,2,0,28,82,74,1,1,68,0,2,1,1,2,0,0,13,2,0,16
1,0,2,19,61,74,0,1,66,0,2,1,1,0,3,1,1,2,2,16
2,2,2,28,82,74,1,1,68,0,2,1,1,2,0,1,13,2,0,16
3,0,2,23,64,82,1,0,59,1,2,1,1,0,0,1,12,2,1,19
3,3,1,29,86,82,1,0,76,1,1,1,1,3,1,1,18,2,2,19
3,2,1,29,99,82,0,1,62,1,2,1,1,2,1,1,13,2,2,19
0,1,2,18,68,82,1,0,90,1,0,1,1,1,0,1,5,2,1,19
2,0,2,23,64,82,1,0,59,0,2,1,1,0,0,1,12,0,1,19
2,3,1,29,86,82,1,0,76,0,1,1,1,3,1,1,18,0,2,19
2,2,1,29,99,82,0,1,62,0,2,1,1,2,1,1,13,0,2,19
1,1,2,18,68,82,1,0,90,0,0,1,1,1,0,1,5,0,1,19
3,0,2,23,64,82,1,0,59,0,2,1,1,0,0,0,12,1,1,19
3,3,0,29,86,82,1,0,76,0,1,1,1,3,1,0,18,1,2,19
2,2,0,29,99,82,0,1,62,0,2,1,1,2,1,0,13,1,2,19
0,1,2,18,68,82,1,0,90,0,0,1,1,1,0,0,5,1,1,19
3,0,2,23,64,82,1,0,59,0,2,1,1,0,0,1,12,1,1,19
3,3,1,29,86,82,1,0,76,0,1,1,1,3,1,1,18,1,2,19
2,2,1,29,99,82,0,1,62,0,2,1,1,2,1,1,13,1,2,19
0,1,2,18,68,82,1,0,90,0,0,1,1,1,0,1,5,1,1,19
3,0,2,23,64,82,1,0,59,0,2,1,1,0,0,1,12,1,1,19
3,3,1,29,86,82,1,0,76,0,1,1,1,3,1,1,18,1,2,19
2,2,1,29,99,82,0,1,62,0,2,1,1,2,1,1,13,1,2,19
0,1,2,18,68,82,1,0,90,0,0,1,1,1,0,1,5,1,1,19
0,0,0,25,67,69,0,0,53,1,3,0,1,0,1,2,2,1,2,23
0,2,0,22,86,69,0,1,40,1,3,0,1,2,3,2,3,1,0,23
0,0,0,23,67,80,1,1,43,0,3,0,1,0,1,2,4,0,2,8
2,0,0,28,67,71,0,1,66,0,2,0,1,0,0,2,17,2,2,19
1,0,0,22,68,71,1,1,57,0,2,0,1,0,0,2,2,2,2,19
1,1,0,23,73,71,1,1,77,0,1,0,1,1,1,2,3,2,2,19
3,0,0,28,67,71,0,1,66,1,2,0,1,0,0,1,17,1,2,19
0,0,0,22,68,71,1,1,57,1,2,0,1,0,0,1,2,1,2,19
0,1,0,23,73,71,1,1,77,1,1,0,1,1,1,1,3,1,2,19
3,0,0,28,67,71,0,1,66,1,2,0,1,0,0,1,17,1,2,19
0,0,0,22,68,71,1,1,57,1,2,0,1,0,0,1,2,1,2,19
0,1,0,23,73,71,1,1,77,1,1,0,1,1,1,1,3,1,2,19
3,0,0,28,67,71,0,1,66,1,2,0,1,0,0,0,17,1,2,19
0,0,0,22,68,71,1,1,57,1,2,0,1,0,0,0,2,1,2,19
0,1,0,23,73,71,1,1,77,1,1,0,1,1,1,0,3,1,2,19
2,0,0,28,67,71,0,1,66,1,2,0,1,0,0,0,17,2,2,19
0,0,0,22,68,71,1,1,57,1,2,0,1,0,0,0,2,2,2,19
0,1,0,23,73,71,1,1,77,1,1,0,1,1,1,0,3,2,2,19
3,2,0,19,78,67,0,0,62,1,2,1,1,2,1,2,12,1,2,13
3,2,2,26,77,67,1,1,52,1,3,1,1,2,0,2,19,1,1,13
0,0,2,26,50,67,0,1,54,1,3,1,1,0,0,2,2,1,1,13
3,2,0,19,78,67,0,0,62,1,2,1,1,2,1,1,12,1,2,13
3,2,2,26,77,67,1,1,52,1,3,1,1,2,0,1,19,1,1,13
0,0,2,26,50,67,0,1,54,1,3,1,1,0,0,1,2,1,1,13
2,2,0,19,78,67,0,0,62,1,2,1,1,2,1,1,12,0,2,13
3,2,2,26,77,67,1,1,52,1,3,1,1,2,0,1,19,0,1,13
0,0,2,26,50,67,0,1,54,1,3,1,1,0,0,1,2,0,1,13
1,2,0,19,78,67,0,0,62,1,2,1,1,2,1,1,12,2,2,13
3,2,2,26,77,67,1,1,52,1,3,1,1,2,0,1,19,2,1,13
1,0,2,26,50,67,0,1,54,1,3,1,1,0,0,1,2,2,1,13
0,2,1,27,84,93,1,1,46,1,3,0,1,2,1,1,6,1,1,16
0,2,1,27,84,93,1,1,46,1,3,0,1,2,1,1,6,1,1,16
0,2,1,27,84,93,1,1,46,1,3,0,1,2,1,0,6,2,1,16
3,3,0,25,80,68,1,1,80,0,1,0,1,3,2,2,11,1,2,18
1,1,2,20,55,68,0,0,79,0,1,0,1,1,1,2,10,1,1,18
1,3,0,25,80,68,1,1,80,0,1,0,1,3,2,1,11,2,2,18
1,1,2,20,55,68,0,0,79,0,1,0,1,1,1,1,10,2,1,18
0,1,0,27,57,67,1,0,79,0,1,0,1,1,3,1,0,1,2,18
3,1,0,24,62,67,1,1,85,0,0,0,1,1,0,1,15,1,2,18
0,1,0,27,61,67,1,0,76,0,1,0,1,1,1,1,9,1,2,18
0,1,0,27,57,67,1,0,79,1,1,0,1,1,3,0,0,2,2,18
3,1,0,24,62,67,1,1,85,1,0,0,1,1,0,0,15,2,2,18
0,1,0,27,61,67,1,0,76,1,1,0,1,1,1,0,9,2,2,18
2,1,0,21,68,66,0,0,72,0,1,1,0,1,2,0,16,1,2,21
2,1,0,21,68,66,0,0,72,0,1,1,1,1,2,1,16,1,2,21
3,1,0,21,68,66,0,0,72,1,1,1,1,1,2,1,16,1,2,21
1,1,1,21,62,90,1,0,81,0,1,0,1,1,0,0,3,2,2,26
1,1,1,29,63,90,0,1,97,0,0,0,1,1,0,0,7,2,2,26
1,0,2,28,67,90,0,1,55,0,2,0,1,0,0,0,11,2,1,26
1,3,1,21,88,90,1,1,94,0,0,0,1,3,3,0,8,2,2,26
1,2,1,21,80,90,1,1,62,0,2,0,1,2,2,0,1,2,2,26
0,1,1,21,62,90,1,0,81,1,1,0,1,1,0,1,3,1,2,26
0,1,1,29,63,90,0,1,97,1,0,0,1,1,0,1,7,1,2,26
3,0,2,28,67,90,0,1,55,1,2,0,1,0,0,1,11,1,1,26
0,3,1,21,88,90,1,1,94,1,0,0,1,3,3,1,8,1,2,26
0,2,1,21,80,90,1,1,62,1,2,0,1,2,2,1,1,1,2,26
0,1,1,21,62,90,1,0,81,0,1,0,1,1,0,2,3,1,2,26
1,1,1,29,63,90,0,1,97,0,0,0,1,1,0,2,7,1,2,26
2,0,2,28,67,90,0,1,55,0,2,0,1,0,0,2,11,1,1,26
0,3,1,21,88,90,1,1,94,0,0,0,1,3,3,2,8,1,2,26
0,2,1,21,80,90,1,1,62,0,2,0,1,2,2,2,1,1,2,26
0,0,1,27,75,84,1,1,43,1,3,0,1,0,1,2,6,1,2,11
0,0,0,27,75,84,1,1,43,0,3,0,1,0,1,0,6,1,2,11
0,0,0,27,75,84,1,1,43,1,3,0,1,0,1,0,6,0,2,11
0,0,1,27,75,84,1,1,43,1,3,0,1,0,1,2,6,1,2,11
2,2,2,26,77,87,1,0,59,0,2,0,1,2,0,1,19,0,1,5
2,1,1,20,56,86,1,1,70,0,1,1,1,1,0,0,20,0,2,19
3,1,1,20,56,86,1,1,70,1,1,1,1,1,0,2,20,2,2,19
3,1,1,20,56,86,1,1,70,0,1,1,1,1,0,1,20,1,2,19
3,1,1,20,56,86,1,1,70,1,1,1,1,1,0,0,20,1,2,19
0,1,2,28,71,60,0,0,92,1,0,1,1,1,0,1,8,1,1,13
1,1,0,28,71,60,0,0,92,0,0,1,1,1,0,0,8,1,1,13
1,1,0,28,71,60,0,0,92,0,0,1,1,1,0,0,8,0,1,13
1,1,2,28,71,60,0,0,92,0,0,1,1,1,0,2,8,1,1,13
0,1,2,28,71,60,0,0,92,1,0,1,1,1,0,1,8,1,1,13
0,1,0,25,70,61,0,1,83,1,1,1,0,1,1,0,3,1,1,9
1,1,2,25,70,61,0,1,83,1,1,1,1,1,1,1,3,2,1,9
1,0,0,19,55,71,0,1,46,1,3,0,1,0,2,0,2,2,0,17
2,0,0,29,72,71,0,1,44,1,3,0,1,0,0,0,14,2,1,17
3,0,0,25,58,71,1,1,69,1,2,0,1,0,2,0,16,2,2,17
1,0,0,19,55,71,0,1,46,1,3,0,1,0,2,0,2,2,0,17
2,0,0,29,72,71,0,1,44,1,3,0,1,0,0,0,14,2,1,17
3,0,0,25,58,71,1,1,69,1,2,0,1,0,2,0,16,2,2,17
1,0,2,19,55,71,0,1,46,0,3,0,1,0,2,1,2,0,0,17
2,0,2,29,72,71,0,1,44,0,3,0,1,0,0,1,14,0,1,17
2,0,0,25,58,71,1,1,69,0,2,0,1,0,2,1,16,0,2,17
1,0,0,19,55,71,0,1,46,0,3,0,1,0,2,0,2,1,0,17
2,0,0,29,72,71,0,1,44,0,3,0,1,0,0,0,14,1,1,17
3,0,0,25,58,71,1,1,69,0,2,0,1,0,2,0,16,1,2,17
3,2,0,27,80,61,1,1,55,1,2,0,1,2,1,2,20,1,0,11
3,0,0,19,53,61,1,0,46,1,3,0,1,0,0,2,10,1,2,11
0,1,0,28,72,61,0,1,84,1,1,0,1,1,3,2,8,1,2,11
2,0,0,21,59,74,1,1,53,0,3,1,1,0,2,0,19,2,2,20
1,3,0,27,96,74,1,1,88,0,0,1,1,3,2,0,6,2,2,20
3,0,0,21,59,74,1,1,53,1,3,1,1,0,2,2,19,1,2,20
0,3,0,27,96,74,1,1,88,1,0,1,1,3,2,2,6,1,2,20
3,0,0,21,59,74,1,1,53,0,3,1,1,0,2,2,19,1,2,20
0,3,0,27,96,74,1,1,88,0,0,1,1,3,2,2,6,1,2,20
3,0,2,21,59,74,1,1,53,1,3,1,1,0,2,1,19,1,2,20
0,3,2,27,96,74,1,1,88,1,0,1,1,3,2,1,6,1,2,20
3,0,2,21,59,74,1,1,53,0,3,1,1,0,2,1,19,1,2,20
0,3,2,27,96,74,1,1,88,0,0,1,1,3,2,1,6,1,2,20
3,0,2,21,59,74,1,1,53,1,3,1,1,0,2,1,19,1,2,20
0,3,2,27,96,74,1,1,88,1,0,1,1,3,2,1,6,1,2,20
1,3,2,29,86,64,0,1,95,0,0,1,1,3,2,1,3,1,1,23
1,1,0,25,64,64,0,0,75,0,1,1,1,1,1,1,9,1,2,23
0,3,2,29,86,64,0,1,95,1,0,1,1,3,2,2,3,1,1,23
0,1,0,25,64,64,0,0,75,1,1,1,1,1,1,2,9,1,2,23
1,3,2,29,86,64,0,1,95,1,0,1,1,3,2,1,3,2,1,23
1,1,0,25,64,64,0,0,75,1,1,1,1,1,1,1,9,2,2,23
0,3,2,29,86,64,0,1,95,1,0,1,1,3,2,1,3,0,1,23
2,1,0,25,64,64,0,0,75,1,1,1,1,1,1,1,9,0,2,23
1,3,0,29,86,64,0,1,95,0,0,1,1,3,2,0,3,2,1,23
1,1,0,25,64,64,0,0,75,0,1,1,1,1,1,0,9,2,2,23
0,3,2,29,86,64,0,1,95,1,0,1,1,3,2,1,3,1,1,23
0,1,0,25,64,64,0,0,75,1,1,1,1,1,1,1,9,1,2,23
1,1,1,25,50,80,1,1,75,0,1,0,1,1,2,1,0,2,2,21
3,3,2,25,96,80,1,0,87,0,0,0,1,3,0,1,15,2,1,21
3,1,2,22,64,80,1,1,88,0,0,0,1,1,0,1,16,2,0,21
0,1,1,25,50,80,1,1,75,1,1,0,1,1,2,1,0,2,2,21
3,3,2,25,96,80,1,0,87,1,0,0,1,3,0,1,15,2,1,21
3,1,2,22,64,80,1,1,88,1,0,0,1,1,0,1,16,2,0,21
0,1,0,25,50,80,1,1,75,1,1,0,1,1,2,0,0,2,2,21
3,3,2,25,96,80,1,0,87,1,0,0,1,3,0,0,15,2,1,21
3,1,0,22,64,80,1,1,88,1,0,0,1,1,0,0,16,2,0,21
0,1,1,25,50,80,1,1,75,1,1,0,1,1,2,1,0,0,2,21
3,3,2,25,96,80,1,0,87,1,0,0,1,3,0,1,15,0,1,21
3,1,2,22,64,80,1,1,88,1,0,0,1,1,0,1,16,0,0,21
0,1,0,25,50,80,1,1,75,1,1,0,1,1,2,0,0,1,2,21
3,3,2,25,96,80,1,0,87,1,0,0,1,3,0,0,15,1,1,21
3,1,0,22,64,80,1,1,88,1,0,0,1,1,0,0,16,1,0,21
0,1,1,25,50,80,1,1,75,0,1,0,1,1,2,1,0,0,2,21
2,3,2,25,96,80,1,0,87,0,0,0,1,3,0,1,15,0,1,21
2,1,2,22,64,80,1,1,88,0,0,0,1,1,0,1,16,0,0,21
3,3,1,26,86,91,0,1,79,1,1,1,1,3,0,1,16,1,1,14
3,3,1,26,86,91,0,1,79,1,1,1,1,3,0,1,16,1,1,14
3,3,1,26,86,91,0,1,79,1,1,1,1,3,0,1,16,1,1,14
2,3,1,26,86,91,0,1,79,1,1,1,1,3,0,1,16,2,1,14
3,3,1,26,86,91,0,1,79,1,1,1,1,3,0,1,16,1,1,14
2,3,2,23,77,69,0,0,87,0,0,1,1,3,2,1,16,1,0,27
3,3,0,23,77,69,0,0,87,1,0,1,1,3,2,0,16,2,0,27
2,3,2,23,77,69,0,0,87,1,0,1,1,3,2,1,16,0,0,27
3,2,1,22,79,100,1,1,56,0,2,1,1,2,0,0,10,1,1,14
0,1,1,26,73,100,1,0,72,0,1,1,1,1,1,0,5,1,2,14
1,0,0,23,55,66,1,1,63,0,2,1,1,0,2,0,0,2,2,30
1,0,0,23,55,66,1,1,63,0,2,1,0,0,2,0,0,2,2,30
3,0,2,19,73,90,1,0,47,1,3,1,1,0,0,0,18,0,1,26
3,0,2,19,73,90,1,0,47,1,3,1,1,0,0,1,18,2,1,26
3,0,2,19,73,90,1,0,47,1,3,1,1,0,0,1,18,2,1,26
3,0,2,19,73,90,1,0,47,1,3,1,1,0,0,1,18,2,1,26
1,2,2,26,95,77,1,0,51,0,3,1,1,2,2,0,2,2,1,16
0,2,2,26,95,77,1,0,51,1,3,1,1,2,2,1,2,1,1,16
0,2,2,26,95,77,1,0,51,1,3,1,0,2,2,1,2,0,1,16
0,3,1,29,82,92,1,0,87,1,0,0,1,3,3,2,2,1,0,24
3,1,1,18,70,92,0,1,96,1,0,0,1,1,0,2,16,1,2,24
1,3,1,29,82,92,1,0,87,0,0,0,1,3,3,2,2,2,0,24
2,1,1,18,70,92,0,1,96,0,0,0,1,1,0,2,16,2,2,24
1,3,1,29,82,92,1,0,87,0,0,0,1,3,3,1,2,2,0,24
2,1,1,18,70,92,0,1,96,0,0,0,1,1,0,1,16,2,2,24
0,3,1,29,82,92,1,0,87,0,0,0,1,3,3,1,2,0,0,24
2,1,1,18,70,92,0,1,96,0,0,0,1,1,0,1,16,0,2,24
0,3,1,29,82,92,1,0,87,0,0,0,1,3,3,1,2,1,0,24
2,1,1,18,70,92,0,1,96,0,0,0,1,1,0,1,16,1,2,24
0,3,1,29,82,92,1,0,87,1,0,0,1,3,3,0,2,1,0,24
3,1,1,18,70,92,0,1,96,1,0,0,1,1,0,0,16,1,2,24
0,2,2,25,80,82,1,1,67,1,2,1,1,2,2,1,7,1,1,28
3,3,2,27,93,82,1,1,82,1,1,1,1,3,0,1,14,1,1,28
0,1,1,20,51,82,1,1,99,1,0,1,1,1,2,1,0,1,2,28
1,2,2,25,80,82,1,1,67,0,2,1,1,2,2,0,7,2,1,28
3,3,2,27,93,82,1,1,82,0,1,1,1,3,0,0,14,2,1,28
1,1,0,20,51,82,1,1,99,0,0,1,1,1,2,0,0,2,2,28
0,2,2,25,80,82,1,1,67,1,2,1,1,2,2,0,7,2,1,28
3,3,2,27,93,82,1,1,82,1,1,1,1,3,0,0,14,2,1,28
0,1,0,20,51,82,1,1,99,1,0,1,1,1,2,0,0,2,2,28
3,2,1,24,87,100,0,1,56,1,2,0,1,2,3,1,20,2,2,29
3,2,1,21,90,100,1,0,69,1,2,0,1,2,1,1,20,2,2,29
3,2,1,24,87,100,0,1,56,1,2,0,0,2,3,1,20,1,2,29
3,2,1,21,90,100,1,0,69,1,2,0,0,2,1,1,20,1,2,29
3,2,1,25,76,85,1,1,67,0,2,1,1,2,0,2,14,1,0,15
0,0,1,25,60,85,1,1,46,0,3,1,1,0,2,2,5,1,2,15
1,1,1,23,54,85,0,0,82,0,1,1,1,1,3,2,5,1,2,15
3,2,1,25,76,85,1,1,67,1,2,1,1,2,0,1,14,2,0,15
0,0,1,25,60,85,1,1,46,1,3,1,1,0,2,1,5,2,2,15
1,1,1,23,54,85,0,0,82,1,1,1,1,1,3,1,5,2,2,15
3,2,1,25,76,85,1,1,67,0,2,1,1,2,0,1,14,1,0,15
0,0,1,25,60,85,1,1,46,0,3,1,1,0,2,1,5,1,2,15
1,1,1,23,54,85,0,0,82,0,1,1,1,1,3,1,5,1,2,15
3,2,1,25,76,85,1,1,67,1,2,1,1,2,0,1,14,1,0,15
0,0,1,25,60,85,1,1,46,1,3,1,1,0,2,1,5,1,2,15
0,1,1,23,54,85,0,0,82,1,1,1,1,1,3,1,5,1,2,15
3,2,1,25,76,85,1,1,67,0,2,1,1,2,0,2,14,1,0,15
0,0,1,25,60,85,1,1,46,0,3,1,1,0,2,2,5,1,2,15
1,1,1,23,54,85,0,0,82,0,1,1,1,1,3,2,5,1,2,15
3,0,1,22,70,88,1,1,63,0,2,1,1,0,1,0,11,1,2,32
3,2,1,20,88,88,1,1,45,0,3,1,1,2,1,0,11,1,2,32
3,0,1,22,70,88,1,1,63,1,2,1,1,0,1,0,11,0,2,32
3,2,1,20,88,88,1,1,45,1,3,1,1,2,1,0,11,0,2,32
1,2,0,29,84,80,0,1,52,0,3,1,1,2,3,2,11,2,2,27
2,2,1,29,84,80,0,1,52,1,3,1,1,2,3,1,11,0,2,27
2,2,0,29,84,80,0,1,52,1,3,1,1,2,3,2,11,0,2,27
2,2,0,29,84,80,0,1,52,0,3,1,1,2,3,0,11,0,2,27
2,2,0,29,84,80,0,1,52,0,3,1,0,2,3,2,11,1,2,27
2,2,0,29,84,80,0,1,52,1,3,1,1,2,3,0,11,0,2,27
0,3,0,26,97,70,1,1,76,1,1,0,1,3,3,0,5,1,0,14
3,0,0,25,67,70,0,0,66,1,2,0,1,0,1,0,10,1,2,14
3,3,0,25,81,70,1,1,93,1,0,0,1,3,3,0,19,1,1,14
3,1,0,19,73,70,1,1,97,1,0,0,1,1,0,0,16,1,0,14
0,3,0,26,97,70,1,1,76,1,1,0,1,3,3,2,5,1,0,14
3,0,0,25,67,70,0,0,66,1,2,0,1,0,1,2,10,1,2,14
3,3,2,25,81,70,1,1,93,1,0,0,1,3,3,2,19,1,1,14
3,1,0,19,73,70,1,1,97,1,0,0,1,1,0,2,16,1,0,14
0,3,0,25,100,61,1,1,86,1,0,0,1,3,0,1,4,2,2,27
1,0,0,20,56,81,0,1,58,0,2,0,1,0,2,0,1,1,2,26
0,2,0,24,77,81,1,1,50,0,3,0,1,2,3,0,5,1,2,26
1,1,0,26,50,81,0,0,86,0,0,0,1,1,2,0,1,1,0,26
0,2,0,25,100,81,1,0,72,0,1,0,1,2,1,0,9,1,2,26
0,0,1,20,56,81,0,1,58,1,2,0,1,0,2,1,1,1,2,26
0,2,1,24,77,81,1,1,50,1,3,0,1,2,3,1,5,1,2,26
0,1,2,26,50,81,0,0,86,1,0,0,1,1,2,1,1,1,0,26
0,2,1,25,100,81,1,0,72,1,1,0,1,2,1,1,9,1,2,26
1,0,1,20,56,81,0,1,58,0,2,0,1,0,2,2,1,0,2,26
1,2,1,24,77,81,1,1,50,0,3,0,1,2,3,2,5,0,2,26
1,1,2,26,50,81,0,0,86,0,0,0,1,1,2,2,1,0,0,26
2,2,1,25,100,81,1,0,72,0,1,0,1,2,1,2,9,0,2,26
0,0,1,20,56,81,0,1,58,1,2,0,1,0,2,1,1,1,2,26
0,2,1,24,77,81,1,1,50,1,3,0,1,2,3,1,5,1,2,26
0,1,2,26,50,81,0,0,86,1,0,0,1,1,2,1,1,1,0,26
0,2,1,25,100,81,1,0,72,1,1,0,1,2,1,1,9,1,2,26
0,0,0,20,56,81,0,1,58,1,2,0,1,0,2,0,1,1,2,26
0,2,0,24,77,81,1,1,50,1,3,0,1,2,3,0,5,1,2,26
0,1,0,26,50,81,0,0,86,1,0,0,1,1,2,0,1,1,0,26
0,2,0,25,100,81,1,0,72,1,1,0,1,2,1,0,9,1,2,26
0,0,1,28,51,97,0,1,46,1,3,1,1,0,2,0,5,1,2,11
1,0,1,28,51,97,0,1,46,1,3,1,1,0,2,1,5,2,2,11
1,0,1,28,51,97,0,1,46,0,3,1,1,0,2,1,5,1,2,11
2,2,2,18,80,77,0,1,56,1,2,0,1,2,2,1,19,2,1,18
1,0,1,20,73,77,0,0,41,1,3,0,1,0,1,1,6,2,2,18
1,1,1,27,70,77,0,0,95,1,0,0,1,1,2,1,8,2,2,18
3,2,2,18,80,77,0,1,56,1,2,0,1,2,2,2,19,1,1,18
0,0,0,20,73,77,0,0,41,1,3,0,1,0,1,2,6,1,2,18
0,1,0,27,70,77,0,0,95,1,0,0,1,1,2,2,8,1,2,18
2,2,2,18,80,77,0,1,56,1,2,0,0,2,2,2,19,2,1,18
1,0,0,20,73,77,0,0,41,1,3,0,0,0,1,2,6,2,2,18
1,1,0,27,70,77,0,0,95,1,0,0,0,1,2,2,8,2,2,18
2,2,2,18,80,77,0,1,56,0,2,0,1,2,2,0,19,1,1,18
1,0,0,20,73,77,0,0,41,0,3,0,1,0,1,0,6,1,2,18
1,1,0,27,70,77,0,0,95,0,0,0,1,1,2,0,8,1,2,18
1,1,1,23,61,91,0,1,71,0,1,1,1,1,2,0,1,1,1,28
0,2,1,19,86,91,1,1,55,0,2,1,1,2,3,0,5,1,1,28
1,1,1,23,61,91,0,1,71,1,1,1,1,1,2,2,1,2,1,28
0,2,1,19,86,91,1,1,55,1,2,1,1,2,3,2,5,2,1,28
0,1,1,23,61,91,0,1,71,1,1,1,1,1,2,0,1,1,1,28
0,2,1,19,86,91,1,1,55,1,2,1,1,2,3,0,5,1,1,28
1,1,1,23,61,91,0,1,71,0,1,1,1,1,2,1,1,1,1,28
0,2,1,19,86,91,1,1,55,0,2,1,1,2,3,1,5,1,1,28
1,2,0,26,94,65,0,1,42,1,3,0,1,2,3,0,10,2,2,23
3,3,0,19,90,65,1,1,82,1,1,0,1,3,1,0,12,2,0,23
1,2,0,26,94,65,0,1,42,0,3,0,1,2,3,1,10,1,2,23
3,3,2,19,90,65,1,1,82,0,1,0,1,3,1,1,12,1,0,23
3,2,0,26,94,65,0,1,42,1,3,0,1,2,3,0,10,1,2,23
3,3,0,19,90,65,1,1,82,1,1,0,1,3,1,0,12,1,0,23
3,2,1,21,81,87,1,0,64,0,2,1,1,2,1,0,19,2,0,33
1,1,1,18,52,87,1,1,76,0,1,1,1,1,2,0,9,2,2,33
2,1,1,24,74,87,0,0,82,0,1,1,1,1,2,0,19,2,2,33
2,3,1,21,82,87,0,1,100,0,0,1,1,3,1,0,19,2,2,33
1,0,1,18,56,92,0,1,62,1,2,0,1,0,1,1,6,0,2,26
1,1,1,22,60,92,0,1,90,1,0,0,1,1,2,1,6,0,1,26
2,1,1,19,58,92,0,0,76,1,1,0,1,1,0,1,18,0,0,26
2,0,1,25,76,92,0,1,41,1,3,0,1,0,3,1,20,0,1,26
3,3,1,22,90,99,0,1,78,1,1,1,0,3,2,2,12,1,1,29
3,3,1,22,96,99,1,0,85,1,0,1,0,3,2,2,17,1,1,29
3,3,1,22,90,99,0,1,78,1,1,1,1,3,2,0,12,1,1,29
3,3,1,22,96,99,1,0,85,1,0,1,1,3,2,0,17,1,1,29
0,3,1,26,76,93,1,0,90,0,0,0,1,3,1,0,1,1,0,26
0,3,1,24,97,93,1,1,89,0,0,0,1,3,1,0,8,1,0,26
1,3,1,23,78,93,0,1,78,0,1,0,1,3,1,0,7,1,0,26
0,3,1,26,76,93,1,0,90,0,0,0,1,3,1,1,1,0,0,26
1,3,1,24,97,93,1,1,89,0,0,0,1,3,1,1,8,0,0,26
1,3,1,23,78,93,0,1,78,0,1,0,1,3,1,1,7,0,0,26
1,3,1,26,76,93,1,0,90,0,0,0,1,3,1,1,1,2,0,26
1,3,1,24,97,93,1,1,89,0,0,0,1,3,1,1,8,2,0,26
1,3,1,23,78,93,0,1,78,0,1,0,1,3,1,1,7,2,0,26
0,3,1,26,76,93,1,0,90,1,0,0,1,3,1,1,1,1,0,26
0,3,1,24,97,93,1,1,89,1,0,0,1,3,1,1,8,1,0,26
0,3,1,23,78,93,0,1,78,1,1,0,1,3,1,1,7,1,0,26
0,3,1,26,76,93,1,0,90,1,0,0,1,3,1,0,1,2,0,26
0,3,1,24,97,93,1,1,89,1,0,0,1,3,1,0,8,2,0,26
1,3,1,23,78,93,0,1,78,1,1,0,1,3,1,0,7,2,0,26
0,2,2,23,96,70,1,1,40,1,3,1,1,2,1,1,3,1,0,18
0,2,0,24,90,70,1,0,69,1,2,1,1,2,3,1,8,1,2,18
3,0,2,29,63,70,0,1,50,1,3,1,1,0,1,1,12,1,1,18
0,2,2,23,96,70,1,1,40,1,3,1,1,2,1,1,3,0,0,18
0,2,0,24,90,70,1,0,69,1,2,1,1,2,3,1,8,0,2,18
2,0,2,29,63,70,0,1,50,1,3,1,1,0,1,1,12,0,1,18
0,2,2,23,96,70,1,1,40,1,3,1,1,2,1,1,3,1,0,18
0,2,0,24,90,70,1,0,69,1,2,1,1,2,3,1,8,1,2,18
3,0,2,29,63,70,0,1,50,1,3,1,1,0,1,1,12,1,1,18
1,2,2,23,96,70,1,1,40,0,3,1,1,2,1,1,3,2,0,18
1,2,0,24,90,70,1,0,69,0,2,1,1,2,3,1,8,2,2,18
1,0,2,29,63,70,0,1,50,0,3,1,1,0,1,1,12,2,1,18
0,3,1,18,90,91,1,0,81,0,1,0,1,3,3,0,6,1,0,15
2,3,1,26,91,91,0,0,88,0,0,0,1,3,2,0,18,1,1,15
0,3,1,18,90,91,1,0,81,0,1,0,1,3,3,0,6,1,0,15
2,3,1,26,91,91,0,0,88,0,0,0,1,3,2,0,18,1,1,15
1,3,1,18,90,91,1,0,81,0,1,0,1,3,3,1,6,2,0,15
2,3,1,26,91,91,0,0,88,0,0,0,1,3,2,1,18,2,1,15
0,3,1,18,90,91,1,0,81,1,1,0,1,3,3,0,6,0,0,15
2,3,1,26,91,91,0,0,88,1,0,0,1,3,2,0,18,0,1,15
0,3,1,18,90,91,1,0,81,1,1,0,1,3,3,2,6,2,0,15
2,3,1,26,91,91,0,0,88,1,0,0,1,3,2,2,18,2,1,15
3,0,1,23,64,88,1,0,64,1,2,1,1,0,2,2,15,1,2,8
3,2,1,21,88,84,0,1,59,1,2,0,1,2,2,1,16,1,2,32
3,2,1,21,88,84,0,1,59,1,2,0,1,2,2,1,16,1,2,32
2,0,0,25,54,75,0,1,60,0,2,0,1,0,2,0,13,1,2,19
2,2,2,29,87,75,0,0,51,0,3,0,1,2,1,0,15,1,1,19
3,3,0,20,86,75,1,0,90,0,0,0,1,3,2,0,20,1,0,19
2,0,0,25,54,75,0,1,60,0,2,0,1,0,2,2,13,0,2,19
2,2,2,29,87,75,0,0,51,0,3,0,1,2,1,2,15,0,1,19
2,3,2,20,86,75,1,0,90,0,0,0,1,3,2,2,20,0,0,19
2,0,2,25,54,75,0,1,60,0,2,0,1,0,2,1,13,2,2,19
2,2,2,29,87,75,0,0,51,0,3,0,1,2,1,1,15,2,1,19
2,3,2,20,86,75,1,0,90,0,0,0,1,3,2,1,20,2,0,19
2,0,0,25,54,75,0,1,60,0,2,0,1,0,2,0,13,2,2,19
2,2,2,29,87,75,0,0,51,0,3,0,1,2,1,0,15,2,1,19
2,3,0,20,86,75,1,0,90,0,0,0,1,3,2,0,20,2,0,19
2,0,2,25,54,75,0,1,60,0,2,0,1,0,2,1,13,2,2,19
2,2,2,29,87,75,0,0,51,0,3,0,1,2,1,1,15,2,1,19
2,3,2,20,86,75,1,0,90,0,0,0,1,3,2,1,20,2,0,19
3,0,2,25,54,75,0,1,60,1,2,0,1,0,2,1,13,2,2,19
2,2,2,29,87,75,0,0,51,1,3,0,1,2,1,1,15,2,1,19
3,3,2,20,86,75,1,0,90,1,0,0,1,3,2,1,20,2,0,19
3,0,0,25,54,75,0,1,60,1,2,0,1,0,2,2,13,2,2,19
2,2,2,29,87,75,0,0,51,1,3,0,1,2,1,2,15,2,1,19
3,3,2,20,86,75,1,0,90,1,0,0,1,3,2,2,20,2,0,19
3,0,2,25,54,75,0,1,60,1,2,0,1,0,2,1,13,2,2,19
2,2,2,29,87,75,0,0,51,1,3,0,1,2,1,1,15,2,1,19
3,3,2,20,86,75,1,0,90,1,0,0,1,3,2,1,20,2,0,19
3,0,0,25,54,75,0,1,60,1,2,0,1,0,2,2,13,1,2,19
3,2,2,29,87,75,0,0,51,1,3,0,1,2,1,2,15,1,1,19
3,3,2,20,86,75,1,0,90,1,0,0,1,3,2,2,20,1,0,19
3,1,1,29,63,85,1,0,86,0,0,0,1,1,3,2,14,1,2,22
1,0,1,21,52,85,0,1,69,0,2,0,1,0,3,2,6,1,0,22
3,1,0,29,63,85,1,0,86,1,0,0,1,1,3,0,14,1,2,22
0,0,0,21,52,85,0,1,69,1,2,0,1,0,3,0,6,1,0,22
3,1,1,29,63,85,1,0,86,1,0,0,1,1,3,1,14,1,2,22
0,0,1,21,52,85,0,1,69,1,2,0,1,0,3,1,6,1,0,22
0,3,1,27,97,87,1,1,94,1,0,0,0,3,2,0,0,2,2,25
3,1,2,23,51,87,1,0,74,1,1,0,0,1,3,0,16,2,1,25
0,3,1,27,97,87,1,1,94,1,0,0,1,3,2,1,0,1,2,25
3,1,2,23,51,87,1,0,74,1,1,0,1,1,3,1,16,1,1,25
0,3,1,27,97,87,1,1,94,1,0,0,1,3,2,1,0,1,2,25
3,1,2,23,51,87,1,0,74,1,1,0,1,1,3,1,16,1,1,25
0,3,1,27,97,87,1,1,94,1,0,0,1,3,2,1,0,2,2,25
3,1,2,23,51,87,1,0,74,1,1,0,1,1,3,1,16,2,1,25
2,2,1,26,91,92,0,1,71,1,1,0,1,2,3,0,18,2,0,22
3,2,1,26,91,92,0,1,71,1,1,0,0,2,3,0,18,1,0,22
2,2,1,26,91,92,0,1,71,0,1,0,1,2,3,0,18,2,0,22
3,0,1,24,56,96,1,1,55,0,2,0,1,0,0,0,16,2,2,27
1,1,1,25,53,96,1,1,88,0,0,0,1,1,3,0,10,2,1,27
3,3,1,19,84,96,1,1,86,0,0,0,1,3,3,0,20,2,2,27
3,0,1,24,56,96,1,1,55,1,2,0,1,0,0,1,16,1,2,27
3,1,1,25,53,96,1,1,88,1,0,0,1,1,3,1,10,1,1,27
3,3,1,19,84,96,1,1,86,1,0,0,1,3,3,1,20,1,2,27
3,2,0,18,100,67,0,0,47,1,3,1,1,2,1,2,13,1,2,21
0,0,0,22,67,67,0,0,50,1,3,1,1,0,2,2,6,1,2,21
3,2,0,18,100,67,0,0,47,1,3,1,1,2,1,1,13,1,2,21
0,0,0,22,67,67,0,0,50,1,3,1,1,0,2,1,6,1,2,21
3,2,0,18,100,67,0,0,47,1,3,1,1,2,1,1,13,1,2,21
0,0,0,22,67,67,0,0,50,1,3,1,1,0,2,1,6,1,2,21
3,2,0,18,100,67,0,0,47,1,3,1,1,2,1,2,13,1,2,21
0,0,0,22,67,67,0,0,50,1,3,1,1,0,2,2,6,1,2,21
0,3,1,23,99,100,1,1,82,1,1,0,1,3,0,0,3,1,1,30
0,0,1,18,72,100,1,1,61,1,2,0,1,0,3,0,5,1,2,30
3,2,1,20,91,100,1,1,68,1,2,0,1,2,0,0,20,1,1,30
1,3,1,23,99,100,1,1,82,0,1,0,1,3,0,1,3,2,1,30
1,0,1,18,72,100,1,1,61,0,2,0,1,0,3,1,5,2,2,30
3,2,1,20,91,100,1,1,68,0,2,0,1,2,0,1,20,2,1,30
1,3,2,19,85,88,0,0,83,0,1,0,1,3,2,2,5,2,1,36
1,1,1,21,73,88,0,1,88,0,0,0,1,1,1,2,11,2,0,36
1,0,1,25,72,88,0,0,45,0,3,0,1,0,3,2,3,2,2,36
1,2,2,28,77,88,0,1,57,0,2,0,1,2,1,2,11,2,1,36
2,0,1,21,71,88,0,1,69,0,2,0,1,0,3,2,19,2,2,36
3,3,2,20,75,65,1,1,96,1,0,1,1,3,0,1,12,1,1,23
3,3,2,24,95,65,1,1,73,1,1,1,1,3,3,1,17,1,0,23
3,2,2,29,77,65,1,0,42,1,3,1,1,2,3,1,14,1,1,23
3,3,2,20,75,65,1,1,96,1,0,1,1,3,0,1,12,1,1,23
3,3,2,24,95,65,1,1,73,1,1,1,1,3,3,1,17,1,0,23
3,2,2,29,77,65,1,0,42,1,3,1,1,2,3,1,14,1,1,23
1,3,0,20,75,65,1,1,96,0,0,1,0,3,0,0,12,2,1,23
3,3,0,24,95,65,1,1,73,0,1,1,0,3,3,0,17,2,0,23
3,2,0,29,77,65,1,0,42,0,3,1,0,2,3,0,14,2,1,23
3,3,2,20,75,65,1,1,96,0,0,1,0,3,0,2,12,1,1,23
3,3,0,24,95,65,1,1,73,0,1,1,0,3,3,2,17,1,0,23
3,2,2,29,77,65,1,0,42,0,3,1,0,2,3,2,14,1,1,23
1,3,2,28,86,76,0,0,97,0,0,1,1,3,0,1,2,1,1,9
3,2,2,19,95,76,1,1,61,0,2,1,1,2,1,1,16,1,1,9
1,3,2,28,86,76,0,0,97,0,0,1,0,3,0,0,2,2,1,9
2,2,2,19,95,76,1,1,61,0,2,1,0,2,1,0,16,2,1,9
0,3,2,28,86,76,0,0,97,1,0,1,1,3,0,1,2,1,1,9
3,2,2,19,95,76,1,1,61,1,2,1,1,2,1,1,16,1,1,9
1,0,1,19,51,94,0,1,50,0,3,0,1,0,0,0,4,2,2,25
0,0,1,19,51,94,0,1,50,1,3,0,1,0,0,0,4,0,2,25
1,0,1,19,51,94,0,1,50,0,3,0,1,0,0,2,4,2,2,25
1,0,1,19,51,94,0,1,50,0,3,0,1,0,0,2,4,2,2,25
0,0,1,19,51,94,0,1,50,1,3,0,1,0,0,1,4,0,2,25
3,2,1,23,90,84,1,1,62,1,2,0,0,2,2,1,17,1,2,28
3,2,1,23,90,84,1,1,62,1,2,0,1,2,2,1,17,1,2,28
3,2,1,22,96,86,1,1,58,0,2,0,1,2,2,1,19,1,2,19
3,1,2,21,51,86,1,1,76,0,1,0,1,1,2,1,12,1,1,19
3,2,2,21,76,86,1,1,61,0,2,0,1,2,1,1,10,1,1,19
3,2,0,29,89,62,0,0,63,1,2,0,1,2,3,0,12,1,1,19
3,3,0,28,90,62,0,0,89,1,0,0,1,3,2,0,20,1,2,19
3,2,2,29,89,62,0,0,63,1,2,0,1,2,3,1,12,1,1,19
3,3,0,28,90,62,0,0,89,1,0,0,1,3,2,1,20,1,2,19
2,2,2,29,89,62,0,0,63,1,2,0,1,2,3,1,12,0,1,19
2,3,0,28,90,62,0,0,89,1,0,0,1,3,2,1,20,0,2,19
0,3,0,28,85,79,1,1,85,1,0,1,1,3,3,2,4,0,2,24
1,3,0,28,85,79,1,1,85,0,0,1,0,3,3,2,4,2,2,24
0,3,0,28,85,79,1,1,85,0,0,1,1,3,3,2,4,1,2,24
1,0,0,29,67,63,0,1,47,0,3,0,1,0,0,1,2,1,2,30
0,1,0,20,66,63,1,1,99,0,0,0,1,1,3,1,6,1,2,30
1,0,0,29,67,63,0,1,47,1,3,0,1,0,0,1,2,2,2,30
0,1,0,20,66,63,1,1,99,1,0,0,1,1,3,1,6,2,2,30
1,0,0,29,67,63,0,1,47,0,3,0,1,0,0,1,2,2,2,30
1,1,0,20,66,63,1,1,99,0,0,0,1,1,3,1,6,2,2,30
1,0,0,29,67,63,0,1,47,0,3,0,1,0,0,2,2,0,2,30
1,1,0,20,66,63,1,1,99,0,0,0,1,1,3,2,6,0,2,30
3,3,2,26,99,73,1,1,94,1,0,1,1,3,3,1,16,1,2,13
0,0,2,20,52,73,1,1,64,1,2,1,1,0,2,1,7,1,2,13
2,3,2,26,99,73,1,1,94,0,0,1,1,3,3,1,16,0,2,13
1,0,2,20,52,73,1,1,64,0,2,1,1,0,2,1,7,0,2,13
2,2,0,29,92,66,1,1,41,0,3,1,1,2,2,0,10,0,0,23
1,2,2,29,92,66,1,1,41,0,3,1,1,2,2,1,10,2,0,23
2,2,0,29,92,66,1,1,41,0,3,1,1,2,2,0,10,0,0,23
3,2,0,29,92,66,1,1,41,1,3,1,1,2,2,2,10,2,0,23
3,2,0,29,92,66,1,1,41,0,3,1,1,2,2,0,10,1,0,23
0,3,1,24,84,94,1,1,77,1,1,1,1,3,2,1,3,1,2,27
3,2,0,28,87,81,1,1,69,1,2,1,1,2,0,0,17,0,2,18
3,2,0,28,87,81,1,1,69,1,2,1,1,2,0,0,17,2,2,18
2,2,0,28,87,81,1,1,69,0,2,1,1,2,0,0,17,2,2,18
3,2,0,28,87,81,1,1,69,0,2,1,1,2,0,0,17,1,2,18
3,2,1,28,87,81,1,1,69,1,2,1,1,2,0,1,17,2,2,18
3,2,1,28,87,81,1,1,69,1,2,1,1,2,0,2,17,0,2,18
3,2,1,28,87,81,1,1,69,0,2,1,1,2,0,1,17,1,2,18
0,3,0,20,81,71,0,1,93,1,0,1,0,3,0,2,2,1,2,30
3,0,0,20,53,71,0,1,51,1,3,1,0,0,0,2,10,1,2,30
0,2,2,29,88,75,1,1,48,0,3,1,1,2,2,2,2,0,1,9
0,0,1,25,56,89,0,0,50,1,3,0,1,0,2,1,7,1,0,11
3,1,1,25,51,89,1,0,91,1,0,0,1,1,3,1,16,1,2,11
0,1,1,24,67,82,0,1,90,1,0,0,1,1,0,1,1,1,2,28
0,1,1,23,56,82,1,1,93,1,0,0,1,1,0,1,9,1,2,28
3,2,2,26,79,62,1,1,68,1,2,1,1,2,3,1,15,1,0,29
3,2,1,25,86,87,1,1,47,1,3,1,1,2,1,1,17,2,0,32
3,2,1,25,86,87,1,1,47,1,3,1,1,2,1,1,17,2,0,32
3,2,1,25,86,87,1,1,47,1,3,1,1,2,1,1,17,2,0,32
0,0,1,19,62,96,0,1,59,1,2,1,1,0,0,0,0,0,2,32
3,2,1,26,100,92,1,1,61,0,2,1,1,2,0,2,13,1,0,27
3,3,1,27,75,92,1,1,85,0,0,1,1,3,3,2,14,1,2,27
3,3,1,20,97,92,1,1,89,0,0,1,1,3,2,2,17,1,2,27
3,2,1,26,100,92,1,1,61,1,2,1,1,2,0,2,13,1,0,27
3,3,1,27,75,92,1,1,85,1,0,1,1,3,3,2,14,1,2,27
3,3,1,20,97,92,1,1,89,1,0,1,1,3,2,2,17,1,2,27
3,2,1,26,100,92,1,1,61,1,2,1,1,2,0,0,13,1,0,27
3,3,1,27,75,92,1,1,85,1,0,1,1,3,3,0,14,1,2,27
3,3,1,20,97,92,1,1,89,1,0,1,1,3,2,0,17,1,2,27
3,2,1,26,100,92,1,1,61,1,2,1,1,2,0,1,13,1,0,27
3,3,1,27,75,92,1,1,85,1,0,1,1,3,3,1,14,1,2,27
3,3,1,20,97,92,1,1,89,1,0,1,1,3,2,1,17,1,2,27
3,2,1,26,100,92,1,1,61,0,2,1,1,2,0,1,13,1,0,27
3,3,1,27,75,92,1,1,85,0,0,1,1,3,3,1,14,1,2,27
3,3,1,20,97,92,1,1,89,0,0,1,1,3,2,1,17,1,2,27
3,2,1,26,100,92,1,1,61,1,2,1,1,2,0,1,13,2,0,27
3,3,1,27,75,92,1,1,85,1,0,1,1,3,3,1,14,2,2,27
3,3,1,20,97,92,1,1,89,1,0,1,1,3,2,1,17,2,2,27
0,0,0,27,51,67,0,0,65,1,2,1,1,0,2,2,9,1,2,26
0,0,2,27,75,67,1,1,52,1,3,1,1,0,1,2,0,1,1,26
3,3,2,19,94,67,0,1,99,1,0,1,1,3,3,2,14,1,1,26
0,0,0,28,66,67,1,1,56,1,2,1,1,0,2,2,7,1,2,26
1,0,0,27,51,67,0,0,65,1,2,1,1,0,2,1,9,2,2,26
0,0,2,27,75,67,1,1,52,1,3,1,1,0,1,1,0,2,1,26
3,3,2,19,94,67,0,1,99,1,0,1,1,3,3,1,14,2,1,26
0,0,0,28,66,67,1,1,56,1,2,1,1,0,2,1,7,2,2,26
2,0,0,27,51,67,0,0,65,1,2,1,1,0,2,2,9,0,2,26
0,0,2,27,75,67,1,1,52,1,3,1,1,0,1,2,0,0,1,26
2,3,2,19,94,67,0,1,99,1,0,1,1,3,3,2,14,0,1,26
0,0,0,28,66,67,1,1,56,1,2,1,1,0,2,2,7,0,2,26
0,0,0,27,51,67,0,0,65,1,2,1,1,0,2,1,9,1,2,26
0,0,2,27,75,67,1,1,52,1,3,1,1,0,1,1,0,1,1,26
3,3,2,19,94,67,0,1,99,1,0,1,1,3,3,1,14,1,1,26
0,0,0,28,66,67,1,1,56,1,2,1,1,0,2,1,7,1,2,26
0,0,0,27,51,67,0,0,65,1,2,1,1,0,2,0,9,1,2,26
0,0,0,27,75,67,1,1,52,1,3,1,1,0,1,0,0,1,1,26
3,3,0,19,94,67,0,1,99,1,0,1,1,3,3,0,14,1,1,26
0,0,0,28,66,67,1,1,56,1,2,1,1,0,2,0,7,1,2,26
1,0,0,27,51,67,0,0,65,0,2,1,1,0,2,1,9,1,2,26
0,0,2,27,75,67,1,1,52,0,3,1,1,0,1,1,0,1,1,26
2,3,2,19,94,67,0,1,99,0,0,1,1,3,3,1,14,1,1,26
0,0,0,28,66,67,1,1,56,0,2,1,1,0,2,1,7,1,2,26
1,0,0,27,51,67,0,0,65,1,2,1,1,0,2,2,9,2,2,26
0,0,2,27,75,67,1,1,52,1,3,1,1,0,1,2,0,2,1,26
3,3,2,19,94,67,0,1,99,1,0,1,1,3,3,2,14,2,1,26
0,0,0,28,66,67,1,1,56,1,2,1,1,0,2,2,7,2,2,26
2,2,0,20,83,63,0,0,67,0,2,1,1,2,3,2,20,1,2,17
2,2,2,25,81,63,0,0,50,0,3,1,1,2,0,2,14,1,1,17
3,3,0,28,83,63,1,1,89,0,0,1,1,3,3,2,11,1,2,17
3,1,2,18,57,63,1,0,99,0,0,1,1,1,0,2,20,1,1,17
2,2,0,20,83,63,0,0,67,0,2,1,1,2,3,0,20,1,2,17
2,2,0,25,81,63,0,0,50,0,3,1,1,2,0,0,14,1,1,17
3,3,0,28,83,63,1,1,89,0,0,1,1,3,3,0,11,1,2,17
3,1,0,18,57,63,1,0,99,0,0,1,1,1,0,0,20,1,1,17
3,2,0,20,83,63,0,0,67,1,2,1,1,2,3,1,20,1,2,17
3,2,2,25,81,63,0,0,50,1,3,1,1,2,0,1,14,1,1,17
3,3,0,28,83,63,1,1,89,1,0,1,1,3,3,1,11,1,2,17
3,1,2,18,57,63,1,0,99,1,0,1,1,1,0,1,20,1,1,17
3,3,1,23,81,87,1,1,99,1,0,1,1,3,2,2,17,1,2,26
0,1,1,20,56,87,1,1,78,1,1,1,1,1,0,2,4,1,2,26
3,2,1,27,98,87,0,1,68,1,2,1,1,2,3,2,11,1,2,26
0,0,1,20,50,87,1,0,42,1,3,1,1,0,1,2,0,1,2,26
0,0,1,18,55,87,1,0,46,1,3,1,1,0,0,2,5,1,2,26
3,3,1,23,81,87,1,1,99,0,0,1,1,3,2,0,17,2,2,26
1,1,1,20,56,87,1,1,78,0,1,1,1,1,0,0,4,2,2,26
1,2,1,27,98,87,0,1,68,0,2,1,1,2,3,0,11,2,2,26
1,0,1,20,50,87,1,0,42,0,3,1,1,0,1,0,0,2,2,26
1,0,1,18,55,87,1,0,46,0,3,1,1,0,0,0,5,2,2,26
3,3,1,23,81,87,1,1,99,0,0,1,1,3,2,2,17,1,2,26
0,1,1,20,56,87,1,1,78,0,1,1,1,1,0,2,4,1,2,26
2,2,1,27,98,87,0,1,68,0,2,1,1,2,3,2,11,1,2,26
0,0,1,20,50,87,1,0,42,0,3,1,1,0,1,2,0,1,2,26
0,0,1,18,55,87,1,0,46,0,3,1,1,0,0,2,5,1,2,26
3,3,1,23,81,87,1,1,99,1,0,1,1,3,2,1,17,1,2,26
0,1,1,20,56,87,1,1,78,1,1,1,1,1,0,1,4,1,2,26
3,2,1,27,98,87,0,1,68,1,2,1,1,2,3,1,11,1,2,26
0,0,1,20,50,87,1,0,42,1,3,1,1,0,1,1,0,1,2,26
0,0,1,18,55,87,1,0,46,1,3,1,1,0,0,1,5,1,2,26
0,2,0,25,91,62,1,1,45,1,3,0,1,2,1,2,0,2,0,29
0,1,0,21,54,62,1,1,90,1,0,0,1,1,0,2,5,2,2,29
3,0,0,22,58,62,1,1,58,1,2,0,1,0,3,2,12,2,2,29
0,1,0,25,64,62,1,0,100,1,0,0,1,1,1,2,5,2,2,29
3,2,0,24,78,62,1,0,46,1,3,0,1,2,0,2,19,2,2,29
3,3,2,25,90,62,1,0,80,1,1,0,1,3,1,2,19,2,1,29
3,3,0,24,80,62,1,0,82,1,1,0,1,3,2,2,16,2,0,29
1,1,1,25,54,82,0,0,98,0,0,0,1,1,3,1,2,1,2,9
0,1,1,25,54,82,0,0,98,1,0,0,1,1,3,1,2,0,2,9
3,0,1,23,50,94,0,1,57,1,2,1,0,0,0,1,12,1,2,29
0,2,1,24,97,94,1,1,44,1,3,1,0,2,0,1,4,1,1,29
3,2,1,23,98,94,1,1,65,1,2,1,0,2,2,1,20,1,2,29
1,0,1,23,50,94,0,1,57,1,2,1,1,0,0,1,12,2,2,29
0,2,1,24,97,94,1,1,44,1,3,1,1,2,0,1,4,2,1,29
3,2,1,23,98,94,1,1,65,1,2,1,1,2,2,1,20,2,2,29
1,0,2,28,62,67,0,1,60,0,2,1,1,0,2,1,7,1,0,14
1,1,2,19,51,67,0,1,93,0,0,1,1,1,2,1,7,1,0,14
1,0,2,28,62,67,0,1,60,0,2,1,1,0,2,1,7,0,0,14
1,1,2,19,51,67,0,1,93,0,0,1,1,1,2,1,7,0,0,14
0,0,0,28,62,67,0,1,60,1,2,1,1,0,2,0,7,1,0,14
0,1,0,19,51,67,0,1,93,1,0,1,1,1,2,0,7,1,0,14
2,3,0,22,96,61,0,1,96,0,0,1,1,3,0,1,13,1,2,31
3,0,2,26,64,61,1,1,46,0,3,1,1,0,3,1,20,1,1,31
2,0,0,23,60,73,0,1,62,0,2,0,1,0,3,0,12,1,0,27
2,0,0,29,50,73,0,1,65,0,2,0,1,0,2,0,18,1,0,27
1,1,0,29,58,73,0,1,91,0,0,0,1,1,0,0,8,1,0,27
2,0,2,23,60,73,0,1,62,0,2,0,1,0,3,1,12,1,0,27
2,0,2,29,50,73,0,1,65,0,2,0,1,0,2,1,18,1,0,27
1,1,2,29,58,73,0,1,91,0,0,0,1,1,0,1,8,1,0,27
1,0,2,23,60,73,0,1,62,1,2,0,1,0,3,2,12,2,0,27
3,0,2,29,50,73,0,1,65,1,2,0,1,0,2,2,18,2,0,27
1,1,2,29,58,73,0,1,91,1,0,0,1,1,0,2,8,2,0,27
2,0,2,23,60,73,0,1,62,0,2,0,1,0,3,1,12,0,0,27
2,0,2,29,50,73,0,1,65,0,2,0,1,0,2,1,18,0,0,27
1,1,2,29,58,73,0,1,91,0,0,0,1,1,0,1,8,0,0,27
3,2,1,28,78,96,0,0,42,1,3,0,1,2,3,2,16,1,2,23
3,0,1,29,66,96,1,0,68,1,2,0,1,0,0,2,10,1,2,23
2,2,1,28,78,96,0,0,42,0,3,0,1,2,3,1,16,0,2,23
2,0,1,29,66,96,1,0,68,0,2,0,1,0,0,1,10,0,2,23
3,2,1,28,78,96,0,0,42,1,3,0,1,2,3,1,16,1,2,23
3,0,1,29,66,96,1,0,68,1,2,0,1,0,0,1,10,1,2,23
3,2,1,28,78,96,0,0,42,1,3,0,1,2,3,0,16,2,2,23
3,0,1,29,66,96,1,0,68,1,2,0,1,0,0,0,10,2,2,23
3,2,1,28,78,96,0,0,42,1,3,0,1,2,3,1,16,1,2,23
3,0,1,29,66,96,1,0,68,1,2,0,1,0,0,1,10,1,2,23
0,2,0,19,87,65,0,1,43,1,3,1,1,2,2,1,3,0,2,31
0,1,1,23,52,95,0,0,73,1,1,1,1,1,3,1,3,1,2,9
0,3,1,21,85,95,0,1,98,1,0,1,1,3,3,1,6,1,2,9
3,3,2,18,95,85,0,0,96,1,0,0,1,3,1,0,11,1,1,19
2,3,2,18,95,85,0,0,96,0,0,0,1,3,1,0,11,1,1,19
3,3,2,18,95,85,0,0,96,1,0,0,1,3,1,2,11,1,1,19
2,3,2,18,95,85,0,0,96,1,0,0,1,3,1,1,11,0,1,19
1,3,2,18,95,85,0,0,96,1,0,0,1,3,1,1,11,2,1,19
3,3,2,18,95,85,0,0,96,1,0,0,1,3,1,1,11,1,1,19
1,3,2,18,95,85,0,0,96,0,0,0,1,3,1,1,11,2,1,19
3,2,1,19,100,81,1,1,71,0,1,0,1,2,3,1,10,1,2,17
1,2,1,19,100,81,1,1,71,0,1,0,1,2,3,2,10,2,2,17
3,2,1,19,100,81,1,1,71,1,1,0,1,2,3,2,10,0,2,17
3,2,1,19,100,81,1,1,71,0,1,0,1,2,3,2,10,1,2,17
2,2,1,19,100,81,1,1,71,0,1,0,1,2,3,1,10,0,2,17
1,1,2,18,52,64,1,1,85,0,0,1,1,1,1,1,0,2,1,10
1,0,2,24,54,64,0,1,44,0,3,1,1,0,2,1,0,2,0,10
2,2,1,29,81,100,0,0,61,0,2,1,1,2,3,0,16,1,1,17
2,2,1,29,81,100,0,0,61,0,2,1,1,2,3,0,16,2,1,17
2,2,1,29,81,100,0,0,61,1,2,1,1,2,3,0,16,2,1,17
2,2,1,29,81,100,0,0,61,1,2,1,1,2,3,0,16,2,1,17
0,2,1,25,78,93,1,1,49,1,3,0,1,2,2,0,7,1,1,13
0,3,1,29,82,93,0,0,83,1,1,0,1,3,1,0,9,1,1,13
3,0,1,27,71,93,0,0,48,1,3,0,1,0,0,0,13,1,1,13
0,0,1,22,75,93,1,1,47,1,3,0,1,0,0,0,2,1,2,13
0,2,1,25,78,93,1,1,49,0,3,0,1,2,2,2,7,1,1,13
1,3,1,29,82,93,0,0,83,0,1,0,1,3,1,2,9,1,1,13
2,0,1,27,71,93,0,0,48,0,3,0,1,0,0,2,13,1,1,13
0,0,1,22,75,93,1,1,47,0,3,0,1,0,0,2,2,1,2,13
1,2,1,25,78,93,1,1,49,0,3,0,1,2,2,2,7,0,1,13
2,3,1,29,82,93,0,0,83,0,1,0,1,3,1,2,9,0,1,13
2,0,1,27,71,93,0,0,48,0,3,0,1,0,0,2,13,0,1,13
0,0,1,22,75,93,1,1,47,0,3,0,1,0,0,2,2,0,2,13
0,2,1,25,78,93,1,1,49,1,3,0,1,2,2,0,7,2,1,13
1,3,1,29,82,93,0,0,83,1,1,0,1,3,1,0,9,2,1,13
2,0,1,27,71,93,0,0,48,1,3,0,1,0,0,0,13,2,1,13
0,0,1,22,75,93,1,1,47,1,3,0,1,0,0,0,2,2,2,13
3,2,0,26,89,64,1,1,45,1,3,0,1,2,3,0,20,0,0,31
0,2,0,28,86,64,1,1,56,1,2,0,1,2,2,0,3,0,2,31
0,2,0,27,98,64,1,0,59,1,2,0,1,2,2,0,9,0,1,31
1,2,0,26,77,64,0,1,60,1,2,0,1,2,1,0,8,0,2,31
0,2,0,24,77,64,1,1,64,1,2,0,1,2,2,0,2,0,1,31
3,2,0,26,89,64,1,1,45,0,3,0,1,2,3,0,20,1,0,31
0,2,0,28,86,64,1,1,56,0,2,0,1,2,2,0,3,1,2,31
0,2,0,27,98,64,1,0,59,0,2,0,1,2,2,0,9,1,1,31
1,2,0,26,77,64,0,1,60,0,2,0,1,2,1,0,8,1,2,31
0,2,0,24,77,64,1,1,64,0,2,0,1,2,2,0,2,1,1,31
3,2,2,26,89,64,1,1,45,1,3,0,1,2,3,1,20,1,0,31
0,2,0,28,86,64,1,1,56,1,2,0,1,2,2,1,3,1,2,31
0,2,2,27,98,64,1,0,59,1,2,0,1,2,2,1,9,1,1,31
0,2,0,26,77,64,0,1,60,1,2,0,1,2,1,1,8,1,2,31
0,2,2,24,77,64,1,1,64,1,2,0,1,2,2,1,2,1,1,31
3,2,2,26,89,64,1,1,45,0,3,0,1,2,3,1,20,2,0,31
1,2,0,28,86,64,1,1,56,0,2,0,1,2,2,1,3,2,2,31
1,2,2,27,98,64,1,0,59,0,2,0,1,2,2,1,9,2,1,31
1,2,0,26,77,64,0,1,60,0,2,0,1,2,1,1,8,2,2,31
1,2,2,24,77,64,1,1,64,0,2,0,1,2,2,1,2,2,1,31
3,2,0,23,91,69,0,1,64,1,2,0,1,2,3,1,11,1,2,30
0,3,2,25,76,69,1,1,88,1,0,0,1,3,3,1,0,1,1,30
0,1,2,25,70,69,0,0,72,1,1,0,1,1,1,1,1,1,1,30
2,2,0,23,91,69,0,1,64,0,2,0,1,2,3,1,11,1,2,30
0,3,2,25,76,69,1,1,88,0,0,0,1,3,3,1,0,1,1,30
1,1,2,25,70,69,0,0,72,0,1,0,1,1,1,1,1,1,1,30
0,1,0,25,51,60,1,0,81,1,1,1,1,1,1,1,3,1,2,17
0,2,0,18,93,60,0,1,62,1,2,1,1,2,3,1,1,1,2,17
0,0,0,26,69,60,1,0,68,1,2,1,1,0,3,1,4,1,2,17
0,1,0,25,51,60,1,0,81,1,1,1,1,1,1,1,3,1,2,17
0,2,0,18,93,60,0,1,62,1,2,1,1,2,3,1,1,1,2,17
0,0,0,26,69,60,1,0,68,1,2,1,1,0,3,1,4,1,2,17
3,2,1,25,92,95,1,1,43,0,3,1,1,2,2,1,10,1,1,25
0,0,1,28,65,95,1,1,43,0,3,1,1,0,2,1,0,1,1,25
2,3,1,20,98,95,0,1,95,0,0,1,1,3,0,1,19,1,2,25
3,2,1,25,92,95,1,1,43,1,3,1,0,2,2,2,10,1,1,25
0,0,1,28,65,95,1,1,43,1,3,1,0,0,2,2,0,1,1,25
3,3,1,20,98,95,0,1,95,1,0,1,0,3,0,2,19,1,2,25
3,2,1,25,92,95,1,1,43,1,3,1,1,2,2,1,10,0,1,25
0,0,1,28,65,95,1,1,43,1,3,1,1,0,2,1,0,0,1,25
2,3,1,20,98,95,0,1,95,1,0,1,1,3,0,1,19,0,2,25
1,2,1,25,92,95,1,1,43,0,3,1,1,2,2,1,10,2,1,25
1,0,1,28,65,95,1,1,43,0,3,1,1,0,2,1,0,2,1,25
2,3,1,20,98,95,0,1,95,0,0,1,1,3,0,1,19,2,2,25
3,2,1,25,92,95,1,1,43,1,3,1,1,2,2,1,10,2,1,25
0,0,1,28,65,95,1,1,43,1,3,1,1,0,2,1,0,2,1,25
3,3,1,20,98,95,0,1,95,1,0,1,1,3,0,1,19,2,2,25
3,2,1,25,92,95,1,1,43,1,3,1,1,2,2,0,10,1,1,25
0,0,1,28,65,95,1,1,43,1,3,1,1,0,2,0,0,1,1,25
3,3,1,20,98,95,0,1,95,1,0,1,1,3,0,0,19,1,2,25
3,1,1,27,74,90,1,0,85,1,0,0,1,1,1,1,16,1,0,27
3,1,1,27,74,90,1,0,85,0,0,0,1,1,1,1,16,2,0,27
3,1,1,27,74,90,1,0,85,0,0,0,1,1,1,1,16,1,0,27
2,2,2,22,85,60,0,1,70,1,1,1,1,2,1,2,12,0,1,15
3,3,0,29,95,60,1,1,97,1,0,1,1,3,3,2,11,0,2,15
1,0,2,18,70,60,0,0,46,1,3,1,1,0,3,2,8,0,1,15
0,0,0,27,57,60,1,0,58,1,2,1,1,0,0,2,0,0,2,15
1,2,0,22,85,60,0,1,70,0,1,1,1,2,1,0,12,2,1,15
1,3,0,29,95,60,1,1,97,0,0,1,1,3,3,0,11,2,2,15
1,0,0,18,70,60,0,0,46,0,3,1,1,0,3,0,8,2,1,15
1,0,0,27,57,60,1,0,58,0,2,1,1,0,0,0,0,2,2,15
3,2,0,22,85,60,0,1,70,1,1,1,1,2,1,0,12,1,1,15
3,3,0,29,95,60,1,1,97,1,0,1,1,3,3,0,11,1,2,15
0,0,0,18,70,60,0,0,46,1,3,1,1,0,3,0,8,1,1,15
0,0,0,27,57,60,1,0,58,1,2,1,1,0,0,0,0,1,2,15
2,2,2,22,85,60,0,1,70,0,1,1,1,2,1,1,12,0,1,15
2,3,0,29,95,60,1,1,97,0,0,1,1,3,3,1,11,0,2,15
1,0,2,18,70,60,0,0,46,0,3,1,1,0,3,1,8,0,1,15
0,0,0,27,57,60,1,0,58,0,2,1,1,0,0,1,0,0,2,15
2,2,2,22,85,60,0,1,70,0,1,1,1,2,1,2,12,1,1,15
3,3,0,29,95,60,1,1,97,0,0,1,1,3,3,2,11,1,2,15
1,0,2,18,70,60,0,0,46,0,3,1,1,0,3,2,8,1,1,15
0,0,0,27,57,60,1,0,58,0,2,1,1,0,0,2,0,1,2,15
1,0,2,29,50,72,1,1,53,0,3,1,1,0,0,1,1,2,1,19
1,2,2,25,90,72,1,1,47,0,3,1,1,2,3,1,3,2,1,19
0,0,0,29,50,72,1,1,53,1,3,1,1,0,0,0,1,1,1,19
0,2,0,25,90,72,1,1,47,1,3,1,1,2,3,0,3,1,1,19
0,0,2,29,50,72,1,1,53,0,3,1,1,0,0,1,1,0,1,19
0,2,2,25,90,72,1,1,47,0,3,1,1,2,3,1,3,0,1,19
0,0,2,29,50,72,1,1,53,1,3,1,1,0,0,2,1,1,1,19
0,2,2,25,90,72,1,1,47,1,3,1,1,2,3,2,3,1,1,19
0,2,0,18,81,70,0,1,61,1,2,1,1,2,1,2,7,1,2,25
1,2,0,18,81,70,0,1,61,0,2,1,1,2,1,1,7,1,2,25
0,2,0,18,81,70,0,1,61,1,2,1,1,2,1,2,7,1,2,25
1,2,0,18,81,70,0,1,61,1,2,1,1,2,1,1,7,2,2,25
0,2,0,18,81,70,0,1,61,1,2,1,1,2,1,1,7,1,2,25
1,2,0,18,81,70,0,1,61,0,2,1,1,2,1,2,7,2,2,25
1,2,0,18,81,70,0,1,61,1,2,1,1,2,1,1,7,2,2,25
0,2,0,18,81,70,0,1,61,1,2,1,1,2,1,0,7,1,2,25
0,2,0,18,81,70,0,1,61,1,2,1,1,2,1,1,7,1,2,25
0,2,0,18,81,70,0,1,61,1,2,1,1,2,1,1,7,1,2,25
3,3,0,18,82,67,1,0,97,1,0,0,1,3,1,0,11,2,1,24
3,3,0,18,82,67,1,0,97,1,0,0,1,3,1,0,11,1,1,24
3,3,2,18,82,67,1,0,97,0,0,0,1,3,1,1,11,1,1,24
3,3,2,18,82,67,1,0,97,1,0,0,1,3,1,1,11,2,1,24
1,3,2,18,82,67,1,0,97,0,0,0,1,3,1,2,11,2,1,24
3,3,0,18,82,67,1,0,97,0,0,0,1,3,1,0,11,1,1,24
3,3,2,18,82,67,1,0,97,1,0,0,1,3,1,1,11,1,1,24
2,3,2,18,82,67,1,0,97,0,0,0,1,3,1,1,11,0,1,24
3,0,1,28,58,87,0,1,65,1,2,0,1,0,2,1,18,1,2,11
3,1,1,29,56,87,1,1,89,1,0,0,1,1,3,1,12,1,0,11
3,3,1,28,79,87,1,0,89,1,0,0,1,3,0,1,10,1,0,11
2,0,1,28,58,87,0,1,65,0,2,0,1,0,2,2,18,1,2,11
3,1,1,29,56,87,1,1,89,0,0,0,1,1,3,2,12,1,0,11
3,3,1,28,79,87,1,0,89,0,0,0,1,3,0,2,10,1,0,11
0,3,0,19,84,69,0,1,75,1,1,1,1,3,3,0,2,1,2,17
1,3,0,19,84,69,0,1,75,1,1,1,1,3,3,1,2,2,2,17
0,3,0,19,84,69,0,1,75,1,1,1,1,3,3,0,2,1,2,17
1,3,0,19,84,69,0,1,75,1,1,1,1,3,3,1,2,2,2,17
0,3,0,19,84,69,0,1,75,1,1,1,1,3,3,2,2,1,2,17
3,2,2,24,88,84,0,1,51,1,3,0,1,2,3,0,17,1,1,25
3,2,2,24,88,84,0,1,51,1,3,0,1,2,3,1,17,1,1,25
0,1,1,18,74,89,1,1,81,1,1,0,1,1,1,1,9,2,2,10
2,3,0,25,96,65,0,1,90,0,0,0,1,3,1,0,15,1,0,15
3,1,0,25,65,65,1,0,90,0,0,0,1,1,0,0,16,1,2,15
0,2,0,21,86,65,1,0,62,0,2,0,1,2,3,0,1,1,1,15
2,3,2,25,96,65,0,1,90,1,0,0,1,3,1,1,15,2,0,15
3,1,0,25,65,65,1,0,90,1,0,0,1,1,0,1,16,2,2,15
0,2,2,21,86,65,1,0,62,1,2,0,1,2,3,1,1,2,1,15
2,3,2,25,96,65,0,1,90,0,0,0,1,3,1,1,15,1,0,15
3,1,0,25,65,65,1,0,90,0,0,0,1,1,0,1,16,1,2,15
0,2,2,21,86,65,1,0,62,0,2,0,1,2,3,1,1,1,1,15
2,3,2,25,96,65,0,1,90,1,0,0,1,3,1,1,15,2,0,15
3,1,0,25,65,65,1,0,90,1,0,0,1,1,0,1,16,2,2,15
0,2,2,21,86,65,1,0,62,1,2,0,1,2,3,1,1,2,1,15
2,3,2,25,96,65,0,1,90,1,0,0,0,3,1,1,15,0,0,15
3,1,0,25,65,65,1,0,90,1,0,0,0,1,0,1,16,0,2,15
0,2,2,21,86,65,1,0,62,1,2,0,0,2,3,1,1,0,1,15
2,3,2,25,96,65,0,1,90,0,0,0,1,3,1,1,15,1,0,15
3,1,0,25,65,65,1,0,90,0,0,0,1,1,0,1,16,1,2,15
0,2,2,21,86,65,1,0,62,0,2,0,1,2,3,1,1,1,1,15
3,3,2,25,96,65,0,1,90,1,0,0,1,3,1,1,15,1,0,15
3,1,0,25,65,65,1,0,90,1,0,0,1,1,0,1,16,1,2,15
0,2,2,21,86,65,1,0,62,1,2,0,1,2,3,1,1,1,1,15
2,3,0,25,96,65,0,1,90,1,0,0,1,3,1,0,15,2,0,15
3,1,0,25,65,65,1,0,90,1,0,0,1,1,0,0,16,2,2,15
0,2,0,21,86,65,1,0,62,1,2,0,1,2,3,0,1,2,1,15
2,3,2,25,96,65,0,1,90,1,0,0,1,3,1,1,15,0,0,15
3,1,0,25,65,65,1,0,90,1,0,0,1,1,0,1,16,0,2,15
0,2,2,21,86,65,1,0,62,1,2,0,1,2,3,1,1,0,1,15
2,3,0,29,97,63,0,1,87,0,0,0,1,3,1,0,20,1,2,21
1,2,0,25,81,63,0,1,51,0,3,0,1,2,3,0,3,1,2,21
1,2,0,26,91,63,0,1,63,0,2,0,1,2,3,0,1,1,2,21
0,1,0,25,54,63,1,1,83,0,1,0,1,1,2,0,9,1,2,21
2,3,0,29,97,63,0,1,87,0,0,0,1,3,1,1,20,0,2,21
1,2,0,25,81,63,0,1,51,0,3,0,1,2,3,1,3,0,2,21
1,2,0,26,91,63,0,1,63,0,2,0,1,2,3,1,1,0,2,21
2,1,0,25,54,63,1,1,83,0,1,0,1,1,2,1,9,0,2,21
2,3,0,29,97,63,0,1,87,1,0,0,1,3,1,0,20,0,2,21
0,2,0,25,81,63,0,1,51,1,3,0,1,2,3,0,3,0,2,21
0,2,0,26,91,63,0,1,63,1,2,0,1,2,3,0,1,0,2,21
0,1,0,25,54,63,1,1,83,1,1,0,1,1,2,0,9,0,2,21
3,3,0,29,97,63,0,1,87,1,0,0,1,3,1,1,20,1,2,21
0,2,0,25,81,63,0,1,51,1,3,0,1,2,3,1,3,1,2,21
0,2,0,26,91,63,0,1,63,1,2,0,1,2,3,1,1,1,2,21
0,1,0,25,54,63,1,1,83,1,1,0,1,1,2,1,9,1,2,21
2,3,0,29,97,63,0,1,87,0,0,0,1,3,1,1,20,1,2,21
1,2,0,25,81,63,0,1,51,0,3,0,1,2,3,1,3,1,2,21
1,2,0,26,91,63,0,1,63,0,2,0,1,2,3,1,1,1,2,21
0,1,0,25,54,63,1,1,83,0,1,0,1,1,2,1,9,1,2,21
3,1,1,29,59,99,0,1,85,1,0,1,1,1,1,1,17,1,2,27
2,1,1,29,59,99,0,1,85,0,0,1,1,1,1,0,17,1,2,27
2,1,1,29,59,99,0,1,85,0,0,1,1,1,1,0,17,1,2,27
2,1,1,29,59,99,0,1,85,0,0,1,1,1,1,2,17,1,2,27
3,1,1,29,59,99,0,1,85,1,0,1,1,1,1,1,17,1,2,27
2,1,1,29,59,99,0,1,85,1,0,1,1,1,1,0,17,0,2,27
0,1,0,21,64,62,1,0,99,0,0,0,1,1,1,2,1,0,0,20
0,1,0,21,64,62,1,0,99,1,0,0,0,1,1,2,1,0,0,20
0,1,2,21,64,62,1,0,99,1,0,0,1,1,1,1,1,1,0,20
0,1,2,21,64,62,1,0,99,1,0,0,0,1,1,1,1,1,0,20
0,1,0,21,64,62,1,0,99,0,0,0,1,1,1,2,1,1,0,20
0,1,0,21,73,79,0,1,81,1,1,0,1,1,1,2,4,0,2,21
3,0,0,25,51,79,1,0,62,1,2,0,1,0,3,2,17,0,2,21
0,0,2,26,62,79,1,1,54,1,3,0,1,0,1,2,5,0,1,21
1,1,1,21,73,79,0,1,81,1,1,0,1,1,1,1,4,2,2,21
3,0,1,25,51,79,1,0,62,1,2,0,1,0,3,1,17,2,2,21
0,0,2,26,62,79,1,1,54,1,3,0,1,0,1,1,5,2,1,21
1,1,1,21,73,79,0,1,81,1,1,0,1,1,1,1,4,2,2,21
3,0,1,25,51,79,1,0,62,1,2,0,1,0,3,1,17,2,2,21
0,0,2,26,62,79,1,1,54,1,3,0,1,0,1,1,5,2,1,21
1,1,0,21,73,79,0,1,81,0,1,0,1,1,1,0,4,0,2,21
2,0,0,25,51,79,1,0,62,0,2,0,1,0,3,0,17,0,2,21
1,0,2,26,62,79,1,1,54,0,3,0,1,0,1,0,5,0,1,21
0,1,0,21,73,79,0,1,81,1,1,0,1,1,1,0,4,0,2,21
3,0,0,25,51,79,1,0,62,1,2,0,1,0,3,0,17,0,2,21
0,0,2,26,62,79,1,1,54,1,3,0,1,0,1,0,5,0,1,21
1,1,1,21,73,79,0,1,81,0,1,0,1,1,1,1,4,0,2,21
2,0,1,25,51,79,1,0,62,0,2,0,1,0,3,1,17,0,2,21
1,0,2,26,62,79,1,1,54,0,3,0,1,0,1,1,5,0,1,21
1,1,0,21,73,79,0,1,81,0,1,0,1,1,1,0,4,2,2,21
2,0,0,25,51,79,1,0,62,0,2,0,1,0,3,0,17,2,2,21
1,0,2,26,62,79,1,1,54,0,3,0,1,0,1,0,5,2,1,21
0,1,0,21,73,79,0,1,81,1,1,0,1,1,1,2,4,1,2,21
3,0,0,25,51,79,1,0,62,1,2,0,1,0,3,2,17,1,2,21
0,0,2,26,62,79,1,1,54,1,3,0,1,0,1,2,5,1,1,21
1,1,1,28,74,93,0,1,73,1,1,1,1,1,3,1,12,2,2,18
3,1,1,23,68,93,1,1,100,1,0,1,1,1,1,1,20,2,0,18
1,2,1,27,96,93,0,1,70,1,1,1,1,2,3,1,12,2,2,18
2,3,1,27,91,93,0,1,94,1,0,1,1,3,0,1,20,2,2,18
2,1,1,28,74,93,0,1,73,1,1,1,1,1,3,1,12,0,2,18
3,1,1,23,68,93,1,1,100,1,0,1,1,1,1,1,20,0,0,18
2,2,1,27,96,93,0,1,70,1,1,1,1,2,3,1,12,0,2,18
2,3,1,27,91,93,0,1,94,1,0,1,1,3,0,1,20,0,2,18
3,1,1,28,74,93,0,1,73,1,1,1,1,1,3,1,12,1,2,18
3,1,1,23,68,93,1,1,100,1,0,1,1,1,1,1,20,1,0,18
3,2,1,27,96,93,0,1,70,1,1,1,1,2,3,1,12,1,2,18
3,3,1,27,91,93,0,1,94,1,0,1,1,3,0,1,20,1,2,18
1,1,1,28,74,93,0,1,73,1,1,1,1,1,3,1,12,2,2,18
3,1,1,23,68,93,1,1,100,1,0,1,1,1,1,1,20,2,0,18
1,2,1,27,96,93,0,1,70,1,1,1,1,2,3,1,12,2,2,18
2,3,1,27,91,93,0,1,94,1,0,1,1,3,0,1,20,2,2,18
3,1,1,28,74,93,0,1,73,1,1,1,1,1,3,1,12,1,2,18
3,1,1,23,68,93,1,1,100,1,0,1,1,1,1,1,20,1,0,18
3,2,1,27,96,93,0,1,70,1,1,1,1,2,3,1,12,1,2,18
3,3,1,27,91,93,0,1,94,1,0,1,1,3,0,1,20,1,2,18
2,3,1,23,98,85,0,1,81,0,1,1,1,3,1,2,11,1,2,21
2,2,1,22,81,85,0,1,62,0,2,1,1,2,2,2,14,1,2,21
3,3,1,23,98,85,0,1,81,1,1,1,1,3,1,1,11,1,2,21
3,2,1,22,81,85,0,1,62,1,2,1,1,2,2,1,14,1,2,21
1,3,1,23,98,85,0,1,81,1,1,1,1,3,1,1,11,2,2,21
3,2,1,22,81,85,0,1,62,1,2,1,1,2,2,1,14,2,2,21
2,3,0,23,98,85,0,1,81,0,1,1,1,3,1,0,11,1,2,21
2,2,0,22,81,85,0,1,62,0,2,1,1,2,2,0,14,1,2,21
2,3,1,23,98,85,0,1,81,0,1,1,1,3,1,1,11,0,2,21
2,2,1,22,81,85,0,1,62,0,2,1,1,2,2,1,14,0,2,21
1,3,1,23,98,85,0,1,81,1,1,1,1,3,1,1,11,2,2,21
3,2,1,22,81,85,0,1,62,1,2,1,1,2,2,1,14,2,2,21
2,3,1,23,98,85,0,1,81,1,1,1,1,3,1,1,11,0,2,21
2,2,1,22,81,85,0,1,62,1,2,1,1,2,2,1,14,0,2,21
2,2,2,23,77,74,1,0,56,0,2,1,1,2,3,2,18,2,0,14
3,2,2,23,77,74,1,0,56,1,2,1,1,2,3,2,18,1,0,14
3,2,2,23,77,74,1,0,56,1,2,1,0,2,3,2,18,1,0,14
3,2,2,23,77,74,1,0,56,1,2,1,1,2,3,1,18,1,0,14
3,2,0,23,77,74,1,0,56,1,2,1,1,2,3,0,18,2,0,14
3,2,2,23,77,74,1,0,56,0,2,1,1,2,3,1,18,1,0,14
3,2,0,25,89,72,0,0,61,1,2,1,1,2,2,0,17,1,2,23
3,1,0,19,50,72,1,1,94,1,0,1,1,1,2,0,20,1,2,23
0,0,0,21,66,72,1,1,46,1,3,1,1,0,0,0,7,1,0,23
3,0,0,25,53,72,0,0,46,1,3,1,1,0,0,0,17,1,1,23
3,2,0,25,89,72,0,0,61,1,2,1,1,2,2,1,17,2,2,23
3,1,0,19,50,72,1,1,94,1,0,1,1,1,2,1,20,2,2,23
0,0,2,21,66,72,1,1,46,1,3,1,1,0,0,1,7,2,0,23
3,0,2,25,53,72,0,0,46,1,3,1,1,0,0,1,17,2,1,23
2,2,0,25,89,72,0,0,61,0,2,1,1,2,2,0,17,2,2,23
2,1,0,19,50,72,1,1,94,0,0,1,1,1,2,0,20,2,2,23
1,0,0,21,66,72,1,1,46,0,3,1,1,0,0,0,7,2,0,23
2,0,0,25,53,72,0,0,46,0,3,1,1,0,0,0,17,2,1,23
3,2,0,25,89,72,0,0,61,1,2,1,1,2,2,1,17,1,2,23
3,1,0,19,50,72,1,1,94,1,0,1,1,1,2,1,20,1,2,23
0,0,2,21,66,72,1,1,46,1,3,1,1,0,0,1,7,1,0,23
3,0,2,25,53,72,0,0,46,1,3,1,1,0,0,1,17,1,1,23
3,2,0,25,89,72,0,0,61,1,2,1,1,2,2,2,17,1,2,23
3,1,0,19,50,72,1,1,94,1,0,1,1,1,2,2,20,1,2,23
0,0,0,21,66,72,1,1,46,1,3,1,1,0,0,2,7,1,0,23
3,0,2,25,53,72,0,0,46,1,3,1,1,0,0,2,17,1,1,23
2,2,0,25,89,72,0,0,61,1,2,1,1,2,2,0,17,0,2,23
3,1,0,19,50,72,1,1,94,1,0,1,1,1,2,0,20,0,2,23
0,0,0,21,66,72,1,1,46,1,3,1,1,0,0,0,7,0,0,23
2,0,0,25,53,72,0,0,46,1,3,1,1,0,0,0,17,0,1,23
2,2,0,25,89,72,0,0,61,0,2,1,1,2,2,2,17,1,2,23
3,1,0,19,50,72,1,1,94,0,0,1,1,1,2,2,20,1,2,23
0,0,0,21,66,72,1,1,46,0,3,1,1,0,0,2,7,1,0,23
2,0,2,25,53,72,0,0,46,0,3,1,1,0,0,2,17,1,1,23
2,2,0,25,89,72,0,0,61,1,2,1,1,2,2,0,17,0,2,23
3,1,0,19,50,72,1,1,94,1,0,1,1,1,2,0,20,0,2,23
0,0,0,21,66,72,1,1,46,1,3,1,1,0,0,0,7,0,0,23
2,0,0,25,53,72,0,0,46,1,3,1,1,0,0,0,17,0,1,23
3,2,0,25,89,72,0,0,61,1,2,1,0,2,2,1,17,2,2,23
3,1,0,19,50,72,1,1,94,1,0,1,0,1,2,1,20,2,2,23
0,0,2,21,66,72,1,1,46,1,3,1,0,0,0,1,7,2,0,23
3,0,2,25,53,72,0,0,46,1,3,1,0,0,0,1,17,2,1,23
3,2,0,25,89,72,0,0,61,1,2,1,1,2,2,1,17,2,2,23
3,1,0,19,50,72,1,1,94,1,0,1,1,1,2,1,20,2,2,23
0,0,2,21,66,72,1,1,46,1,3,1,1,0,0,1,7,2,0,23
3,0,2,25,53,72,0,0,46,1,3,1,1,0,0,1,17,2,1,23
3,0,1,25,72,96,1,0,51,1,3,1,1,0,3,2,13,0,2,25
0,1,1,21,51,96,0,1,89,1,0,1,1,1,1,2,3,0,1,25
3,3,1,23,85,96,1,1,85,1,0,1,1,3,1,2,19,0,2,25
3,0,1,25,72,96,1,0,51,1,3,1,1,0,3,0,13,2,2,25
1,1,1,21,51,96,0,1,89,1,0,1,1,1,1,0,3,2,1,25
3,3,1,23,85,96,1,1,85,1,0,1,1,3,1,0,19,2,2,25
3,0,1,25,72,96,1,0,51,0,3,1,1,0,3,0,13,1,2,25
1,1,1,21,51,96,0,1,89,0,0,1,1,1,1,0,3,1,1,25
3,3,1,23,85,96,1,1,85,0,0,1,1,3,1,0,19,1,2,25
2,0,1,25,72,96,1,0,51,0,3,1,1,0,3,1,13,0,2,25
1,1,1,21,51,96,0,1,89,0,0,1,1,1,1,1,3,0,1,25
2,3,1,23,85,96,1,1,85,0,0,1,1,3,1,1,19,0,2,25
3,0,1,25,72,96,1,0,51,1,3,1,1,0,3,0,13,2,2,25
1,1,1,21,51,96,0,1,89,1,0,1,1,1,1,0,3,2,1,25
3,3,1,23,85,96,1,1,85,1,0,1,1,3,1,0,19,2,2,25
3,0,1,25,72,96,1,0,51,0,3,1,1,0,3,1,13,2,2,25
1,1,1,21,51,96,0,1,89,0,0,1,1,1,1,1,3,2,1,25
3,3,1,23,85,96,1,1,85,0,0,1,1,3,1,1,19,2,2,25
0,0,1,18,65,95,1,0,40,1,3,0,1,0,2,1,6,1,0,6
0,1,1,24,66,95,1,1,71,1,1,0,1,1,2,1,2,1,2,6
0,3,0,28,92,72,1,1,72,1,1,0,1,3,1,0,6,1,0,32
3,1,0,19,58,72,1,1,81,1,1,0,1,1,3,0,13,1,2,32
0,3,0,26,88,73,1,1,72,1,1,0,0,3,1,0,6,1,2,28
0,3,2,26,88,73,1,1,72,1,1,0,1,3,1,1,6,1,2,28
0,3,2,26,88,73,1,1,72,1,1,0,1,3,1,1,6,1,2,28
1,3,2,26,88,73,1,1,72,0,1,0,1,3,1,1,6,0,2,28
0,3,2,26,88,73,1,1,72,1,1,0,1,3,1,1,6,2,2,28
0,3,2,26,88,73,1,1,72,1,1,0,1,3,1,1,6,1,2,28
2,0,1,22,63,94,0,1,46,1,3,0,1,0,0,0,19,0,0,14
3,0,1,22,60,94,1,1,40,1,3,0,1,0,0,0,10,0,1,14
0,0,1,25,74,94,1,1,65,1,2,0,1,0,3,0,1,0,2,14
0,0,1,22,53,94,1,1,66,1,2,0,1,0,2,0,4,0,1,14
0,3,1,29,75,94,0,0,95,1,0,0,1,3,1,0,2,0,1,14
2,0,1,22,63,94,0,1,46,1,3,0,1,0,0,1,19,2,0,14
3,0,1,22,60,94,1,1,40,1,3,0,1,0,0,1,10,2,1,14
0,0,1,25,74,94,1,1,65,1,2,0,1,0,3,1,1,2,2,14
0,0,1,22,53,94,1,1,66,1,2,0,1,0,2,1,4,2,1,14
1,3,1,29,75,94,0,0,95,1,0,0,1,3,1,1,2,2,1,14
2,0,1,22,63,94,0,1,46,0,3,0,1,0,0,1,19,1,0,14
3,0,1,22,60,94,1,1,40,0,3,0,1,0,0,1,10,1,1,14
0,0,1,25,74,94,1,1,65,0,2,0,1,0,3,1,1,1,2,14
0,0,1,22,53,94,1,1,66,0,2,0,1,0,2,1,4,1,1,14
1,3,1,29,75,94,0,0,95,0,0,0,1,3,1,1,2,1,1,14
2,0,1,22,63,94,0,1,46,1,3,0,1,0,0,1,19,2,0,14
3,0,1,22,60,94,1,1,40,1,3,0,1,0,0,1,10,2,1,14
0,0,1,25,74,94,1,1,65,1,2,0,1,0,3,1,1,2,2,14
0,0,1,22,53,94,1,1,66,1,2,0,1,0,2,1,4,2,1,14
1,3,1,29,75,94,0,0,95,1,0,0,1,3,1,1,2,2,1,14
3,0,1,22,63,94,0,1,46,1,3,0,1,0,0,1,19,1,0,14
3,0,1,22,60,94,1,1,40,1,3,0,1,0,0,1,10,1,1,14
0,0,1,25,74,94,1,1,65,1,2,0,1,0,3,1,1,1,2,14
0,0,1,22,53,94,1,1,66,1,2,0,1,0,2,1,4,1,1,14
0,3,1,29,75,94,0,0,95,1,0,0,1,3,1,1,2,1,1,14
1,3,2,19,91,73,0,0,73,1,1,1,1,3,3,1,3,2,2,11
3,1,2,27,67,73,1,1,88,1,0,1,1,1,3,1,15,2,1,11
1,3,2,19,91,73,0,0,73,0,1,1,0,3,3,1,3,1,2,11
3,1,2,27,67,73,1,1,88,0,0,1,0,1,3,1,15,1,1,11
1,3,2,19,91,73,0,0,73,0,1,1,0,3,3,1,3,2,2,11
2,1,2,27,67,73,1,1,88,0,0,1,0,1,3,1,15,2,1,11
1,3,2,27,84,67,0,1,92,1,0,1,0,3,2,1,12,2,0,25
1,1,0,20,57,67,0,1,70,1,1,1,0,1,3,1,0,2,2,25
3,3,2,21,92,67,1,0,91,1,0,1,0,3,3,1,12,2,1,25
3,3,0,24,88,67,0,1,98,1,0,1,0,3,3,1,13,2,2,25
3,3,2,27,84,67,0,1,92,1,0,1,1,3,2,1,12,1,0,25
0,1,0,20,57,67,0,1,70,1,1,1,1,1,3,1,0,1,2,25
3,3,2,21,92,67,1,0,91,1,0,1,1,3,3,1,12,1,1,25
3,3,0,24,88,67,0,1,98,1,0,1,1,3,3,1,13,1,2,25
3,3,0,27,84,67,0,1,92,1,0,1,1,3,2,2,12,1,0,25
0,1,0,20,57,67,0,1,70,1,1,1,1,1,3,2,0,1,2,25
3,3,2,21,92,67,1,0,91,1,0,1,1,3,3,2,12,1,1,25
3,3,0,24,88,67,0,1,98,1,0,1,1,3,3,2,13,1,2,25
0,3,1,27,88,95,1,1,72,1,1,1,1,3,2,2,1,2,2,39
1,3,1,29,92,95,0,1,79,1,1,1,1,3,2,2,6,2,2,39
2,3,2,22,91,90,1,1,82,0,1,1,1,3,2,1,18,0,1,27
1,3,1,22,91,90,1,1,77,0,1,1,1,3,3,1,8,0,2,27
1,1,1,21,75,90,0,0,79,0,1,1,1,1,3,1,1,0,2,27
3,3,2,22,91,90,1,1,82,0,1,1,0,3,2,0,18,1,1,27
0,3,1,22,91,90,1,1,77,0,1,1,0,3,3,0,8,1,2,27
1,1,1,21,75,90,0,0,79,0,1,1,0,1,3,0,1,1,2,27
3,3,2,22,91,90,1,1,82,0,1,1,1,3,2,2,18,1,1,27
0,3,1,22,91,90,1,1,77,0,1,1,1,3,3,2,8,1,2,27
1,1,1,21,75,90,0,0,79,0,1,1,1,1,3,2,1,1,2,27
3,3,2,22,91,90,1,1,82,0,1,1,1,3,2,2,18,2,1,27
1,3,1,22,91,90,1,1,77,0,1,1,1,3,3,2,8,2,2,27
1,1,1,21,75,90,0,0,79,0,1,1,1,1,3,2,1,2,2,27
0,0,2,21,72,89,1,0,46,1,3,1,1,0,3,1,8,0,1,11
2,2,1,29,87,89,0,1,54,1,3,1,1,2,3,1,10,0,2,11
1,0,2,21,72,89,1,0,46,0,3,1,1,0,3,0,8,2,1,11
1,2,1,29,87,89,0,1,54,0,3,1,1,2,3,0,10,2,2,11
2,2,1,20,90,97,1,0,66,0,2,0,1,2,1,2,19,0,0,26
2,1,1,24,75,97,1,1,74,0,1,0,1,1,2,2,13,0,0,26
2,3,1,26,96,97,0,1,77,0,1,0,1,3,2,2,16,0,1,26
3,2,1,20,90,97,1,0,66,1,2,0,1,2,1,1,19,0,0,26
3,1,1,24,75,97,1,1,74,1,1,0,1,1,2,1,13,0,0,26
2,3,1,26,96,97,0,1,77,1,1,0,1,3,2,1,16,0,1,26
3,1,0,22,52,60,1,1,85,1,0,0,1,1,0,2,15,2,2,17
3,0,2,18,74,60,1,1,62,1,2,0,1,0,3,2,15,2,1,17
1,1,0,26,65,60,0,1,97,1,0,0,1,1,1,2,4,2,2,17
2,1,0,22,52,60,1,1,85,0,0,0,1,1,0,1,15,0,2,17
2,0,2,18,74,60,1,1,62,0,2,0,1,0,3,1,15,0,1,17
1,1,0,26,65,60,0,1,97,0,0,0,1,1,1,1,4,0,2,17
3,1,0,22,52,60,1,1,85,1,0,0,1,1,0,1,15,0,2,17
3,0,2,18,74,60,1,1,62,1,2,0,1,0,3,1,15,0,1,17
0,1,0,26,65,60,0,1,97,1,0,0,1,1,1,1,4,0,2,17
3,1,2,28,56,70,1,0,92,1,0,1,1,1,2,1,11,2,1,28
0,2,0,20,80,70,1,1,40,1,3,1,1,2,3,1,5,2,2,28
3,1,2,28,56,70,1,0,92,1,0,1,1,1,2,2,11,0,1,28
0,2,0,20,80,70,1,1,40,1,3,1,1,2,3,2,5,0,2,28
3,1,0,28,56,70,1,0,92,1,0,1,1,1,2,0,11,1,1,28
0,2,0,20,80,70,1,1,40,1,3,1,1,2,3,0,5,1,2,28
3,1,0,28,56,70,1,0,92,1,0,1,1,1,2,0,11,1,1,28
0,2,0,20,80,70,1,1,40,1,3,1,1,2,3,0,5,1,2,28
3,1,2,28,56,70,1,0,92,1,0,1,1,1,2,1,11,1,1,28
0,2,0,20,80,70,1,1,40,1,3,1,1,2,3,1,5,1,2,28
3,2,2,24,87,64,1,1,55,1,2,1,1,2,3,1,20,1,0,20
3,2,0,24,87,64,1,1,55,1,2,1,1,2,3,0,20,0,0,20
3,2,0,24,87,64,1,1,55,1,2,1,1,2,3,2,20,1,0,20
3,2,0,24,87,64,1,1,55,1,2,1,1,2,3,2,20,0,0,20
2,2,2,24,87,64,1,1,55,0,2,1,1,2,3,1,20,0,0,20
1,0,1,19,59,96,0,1,51,0,3,1,1,0,0,2,9,1,2,16
1,1,1,29,64,96,0,0,74,0,1,1,1,1,0,2,7,1,1,16
0,0,1,19,59,96,0,1,51,1,3,1,1,0,0,1,9,1,2,16
0,1,1,29,64,96,0,0,74,1,1,1,1,1,0,1,7,1,1,16
0,0,1,19,59,96,0,1,51,1,3,1,1,0,0,1,9,1,2,16
0,1,1,29,64,96,0,0,74,1,1,1,1,1,0,1,7,1,1,16
0,0,1,19,59,96,0,1,51,1,3,1,1,0,0,2,9,1,2,16
0,1,1,29,64,96,0,0,74,1,1,1,1,1,0,2,7,1,1,16
1,0,1,19,59,96,0,1,51,0,3,1,1,0,0,1,9,1,2,16
1,1,1,29,64,96,0,0,74,0,1,1,1,1,0,1,7,1,1,16
3,1,0,28,69,60,1,1,84,1,1,1,1,1,3,0,19,2,2,26
1,3,1,27,88,96,0,1,75,1,1,1,1,3,1,2,1,2,1,14
3,1,1,27,55,96,1,1,86,1,0,1,1,1,2,2,16,2,0,14
1,3,1,27,88,96,0,1,75,0,1,1,1,3,1,1,1,0,1,14
2,1,1,27,55,96,1,1,86,0,0,1,1,1,2,1,16,0,0,14
3,2,1,21,89,96,1,1,70,1,1,1,1,2,3,0,14,1,0,23
3,2,1,21,89,96,1,1,70,0,1,1,1,2,3,1,14,1,0,23
3,2,1,21,89,96,1,1,70,1,1,1,1,2,3,1,14,2,0,23
3,2,1,21,89,96,1,1,70,0,1,1,1,2,3,1,14,2,0,23
3,0,2,22,60,86,1,1,69,1,2,1,0,0,3,1,11,1,1,32
0,1,1,23,70,86,0,1,75,1,1,1,0,1,1,1,9,1,2,32
3,0,2,22,60,86,1,1,69,1,2,1,1,0,3,0,11,1,1,32
0,1,1,23,70,86,0,1,75,1,1,1,1,1,1,0,9,1,2,32
3,1,2,27,72,87,1,1,85,0,0,0,1,1,0,1,18,1,1,14
3,0,1,27,73,87,1,0,58,0,2,0,1,0,1,1,11,1,0,14
0,0,0,18,56,74,0,1,69,1,2,0,1,0,0,0,3,0,2,23
2,1,0,27,66,74,0,0,90,1,0,0,1,1,3,0,17,0,2,23
3,0,0,24,53,74,1,0,55,1,2,0,1,0,3,0,13,0,2,23
1,0,2,18,56,74,0,1,69,0,2,0,1,0,0,1,3,1,2,23
2,1,2,27,66,74,0,0,90,0,0,0,1,1,3,1,17,1,2,23
3,0,2,24,53,74,1,0,55,0,2,0,1,0,3,1,13,1,2,23
1,0,2,18,56,74,0,1,69,0,2,0,1,0,0,1,3,2,2,23
2,1,2,27,66,74,0,0,90,0,0,0,1,1,3,1,17,2,2,23
3,0,2,24,53,74,1,0,55,0,2,0,1,0,3,1,13,2,2,23
1,0,2,18,56,74,0,1,69,1,2,0,1,0,0,1,3,2,2,23
3,1,2,27,66,74,0,0,90,1,0,0,1,1,3,1,17,2,2,23
3,0,2,24,53,74,1,0,55,1,2,0,1,0,3,1,13,2,2,23
2,1,1,25,64,96,0,1,96,0,0,1,1,1,1,2,11,1,1,19
2,1,1,25,64,96,0,1,96,1,0,1,1,1,1,2,11,0,1,19
2,1,1,25,64,96,0,1,96,0,0,1,1,1,1,1,11,1,1,19
2,1,1,25,64,96,0,1,96,0,0,1,1,1,1,1,11,1,1,19
1,1,1,25,64,96,0,1,96,1,0,1,1,1,1,1,11,2,1,19
2,1,1,25,64,96,0,1,96,1,0,1,0,1,1,1,11,0,1,19
2,1,1,25,64,96,0,1,96,0,0,1,1,1,1,1,11,1,1,19
3,1,1,25,64,96,0,1,96,1,0,1,1,1,1,1,11,1,1,19
3,1,1,25,64,96,0,1,96,1,0,1,1,1,1,2,11,1,1,19
3,3,0,29,75,72,1,1,97,0,0,1,1,3,1,2,11,1,2,26
3,2,2,28,77,72,1,0,65,0,2,1,1,2,1,2,18,1,1,26
3,3,0,29,75,72,1,1,97,1,0,1,1,3,1,1,11,1,2,26
3,2,2,28,77,72,1,0,65,1,2,1,1,2,1,1,18,1,1,26
1,3,0,29,75,72,1,1,97,0,0,1,1,3,1,1,11,2,2,26
3,2,2,28,77,72,1,0,65,0,2,1,1,2,1,1,18,2,1,26
3,3,0,29,75,72,1,1,97,0,0,1,0,3,1,1,11,1,2,26
3,2,2,28,77,72,1,0,65,0,2,1,0,2,1,1,18,1,1,26
3,3,2,24,87,64,1,1,99,1,0,0,1,3,0,1,11,1,1,36
0,0,0,26,56,64,1,1,61,1,2,0,1,0,3,1,9,1,2,36
3,1,2,26,63,64,1,0,95,1,0,0,1,1,3,1,18,1,0,36
0,1,0,23,70,64,1,0,92,1,0,0,1,1,2,1,3,1,2,36
3,2,2,21,86,66,1,1,40,0,3,1,1,2,1,1,13,2,0,22
1,2,0,20,84,66,1,1,59,0,2,1,1,2,1,1,1,2,2,22
3,2,0,21,86,66,1,1,40,0,3,1,1,2,1,2,13,1,0,22
0,2,0,20,84,66,1,1,59,0,2,1,1,2,1,2,1,1,2,22
3,2,2,21,86,66,1,1,40,1,3,1,1,2,1,1,13,0,0,22
0,2,0,20,84,66,1,1,59,1,2,1,1,2,1,1,1,0,2,22
0,1,1,19,60,91,1,1,94,1,0,1,1,1,1,0,0,2,1,22
0,1,1,19,60,91,1,1,94,1,0,1,1,1,1,1,0,1,1,22
1,1,1,19,60,91,1,1,94,0,0,1,1,1,1,1,0,2,1,22
0,1,1,19,60,91,1,1,94,1,0,1,1,1,1,1,0,2,1,22
0,1,1,19,60,91,1,1,94,1,0,1,1,1,1,1,0,1,1,22
0,1,1,19,60,91,1,1,94,0,0,1,1,1,1,1,0,0,1,22
3,1,0,19,65,85,1,1,79,0,1,1,1,1,3,0,20,1,0,18
3,2,2,21,85,85,1,1,71,0,1,1,1,2,2,0,13,1,1,18
3,1,1,19,65,85,1,1,79,1,1,1,1,1,3,2,20,0,0,18
3,2,2,21,85,85,1,1,71,1,1,1,1,2,2,2,13,0,1,18
2,1,1,19,65,85,1,1,79,0,1,1,1,1,3,1,20,2,0,18
3,2,2,21,85,85,1,1,71,0,1,1,1,2,2,1,13,2,1,18
3,1,1,19,65,85,1,1,79,1,1,1,1,1,3,1,20,1,0,18
3,2,2,21,85,85,1,1,71,1,1,1,1,2,2,1,13,1,1,18
3,1,1,19,65,85,1,1,79,0,1,1,1,1,3,1,20,1,0,18
3,2,2,21,85,85,1,1,71,0,1,1,1,2,2,1,13,1,1,18
3,1,0,19,65,85,1,1,79,1,1,1,1,1,3,0,20,1,0,18
3,2,2,21,85,85,1,1,71,1,1,1,1,2,2,0,13,1,1,18
3,1,1,19,65,85,1,1,79,1,1,1,1,1,3,2,20,0,0,18
3,2,2,21,85,85,1,1,71,1,1,1,1,2,2,2,13,0,1,18
3,3,2,18,81,69,1,1,72,0,1,0,1,3,2,2,17,1,1,21
3,3,2,18,81,69,1,1,72,1,1,0,1,3,2,1,17,1,1,21
3,0,1,28,55,92,1,0,56,0,2,1,1,0,2,2,17,2,0,28
1,2,1,19,76,92,1,1,56,0,2,1,1,2,2,2,9,2,2,28
1,0,1,27,70,92,1,1,57,0,2,1,1,0,1,2,8,2,1,28
3,0,1,29,56,92,1,1,46,0,3,1,1,0,3,2,16,2,2,28
2,2,1,23,93,96,1,1,71,0,1,1,1,2,3,1,19,2,2,7
1,0,1,28,73,96,0,0,40,0,3,1,1,0,2,1,1,2,1,7
2,2,1,23,93,96,1,1,71,0,1,1,1,2,3,1,19,0,2,7
1,0,1,28,73,96,0,0,40,0,3,1,1,0,2,1,1,0,1,7
3,0,0,21,65,76,1,0,65,1,2,0,1,0,2,0,16,1,0,16
3,0,2,20,52,76,0,0,43,1,3,0,1,0,2,0,19,1,1,16
0,0,0,25,68,76,1,1,66,1,2,0,1,0,1,0,3,1,2,16
3,0,0,21,65,76,1,0,65,0,2,0,1,0,2,0,16,1,0,16
2,0,2,20,52,76,0,0,43,0,3,0,1,0,2,0,19,1,1,16
0,0,0,25,68,76,1,1,66,0,2,0,1,0,1,0,3,1,2,16
3,0,0,21,65,76,1,0,65,0,2,0,1,0,2,0,16,1,0,16
2,0,2,20,52,76,0,0,43,0,3,0,1,0,2,0,19,1,1,16
0,0,0,25,68,76,1,1,66,0,2,0,1,0,1,0,3,1,2,16
3,0,2,21,65,76,1,0,65,1,2,0,1,0,2,2,16,2,0,16
2,0,2,20,52,76,0,0,43,1,3,0,1,0,2,2,19,2,1,16
0,0,0,25,68,76,1,1,66,1,2,0,1,0,1,2,3,2,2,16
3,0,2,21,65,76,1,0,65,1,2,0,1,0,2,1,16,1,0,16
3,0,2,20,52,76,0,0,43,1,3,0,1,0,2,1,19,1,1,16
0,0,1,25,68,76,1,1,66,1,2,0,1,0,1,1,3,1,2,16
3,0,2,21,65,76,1,0,65,0,2,0,1,0,2,1,16,1,0,16
2,0,2,20,52,76,0,0,43,0,3,0,1,0,2,1,19,1,1,16
0,0,1,25,68,76,1,1,66,0,2,0,1,0,1,1,3,1,2,16
3,3,0,24,94,81,1,0,78,1,1,1,1,3,3,0,16,1,0,28
3,2,2,20,93,81,1,1,45,1,3,1,1,2,1,0,11,1,1,28
3,3,2,24,94,81,1,0,78,1,1,1,1,3,3,2,16,1,0,28
3,2,2,20,93,81,1,1,45,1,3,1,1,2,1,2,11,1,1,28
3,3,2,24,94,81,1,0,78,1,1,1,1,3,3,1,16,1,0,28
3,2,2,20,93,81,1,1,45,1,3,1,1,2,1,1,11,1,1,28
3,3,2,24,94,81,1,0,78,1,1,1,1,3,3,1,16,0,0,28
3,2,2,20,93,81,1,1,45,1,3,1,1,2,1,1,11,0,1,28
3,3,2,24,94,81,1,0,78,1,1,1,1,3,3,2,16,2,0,28
3,2,2,20,93,81,1,1,45,1,3,1,1,2,1,2,11,2,1,28
3,3,2,24,94,81,1,0,78,0,1,1,1,3,3,1,16,2,0,28
1,2,2,20,93,81,1,1,45,0,3,1,1,2,1,1,11,2,1,28
1,2,2,28,82,78,0,1,70,1,1,0,1,2,3,0,4,2,1,14
0,2,2,28,82,78,0,1,70,1,1,0,1,2,3,1,4,1,1,14
0,2,2,28,82,78,0,1,70,1,1,0,1,2,3,2,4,1,1,14
1,2,2,28,82,78,0,1,70,1,1,0,1,2,3,1,4,2,1,14
1,2,2,28,82,78,0,1,70,0,1,0,1,2,3,0,4,1,1,14
0,0,0,19,70,81,1,1,41,1,3,1,1,0,1,0,5,1,2,25
3,3,0,25,86,81,1,1,76,1,1,1,1,3,2,0,10,1,2,25
0,0,2,21,50,81,1,1,47,1,3,1,1,0,2,0,3,1,1,25
0,3,2,25,76,81,1,0,96,1,0,1,1,3,3,0,1,1,1,25
3,3,0,23,77,81,1,1,88,1,0,1,1,3,0,0,14,1,2,25
0,0,0,19,70,81,1,1,41,1,3,1,1,0,1,0,5,0,2,25
3,3,0,25,86,81,1,1,76,1,1,1,1,3,2,0,10,0,2,25
0,0,2,21,50,81,1,1,47,1,3,1,1,0,2,0,3,0,1,25
0,3,2,25,76,81,1,0,96,1,0,1,1,3,3,0,1,0,1,25
3,3,0,23,77,81,1,1,88,1,0,1,1,3,0,0,14,0,2,25
0,0,1,19,70,81,1,1,41,0,3,1,1,0,1,1,5,1,2,25
3,3,1,25,86,81,1,1,76,0,1,1,1,3,2,1,10,1,2,25
0,0,2,21,50,81,1,1,47,0,3,1,1,0,2,1,3,1,1,25
0,3,2,25,76,81,1,0,96,0,0,1,1,3,3,1,1,1,1,25
3,3,1,23,77,81,1,1,88,0,0,1,1,3,0,1,14,1,2,25
0,0,1,19,70,81,1,1,41,1,3,1,1,0,1,1,5,0,2,25
3,3,1,25,86,81,1,1,76,1,1,1,1,3,2,1,10,0,2,25
0,0,2,21,50,81,1,1,47,1,3,1,1,0,2,1,3,0,1,25
0,3,2,25,76,81,1,0,96,1,0,1,1,3,3,1,1,0,1,25
3,3,1,23,77,81,1,1,88,1,0,1,1,3,0,1,14,0,2,25
0,2,0,20,90,70,1,1,47,1,3,0,0,2,1,2,9,1,0,19
0,2,2,20,90,70,1,1,47,1,3,0,1,2,1,1,9,1,0,19
1,2,2,20,90,70,1,1,47,0,3,0,1,2,1,1,9,2,0,19
0,2,0,20,90,70,1,1,47,1,3,0,0,2,1,2,9,1,0,19
3,0,2,26,70,62,1,1,55,1,2,0,1,0,0,1,16,0,1,18
2,1,0,19,65,62,0,1,70,1,1,0,1,1,3,1,18,0,2,18
2,1,0,18,63,62,0,1,97,1,0,0,1,1,0,1,20,0,2,18
2,2,0,28,86,62,0,1,65,1,2,0,1,2,1,1,12,0,2,18
3,0,2,26,70,62,1,1,55,1,2,0,1,0,0,1,16,1,1,18
3,1,0,19,65,62,0,1,70,1,1,0,1,1,3,1,18,1,2,18
3,1,0,18,63,62,0,1,97,1,0,0,1,1,0,1,20,1,2,18
3,2,0,28,86,62,0,1,65,1,2,0,1,2,1,1,12,1,2,18
3,0,2,26,70,62,1,1,55,1,2,0,1,0,0,1,16,2,1,18
2,1,0,19,65,62,0,1,70,1,1,0,1,1,3,1,18,2,2,18
2,1,0,18,63,62,0,1,97,1,0,0,1,1,0,1,20,2,2,18
1,2,0,28,86,62,0,1,65,1,2,0,1,2,1,1,12,2,2,18
0,0,1,27,65,86,0,0,65,1,2,0,1,0,2,1,0,1,0,18
3,3,1,19,83,86,1,0,96,1,0,0,1,3,0,1,12,1,2,18
0,0,1,27,65,86,0,0,65,1,2,0,1,0,2,0,0,0,0,18
3,3,1,19,83,86,1,0,96,1,0,0,1,3,0,0,12,0,2,18
0,3,1,29,100,87,0,0,90,1,0,0,1,3,3,0,8,1,2,27
3,3,2,25,91,87,0,1,79,1,1,0,1,3,1,0,10,1,1,27
0,2,1,24,87,87,1,1,42,1,3,0,1,2,0,0,8,1,0,27
1,3,1,29,100,87,0,0,90,0,0,0,1,3,3,1,8,1,2,27
1,3,2,25,91,87,0,1,79,0,1,0,1,3,1,1,10,1,1,27
0,2,1,24,87,87,1,1,42,0,3,0,1,2,0,1,8,1,0,27
0,0,1,24,64,99,1,0,45,0,3,0,1,0,1,0,3,1,2,13
0,0,1,24,64,99,1,0,45,1,3,0,1,0,1,0,3,1,2,13
0,0,1,24,64,99,1,0,45,0,3,0,1,0,1,1,3,0,2,13
2,1,2,23,52,71,1,0,92,0,0,1,1,1,3,1,10,0,0,27
3,1,2,23,52,71,1,0,92,1,0,1,1,1,3,1,10,1,0,27
3,1,2,23,52,71,1,0,92,1,0,1,1,1,3,1,10,2,0,27
3,1,1,29,70,84,0,1,76,1,1,1,1,1,2,1,15,1,2,24
0,1,1,29,53,84,1,1,79,1,1,1,1,1,2,1,7,1,0,24
3,1,1,29,70,84,0,1,76,1,1,1,1,1,2,1,15,1,2,24
0,1,1,29,53,84,1,1,79,1,1,1,1,1,2,1,7,1,0,24
3,1,1,29,70,84,0,1,76,1,1,1,1,1,2,1,15,1,2,24
0,1,1,29,53,84,1,1,79,1,1,1,1,1,2,1,7,1,0,24
2,1,1,29,70,84,0,1,76,0,1,1,1,1,2,1,15,2,2,24
1,1,1,29,53,84,1,1,79,0,1,1,1,1,2,1,7,2,0,24
2,1,1,29,70,84,0,1,76,0,1,1,1,1,2,1,15,1,2,24
0,1,1,29,53,84,1,1,79,0,1,1,1,1,2,1,7,1,0,24
0,2,0,26,97,77,1,0,65,1,2,0,1,2,2,2,6,1,2,16
0,0,2,20,57,77,1,1,56,1,2,0,1,0,3,2,7,1,0,16
3,1,2,27,60,77,1,0,90,1,0,0,1,1,0,2,18,1,1,16
0,2,0,26,97,77,1,0,65,1,2,0,1,2,2,0,6,2,2,16
0,0,0,20,57,77,1,1,56,1,2,0,1,0,3,0,7,2,0,16
3,1,2,27,60,77,1,0,90,1,0,0,1,1,0,0,18,2,1,16
0,2,1,26,97,77,1,0,65,1,2,0,1,2,2,1,6,2,2,16
0,0,2,20,57,77,1,1,56,1,2,0,1,0,3,1,7,2,0,16
3,1,2,27,60,77,1,0,90,1,0,0,1,1,0,1,18,2,1,16
0,2,0,26,97,77,1,0,65,1,2,0,1,2,2,0,6,0,2,16
0,0,0,20,57,77,1,1,56,1,2,0,1,0,3,0,7,0,0,16
3,1,2,27,60,77,1,0,90,1,0,0,1,1,0,0,18,0,1,16
1,2,1,26,97,77,1,0,65,0,2,0,1,2,2,1,6,0,2,16
1,0,2,20,57,77,1,1,56,0,2,0,1,0,3,1,7,0,0,16
2,1,2,27,60,77,1,0,90,0,0,0,1,1,0,1,18,0,1,16
0,1,0,26,61,69,1,0,77,0,1,1,1,1,2,0,4,1,0,22
1,2,0,28,80,69,0,0,41,0,3,1,1,2,2,0,6,1,2,22
0,1,0,26,61,69,1,0,77,1,1,1,1,1,2,0,4,1,0,22
0,2,0,28,80,69,0,0,41,1,3,1,1,2,2,0,6,1,2,22
0,1,2,26,61,69,1,0,77,0,1,1,1,1,2,1,4,1,0,22
1,2,0,28,80,69,0,0,41,0,3,1,1,2,2,1,6,1,2,22
0,1,2,26,61,69,1,0,77,1,1,1,1,1,2,1,4,1,0,22
0,2,0,28,80,69,0,0,41,1,3,1,1,2,2,1,6,1,2,22
1,2,1,23,99,94,0,1,41,0,3,0,1,2,3,1,0,0,1,27
1,3,1,27,84,94,0,1,73,0,1,0,1,3,2,1,4,0,2,27
2,1,1,27,72,94,0,1,100,0,0,0,1,1,1,1,16,0,0,27
2,2,1,29,100,94,1,0,70,0,1,0,1,2,0,1,19,0,2,27
2,1,1,24,56,94,1,1,79,0,1,0,1,1,2,1,17,0,0,27
1,3,1,18,81,94,0,0,76,0,1,0,1,3,0,1,1,0,2,27
0,2,1,23,99,94,0,1,41,1,3,0,1,2,3,1,0,1,1,27
0,3,1,27,84,94,0,1,73,1,1,0,1,3,2,1,4,1,2,27
3,1,1,27,72,94,0,1,100,1,0,0,1,1,1,1,16,1,0,27
3,2,1,29,100,94,1,0,70,1,1,0,1,2,0,1,19,1,2,27
3,1,1,24,56,94,1,1,79,1,1,0,1,1,2,1,17,1,0,27
0,3,1,18,81,94,0,0,76,1,1,0,1,3,0,1,1,1,2,27
1,2,1,23,99,94,0,1,41,1,3,0,1,2,3,0,0,2,1,27
1,3,1,27,84,94,0,1,73,1,1,0,1,3,2,0,4,2,2,27
3,1,1,27,72,94,0,1,100,1,0,0,1,1,1,0,16,2,0,27
3,2,1,29,100,94,1,0,70,1,1,0,1,2,0,0,19,2,2,27
3,1,1,24,56,94,1,1,79,1,1,0,1,1,2,0,17,2,0,27
1,3,1,18,81,94,0,0,76,1,1,0,1,3,0,0,1,2,2,27
1,2,1,23,99,94,0,1,41,0,3,0,1,2,3,2,0,2,1,27
1,3,1,27,84,94,0,1,73,0,1,0,1,3,2,2,4,2,2,27
2,1,1,27,72,94,0,1,100,0,0,0,1,1,1,2,16,2,0,27
3,2,1,29,100,94,1,0,70,0,1,0,1,2,0,2,19,2,2,27
3,1,1,24,56,94,1,1,79,0,1,0,1,1,2,2,17,2,0,27
1,3,1,18,81,94,0,0,76,0,1,0,1,3,0,2,1,2,2,27
1,2,1,23,99,94,0,1,41,0,3,0,1,2,3,1,0,0,1,27
1,3,1,27,84,94,0,1,73,0,1,0,1,3,2,1,4,0,2,27
2,1,1,27,72,94,0,1,100,0,0,0,1,1,1,1,16,0,0,27
2,2,1,29,100,94,1,0,70,0,1,0,1,2,0,1,19,0,2,27
2,1,1,24,56,94,1,1,79,0,1,0,1,1,2,1,17,0,0,27
1,3,1,18,81,94,0,0,76,0,1,0,1,3,0,1,1,0,2,27
1,3,1,29,89,89,0,0,97,0,0,0,1,3,0,1,4,1,2,31
2,3,2,27,91,89,0,1,97,0,0,0,1,3,1,1,20,1,1,31
0,0,2,25,54,89,1,0,67,0,2,0,1,0,1,1,4,1,1,31
0,3,1,29,89,89,0,0,97,1,0,0,1,3,0,1,4,1,2,31
3,3,2,27,91,89,0,1,97,1,0,0,1,3,1,1,20,1,1,31
0,0,2,25,54,89,1,0,67,1,2,0,1,0,1,1,4,1,1,31
1,3,1,26,76,99,0,0,73,0,1,0,1,3,1,1,5,2,1,27
3,3,1,26,82,99,1,1,84,0,1,0,1,3,1,1,16,2,2,27
3,2,1,24,76,99,0,1,62,1,2,1,1,2,1,1,15,1,2,7
0,1,1,25,61,99,0,1,77,1,1,1,1,1,0,1,9,1,2,7
0,1,1,18,71,99,0,1,100,1,0,1,1,1,3,1,5,1,0,7
2,3,0,29,83,74,0,0,77,1,1,0,1,3,3,0,13,0,0,25
3,3,2,22,76,74,1,0,96,1,0,0,1,3,3,0,11,0,1,25
0,3,0,23,94,74,0,1,74,1,1,0,1,3,3,0,1,0,0,25
3,3,2,29,83,74,0,0,77,1,1,0,1,3,3,2,13,2,0,25
3,3,2,22,76,74,1,0,96,1,0,0,1,3,3,2,11,2,1,25
1,3,2,23,94,74,0,1,74,1,1,0,1,3,3,2,1,2,0,25
3,3,2,29,83,74,0,0,77,1,1,0,1,3,3,1,13,1,0,25
3,3,2,22,76,74,1,0,96,1,0,0,1,3,3,1,11,1,1,25
0,3,2,23,94,74,0,1,74,1,1,0,1,3,3,1,1,1,0,25
0,2,0,20,88,61,1,1,46,1,3,1,1,2,3,0,4,0,1,18
0,2,0,20,88,61,1,1,46,0,3,1,1,2,3,0,4,0,1,18
0,2,2,20,88,61,1,1,46,1,3,1,1,2,3,1,4,1,1,18
0,2,2,20,88,61,1,1,46,1,3,1,1,2,3,1,4,1,1,18
0,2,2,20,88,61,1,1,46,1,3,1,1,2,3,1,4,1,1,18
1,2,0,22,92,67,1,0,55,0,2,0,1,2,0,0,8,0,0,27
2,2,0,29,80,67,0,1,40,0,3,0,1,2,2,0,10,0,0,27
2,2,0,22,92,67,1,1,69,0,2,0,1,2,0,0,11,0,0,27
0,2,0,22,92,67,1,0,55,1,2,0,1,2,0,2,8,2,0,27
1,2,0,29,80,67,0,1,40,1,3,0,1,2,2,2,10,2,0,27
3,2,0,22,92,67,1,1,69,1,2,0,1,2,0,2,11,2,0,27
0,2,2,22,92,67,1,0,55,1,2,0,1,2,0,1,8,1,0,27
3,2,2,29,80,67,0,1,40,1,3,0,1,2,2,1,10,1,0,27
3,2,2,22,92,67,1,1,69,1,2,0,1,2,0,1,11,1,0,27
1,2,1,27,92,90,1,1,66,0,2,1,1,2,3,0,8,2,2,31
2,1,0,21,59,61,0,1,85,0,0,1,1,1,3,0,13,1,2,19
3,1,0,29,54,61,1,1,100,0,0,1,1,1,3,0,11,1,1,19
3,1,0,21,59,61,0,1,85,1,0,1,1,1,3,0,13,2,2,19
3,1,0,29,54,61,1,1,100,1,0,1,1,1,3,0,11,2,1,19
3,1,0,21,59,61,0,1,85,1,0,1,1,1,3,2,13,2,2,19
3,1,2,29,54,61,1,1,100,1,0,1,1,1,3,2,11,2,1,19
2,1,0,21,59,61,0,1,85,0,0,1,1,1,3,0,13,1,2,19
3,1,0,29,54,61,1,1,100,0,0,1,1,1,3,0,11,1,1,19
2,1,0,21,59,61,0,1,85,0,0,1,1,1,3,1,13,1,2,19
3,1,2,29,54,61,1,1,100,0,0,1,1,1,3,1,11,1,1,19
2,1,0,21,59,61,0,1,85,0,0,1,1,1,3,1,13,1,2,19
3,1,2,29,54,61,1,1,100,0,0,1,1,1,3,1,11,1,1,19
2,1,0,21,59,61,0,1,85,0,0,1,1,1,3,0,13,2,2,19
1,1,0,29,54,61,1,1,100,0,0,1,1,1,3,0,11,2,1,19
3,1,0,21,59,61,0,1,85,1,0,1,1,1,3,2,13,2,2,19
3,1,2,29,54,61,1,1,100,1,0,1,1,1,3,2,11,2,1,19
0,0,0,29,53,70,1,1,55,1,2,0,1,0,3,0,8,1,2,18
3,3,0,27,81,70,1,1,88,1,0,0,1,3,3,0,16,1,2,18
1,0,0,29,53,70,1,1,55,0,2,0,1,0,3,1,8,0,2,18
2,3,0,27,81,70,1,1,88,0,0,0,1,3,3,1,16,0,2,18
0,0,0,29,53,70,1,1,55,0,2,0,1,0,3,1,8,1,2,18
3,3,0,27,81,70,1,1,88,0,0,0,1,3,3,1,16,1,2,18
0,0,0,29,53,70,1,1,55,0,2,0,1,0,3,1,8,1,2,18
3,3,0,27,81,70,1,1,88,0,0,0,1,3,3,1,16,1,2,18
2,0,2,19,54,89,0,0,54,0,3,1,1,0,0,0,16,1,1,18
2,0,2,19,54,89,0,0,54,0,3,1,1,0,0,2,16,0,1,18
2,0,2,19,54,89,0,0,54,1,3,1,1,0,0,0,16,2,1,18
2,0,2,19,54,89,0,0,54,0,3,1,1,0,0,1,16,1,1,18
2,0,2,19,54,89,0,0,54,0,3,1,1,0,0,1,16,1,1,18
1,0,1,26,73,93,0,1,45,0,3,1,1,0,3,1,1,1,2,10
3,2,1,26,82,93,1,1,66,0,2,1,1,2,3,1,17,1,0,10
1,3,1,20,79,84,0,1,75,1,1,0,1,3,0,1,12,2,0,26
3,0,1,22,63,84,1,1,49,1,3,0,1,0,3,1,17,2,2,26
1,3,1,26,75,84,0,1,94,1,0,0,1,3,2,1,1,2,2,26
3,3,1,20,79,84,0,1,75,1,1,0,0,3,0,1,12,1,0,26
3,0,1,22,63,84,1,1,49,1,3,0,0,0,3,1,17,1,2,26
0,3,1,26,75,84,0,1,94,1,0,0,0,3,2,1,1,1,2,26
1,3,1,20,79,84,0,1,75,1,1,0,1,3,0,1,12,2,0,26
3,0,1,22,63,84,1,1,49,1,3,0,1,0,3,1,17,2,2,26
1,3,1,26,75,84,0,1,94,1,0,0,1,3,2,1,1,2,2,26
3,0,1,18,66,87,1,1,56,0,2,1,1,0,0,1,11,1,2,30
3,0,1,18,66,87,1,1,56,1,2,1,1,0,0,0,11,2,2,30
3,0,1,18,66,87,1,1,56,1,2,1,1,0,0,2,11,1,2,30
3,0,1,18,66,87,1,1,56,0,2,1,1,0,0,0,11,1,2,30
3,0,1,18,66,87,1,1,56,1,2,1,1,0,0,0,11,1,2,30
3,0,1,18,66,87,1,1,56,1,2,1,1,0,0,2,11,1,2,30
1,2,1,19,84,100,0,0,44,0,3,1,1,2,3,2,8,0,2,19
1,2,1,19,84,100,0,0,44,1,3,1,1,2,3,2,8,0,2,19
1,2,1,19,84,100,0,0,44,1,3,1,1,2,3,1,8,2,2,19
1,2,1,19,84,100,0,0,44,1,3,1,1,2,3,2,8,2,2,19
1,2,1,19,84,100,0,0,44,1,3,1,1,2,3,0,8,0,2,19
0,2,0,24,78,69,1,1,63,1,2,0,0,2,2,1,3,2,2,19
1,3,0,19,79,69,0,1,100,1,0,0,0,3,2,1,4,2,2,19
0,2,0,24,78,69,1,1,63,0,2,0,1,2,2,1,3,0,2,19
1,3,0,19,79,69,0,1,100,0,0,0,1,3,2,1,4,0,2,19
0,2,0,24,78,69,1,1,63,1,2,0,1,2,2,1,3,0,2,19
0,3,0,19,79,69,0,1,100,1,0,0,1,3,2,1,4,0,2,19
0,2,0,24,78,69,1,1,63,1,2,0,1,2,2,0,3,1,2,19
0,3,0,19,79,69,0,1,100,1,0,0,1,3,2,0,4,1,2,19
0,2,0,24,78,69,1,1,63,1,2,0,1,2,2,1,3,1,2,19
0,3,0,19,79,69,0,1,100,1,0,0,1,3,2,1,4,1,2,19
0,2,0,24,78,69,1,1,63,1,2,0,1,2,2,0,3,2,2,19
1,3,0,19,79,69,0,1,100,1,0,0,1,3,2,0,4,2,2,19
2,3,2,25,82,78,0,0,84,1,1,1,1,3,0,1,17,0,1,27
3,2,1,29,88,78,1,1,43,1,3,1,1,2,0,1,19,0,2,27
0,0,2,23,65,78,1,1,55,1,2,1,1,0,3,1,5,0,1,27
2,3,2,25,82,78,0,0,84,0,1,1,1,3,0,1,17,1,1,27
3,2,1,29,88,78,1,1,43,0,3,1,1,2,0,1,19,1,2,27
0,0,2,23,65,78,1,1,55,0,2,1,1,0,3,1,5,1,1,27
3,3,2,25,82,78,0,0,84,1,1,1,1,3,0,2,17,1,1,27
3,2,0,29,88,78,1,1,43,1,3,1,1,2,0,2,19,1,2,27
0,0,2,23,65,78,1,1,55,1,2,1,1,0,3,2,5,1,1,27
2,3,2,25,82,78,0,0,84,0,1,1,1,3,0,0,17,1,1,27
3,2,0,29,88,78,1,1,43,0,3,1,1,2,0,0,19,1,2,27
0,0,2,23,65,78,1,1,55,0,2,1,1,0,3,0,5,1,1,27
2,3,2,25,82,78,0,0,84,0,1,1,1,3,0,1,17,2,1,27
3,2,1,29,88,78,1,1,43,0,3,1,1,2,0,1,19,2,2,27
1,0,2,23,65,78,1,1,55,0,2,1,1,0,3,1,5,2,1,27
3,3,2,25,82,78,0,0,84,1,1,1,1,3,0,0,17,1,1,27
3,2,0,29,88,78,1,1,43,1,3,1,1,2,0,0,19,1,2,27
0,0,2,23,65,78,1,1,55,1,2,1,1,0,3,0,5,1,1,27
3,0,2,26,53,62,0,1,48,1,3,0,1,0,3,1,19,1,1,14
0,3,0,23,92,62,0,1,91,1,0,0,1,3,0,1,5,1,2,14
2,0,2,26,53,62,0,1,48,1,3,0,1,0,3,1,19,2,1,14
1,3,0,23,92,62,0,1,91,1,0,0,1,3,0,1,5,2,2,14
2,0,0,26,53,62,0,1,48,1,3,0,1,0,3,0,19,2,1,14
1,3,0,23,92,62,0,1,91,1,0,0,1,3,0,0,5,2,2,14
3,1,2,28,52,61,1,0,70,0,1,0,1,1,0,1,13,1,1,21
2,3,2,27,76,61,0,1,80,0,1,0,1,3,1,1,14,1,0,21
3,1,0,28,52,61,1,0,70,1,1,0,1,1,0,0,13,1,1,21
3,3,0,27,76,61,0,1,80,1,1,0,1,3,1,0,14,1,0,21
3,1,2,28,52,61,1,0,70,1,1,0,0,1,0,2,13,1,1,21
3,3,0,27,76,61,0,1,80,1,1,0,0,3,1,2,14,1,0,21
3,1,2,19,64,86,1,1,79,0,1,1,1,1,2,1,10,1,1,23
3,1,2,19,64,86,1,1,79,1,1,1,1,1,2,1,10,1,1,23
1,1,2,29,67,82,0,0,78,0,1,0,0,1,2,1,4,2,1,26
1,0,2,18,50,82,0,1,46,0,3,0,0,0,1,1,0,2,0,26
0,1,2,29,67,82,0,0,78,1,1,0,1,1,2,2,4,0,1,26
0,0,2,18,50,82,0,1,46,1,3,0,1,0,1,2,0,0,0,26
1,1,2,29,67,82,0,0,78,0,1,0,1,1,2,1,4,0,1,26
1,0,2,18,50,82,0,1,46,0,3,0,1,0,1,1,0,0,0,26
3,1,1,27,71,79,1,1,74,1,1,0,1,1,0,1,12,2,2,24
0,2,1,22,92,79,1,1,69,1,2,0,1,2,3,1,8,2,2,24
3,1,2,21,71,79,1,1,74,1,1,0,1,1,2,1,12,2,1,24
2,1,0,27,71,79,1,1,74,0,1,0,1,1,0,0,12,0,2,24
1,2,0,22,92,79,1,1,69,0,2,0,1,2,3,0,8,0,2,24
2,1,2,21,71,79,1,1,74,0,1,0,1,1,2,0,12,0,1,24
3,2,1,25,99,76,1,1,68,1,2,0,1,2,3,1,19,1,2,9
0,2,2,29,81,76,0,1,52,1,3,0,1,2,3,1,0,1,1,9
0,0,1,25,52,76,0,0,47,1,3,0,1,0,3,1,7,1,2,9
1,1,2,29,57,85,1,0,89,0,0,0,0,1,1,2,8,2,1,23
2,0,2,24,71,85,0,1,69,0,2,0,0,0,1,2,13,2,1,23
0,1,2,29,57,85,1,0,89,1,0,0,1,1,1,2,8,2,1,23
3,0,2,24,71,85,0,1,69,1,2,0,1,0,1,2,13,2,1,23
0,1,2,29,57,85,1,0,89,1,0,0,1,1,1,0,8,1,1,23
3,0,2,24,71,85,0,1,69,1,2,0,1,0,1,0,13,1,1,23
0,1,2,29,57,85,1,0,89,1,0,0,1,1,1,2,8,0,1,23
2,0,2,24,71,85,0,1,69,1,2,0,1,0,1,2,13,0,1,23
0,1,2,29,57,85,1,0,89,1,0,0,1,1,1,2,8,1,1,23
3,0,2,24,71,85,0,1,69,1,2,0,1,0,1,2,13,1,1,23
1,1,2,29,57,85,1,0,89,0,0,0,1,1,1,0,8,0,1,23
2,0,2,24,71,85,0,1,69,0,2,0,1,0,1,0,13,0,1,23
1,3,1,18,87,94,0,1,80,0,1,0,1,3,0,1,9,1,2,30
3,2,1,29,93,94,1,0,61,0,2,0,1,2,1,1,20,1,1,30
0,3,1,18,87,94,0,1,80,1,1,0,1,3,0,0,9,1,2,30
3,2,1,29,93,94,1,0,61,1,2,0,1,2,1,0,20,1,1,30
2,3,1,18,87,94,0,1,80,0,1,0,0,3,0,0,9,0,2,30
2,2,1,29,93,94,1,0,61,0,2,0,0,2,1,0,20,0,1,30
3,3,2,19,99,76,1,1,97,1,0,1,1,3,0,1,12,1,0,28
0,2,1,20,85,76,0,1,68,1,2,1,1,2,2,1,0,1,2,28
3,3,2,19,99,76,1,1,97,1,0,1,1,3,0,2,12,1,0,28
0,2,0,20,85,76,0,1,68,1,2,1,1,2,2,2,0,1,2,28
3,3,2,19,99,76,1,1,97,0,0,1,1,3,0,1,12,1,0,28
1,2,1,20,85,76,0,1,68,0,2,1,1,2,2,1,0,1,2,28
3,3,2,19,99,76,1,1,97,1,0,1,1,3,0,2,12,2,0,28
1,2,0,20,85,76,0,1,68,1,2,1,1,2,2,2,0,2,2,28
3,3,2,19,99,76,1,1,97,1,0,1,1,3,0,1,12,1,0,28
0,2,1,20,85,76,0,1,68,1,2,1,1,2,2,1,0,1,2,28
2,3,2,19,99,76,1,1,97,0,0,1,1,3,0,2,12,0,0,28
1,2,0,20,85,76,0,1,68,0,2,1,1,2,2,2,0,0,2,28
0,1,1,23,69,96,1,0,74,1,1,0,1,1,1,1,4,1,1,30
0,0,1,18,60,96,0,0,45,1,3,0,1,0,1,1,5,1,2,30
0,1,1,27,61,96,1,1,88,1,0,0,1,1,2,1,7,1,2,30
3,0,2,24,59,69,1,0,62,1,2,1,1,0,0,1,18,2,1,33
1,2,0,27,85,69,0,0,45,1,3,1,1,2,3,1,10,2,2,33
3,1,1,18,60,97,1,1,93,0,0,0,1,1,1,1,14,1,1,16
0,1,1,24,53,97,1,0,74,0,1,0,1,1,1,1,5,1,1,16
3,2,1,24,97,97,1,1,61,0,2,0,1,2,0,1,11,1,2,16
3,1,1,18,60,97,1,1,93,0,0,0,0,1,1,0,14,1,1,16
0,1,1,24,53,97,1,0,74,0,1,0,0,1,1,0,5,1,1,16
3,2,1,24,97,97,1,1,61,0,2,0,0,2,0,0,11,1,2,16
3,1,2,21,54,65,1,0,80,0,1,0,1,1,3,1,10,1,1,12
1,0,2,27,67,65,0,1,54,0,3,0,1,0,3,1,6,1,1,12
3,1,2,21,54,65,1,0,80,1,1,0,1,1,3,1,10,2,1,12
1,0,2,27,67,65,0,1,54,1,3,0,1,0,3,1,6,2,1,12
3,1,2,21,54,65,1,0,80,1,1,0,1,1,3,1,10,1,1,12
0,0,2,27,67,65,0,1,54,1,3,0,1,0,3,1,6,1,1,12
3,1,2,21,54,65,1,0,80,1,1,0,1,1,3,1,10,0,1,12
1,0,2,27,67,65,0,1,54,1,3,0,1,0,3,1,6,0,1,12
0,3,2,19,91,78,1,1,93,1,0,0,1,3,1,2,7,0,0,16
0,0,0,20,56,78,1,1,50,1,3,0,1,0,3,2,5,0,2,16
1,3,0,19,91,78,1,1,93,0,0,0,1,3,1,0,7,2,0,16
1,0,0,20,56,78,1,1,50,0,3,0,1,0,3,0,5,2,2,16
1,3,2,19,91,78,1,1,93,0,0,0,1,3,1,1,7,2,0,16
1,0,1,20,56,78,1,1,50,0,3,0,1,0,3,1,5,2,2,16
0,3,2,19,91,78,1,1,93,0,0,0,1,3,1,2,7,1,0,16
0,0,0,20,56,78,1,1,50,0,3,0,1,0,3,2,5,1,2,16
0,3,2,19,91,78,1,1,93,1,0,0,1,3,1,1,7,1,0,16
0,0,1,20,56,78,1,1,50,1,3,0,1,0,3,1,5,1,2,16
3,1,0,21,67,81,1,1,88,1,0,0,1,1,0,0,12,2,0,12
1,1,0,21,67,81,1,1,88,0,0,0,1,1,0,0,12,2,0,12
2,3,1,24,88,87,0,0,95,0,0,0,1,3,1,1,11,1,2,9
2,2,2,26,86,87,0,1,41,0,3,0,1,2,2,1,16,1,1,9
2,3,2,27,87,87,0,1,92,0,0,0,1,3,1,1,14,1,1,9
3,2,2,28,79,87,1,1,65,0,2,0,1,2,0,1,19,1,1,9
2,1,1,23,56,87,0,1,83,0,1,0,1,1,1,1,17,1,2,9
2,3,1,24,88,87,0,0,95,0,0,0,1,3,1,1,11,1,2,9
2,2,2,26,86,87,0,1,41,0,3,0,1,2,2,1,16,1,1,9
2,3,2,27,87,87,0,1,92,0,0,0,1,3,1,1,14,1,1,9
3,2,2,28,79,87,1,1,65,0,2,0,1,2,0,1,19,1,1,9
2,1,1,23,56,87,0,1,83,0,1,0,1,1,1,1,17,1,2,9
3,3,1,24,88,87,0,0,95,1,0,0,1,3,1,1,11,1,2,9
3,2,2,26,86,87,0,1,41,1,3,0,1,2,2,1,16,1,1,9
3,3,2,27,87,87,0,1,92,1,0,0,1,3,1,1,14,1,1,9
3,2,2,28,79,87,1,1,65,1,2,0,1,2,0,1,19,1,1,9
3,1,1,23,56,87,0,1,83,1,1,0,1,1,1,1,17,1,2,9
1,2,1,24,96,86,0,1,42,0,3,1,1,2,2,1,7,2,2,21
2,2,2,24,93,86,1,1,62,0,2,1,1,2,1,1,19,2,1,21
1,0,1,28,59,86,1,1,64,0,2,1,1,0,3,1,6,2,2,21
2,3,1,27,97,86,0,1,78,0,1,1,1,3,2,1,18,2,0,21
0,2,1,24,96,86,0,1,42,1,3,1,1,2,2,2,7,1,2,21
3,2,2,24,93,86,1,1,62,1,2,1,1,2,1,2,19,1,1,21
0,0,1,28,59,86,1,1,64,1,2,1,1,0,3,2,6,1,2,21
3,3,1,27,97,86,0,1,78,1,1,1,1,3,2,2,18,1,0,21
1,2,1,24,96,86,0,1,42,0,3,1,1,2,2,1,7,1,2,21
3,2,2,24,93,86,1,1,62,0,2,1,1,2,1,1,19,1,1,21
0,0,1,28,59,86,1,1,64,0,2,1,1,0,3,1,6,1,2,21
2,3,1,27,97,86,0,1,78,0,1,1,1,3,2,1,18,1,0,21
1,2,1,24,96,86,0,1,42,1,3,1,1,2,2,2,7,0,2,21
3,2,2,24,93,86,1,1,62,1,2,1,1,2,1,2,19,0,1,21
0,0,1,28,59,86,1,1,64,1,2,1,1,0,3,2,6,0,2,21
2,3,1,27,97,86,0,1,78,1,1,1,1,3,2,2,18,0,0,21
0,0,1,27,72,94,0,1,43,1,3,0,1,0,2,1,4,1,0,18
0,2,1,20,87,94,1,1,58,1,2,0,1,2,2,1,8,1,2,18
0,0,1,27,72,94,0,1,43,1,3,0,1,0,2,1,4,0,0,18
0,2,1,20,87,94,1,1,58,1,2,0,1,2,2,1,8,0,2,18
0,0,1,27,72,94,0,1,43,1,3,0,1,0,2,1,4,1,0,18
0,2,1,20,87,94,1,1,58,1,2,0,1,2,2,1,8,1,2,18
1,0,1,27,72,94,0,1,43,1,3,0,1,0,2,1,4,2,0,18
0,2,1,20,87,94,1,1,58,1,2,0,1,2,2,1,8,2,2,18
0,0,1,27,72,94,0,1,43,1,3,0,1,0,2,0,4,0,0,18
0,2,1,20,87,94,1,1,58,1,2,0,1,2,2,0,8,0,2,18
1,0,1,27,72,94,0,1,43,0,3,0,1,0,2,2,4,0,0,18
1,2,1,20,87,94,1,1,58,0,2,0,1,2,2,2,8,0,2,18
0,0,1,27,72,94,0,1,43,1,3,0,1,0,2,1,4,1,0,18
0,2,1,20,87,94,1,1,58,1,2,0,1,2,2,1,8,1,2,18
0,0,1,27,72,94,0,1,43,1,3,0,1,0,2,1,4,1,0,18
0,2,1,20,87,94,1,1,58,1,2,0,1,2,2,1,8,1,2,18
0,0,1,27,72,94,0,1,43,1,3,0,0,0,2,1,4,1,0,18
0,2,1,20,87,94,1,1,58,1,2,0,0,2,2,1,8,1,2,18
0,0,1,27,72,94,0,1,43,1,3,0,1,0,2,1,4,1,0,18
0,2,1,20,87,94,1,1,58,1,2,0,1,2,2,1,8,1,2,18
3,1,1,18,59,85,1,1,79,0,1,1,1,1,0,1,18,1,2,31
1,2,1,27,90,85,0,1,70,0,1,1,1,2,0,1,6,1,2,31
2,3,2,24,83,85,0,1,99,0,0,1,1,3,0,1,17,1,1,31
3,2,1,21,82,85,1,1,41,0,3,1,1,2,3,1,10,1,0,31
3,0,0,23,51,61,1,0,65,1,2,0,1,0,1,0,11,1,2,16
0,2,0,24,91,61,0,1,50,1,3,0,1,2,3,0,1,1,2,16
3,0,0,23,51,61,1,0,65,0,2,0,1,0,1,0,11,1,2,16
1,2,0,24,91,61,0,1,50,0,3,0,1,2,3,0,1,1,2,16
3,0,0,23,51,61,1,0,65,1,2,0,1,0,1,1,11,2,2,16
1,2,0,24,91,61,0,1,50,1,3,0,1,2,3,1,1,2,2,16
3,0,0,23,51,61,1,0,65,1,2,0,1,0,1,1,11,1,2,16
0,2,0,24,91,61,0,1,50,1,3,0,1,2,3,1,1,1,2,16
3,0,0,23,51,61,1,0,65,1,2,0,1,0,1,0,11,1,2,16
0,2,0,24,91,61,0,1,50,1,3,0,1,2,3,0,1,1,2,16
2,0,0,23,51,61,1,0,65,0,2,0,1,0,1,1,11,0,2,16
1,2,0,24,91,61,0,1,50,0,3,0,1,2,3,1,1,0,2,16
1,1,1,22,50,96,0,1,74,0,1,1,1,1,1,2,11,2,2,11
1,3,1,27,100,96,0,1,82,0,1,1,1,3,3,2,1,2,1,11
1,3,1,18,88,96,0,1,98,0,0,1,1,3,1,2,3,2,2,11
1,0,1,27,53,96,0,1,67,0,2,1,1,0,2,2,1,2,0,11
2,2,1,27,81,96,0,0,44,0,3,1,1,2,2,2,13,2,1,11
1,1,1,22,50,96,0,1,74,0,1,1,1,1,1,1,11,2,2,11
1,3,1,27,100,96,0,1,82,0,1,1,1,3,3,1,1,2,1,11
1,3,1,18,88,96,0,1,98,0,0,1,1,3,1,1,3,2,2,11
1,0,1,27,53,96,0,1,67,0,2,1,1,0,2,1,1,2,0,11
2,2,1,27,81,96,0,0,44,0,3,1,1,2,2,1,13,2,1,11
0,2,0,28,83,69,0,1,64,1,2,0,1,2,0,2,5,1,2,9
3,0,0,21,58,69,0,1,64,1,2,0,1,0,3,2,18,1,2,9
2,0,1,24,63,97,1,1,42,0,3,0,1,0,3,2,20,2,1,10
2,1,1,24,66,97,1,1,75,0,1,0,1,1,1,2,16,2,0,10
3,0,1,24,63,97,1,1,42,0,3,0,1,0,3,1,20,1,1,10
3,1,1,24,66,97,1,1,75,0,1,0,1,1,1,1,16,1,0,10
2,2,2,20,78,72,1,1,50,0,3,1,1,2,2,1,13,0,0,30
3,2,2,20,78,72,1,1,50,0,3,1,1,2,2,1,13,1,0,30
0,1,1,18,58,92,1,1,91,0,0,1,1,1,2,2,3,1,2,7
0,2,0,18,75,65,1,0,60,1,2,0,1,2,2,0,5,2,2,19
0,2,0,18,75,65,1,0,60,1,2,0,1,2,2,1,5,2,2,19
0,2,0,18,75,65,1,0,60,1,2,0,0,2,2,1,5,2,2,19
0,2,0,18,75,65,1,0,60,0,2,0,1,2,2,0,5,1,2,19
0,2,0,18,75,65,1,0,60,1,2,0,1,2,2,2,5,0,2,19
1,2,0,18,75,65,1,0,60,0,2,0,1,2,2,0,5,2,2,19
0,2,0,18,75,65,1,0,60,1,2,0,1,2,2,1,5,2,2,19
1,2,0,18,75,65,1,0,60,0,2,0,1,2,2,1,5,2,2,19
0,3,1,24,77,87,1,1,87,0,0,1,1,3,2,2,9,1,0,24
1,2,1,27,98,87,0,0,47,0,3,1,1,2,1,2,10,1,2,24
3,0,1,25,74,87,1,1,40,0,3,1,1,0,1,2,16,1,2,24
0,0,1,20,73,99,1,1,40,0,3,1,1,0,1,2,3,1,2,26
3,1,1,25,50,99,1,1,95,0,0,1,1,1,0,2,15,1,2,26
0,0,1,20,73,99,1,1,40,1,3,1,1,0,1,1,3,1,2,26
3,1,1,25,50,99,1,1,95,1,0,1,1,1,0,1,15,1,2,26
0,0,1,20,73,99,1,1,40,1,3,1,1,0,1,1,3,2,2,26
3,1,1,25,50,99,1,1,95,1,0,1,1,1,0,1,15,2,2,26
1,0,1,28,72,92,0,1,61,0,2,0,1,0,3,1,2,1,1,21
3,1,1,25,73,92,1,1,72,0,1,0,1,1,1,1,12,1,1,21
2,2,1,28,89,92,0,1,68,0,2,0,1,2,2,1,11,1,2,21
2,2,1,20,79,92,0,1,48,0,3,0,1,2,3,1,12,1,1,21
1,0,1,28,72,92,0,1,61,1,2,0,1,0,3,1,2,2,1,21
3,1,1,25,73,92,1,1,72,1,1,0,1,1,1,1,12,2,1,21
1,2,1,28,89,92,0,1,68,1,2,0,1,2,2,1,11,2,2,21
1,2,1,20,79,92,0,1,48,1,3,0,1,2,3,1,12,2,1,21
1,0,1,28,72,92,0,1,61,0,2,0,1,0,3,1,2,0,1,21
2,1,1,25,73,92,1,1,72,0,1,0,1,1,1,1,12,0,1,21
2,2,1,28,89,92,0,1,68,0,2,0,1,2,2,1,11,0,2,21
2,2,1,20,79,92,0,1,48,0,3,0,1,2,3,1,12,0,1,21
0,0,0,29,75,68,1,1,54,1,3,1,1,0,1,1,0,1,2,20
0,0,0,29,75,68,1,1,54,1,3,1,1,0,1,2,0,2,2,20
0,0,0,29,75,68,1,1,54,0,3,1,1,0,1,0,0,0,2,20
0,0,0,29,75,68,1,1,54,0,3,1,1,0,1,1,0,0,2,20
3,3,2,21,85,73,1,1,89,1,0,1,0,3,1,1,15,0,1,9
0,2,2,18,90,73,1,1,64,1,2,1,0,2,1,1,5,0,2,9
0,0,2,25,65,73,0,0,56,1,2,1,0,0,3,1,5,0,0,9
3,3,2,21,85,73,1,1,89,1,0,1,1,3,1,0,15,1,1,9
0,2,0,18,90,73,1,1,64,1,2,1,1,2,1,0,5,1,2,9
0,0,0,25,65,73,0,0,56,1,2,1,1,0,3,0,5,1,0,9
3,0,1,28,50,91,0,1,52,1,3,0,0,0,3,1,11,1,0,28
0,1,1,19,73,91,0,1,94,1,0,0,0,1,0,1,7,1,1,28
1,1,0,27,72,73,0,0,76,0,1,0,1,1,2,2,8,1,2,15
3,2,0,20,80,73,1,1,61,0,2,0,1,2,2,2,17,1,2,15
1,1,2,27,72,73,0,0,76,0,1,0,1,1,2,1,8,2,2,15
2,2,2,20,80,73,1,1,61,0,2,0,1,2,2,1,17,2,2,15
1,1,2,27,72,73,0,0,76,0,1,0,1,1,2,1,8,1,2,15
3,2,2,20,80,73,1,1,61,0,2,0,1,2,2,1,17,1,2,15
0,1,0,27,72,73,0,0,76,1,1,0,1,1,2,2,8,1,2,15
3,2,0,20,80,73,1,1,61,1,2,0,1,2,2,2,17,1,2,15
0,0,2,21,69,79,1,1,61,1,2,1,1,0,3,2,5,0,1,13
1,0,2,21,69,79,1,1,61,0,2,1,1,0,3,1,5,2,1,13
1,0,2,21,69,79,1,1,61,0,2,1,1,0,3,1,5,2,1,13
0,0,2,21,69,79,1,1,61,0,2,1,0,0,3,1,5,1,1,13
3,3,0,28,80,73,1,1,77,1,1,0,1,3,1,0,19,1,2,26
3,2,2,24,99,73,1,0,50,1,3,0,1,2,0,0,15,1,1,26
3,3,0,28,80,73,1,1,77,0,1,0,1,3,1,2,19,1,2,26
3,2,2,24,99,73,1,0,50,0,3,0,1,2,0,2,15,1,1,26
1,3,2,21,83,66,0,1,81,0,1,0,1,3,2,1,7,2,0,28
1,2,2,21,100,66,0,1,68,0,2,0,1,2,3,1,7,2,0,28
1,3,2,21,83,66,0,1,81,1,1,0,1,3,2,1,7,0,0,28
1,2,2,21,100,66,0,1,68,1,2,0,1,2,3,1,7,0,0,28
1,0,2,22,75,62,0,1,56,0,2,1,1,0,2,1,5,1,0,25
0,1,0,24,51,62,1,1,77,0,1,1,1,1,0,1,5,1,2,25
3,2,2,18,89,62,1,1,63,0,2,1,1,2,3,1,11,1,0,25
0,0,0,22,75,62,0,1,56,1,2,1,1,0,2,0,5,1,0,25
0,1,0,24,51,62,1,1,77,1,1,1,1,1,0,0,5,1,2,25
3,2,0,18,89,62,1,1,63,1,2,1,1,2,3,0,11,1,0,25
3,1,1,24,62,95,0,0,78,1,1,0,1,1,3,1,14,1,2,13
0,1,1,27,59,95,1,1,83,1,1,0,1,1,2,1,7,1,2,13
0,3,1,28,78,95,0,0,97,1,0,0,1,3,3,1,9,1,0,13
2,1,1,24,62,95,0,0,78,1,1,0,1,1,3,1,14,2,2,13
0,1,1,27,59,95,1,1,83,1,1,0,1,1,2,1,7,2,2,13
1,3,1,28,78,95,0,0,97,1,0,0,1,3,3,1,9,2,0,13
2,1,1,24,62,95,0,0,78,1,1,0,1,1,3,0,14,2,2,13
0,1,1,27,59,95,1,1,83,1,1,0,1,1,2,0,7,2,2,13
1,3,1,28,78,95,0,0,97,1,0,0,1,3,3,0,9,2,0,13
1,3,1,20,80,87,1,1,91,0,0,1,1,3,0,0,3,2,0,19
1,1,2,18,67,87,1,0,98,0,0,1,1,1,1,0,2,2,1,19
1,3,1,20,80,87,1,1,91,0,0,1,1,3,0,2,3,2,0,19
1,1,2,18,67,87,1,0,98,0,0,1,1,1,1,2,2,2,1,19
0,3,1,20,80,87,1,1,91,1,0,1,1,3,0,1,3,2,0,19
0,1,2,18,67,87,1,0,98,1,0,1,1,1,1,1,2,2,1,19
0,3,1,20,80,87,1,1,91,0,0,1,1,3,0,2,3,1,0,19
0,1,2,18,67,87,1,0,98,0,0,1,1,1,1,2,2,1,1,19
0,2,2,19,91,87,1,0,69,1,2,0,1,2,3,2,8,0,1,18
0,2,2,19,91,87,1,0,69,1,2,0,1,2,3,0,8,1,1,18
3,3,1,18,89,98,0,0,98,1,0,0,1,3,3,1,12,1,0,25
1,3,1,18,89,98,0,0,98,1,0,0,1,3,3,1,12,2,0,25
2,3,1,18,89,98,0,0,98,1,0,0,1,3,3,1,12,0,0,25
0,0,1,24,60,93,1,1,50,1,3,0,1,0,0,1,0,2,2,28
1,0,1,26,58,93,0,1,62,1,2,0,1,0,1,1,0,2,1,28
0,0,0,26,74,79,1,1,45,1,3,0,1,0,1,0,3,1,2,17
0,3,0,20,93,79,0,0,81,1,1,0,1,3,0,0,6,1,0,17
3,0,0,29,71,79,0,1,43,1,3,0,1,0,3,0,17,1,2,17
0,2,2,25,83,79,1,0,41,1,3,0,1,2,0,0,0,1,1,17
0,0,0,26,74,79,1,1,45,0,3,0,1,0,1,0,3,1,2,17
1,3,0,20,93,79,0,0,81,0,1,0,1,3,0,0,6,1,0,17
2,0,0,29,71,79,0,1,43,0,3,0,1,0,3,0,17,1,2,17
0,2,2,25,83,79,1,0,41,0,3,0,1,2,0,0,0,1,1,17
1,0,1,26,74,79,1,1,45,0,3,0,1,0,1,1,3,2,2,17
1,3,2,20,93,79,0,0,81,0,1,0,1,3,0,1,6,2,0,17
2,0,1,29,71,79,0,1,43,0,3,0,1,0,3,1,17,2,2,17
1,2,2,25,83,79,1,0,41,0,3,0,1,2,0,1,0,2,1,17
1,0,0,26,74,79,1,1,45,0,3,0,1,0,1,0,3,2,2,17
1,3,0,20,93,79,0,0,81,0,1,0,1,3,0,0,6,2,0,17
2,0,0,29,71,79,0,1,43,0,3,0,1,0,3,0,17,2,2,17
1,2,2,25,83,79,1,0,41,0,3,0,1,2,0,0,0,2,1,17
0,0,0,26,74,79,1,1,45,1,3,0,1,0,1,0,3,0,2,17
1,3,0,20,93,79,0,0,81,1,1,0,1,3,0,0,6,0,0,17
2,0,0,29,71,79,0,1,43,1,3,0,1,0,3,0,17,0,2,17
0,2,2,25,83,79,1,0,41,1,3,0,1,2,0,0,0,0,1,17
0,0,1,26,74,79,1,1,45,1,3,0,1,0,1,1,3,2,2,17
1,3,2,20,93,79,0,0,81,1,1,0,1,3,0,1,6,2,0,17
2,0,1,29,71,79,0,1,43,1,3,0,1,0,3,1,17,2,2,17
0,2,2,25,83,79,1,0,41,1,3,0,1,2,0,1,0,2,1,17
1,1,0,21,56,72,1,1,79,0,1,0,1,1,1,1,6,0,2,10
0,2,0,29,97,72,1,1,58,0,2,0,1,2,0,1,0,0,2,10
0,3,2,18,85,72,1,1,87,0,0,0,1,3,3,1,2,0,0,10
2,2,0,21,80,72,1,0,41,0,3,0,1,2,0,1,9,0,2,10
2,3,2,21,96,72,0,1,85,0,0,0,1,3,1,1,11,0,0,10
2,1,1,23,68,77,0,1,80,1,1,1,1,1,1,1,18,0,2,30
0,2,2,21,90,77,1,1,68,1,2,1,1,2,3,1,9,0,0,30
1,3,1,23,79,77,0,1,89,1,0,1,1,3,3,1,8,0,2,30
2,1,1,23,68,77,0,1,80,1,1,1,1,1,1,1,18,0,2,30
0,2,2,21,90,77,1,1,68,1,2,1,1,2,3,1,9,0,0,30
1,3,1,23,79,77,0,1,89,1,0,1,1,3,3,1,8,0,2,30
2,1,1,23,68,77,0,1,80,1,1,1,1,1,1,1,18,0,2,30
0,2,2,21,90,77,1,1,68,1,2,1,1,2,3,1,9,0,0,30
1,3,1,23,79,77,0,1,89,1,0,1,1,3,3,1,8,0,2,30
0,0,0,23,69,64,1,1,67,1,2,1,1,0,3,2,2,1,2,16
0,1,2,25,72,64,1,0,91,1,0,1,1,1,0,2,9,1,1,16
3,3,0,29,98,64,0,1,84,1,1,1,1,3,1,2,17,1,2,16
3,0,2,29,56,64,1,1,62,1,2,1,1,0,2,2,18,1,1,16
0,1,0,24,51,64,1,1,82,1,1,1,1,1,0,2,8,1,0,16
3,0,0,29,61,64,0,1,56,1,2,1,1,0,0,2,13,1,2,16
0,0,0,23,69,64,1,1,67,0,2,1,1,0,3,1,2,0,2,16
2,1,2,25,72,64,1,0,91,0,0,1,1,1,0,1,9,0,1,16
2,3,0,29,98,64,0,1,84,0,1,1,1,3,1,1,17,0,2,16
2,0,2,29,56,64,1,1,62,0,2,1,1,0,2,1,18,0,1,16
1,1,2,24,51,64,1,1,82,0,1,1,1,1,0,1,8,0,0,16
2,0,0,29,61,64,0,1,56,0,2,1,1,0,0,1,13,0,2,16
0,0,0,23,69,64,1,1,67,0,2,1,1,0,3,1,2,1,2,16
0,1,2,25,72,64,1,0,91,0,0,1,1,1,0,1,9,1,1,16
2,3,0,29,98,64,0,1,84,0,1,1,1,3,1,1,17,1,2,16
3,0,2,29,56,64,1,1,62,0,2,1,1,0,2,1,18,1,1,16
0,1,2,24,51,64,1,1,82,0,1,1,1,1,0,1,8,1,0,16
2,0,0,29,61,64,0,1,56,0,2,1,1,0,0,1,13,1,2,16
0,0,0,23,69,64,1,1,67,1,2,1,1,0,3,1,2,2,2,16
0,1,2,25,72,64,1,0,91,1,0,1,1,1,0,1,9,2,1,16
2,3,0,29,98,64,0,1,84,1,1,1,1,3,1,1,17,2,2,16
3,0,2,29,56,64,1,1,62,1,2,1,1,0,2,1,18,2,1,16
0,1,2,24,51,64,1,1,82,1,1,1,1,1,0,1,8,2,0,16
2,0,0,29,61,64,0,1,56,1,2,1,1,0,0,1,13,2,2,16
0,0,1,28,67,97,1,1,44,1,3,0,1,0,1,0,3,2,2,20
1,1,1,19,54,97,0,1,73,1,1,0,1,1,0,0,9,2,1,20
0,0,1,28,67,97,1,1,44,1,3,0,1,0,1,1,3,2,2,20
1,1,1,19,54,97,0,1,73,1,1,0,1,1,0,1,9,2,1,20
0,0,1,28,67,97,1,1,44,1,3,0,1,0,1,0,3,0,2,20
2,1,1,19,54,97,0,1,73,1,1,0,1,1,0,0,9,0,1,20
1,0,1,28,67,97,1,1,44,0,3,0,1,0,1,0,3,2,2,20
1,1,1,19,54,97,0,1,73,0,1,0,1,1,0,0,9,2,1,20
0,0,1,28,67,97,1,1,44,1,3,0,1,0,1,0,3,1,2,20
0,1,1,19,54,97,0,1,73,1,1,0,1,1,0,0,9,1,1,20
0,0,1,28,67,97,1,1,44,1,3,0,1,0,1,2,3,1,2,20
0,1,1,19,54,97,0,1,73,1,1,0,1,1,0,2,9,1,1,20
3,0,1,22,50,85,1,1,44,1,3,0,1,0,0,2,13,1,2,15
0,2,1,21,91,85,1,1,50,1,3,0,1,2,0,2,7,1,2,15
0,3,1,24,95,85,1,0,87,1,0,0,1,3,3,2,9,1,2,15
2,3,2,22,91,76,0,0,90,0,0,1,0,3,2,0,14,1,1,23
3,3,2,22,91,76,0,0,90,1,0,1,1,3,2,1,14,1,1,23
3,3,2,22,91,76,0,0,90,1,0,1,1,3,2,1,14,1,1,23
3,3,2,22,91,76,0,0,90,1,0,1,1,3,2,0,14,2,1,23
3,3,2,22,91,76,0,0,90,1,0,1,1,3,2,1,14,2,1,23
2,3,2,22,91,76,0,0,90,0,0,1,1,3,2,1,14,2,1,23
2,3,2,22,91,76,0,0,90,0,0,1,1,3,2,2,14,1,1,23
3,3,2,22,91,76,0,0,90,1,0,1,1,3,2,0,14,2,1,23
2,3,2,22,91,76,0,0,90,0,0,1,1,3,2,1,14,1,1,23
2,1,1,26,52,93,0,0,89,0,0,0,1,1,3,1,20,2,0,19
2,1,1,21,57,93,1,1,98,0,0,0,1,1,3,1,18,2,1,19
1,0,1,19,67,93,1,1,46,0,3,0,1,0,1,1,7,2,2,19
3,1,1,26,52,93,0,0,89,1,0,0,1,1,3,1,20,1,0,19
3,1,1,21,57,93,1,1,98,1,0,0,1,1,3,1,18,1,1,19
0,0,1,19,67,93,1,1,46,1,3,0,1,0,1,1,7,1,2,19
2,1,1,26,52,93,0,0,89,1,0,0,1,1,3,0,20,2,0,19
3,1,1,21,57,93,1,1,98,1,0,0,1,1,3,0,18,2,1,19
0,0,1,19,67,93,1,1,46,1,3,0,1,0,1,0,7,2,2,19
2,1,1,26,52,93,0,0,89,1,0,0,1,1,3,1,20,0,0,19
3,1,1,21,57,93,1,1,98,1,0,0,1,1,3,1,18,0,1,19
0,0,1,19,67,93,1,1,46,1,3,0,1,0,1,1,7,0,2,19
3,1,1,26,52,93,0,0,89,1,0,0,1,1,3,1,20,1,0,19
3,1,1,21,57,93,1,1,98,1,0,0,1,1,3,1,18,1,1,19
0,0,1,19,67,93,1,1,46,1,3,0,1,0,1,1,7,1,2,19
2,1,1,26,52,93,0,0,89,0,0,0,1,1,3,0,20,2,0,19
2,1,1,21,57,93,1,1,98,0,0,0,1,1,3,0,18,2,1,19
1,0,1,19,67,93,1,1,46,0,3,0,1,0,1,0,7,2,2,19
3,1,0,21,73,64,1,1,81,0,1,0,1,1,3,0,18,1,1,30
3,1,0,21,73,64,1,1,81,0,1,0,1,1,3,0,18,1,1,30
3,1,2,21,73,64,1,1,81,0,1,0,1,1,3,1,18,1,1,30
3,2,2,25,83,60,1,0,68,1,2,0,1,2,0,1,14,1,1,18
0,0,2,28,56,60,1,0,54,1,3,0,1,0,2,1,8,1,0,18
0,0,2,18,58,60,0,1,46,1,3,0,1,0,0,1,5,1,0,18
3,3,2,19,81,60,0,1,100,1,0,0,1,3,2,1,15,1,1,18
3,1,1,23,63,99,1,0,74,0,1,1,1,1,0,1,17,1,2,23
3,1,1,18,55,99,1,1,93,0,0,1,1,1,3,1,10,1,0,23
3,1,1,23,63,99,1,0,74,1,1,1,1,1,0,0,17,1,2,23
3,1,1,18,55,99,1,1,93,1,0,1,1,1,3,0,10,1,0,23
3,1,1,23,63,99,1,0,74,1,1,1,1,1,0,2,17,0,2,23
3,1,1,18,55,99,1,1,93,1,0,1,1,1,3,2,10,0,0,23
3,1,1,23,63,99,1,0,74,1,1,1,1,1,0,1,17,1,2,23
3,1,1,18,55,99,1,1,93,1,0,1,1,1,3,1,10,1,0,23
3,1,1,23,63,99,1,0,74,0,1,1,0,1,0,1,17,2,2,23
1,1,1,18,55,99,1,1,93,0,0,1,0,1,3,1,10,2,0,23
2,1,1,23,63,99,1,0,74,0,1,1,1,1,0,1,17,0,2,23
2,1,1,18,55,99,1,1,93,0,0,1,1,1,3,1,10,0,0,23
3,0,1,21,74,95,1,1,41,0,3,1,1,0,3,2,19,1,0,11
3,0,1,29,68,95,1,1,58,0,2,1,1,0,1,2,16,1,2,11
3,0,1,21,74,95,1,1,41,1,3,1,1,0,3,2,19,1,0,11
3,0,1,29,68,95,1,1,58,1,2,1,1,0,1,2,16,1,2,11
3,0,1,21,74,95,1,1,41,1,3,1,1,0,3,0,19,1,0,11
3,0,1,29,68,95,1,1,58,1,2,1,1,0,1,0,16,1,2,11
3,2,0,27,97,74,1,1,61,1,2,0,1,2,3,2,11,0,2,13
3,2,0,27,97,74,1,1,61,1,2,0,1,2,3,0,11,2,2,13
3,3,1,26,93,96,0,1,85,1,0,1,0,3,2,1,20,2,1,30
1,3,1,23,100,96,0,1,75,1,1,1,0,3,1,1,3,2,2,30
3,2,1,29,97,96,1,1,54,1,3,1,0,2,2,1,17,2,0,30
1,0,1,29,75,96,0,0,44,1,3,1,0,0,2,1,7,2,1,30
3,3,1,26,96,96,1,0,84,1,1,1,0,3,2,1,18,2,2,30
3,0,1,19,67,96,1,0,60,1,2,1,0,0,3,1,16,2,2,30
2,3,1,26,93,96,0,1,85,1,0,1,0,3,2,2,20,0,1,30
0,3,1,23,100,96,0,1,75,1,1,1,0,3,1,2,3,0,2,30
3,2,1,29,97,96,1,1,54,1,3,1,0,2,2,2,17,0,0,30
1,0,1,29,75,96,0,0,44,1,3,1,0,0,2,2,7,0,1,30
3,3,1,26,96,96,1,0,84,1,1,1,0,3,2,2,18,0,2,30
3,0,1,19,67,96,1,0,60,1,2,1,0,0,3,2,16,0,2,30
0,0,1,23,54,93,1,1,63,1,2,0,1,0,2,0,4,2,2,33
3,3,1,29,90,93,0,1,99,1,0,0,1,3,0,0,16,2,2,33
0,0,1,27,70,93,1,1,44,1,3,0,1,0,3,0,5,2,1,33
1,0,1,20,52,93,0,1,67,1,2,0,1,0,2,0,1,2,2,33
0,0,1,23,54,93,1,1,63,1,2,0,1,0,2,2,4,1,2,33
3,3,1,29,90,93,0,1,99,1,0,0,1,3,0,2,16,1,2,33
0,0,1,27,70,93,1,1,44,1,3,0,1,0,3,2,5,1,1,33
0,0,1,20,52,93,0,1,67,1,2,0,1,0,2,2,1,1,2,33
0,0,1,23,54,93,1,1,63,0,2,0,1,0,2,1,4,1,2,33
2,3,1,29,90,93,0,1,99,0,0,0,1,3,0,1,16,1,2,33
0,0,1,27,70,93,1,1,44,0,3,0,1,0,3,1,5,1,1,33
1,0,1,20,52,93,0,1,67,0,2,0,1,0,2,1,1,1,2,33
3,1,1,26,56,89,0,1,97,1,0,0,1,1,2,2,14,1,2,17
2,1,1,26,56,89,0,1,97,1,0,0,0,1,2,1,14,0,2,17
2,1,1,26,56,89,0,1,97,0,0,0,1,1,2,1,14,1,2,17
3,1,1,26,56,89,0,1,97,1,0,0,1,1,2,2,14,1,2,17
3,1,1,26,56,89,0,1,97,1,0,0,1,1,2,1,14,1,2,17
3,0,0,18,62,69,1,1,64,1,2,1,1,0,2,1,16,1,2,16
3,2,0,20,80,69,1,1,56,1,2,1,1,2,0,1,12,1,2,16
3,0,0,18,62,69,1,1,64,1,2,1,1,0,2,1,16,2,2,16
3,2,0,20,80,69,1,1,56,1,2,1,1,2,0,1,12,2,2,16
3,0,0,18,62,69,1,1,64,1,2,1,1,0,2,1,16,1,2,16
3,2,0,20,80,69,1,1,56,1,2,1,1,2,0,1,12,1,2,16
3,0,0,18,62,69,1,1,64,0,2,1,1,0,2,0,16,1,2,16
3,2,0,20,80,69,1,1,56,0,2,1,1,2,0,0,12,1,2,16
1,0,1,23,71,99,0,1,66,1,2,1,1,0,1,2,2,2,0,8
2,0,1,18,53,99,0,1,54,1,3,1,1,0,2,2,13,2,2,8
1,0,1,22,59,99,0,1,52,1,3,1,1,0,0,2,6,2,2,8
2,2,1,27,82,99,0,1,44,1,3,1,1,2,3,2,13,2,2,8
2,3,2,28,97,62,0,1,94,0,0,0,1,3,2,1,13,2,1,21
2,3,0,28,97,62,0,1,94,0,0,0,1,3,2,0,13,1,1,21
2,3,2,28,97,62,0,1,94,1,0,0,1,3,2,1,13,0,1,21
2,3,0,28,97,62,0,1,94,1,0,0,1,3,2,0,13,0,1,21
2,3,2,28,97,62,0,1,94,0,0,0,1,3,2,1,13,0,1,21
3,3,2,28,97,62,0,1,94,1,0,0,1,3,2,1,13,1,1,21
3,3,0,28,97,62,0,1,94,1,0,0,0,3,2,0,13,2,1,21
2,3,2,28,97,62,0,1,94,0,0,0,1,3,2,1,13,1,1,21
2,2,1,29,90,88,1,1,46,0,3,0,1,2,3,2,18,0,2,27
2,3,1,21,86,88,1,1,88,0,0,0,1,3,0,2,20,0,2,27
3,2,1,29,90,88,1,1,46,1,3,0,1,2,3,1,18,1,2,27
3,3,1,21,86,88,1,1,88,1,0,0,1,3,0,1,20,1,2,27
3,2,1,29,90,88,1,1,46,1,3,0,1,2,3,1,18,2,2,27
3,3,1,21,86,88,1,1,88,1,0,0,1,3,0,1,20,2,2,27
3,2,1,29,90,88,1,1,46,0,3,0,1,2,3,1,18,2,2,27
3,3,1,21,86,88,1,1,88,0,0,0,1,3,0,1,20,2,2,27
0,3,1,22,79,82,1,1,87,0,0,1,1,3,3,2,8,1,2,13
1,3,0,22,79,82,1,1,87,0,0,1,1,3,3,0,8,2,2,13
1,3,0,22,79,82,1,1,87,0,0,1,1,3,3,0,8,2,2,13
1,3,0,18,89,70,0,1,81,1,1,1,1,3,2,2,0,2,2,23
0,0,0,22,55,70,1,1,52,1,3,1,1,0,3,2,6,2,0,23
0,0,0,26,54,70,1,0,40,1,3,1,1,0,3,2,3,2,2,23
0,3,0,18,89,70,0,1,81,1,1,1,1,3,2,1,0,1,2,23
0,0,2,22,55,70,1,1,52,1,3,1,1,0,3,1,6,1,0,23
0,0,0,26,54,70,1,0,40,1,3,1,1,0,3,1,3,1,2,23
1,0,0,28,74,61,0,1,43,0,3,0,1,0,1,1,10,1,2,19
3,0,2,21,71,61,1,1,42,0,3,0,1,0,2,1,17,1,1,19
2,0,0,28,74,61,0,1,43,0,3,0,1,0,1,1,10,0,2,19
2,0,2,21,71,61,1,1,42,0,3,0,1,0,2,1,17,0,1,19
1,0,0,28,74,61,0,1,43,1,3,0,1,0,1,2,10,2,2,19
3,0,2,21,71,61,1,1,42,1,3,0,1,0,2,2,17,2,1,19
2,0,0,28,74,61,0,1,43,1,3,0,0,0,1,0,10,0,2,19
3,0,0,21,71,61,1,1,42,1,3,0,0,0,2,0,17,0,1,19
3,0,0,28,74,61,0,1,43,1,3,0,0,0,1,0,10,1,2,19
3,0,0,21,71,61,1,1,42,1,3,0,0,0,2,0,17,1,1,19
1,0,0,28,74,61,0,1,43,0,3,0,1,0,1,0,10,1,2,19
3,0,0,21,71,61,1,1,42,0,3,0,1,0,2,0,17,1,1,19
0,1,0,26,67,68,1,1,88,1,0,1,1,1,1,2,6,1,0,36
0,2,0,21,77,68,0,0,61,1,2,1,1,2,1,2,0,1,0,36
0,0,0,21,67,68,1,1,61,1,2,1,1,0,2,2,6,1,2,36
0,2,2,21,100,68,1,1,63,1,2,1,1,2,1,2,5,1,1,36
1,1,0,19,58,70,0,1,92,0,0,1,1,1,2,2,4,2,2,11
2,2,0,18,84,70,1,1,64,0,2,1,1,2,3,2,14,2,2,11
1,1,2,18,52,70,0,0,93,0,0,1,1,1,0,2,6,2,1,11
3,0,1,20,50,88,1,1,45,1,3,1,1,0,3,0,17,1,2,22
0,3,1,18,100,88,0,1,92,1,0,1,1,3,3,0,5,1,2,22
0,0,1,27,75,88,1,0,46,1,3,1,1,0,0,0,8,1,0,22
0,0,2,21,70,88,0,1,50,1,3,1,1,0,2,0,1,1,1,22
3,0,1,20,50,88,1,1,45,0,3,1,0,0,3,1,17,1,2,22
1,3,1,18,100,88,0,1,92,0,0,1,0,3,3,1,5,1,2,22
0,0,1,27,75,88,1,0,46,0,3,1,0,0,0,1,8,1,0,22
1,0,2,21,70,88,0,1,50,0,3,1,0,0,2,1,1,1,1,22
3,0,1,20,50,88,1,1,45,1,3,1,1,0,3,1,17,1,2,22
0,3,1,18,100,88,0,1,92,1,0,1,1,3,3,1,5,1,2,22
0,0,1,27,75,88,1,0,46,1,3,1,1,0,0,1,8,1,0,22
0,0,2,21,70,88,0,1,50,1,3,1,1,0,2,1,1,1,1,22
3,0,1,20,50,88,1,1,45,1,3,1,1,0,3,1,17,2,2,22
1,3,1,18,100,88,0,1,92,1,0,1,1,3,3,1,5,2,2,22
0,0,1,27,75,88,1,0,46,1,3,1,1,0,0,1,8,2,0,22
1,0,2,21,70,88,0,1,50,1,3,1,1,0,2,1,1,2,1,22
3,0,1,20,50,88,1,1,45,1,3,1,1,0,3,0,17,1,2,22
0,3,1,18,100,88,0,1,92,1,0,1,1,3,3,0,5,1,2,22
0,0,1,27,75,88,1,0,46,1,3,1,1,0,0,0,8,1,0,22
0,0,2,21,70,88,0,1,50,1,3,1,1,0,2,0,1,1,1,22
3,0,1,20,50,88,1,1,45,1,3,1,1,0,3,0,17,1,2,22
0,3,1,18,100,88,0,1,92,1,0,1,1,3,3,0,5,1,2,22
0,0,1,27,75,88,1,0,46,1,3,1,1,0,0,0,8,1,0,22
0,0,2,21,70,88,0,1,50,1,3,1,1,0,2,0,1,1,1,22
3,0,1,20,50,88,1,1,45,0,3,1,1,0,3,0,17,1,2,22
1,3,1,18,100,88,0,1,92,0,0,1,1,3,3,0,5,1,2,22
0,0,1,27,75,88,1,0,46,0,3,1,1,0,0,0,8,1,0,22
1,0,2,21,70,88,0,1,50,0,3,1,1,0,2,0,1,1,1,22
3,0,1,20,50,88,1,1,45,1,3,1,1,0,3,0,17,0,2,22
1,3,1,18,100,88,0,1,92,1,0,1,1,3,3,0,5,0,2,22
0,0,1,27,75,88,1,0,46,1,3,1,1,0,0,0,8,0,0,22
0,0,2,21,70,88,0,1,50,1,3,1,1,0,2,0,1,0,1,22
2,3,1,22,92,83,0,0,99,0,0,0,1,3,3,1,18,0,2,18
2,0,1,28,55,83,1,1,43,0,3,0,1,0,1,1,14,0,2,18
0,0,1,19,73,83,1,0,48,0,3,0,1,0,3,1,4,0,2,18
2,3,0,22,92,83,0,0,99,1,0,0,0,3,3,0,18,2,2,18
3,0,0,28,55,83,1,1,43,1,3,0,0,0,1,0,14,2,2,18
0,0,0,19,73,83,1,0,48,1,3,0,0,0,3,0,4,2,2,18
2,3,1,22,92,83,0,0,99,0,0,0,1,3,3,1,18,1,2,18
3,0,1,28,55,83,1,1,43,0,3,0,1,0,1,1,14,1,2,18
0,0,1,19,73,83,1,0,48,0,3,0,1,0,3,1,4,1,2,18
2,3,0,22,92,83,0,0,99,0,0,0,1,3,3,0,18,2,2,18
2,0,0,28,55,83,1,1,43,0,3,0,1,0,1,0,14,2,2,18
1,0,0,19,73,83,1,0,48,0,3,0,1,0,3,0,4,2,2,18
2,2,1,27,91,77,0,1,59,0,2,1,1,2,0,1,10,0,2,20
1,0,2,24,75,77,0,1,55,0,2,1,1,0,2,1,4,0,1,20
2,3,1,24,84,77,0,1,100,0,0,1,1,3,1,1,9,0,2,20
1,2,1,27,91,77,0,1,59,0,2,1,1,2,0,1,10,1,2,20
1,0,2,24,75,77,0,1,55,0,2,1,1,0,2,1,4,1,1,20
1,3,1,24,84,77,0,1,100,0,0,1,1,3,1,1,9,1,2,20
1,2,0,27,91,77,0,1,59,1,2,1,1,2,0,2,10,2,2,20
1,0,2,24,75,77,0,1,55,1,2,1,1,0,2,2,4,2,1,20
1,3,0,24,84,77,0,1,100,1,0,1,1,3,1,2,9,2,2,20
2,2,0,27,91,77,0,1,59,1,2,1,1,2,0,2,10,0,2,20
0,0,2,24,75,77,0,1,55,1,2,1,1,0,2,2,4,0,1,20
2,3,0,24,84,77,0,1,100,1,0,1,1,3,1,2,9,0,2,20
1,2,1,27,91,77,0,1,59,0,2,1,1,2,0,1,10,2,2,20
1,0,2,24,75,77,0,1,55,0,2,1,1,0,2,1,4,2,1,20
1,3,1,24,84,77,0,1,100,0,0,1,1,3,1,1,9,2,2,20
0,0,1,20,54,94,0,1,44,1,3,0,1,0,2,1,8,1,0,20
0,0,1,20,54,94,0,1,44,1,3,0,1,0,2,0,8,1,0,20
1,0,1,20,54,94,0,1,44,1,3,0,1,0,2,0,8,2,0,20
0,0,1,20,54,94,0,1,44,1,3,0,1,0,2,2,8,1,0,20
1,0,1,20,54,94,0,1,44,0,3,0,1,0,2,1,8,1,0,20
1,0,1,20,54,94,0,1,44,0,3,0,1,0,2,0,8,1,0,20
1,0,1,20,54,94,0,1,44,0,3,0,1,0,2,2,8,1,0,20
1,0,1,20,54,94,0,1,44,1,3,0,1,0,2,2,8,2,0,20
1,0,1,20,54,94,0,1,44,1,3,0,1,0,2,0,8,2,0,20
0,0,1,20,54,94,0,1,44,1,3,0,1,0,2,0,8,1,0,20
2,0,0,27,55,65,0,1,56,1,2,0,1,0,2,1,17,2,2,9
0,1,2,24,60,65,1,1,81,1,1,0,1,1,2,1,5,2,1,9
0,0,0,19,56,65,1,0,61,1,2,0,1,0,0,1,9,2,2,9
1,2,0,19,91,65,0,1,57,1,2,0,1,2,3,1,12,2,2,9
2,0,0,23,63,65,0,1,43,1,3,0,1,0,0,1,16,2,2,9
0,0,2,27,61,65,1,0,64,1,2,0,1,0,3,1,0,2,0,9
0,1,2,23,54,65,1,0,99,1,0,0,1,1,2,1,2,2,1,9
0,2,2,29,97,77,1,0,49,1,3,0,1,2,2,0,0,1,1,28
0,2,2,29,97,77,1,0,49,1,3,0,1,2,2,0,0,2,1,28
0,2,2,29,97,77,1,0,49,0,3,0,1,2,2,2,0,1,1,28
3,0,1,26,56,97,0,1,65,1,2,0,1,0,3,1,15,2,2,39
0,2,1,28,93,97,1,1,42,1,3,0,1,2,3,1,2,2,2,39
0,0,1,27,50,97,1,1,42,1,3,0,1,0,3,1,1,2,0,39
0,3,1,29,78,97,1,1,79,1,1,0,1,3,0,1,7,2,2,39
3,0,1,22,55,97,1,1,65,1,2,0,1,0,2,1,15,2,2,39
1,0,1,29,58,81,0,1,41,1,3,1,1,0,3,1,4,2,2,26
1,0,1,21,68,81,0,1,50,1,3,1,1,0,0,1,7,2,2,26
3,2,2,29,82,81,1,1,56,1,2,1,1,2,3,1,13,2,1,26
1,0,0,29,58,81,0,1,41,0,3,1,1,0,3,0,4,1,2,26
1,0,0,21,68,81,0,1,50,0,3,1,1,0,0,0,7,1,2,26
3,2,2,29,82,81,1,1,56,0,2,1,1,2,3,0,13,1,1,26
0,2,1,19,81,88,0,1,43,1,3,0,1,2,2,1,6,1,2,22
0,0,1,25,64,88,0,1,45,1,3,0,1,0,2,1,8,1,0,22
3,3,1,24,84,88,1,0,93,1,0,0,1,3,1,1,17,1,2,22
1,2,1,19,81,88,0,1,43,1,3,0,1,2,2,1,6,0,2,22
1,0,1,25,64,88,0,1,45,1,3,0,1,0,2,1,8,0,0,22
3,3,1,24,84,88,1,0,93,1,0,0,1,3,1,1,17,0,2,22
3,0,1,19,59,93,1,1,63,1,2,0,0,0,0,1,19,1,2,24
0,1,1,23,67,93,0,1,73,1,1,0,0,1,3,1,4,1,2,24
3,0,1,19,59,93,1,1,63,0,2,0,1,0,0,1,19,2,2,24
1,1,1,23,67,93,0,1,73,0,1,0,1,1,3,1,4,2,2,24
3,0,1,19,59,93,1,1,63,1,2,0,1,0,0,2,19,1,2,24
0,1,1,23,67,93,0,1,73,1,1,0,1,1,3,2,4,1,2,24
3,0,1,19,59,93,1,1,63,1,2,0,1,0,0,0,19,1,2,24
0,1,1,23,67,93,0,1,73,1,1,0,1,1,3,0,4,1,2,24
3,0,1,19,59,93,1,1,63,1,2,0,1,0,0,1,19,0,2,24
0,1,1,23,67,93,0,1,73,1,1,0,1,1,3,1,4,0,2,24
3,0,1,19,59,93,1,1,63,0,2,0,1,0,0,0,19,2,2,24
1,1,1,23,67,93,0,1,73,0,1,0,1,1,3,0,4,2,2,24
3,0,1,19,59,93,1,1,63,1,2,0,1,0,0,1,19,2,2,24
1,1,1,23,67,93,0,1,73,1,1,0,1,1,3,1,4,2,2,24
3,0,1,19,59,93,1,1,63,1,2,0,1,0,0,0,19,2,2,24
1,1,1,23,67,93,0,1,73,1,1,0,1,1,3,0,4,2,2,24
1,2,0,20,93,85,1,1,45,0,3,1,1,2,2,0,9,2,0,27
1,2,0,21,99,85,1,1,44,0,3,1,1,2,1,0,10,2,2,27
0,2,1,20,93,85,1,1,45,1,3,1,1,2,2,1,9,1,0,27
3,2,1,21,99,85,1,1,44,1,3,1,1,2,1,1,10,1,2,27
0,2,0,28,97,60,1,1,55,1,2,0,1,2,2,0,2,1,2,20
3,2,0,24,81,60,1,0,57,1,2,0,1,2,0,0,17,1,2,20
0,2,0,29,78,60,0,1,47,1,3,0,1,2,3,0,0,1,2,20
3,2,0,28,82,60,1,1,62,1,2,0,1,2,1,0,15,1,2,20
0,2,0,21,85,60,1,1,53,1,3,0,1,2,3,0,0,1,1,20
3,3,0,19,76,60,1,1,89,1,0,0,1,3,0,0,15,1,1,20
0,2,0,28,97,60,1,1,55,1,2,0,1,2,2,1,2,1,2,20
3,2,0,24,81,60,1,0,57,1,2,0,1,2,0,1,17,1,2,20
0,2,0,29,78,60,0,1,47,1,3,0,1,2,3,1,0,1,2,20
3,2,0,28,82,60,1,1,62,1,2,0,1,2,1,1,15,1,2,20
0,2,2,21,85,60,1,1,53,1,3,0,1,2,3,1,0,1,1,20
3,3,2,19,76,60,1,1,89,1,0,0,1,3,0,1,15,1,1,20
0,2,0,28,97,60,1,1,55,1,2,0,1,2,2,1,2,0,2,20
3,2,0,24,81,60,1,0,57,1,2,0,1,2,0,1,17,0,2,20
0,2,0,29,78,60,0,1,47,1,3,0,1,2,3,1,0,0,2,20
3,2,0,28,82,60,1,1,62,1,2,0,1,2,1,1,15,0,2,20
0,2,2,21,85,60,1,1,53,1,3,0,1,2,3,1,0,0,1,20
3,3,2,19,76,60,1,1,89,1,0,0,1,3,0,1,15,0,1,20
0,2,1,19,87,79,1,1,43,1,3,0,1,2,0,1,1,1,2,25
3,0,2,18,50,79,1,0,59,1,2,0,1,0,2,1,15,1,1,25
0,1,1,27,74,79,1,0,99,1,0,0,1,1,2,1,8,1,2,25
3,3,2,29,100,79,1,0,91,1,0,0,1,3,3,1,15,1,1,25
0,1,2,19,57,79,1,0,73,1,1,0,1,1,3,1,2,1,1,25
0,2,1,19,87,79,1,1,43,1,3,0,1,2,0,1,1,1,2,25
3,0,2,18,50,79,1,0,59,1,2,0,1,0,2,1,15,1,1,25
0,1,1,27,74,79,1,0,99,1,0,0,1,1,2,1,8,1,2,25
3,3,2,29,100,79,1,0,91,1,0,0,1,3,3,1,15,1,1,25
0,1,2,19,57,79,1,0,73,1,1,0,1,1,3,1,2,1,1,25
0,3,1,19,95,88,1,1,73,1,1,0,1,3,1,1,5,1,2,25
0,3,1,29,100,88,1,1,85,1,0,0,1,3,2,1,2,1,2,25
0,3,1,19,95,88,1,1,73,1,1,0,1,3,1,0,5,0,2,25
0,3,1,29,100,88,1,1,85,1,0,0,1,3,2,0,2,0,2,25
1,3,1,19,95,88,1,1,73,0,1,0,1,3,1,1,5,2,2,25
1,3,1,29,100,88,1,1,85,0,0,0,1,3,2,1,2,2,2,25
0,3,1,19,95,88,1,1,73,1,1,0,1,3,1,1,5,2,2,25
0,3,1,29,100,88,1,1,85,1,0,0,1,3,2,1,2,2,2,25
0,3,1,19,95,88,1,1,73,1,1,0,1,3,1,0,5,1,2,25
0,3,1,29,100,88,1,1,85,1,0,0,1,3,2,0,2,1,2,25
0,0,2,22,69,70,1,0,62,0,2,0,1,0,2,2,9,1,1,27
0,0,0,23,62,70,1,0,66,0,2,0,1,0,0,2,6,1,0,27
0,0,0,22,69,70,1,0,62,0,2,0,1,0,2,0,9,1,1,27
0,0,0,23,62,70,1,0,66,0,2,0,1,0,0,0,6,1,0,27
1,3,1,26,87,94,0,1,81,0,1,1,1,3,3,1,6,0,1,24
1,2,1,25,90,94,1,1,40,0,3,1,1,2,2,1,8,0,1,24
1,3,1,26,87,94,0,1,81,0,1,1,1,3,3,1,6,1,1,24
0,2,1,25,90,94,1,1,40,0,3,1,1,2,2,1,8,1,1,24
1,3,1,26,87,94,0,1,81,0,1,1,1,3,3,0,6,1,1,24
0,2,1,25,90,94,1,1,40,0,3,1,1,2,2,0,8,1,1,24
3,1,1,19,68,96,1,1,72,1,1,1,1,1,0,0,20,2,1,22
1,0,1,20,67,96,0,1,41,1,3,1,1,0,0,0,2,2,2,22
2,1,1,19,68,96,1,1,72,0,1,1,1,1,0,2,20,0,1,22
1,0,1,20,67,96,0,1,41,0,3,1,1,0,0,2,2,0,2,22
3,1,1,19,68,96,1,1,72,1,1,1,1,1,0,2,20,2,1,22
1,0,1,20,67,96,0,1,41,1,3,1,1,0,0,2,2,2,2,22
2,1,1,19,68,96,1,1,72,0,1,1,0,1,0,1,20,2,1,22
1,0,1,20,67,96,0,1,41,0,3,1,0,0,0,1,2,2,2,22
0,3,1,27,89,99,1,1,81,1,1,1,1,3,0,1,2,1,2,15
3,0,1,29,61,99,1,1,48,1,3,1,1,0,0,1,10,1,1,15
3,0,1,21,62,99,1,0,61,1,2,1,1,0,1,1,13,1,0,15
0,3,1,27,89,99,1,1,81,1,1,1,1,3,0,2,2,2,2,15
3,0,1,29,61,99,1,1,48,1,3,1,1,0,0,2,10,2,1,15
3,0,1,21,62,99,1,0,61,1,2,1,1,0,1,2,13,2,0,15
0,3,1,27,89,99,1,1,81,1,1,1,0,3,0,2,2,2,2,15
3,0,1,29,61,99,1,1,48,1,3,1,0,0,0,2,10,2,1,15
3,0,1,21,62,99,1,0,61,1,2,1,0,0,1,2,13,2,0,15
0,3,1,27,89,99,1,1,81,1,1,1,1,3,0,0,2,1,2,15
3,0,1,29,61,99,1,1,48,1,3,1,1,0,0,0,10,1,1,15
3,0,1,21,62,99,1,0,61,1,2,1,1,0,1,0,13,1,0,15
0,3,1,27,89,99,1,1,81,1,1,1,1,3,0,1,2,1,2,15
3,0,1,29,61,99,1,1,48,1,3,1,1,0,0,1,10,1,1,15
3,0,1,21,62,99,1,0,61,1,2,1,1,0,1,1,13,1,0,15
0,3,1,27,89,99,1,1,81,0,1,1,1,3,0,0,2,1,2,15
3,0,1,29,61,99,1,1,48,0,3,1,1,0,0,0,10,1,1,15
3,0,1,21,62,99,1,0,61,0,2,1,1,0,1,0,13,1,0,15
1,1,2,26,72,82,0,1,83,0,1,0,1,1,1,1,7,1,1,19
0,2,2,19,78,82,1,1,69,0,2,0,1,2,0,1,1,1,1,19
1,3,2,18,78,82,0,1,76,0,1,0,1,3,2,1,3,1,1,19
0,1,2,26,72,82,0,1,83,1,1,0,1,1,1,2,7,1,1,19
0,2,2,19,78,82,1,1,69,1,2,0,1,2,0,2,1,1,1,19
0,3,2,18,78,82,0,1,76,1,1,0,1,3,2,2,3,1,1,19
1,1,2,26,72,82,0,1,83,0,1,0,1,1,1,0,7,1,1,19
0,2,2,19,78,82,1,1,69,0,2,0,1,2,0,0,1,1,1,19
1,3,2,18,78,82,0,1,76,0,1,0,1,3,2,0,3,1,1,19
1,1,2,26,72,82,0,1,83,0,1,0,1,1,1,1,7,0,1,19
0,2,2,19,78,82,1,1,69,0,2,0,1,2,0,1,1,0,1,19
1,3,2,18,78,82,0,1,76,0,1,0,1,3,2,1,3,0,1,19
0,1,2,26,72,82,0,1,83,1,1,0,1,1,1,0,7,1,1,19
0,2,2,19,78,82,1,1,69,1,2,0,1,2,0,0,1,1,1,19
0,3,2,18,78,82,0,1,76,1,1,0,1,3,2,0,3,1,1,19
1,1,2,26,72,82,0,1,83,0,1,0,1,1,1,1,7,2,1,19
1,2,2,19,78,82,1,1,69,0,2,0,1,2,0,1,1,2,1,19
1,3,2,18,78,82,0,1,76,0,1,0,1,3,2,1,3,2,1,19
0,1,0,28,55,62,1,1,74,1,1,0,1,1,1,0,0,2,1,9
1,2,0,18,79,62,0,1,67,1,2,0,1,2,0,0,7,2,2,9
2,3,0,24,96,67,0,0,98,0,0,1,0,3,0,1,17,1,2,10
0,3,0,24,78,67,1,0,73,0,1,1,0,3,0,1,9,1,2,10
3,3,0,24,96,67,0,0,98,1,0,1,1,3,0,1,17,1,2,10
0,3,0,24,78,67,1,0,73,1,1,1,1,3,0,1,9,1,2,10
0,2,2,26,92,66,1,1,63,0,2,0,1,2,0,1,5,1,0,15
3,0,0,27,74,66,1,1,48,0,3,0,1,0,0,1,19,1,2,15
1,0,0,18,73,66,0,0,55,0,2,0,1,0,0,1,0,1,2,15
0,2,0,26,92,66,1,1,63,1,2,0,1,2,0,2,5,2,0,15
3,0,0,27,74,66,1,1,48,1,3,0,1,0,0,2,19,2,2,15
1,0,0,18,73,66,0,0,55,1,2,0,1,0,0,2,0,2,2,15
0,2,0,26,92,66,1,1,63,0,2,0,1,2,0,0,5,1,0,15
3,0,0,27,74,66,1,1,48,0,3,0,1,0,0,0,19,1,2,15
1,0,0,18,73,66,0,0,55,0,2,0,1,0,0,0,0,1,2,15
2,1,1,27,54,99,1,0,76,0,1,0,1,1,1,0,18,0,1,25
0,1,1,19,61,99,1,1,74,0,1,0,1,1,2,0,0,0,1,25
2,1,1,25,55,99,0,1,93,0,0,0,1,1,2,0,9,0,0,25
1,3,1,27,87,99,0,1,90,0,0,0,1,3,2,0,7,0,2,25
3,1,1,27,54,99,1,0,76,0,1,0,0,1,1,0,18,2,1,25
1,1,1,19,61,99,1,1,74,0,1,0,0,1,2,0,0,2,1,25
1,1,1,25,55,99,0,1,93,0,0,0,0,1,2,0,9,2,0,25
1,3,1,27,87,99,0,1,90,0,0,0,0,3,2,0,7,2,2,25
3,1,1,27,54,99,1,0,76,1,1,0,1,1,1,1,18,1,1,25
0,1,1,19,61,99,1,1,74,1,1,0,1,1,2,1,0,1,1,25
0,1,1,25,55,99,0,1,93,1,0,0,1,1,2,1,9,1,0,25
0,3,1,27,87,99,0,1,90,1,0,0,1,3,2,1,7,1,2,25
3,1,1,27,54,99,1,0,76,0,1,0,1,1,1,1,18,1,1,25
0,1,1,19,61,99,1,1,74,0,1,0,1,1,2,1,0,1,1,25
1,1,1,25,55,99,0,1,93,0,0,0,1,1,2,1,9,1,0,25
1,3,1,27,87,99,0,1,90,0,0,0,1,3,2,1,7,1,2,25
3,1,1,27,54,99,1,0,76,0,1,0,1,1,1,1,18,1,1,25
0,1,1,19,61,99,1,1,74,0,1,0,1,1,2,1,0,1,1,25
1,1,1,25,55,99,0,1,93,0,0,0,1,1,2,1,9,1,0,25
1,3,1,27,87,99,0,1,90,0,0,0,1,3,2,1,7,1,2,25
1,1,2,24,60,84,0,0,100,0,0,1,1,1,3,1,12,2,1,8
2,3,2,27,80,84,0,1,85,0,0,1,1,3,1,1,19,2,1,8
1,3,1,28,97,84,1,0,97,0,0,1,1,3,1,1,4,2,0,8
1,0,1,25,68,84,0,1,43,0,3,1,1,0,3,1,9,2,2,8
2,1,2,24,60,84,0,0,100,1,0,1,1,1,3,0,12,0,1,8
2,3,2,27,80,84,0,1,85,1,0,1,1,3,1,0,19,0,1,8
0,3,0,28,97,84,1,0,97,1,0,1,1,3,1,0,4,0,0,8
2,0,0,25,68,84,0,1,43,1,3,1,1,0,3,0,9,0,2,8
3,3,0,19,96,66,0,1,87,1,0,1,1,3,1,1,16,1,2,13
3,2,2,29,95,66,1,1,67,1,2,1,1,2,1,1,10,1,1,13
0,0,2,23,60,66,0,1,54,1,3,1,1,0,2,1,0,1,0,13
3,3,0,19,96,66,0,1,87,1,0,1,1,3,1,1,16,1,2,13
3,2,2,29,95,66,1,1,67,1,2,1,1,2,1,1,10,1,1,13
0,0,2,23,60,66,0,1,54,1,3,1,1,0,2,1,0,1,0,13
3,3,0,19,96,66,0,1,87,1,0,1,1,3,1,0,16,1,2,13
3,2,0,29,95,66,1,1,67,1,2,1,1,2,1,0,10,1,1,13
0,0,0,23,60,66,0,1,54,1,3,1,1,0,2,0,0,1,0,13
3,3,0,19,96,66,0,1,87,1,0,1,1,3,1,0,16,1,2,13
3,2,0,29,95,66,1,1,67,1,2,1,1,2,1,0,10,1,1,13
0,0,0,23,60,66,0,1,54,1,3,1,1,0,2,0,0,1,0,13
2,3,0,19,96,66,0,1,87,0,0,1,1,3,1,0,16,2,2,13
1,2,0,29,95,66,1,1,67,0,2,1,1,2,1,0,10,2,1,13
1,0,0,23,60,66,0,1,54,0,3,1,1,0,2,0,0,2,0,13
3,0,1,23,68,91,1,0,52,1,3,0,1,0,1,0,17,1,1,22
3,1,1,20,64,91,0,1,98,1,0,0,1,1,0,0,11,1,1,22
3,0,1,23,68,91,1,0,52,1,3,0,1,0,1,1,17,0,1,22
2,1,1,20,64,91,0,1,98,1,0,0,1,1,0,1,11,0,1,22
3,0,1,23,68,91,1,0,52,1,3,0,0,0,1,1,17,1,1,22
3,1,1,20,64,91,0,1,98,1,0,0,0,1,0,1,11,1,1,22
3,0,1,23,68,91,1,0,52,0,3,0,1,0,1,0,17,1,1,22
2,1,1,20,64,91,0,1,98,0,0,0,1,1,0,0,11,1,1,22
3,0,1,23,68,91,1,0,52,1,3,0,1,0,1,2,17,1,1,22
3,1,1,20,64,91,0,1,98,1,0,0,1,1,0,2,11,1,1,22
3,0,1,23,68,91,1,0,52,0,3,0,1,0,1,1,17,1,1,22
2,1,1,20,64,91,0,1,98,0,0,0,1,1,0,1,11,1,1,22
2,2,0,25,77,69,0,1,62,0,2,0,1,2,2,0,18,2,1,28
2,2,2,25,77,69,0,1,62,0,2,0,1,2,2,1,18,1,1,28
2,2,2,25,77,69,0,1,62,0,2,0,1,2,2,2,18,1,1,28
2,0,1,21,74,88,0,1,67,0,2,1,1,0,3,1,15,0,2,31
1,2,1,26,100,88,0,1,53,0,3,1,1,2,1,1,4,0,0,31
1,3,2,25,88,88,1,1,98,0,0,1,1,3,2,1,6,0,1,31
3,0,1,21,74,88,0,1,67,1,2,1,1,0,3,0,15,1,2,31
0,2,1,26,100,88,0,1,53,1,3,1,1,2,1,0,4,1,0,31
0,3,2,25,88,88,1,1,98,1,0,1,1,3,2,0,6,1,1,31
2,0,1,21,74,88,0,1,67,0,2,1,1,0,3,1,15,2,2,31
1,2,1,26,100,88,0,1,53,0,3,1,1,2,1,1,4,2,0,31
1,3,2,25,88,88,1,1,98,0,0,1,1,3,2,1,6,2,1,31
2,2,2,19,86,73,0,0,44,0,3,1,1,2,0,1,17,2,1,23
2,1,2,24,57,73,0,1,75,0,1,1,1,1,2,1,15,2,2,23
3,3,2,28,94,73,1,1,98,0,0,1,1,3,1,1,14,2,1,23
1,2,2,19,79,73,0,1,51,0,3,1,1,2,1,1,12,2,1,23
2,2,2,19,86,73,0,0,44,0,3,1,1,2,0,1,17,1,1,23
2,1,2,24,57,73,0,1,75,0,1,1,1,1,2,1,15,1,2,23
3,3,2,28,94,73,1,1,98,0,0,1,1,3,1,1,14,1,1,23
2,2,2,19,79,73,0,1,51,0,3,1,1,2,1,1,12,1,1,23
2,2,2,19,86,73,0,0,44,0,3,1,1,2,0,1,17,2,1,23
2,1,2,24,57,73,0,1,75,0,1,1,1,1,2,1,15,2,2,23
3,3,2,28,94,73,1,1,98,0,0,1,1,3,1,1,14,2,1,23
1,2,2,19,79,73,0,1,51,0,3,1,1,2,1,1,12,2,1,23
2,2,2,19,86,73,0,0,44,0,3,1,1,2,0,1,17,1,1,23
2,1,2,24,57,73,0,1,75,0,1,1,1,1,2,1,15,1,2,23
3,3,2,28,94,73,1,1,98,0,0,1,1,3,1,1,14,1,1,23
2,2,2,19,79,73,0,1,51,0,3,1,1,2,1,1,12,1,1,23
0,1,1,20,61,94,0,1,91,1,0,1,1,1,1,2,6,1,2,37
0,0,0,20,67,71,0,1,65,1,2,1,1,0,1,1,8,1,2,12
3,0,2,18,56,71,0,0,67,1,2,1,1,0,0,1,18,1,1,12
0,0,0,19,75,71,1,0,56,1,2,1,1,0,0,1,4,1,2,12
2,0,0,20,67,71,0,1,65,0,2,1,1,0,1,1,8,0,2,12
2,0,2,18,56,71,0,0,67,0,2,1,1,0,0,1,18,0,1,12
0,0,0,19,75,71,1,0,56,0,2,1,1,0,0,1,4,0,2,12
1,0,0,20,67,71,0,1,65,0,2,1,1,0,1,1,8,1,2,12
2,0,2,18,56,71,0,0,67,0,2,1,1,0,0,1,18,1,1,12
0,0,0,19,75,71,1,0,56,0,2,1,1,0,0,1,4,1,2,12
0,0,0,24,53,76,1,0,47,0,3,1,1,0,3,0,5,0,0,17
0,0,0,24,53,76,1,0,47,1,3,1,1,0,3,0,5,2,0,17
1,0,2,24,53,76,1,0,47,0,3,1,1,0,3,1,5,2,0,17
0,0,0,24,53,76,1,0,47,0,3,1,0,0,3,0,5,1,0,17
0,0,2,24,53,76,1,0,47,0,3,1,1,0,3,1,5,1,0,17
1,3,1,19,83,100,0,1,87,0,0,1,1,3,1,1,1,1,1,21
0,3,1,23,97,100,1,0,89,0,0,1,1,3,0,1,1,1,2,21
1,3,1,19,83,100,0,1,87,0,0,1,1,3,1,0,1,1,1,21
0,3,1,23,97,100,1,0,89,0,0,1,1,3,0,0,1,1,2,21
1,3,1,19,83,100,0,1,87,0,0,1,1,3,1,1,1,1,1,21
0,3,1,23,97,100,1,0,89,0,0,1,1,3,0,1,1,1,2,21
3,3,1,23,77,89,1,1,78,0,1,0,1,3,3,0,18,2,2,25
1,1,2,27,61,89,0,0,92,0,0,0,1,1,1,0,9,2,1,25
3,0,2,25,63,89,1,1,59,0,2,0,1,0,1,0,14,2,1,25
3,3,1,23,77,89,1,1,78,1,1,0,1,3,3,1,18,0,2,25
2,1,2,27,61,89,0,0,92,1,0,0,1,1,1,1,9,0,1,25
3,0,2,25,63,89,1,1,59,1,2,0,1,0,1,1,14,0,1,25
0,0,1,23,51,93,1,1,51,0,3,0,1,0,3,1,7,1,0,22
3,1,1,20,73,93,1,1,77,0,1,0,1,1,1,1,12,1,2,22
0,2,1,19,93,93,1,1,51,0,3,0,1,2,2,1,4,1,1,22
3,0,1,24,60,93,1,1,50,0,3,0,1,0,3,1,17,1,1,22
3,3,1,18,89,93,1,0,89,0,0,0,1,3,2,1,13,1,2,22
0,0,1,23,51,93,1,1,51,1,3,0,1,0,3,1,7,1,0,22
3,1,1,20,73,93,1,1,77,1,1,0,1,1,1,1,12,1,2,22
0,2,1,19,93,93,1,1,51,1,3,0,1,2,2,1,4,1,1,22
3,0,1,24,60,93,1,1,50,1,3,0,1,0,3,1,17,1,1,22
3,3,1,18,89,93,1,0,89,1,0,0,1,3,2,1,13,1,2,22
0,0,1,23,51,93,1,1,51,0,3,0,1,0,3,1,7,1,0,22
3,1,1,20,73,93,1,1,77,0,1,0,1,1,1,1,12,1,2,22
0,2,1,19,93,93,1,1,51,0,3,0,1,2,2,1,4,1,1,22
3,0,1,24,60,93,1,1,50,0,3,0,1,0,3,1,17,1,1,22
3,3,1,18,89,93,1,0,89,0,0,0,1,3,2,1,13,1,2,22
1,0,1,23,51,93,1,1,51,0,3,0,1,0,3,0,7,2,0,22
1,1,1,20,73,93,1,1,77,0,1,0,1,1,1,0,12,2,2,22
1,2,1,19,93,93,1,1,51,0,3,0,1,2,2,0,4,2,1,22
3,0,1,24,60,93,1,1,50,0,3,0,1,0,3,0,17,2,1,22
3,3,1,18,89,93,1,0,89,0,0,0,1,3,2,0,13,2,2,22
0,0,1,23,51,93,1,1,51,0,3,0,1,0,3,1,7,1,0,22
3,1,1,20,73,93,1,1,77,0,1,0,1,1,1,1,12,1,2,22
0,2,1,19,93,93,1,1,51,0,3,0,1,2,2,1,4,1,1,22
3,0,1,24,60,93,1,1,50,0,3,0,1,0,3,1,17,1,1,22
3,3,1,18,89,93,1,0,89,0,0,0,1,3,2,1,13,1,2,22
0,1,0,19,67,70,1,1,76,1,1,1,1,1,0,1,2,2,2,5
0,1,0,28,58,70,1,1,86,1,0,1,1,1,3,1,2,2,2,5
2,1,2,21,64,70,0,1,79,1,1,1,1,1,3,1,16,2,1,5
3,3,0,22,95,70,1,1,99,1,0,1,1,3,2,1,13,2,2,5
1,3,2,28,89,70,0,0,97,1,0,1,1,3,3,1,12,2,1,5
0,1,0,24,66,61,1,0,76,1,1,1,1,1,1,2,6,1,2,29
0,3,0,19,97,61,1,1,78,1,1,1,1,3,2,2,6,1,2,29
1,1,0,24,66,61,1,0,76,0,1,1,1,1,1,1,6,2,2,29
1,3,0,19,97,61,1,1,78,0,1,1,1,3,2,1,6,2,2,29
0,0,2,28,63,80,1,0,54,1,3,0,1,0,1,1,5,2,0,26
3,2,1,26,99,99,1,1,52,1,3,0,1,2,2,1,18,2,1,21
3,0,1,18,50,99,1,1,45,1,3,0,1,0,3,1,18,2,2,21
3,2,1,26,99,99,1,1,52,1,3,0,1,2,2,0,18,0,1,21
3,0,1,18,50,99,1,1,45,1,3,0,1,0,3,0,18,0,2,21
3,2,1,26,99,99,1,1,52,1,3,0,1,2,2,1,18,0,1,21
3,0,1,18,50,99,1,1,45,1,3,0,1,0,3,1,18,0,2,21
2,2,1,26,99,99,1,1,52,0,3,0,1,2,2,2,18,2,1,21
2,0,1,18,50,99,1,1,45,0,3,0,1,0,3,2,18,2,2,21
2,2,1,26,99,99,1,1,52,0,3,0,1,2,2,0,18,0,1,21
2,0,1,18,50,99,1,1,45,0,3,0,1,0,3,0,18,0,2,21
3,2,1,26,99,99,1,1,52,1,3,0,1,2,2,0,18,1,1,21
3,0,1,18,50,99,1,1,45,1,3,0,1,0,3,0,18,1,2,21
0,3,2,19,96,77,1,1,74,1,1,1,1,3,2,1,5,1,1,24
0,1,1,21,56,77,1,0,76,1,1,1,1,1,2,1,8,1,2,24
0,3,2,19,96,77,1,1,74,1,1,1,1,3,2,1,5,1,1,24
0,1,1,21,56,77,1,0,76,1,1,1,1,1,2,1,8,1,2,24
0,3,2,19,96,77,1,1,74,1,1,1,1,3,2,0,5,1,1,24
0,1,0,21,56,77,1,0,76,1,1,1,1,1,2,0,8,1,2,24
0,3,2,19,96,77,1,1,74,0,1,1,1,3,2,2,5,1,1,24
0,1,0,21,56,77,1,0,76,0,1,1,1,1,2,2,8,1,2,24
0,3,2,19,96,77,1,1,74,1,1,1,1,3,2,0,5,2,1,24
0,1,0,21,56,77,1,0,76,1,1,1,1,1,2,0,8,2,2,24
0,3,2,19,96,77,1,1,74,1,1,1,1,3,2,1,5,1,1,24
0,1,1,21,56,77,1,0,76,1,1,1,1,1,2,1,8,1,2,24
0,3,2,19,96,77,1,1,74,1,1,1,1,3,2,2,5,2,1,24
0,1,0,21,56,77,1,0,76,1,1,1,1,1,2,2,8,2,2,24
0,3,2,19,96,77,1,1,74,1,1,1,1,3,2,2,5,1,1,24
0,1,0,21,56,77,1,0,76,1,1,1,1,1,2,2,8,1,2,24
0,3,2,19,96,77,1,1,74,1,1,1,1,3,2,1,5,1,1,24
0,1,1,21,56,77,1,0,76,1,1,1,1,1,2,1,8,1,2,24
0,3,2,19,96,77,1,1,74,1,1,1,1,3,2,0,5,0,1,24
0,1,0,21,56,77,1,0,76,1,1,1,1,1,2,0,8,0,2,24
0,3,2,19,96,77,1,1,74,1,1,1,1,3,2,1,5,2,1,24
0,1,1,21,56,77,1,0,76,1,1,1,1,1,2,1,8,2,2,24
0,3,2,19,96,77,1,1,74,1,1,1,1,3,2,2,5,0,1,24
0,1,0,21,56,77,1,0,76,1,1,1,1,1,2,2,8,0,2,24
0,0,1,19,67,94,1,0,46,1,3,0,1,0,2,0,0,1,1,24
0,2,1,25,76,94,0,1,66,1,2,0,1,2,0,0,8,1,1,24
0,2,1,27,81,94,0,0,40,1,3,0,1,2,1,0,1,1,1,24
0,0,1,19,67,94,1,0,46,1,3,0,0,0,2,2,0,0,1,24
1,2,1,25,76,94,0,1,66,1,2,0,0,2,0,2,8,0,1,24
0,2,1,27,81,94,0,0,40,1,3,0,0,2,1,2,1,0,1,24
0,0,1,19,67,94,1,0,46,0,3,0,1,0,2,2,0,1,1,24
1,2,1,25,76,94,0,1,66,0,2,0,1,2,0,2,8,1,1,24
1,2,1,27,81,94,0,0,40,0,3,0,1,2,1,2,1,1,1,24
1,1,1,27,51,92,0,1,91,1,0,0,1,1,1,1,4,2,2,11
0,1,1,27,51,92,0,1,91,1,0,0,1,1,1,2,4,1,2,11
1,1,1,27,51,92,0,1,91,0,0,0,1,1,1,1,4,1,2,11
2,3,2,26,98,65,0,1,78,0,1,1,0,3,3,1,17,2,0,6
1,2,0,29,92,65,1,1,40,0,3,1,0,2,2,1,2,2,2,6
2,1,0,22,53,72,0,1,93,1,0,0,1,1,2,0,20,2,0,17
2,1,0,21,64,72,0,0,79,1,1,0,1,1,2,0,16,2,2,17
2,1,0,22,53,72,0,1,93,0,0,0,1,1,2,0,20,1,0,17
2,1,0,21,64,72,0,0,79,0,1,0,1,1,2,0,16,1,2,17
2,1,0,22,53,72,0,1,93,0,0,0,1,1,2,0,20,1,0,17
2,1,0,21,64,72,0,0,79,0,1,0,1,1,2,0,16,1,2,17
3,2,2,27,85,74,1,1,42,1,3,0,1,2,1,2,10,1,1,29
3,0,0,29,53,74,1,0,47,1,3,0,1,0,2,2,12,1,2,29
0,3,2,26,92,74,1,1,98,1,0,0,1,3,3,2,2,1,1,29
3,2,2,27,85,74,1,1,42,0,3,0,1,2,1,0,10,1,1,29
3,0,0,29,53,74,1,0,47,0,3,0,1,0,2,0,12,1,2,29
0,3,2,26,92,74,1,1,98,0,0,0,1,3,3,0,2,1,1,29
3,2,2,27,85,74,1,1,42,0,3,0,1,2,1,1,10,1,1,29
3,0,2,29,53,74,1,0,47,0,3,0,1,0,2,1,12,1,2,29
0,3,2,26,92,74,1,1,98,0,0,0,1,3,3,1,2,1,1,29
3,2,2,27,85,74,1,1,42,1,3,0,1,2,1,1,10,2,1,29
3,0,2,29,53,74,1,0,47,1,3,0,1,0,2,1,12,2,2,29
0,3,2,26,92,74,1,1,98,1,0,0,1,3,3,1,2,2,1,29
3,1,1,23,53,91,0,1,83,1,1,0,1,1,0,0,16,1,0,24
3,2,1,29,99,91,0,1,40,1,3,0,1,2,1,0,13,1,1,24
0,0,1,21,63,91,1,1,58,1,2,0,1,0,0,0,3,1,2,24
2,1,1,23,53,91,0,1,83,1,1,0,1,1,0,2,16,0,0,24
2,2,1,29,99,91,0,1,40,1,3,0,1,2,1,2,13,0,1,24
0,0,1,21,63,91,1,1,58,1,2,0,1,0,0,2,3,0,2,24
3,1,1,23,53,91,0,1,83,1,1,0,1,1,0,1,16,2,0,24
3,2,1,29,99,91,0,1,40,1,3,0,1,2,1,1,13,2,1,24
0,0,1,21,63,91,1,1,58,1,2,0,1,0,0,1,3,2,2,24
3,3,2,20,82,62,1,1,97,1,0,0,1,3,2,1,19,1,1,26
3,3,0,20,82,62,1,1,97,1,0,0,1,3,2,0,19,0,1,26
3,3,2,20,82,62,1,1,97,0,0,0,1,3,2,1,19,1,1,26
0,1,0,29,61,85,1,1,83,1,1,0,1,1,1,0,6,1,0,11
0,1,0,18,50,85,1,1,90,1,0,0,1,1,3,0,0,1,2,11
1,1,0,29,61,85,1,1,83,0,1,0,0,1,1,0,6,0,0,11
0,1,0,18,50,85,1,1,90,0,0,0,0,1,3,0,0,0,2,11
3,3,0,24,96,69,1,1,78,1,1,1,0,3,1,0,19,1,2,15
3,1,0,23,56,69,1,1,100,1,0,1,0,1,3,0,16,1,1,15
3,3,0,24,96,69,1,1,78,0,1,1,1,3,1,1,19,1,2,15
3,1,2,23,56,69,1,1,100,0,0,1,1,1,3,1,16,1,1,15
2,3,0,24,96,69,1,1,78,0,1,1,1,3,1,0,19,2,2,15
2,1,0,23,56,69,1,1,100,0,0,1,1,1,3,0,16,2,1,15
3,3,0,24,96,69,1,1,78,1,1,1,1,3,1,0,19,1,2,15
3,1,0,23,56,69,1,1,100,1,0,1,1,1,3,0,16,1,1,15
2,2,0,22,89,66,0,1,68,0,2,0,1,2,3,0,14,2,2,27
1,0,0,26,54,66,1,1,66,0,2,0,1,0,0,0,8,2,0,27
1,2,0,23,85,66,0,1,54,0,3,0,1,2,3,0,9,2,1,27
1,2,0,24,93,66,1,1,40,0,3,0,1,2,2,0,11,2,2,27
3,3,1,24,76,84,0,1,93,1,0,0,1,3,2,2,10,1,2,13
1,3,0,24,76,84,0,1,93,0,0,0,0,3,2,0,10,1,2,13
3,3,1,24,76,84,0,1,93,1,0,0,1,3,2,2,10,1,2,13
3,3,2,26,81,81,1,1,78,1,1,1,1,3,2,1,11,1,0,15
0,3,1,29,85,81,1,0,94,1,0,1,1,3,3,1,5,1,2,15
0,3,2,27,92,81,0,0,83,1,1,1,1,3,1,1,3,1,1,15
3,3,1,21,92,81,1,1,76,1,1,1,1,3,2,1,19,1,2,15
3,2,2,26,77,81,1,0,49,1,3,1,1,2,2,1,10,1,1,15
3,3,0,26,81,81,1,1,78,1,1,1,1,3,2,0,11,0,0,15
0,3,0,29,85,81,1,0,94,1,0,1,1,3,3,0,5,0,2,15
0,3,2,27,92,81,0,0,83,1,1,1,1,3,1,0,3,0,1,15
3,3,0,21,92,81,1,1,76,1,1,1,1,3,2,0,19,0,2,15
3,2,2,26,77,81,1,0,49,1,3,1,1,2,2,0,10,0,1,15
3,3,2,26,81,81,1,1,78,1,1,1,1,3,2,1,11,1,0,15
0,3,1,29,85,81,1,0,94,1,0,1,1,3,3,1,5,1,2,15
0,3,2,27,92,81,0,0,83,1,1,1,1,3,1,1,3,1,1,15
3,3,1,21,92,81,1,1,76,1,1,1,1,3,2,1,19,1,2,15
3,2,2,26,77,81,1,0,49,1,3,1,1,2,2,1,10,1,1,15
1,0,2,26,63,72,0,1,47,1,3,0,1,0,0,1,5,2,0,18
3,2,0,22,79,72,1,0,63,1,2,0,1,2,0,1,11,2,2,18
0,0,2,26,63,72,0,1,47,1,3,0,1,0,0,1,5,1,0,18
3,2,0,22,79,72,1,0,63,1,2,0,1,2,0,1,11,1,2,18
1,0,0,26,63,72,0,1,47,1,3,0,1,0,0,2,5,2,0,18
3,2,0,22,79,72,1,0,63,1,2,0,1,2,0,2,11,2,2,18
0,0,2,26,63,72,0,1,47,1,3,0,1,0,0,1,5,1,0,18
3,2,0,22,79,72,1,0,63,1,2,0,1,2,0,1,11,1,2,18
0,0,0,26,63,72,0,1,47,1,3,0,0,0,0,2,5,1,0,18
3,2,0,22,79,72,1,0,63,1,2,0,0,2,0,2,11,1,2,18
0,0,2,21,57,61,1,0,56,1,2,0,1,0,3,1,7,1,1,24
3,0,2,29,66,61,1,1,58,1,2,0,1,0,0,1,16,1,0,24
0,0,0,21,57,61,1,0,56,1,2,0,1,0,3,0,7,1,1,24
3,0,0,29,66,61,1,1,58,1,2,0,1,0,0,0,16,1,0,24
0,0,2,21,57,61,1,0,56,0,2,0,1,0,3,1,7,1,1,24
3,0,2,29,66,61,1,1,58,0,2,0,1,0,0,1,16,1,0,24
0,0,0,21,57,61,1,0,56,0,2,0,1,0,3,0,7,1,1,24
3,0,0,29,66,61,1,1,58,0,2,0,1,0,0,0,16,1,0,24
1,1,0,29,53,71,0,0,85,0,0,1,1,1,2,1,5,1,2,19
0,2,2,19,84,71,1,0,66,0,2,1,1,2,1,1,8,1,1,19
1,1,0,29,53,71,0,0,85,1,0,1,1,1,2,2,5,2,2,19
0,2,2,19,84,71,1,0,66,1,2,1,1,2,1,2,8,2,1,19
3,3,0,19,76,65,1,1,94,1,0,1,1,3,0,2,13,1,0,34
3,0,0,27,58,65,0,1,56,1,2,1,1,0,0,2,10,1,0,34
0,1,0,22,54,65,1,0,70,1,1,1,1,1,3,2,2,1,2,34
0,0,1,24,55,95,1,1,51,1,3,0,1,0,3,1,9,2,2,24
0,1,1,20,62,95,1,1,73,1,1,0,1,1,0,1,0,2,2,24
1,1,1,29,62,95,0,0,72,1,1,0,1,1,1,1,3,2,0,24
2,0,1,24,55,95,1,1,51,0,3,0,1,0,3,0,9,0,2,24
0,1,1,20,62,95,1,1,73,0,1,0,1,1,0,0,0,0,2,24
1,1,1,29,62,95,0,0,72,0,1,0,1,1,1,0,3,0,0,24
0,0,1,24,55,95,1,1,51,1,3,0,1,0,3,2,9,0,2,24
0,1,1,20,62,95,1,1,73,1,1,0,1,1,0,2,0,0,2,24
0,1,1,29,62,95,0,0,72,1,1,0,1,1,1,2,3,0,0,24
0,3,0,29,78,77,0,1,76,1,1,1,1,3,2,0,6,1,2,18
3,2,2,24,97,77,0,1,66,1,2,1,1,2,0,0,15,1,1,18
0,3,0,29,78,77,0,1,76,1,1,1,1,3,2,0,6,1,2,18
3,2,2,24,97,77,0,1,66,1,2,1,1,2,0,0,15,1,1,18
1,3,1,29,78,77,0,1,76,0,1,1,1,3,2,1,6,1,2,18
2,2,2,24,97,77,0,1,66,0,2,1,1,2,0,1,15,1,1,18
1,3,0,29,78,77,0,1,76,0,1,1,1,3,2,2,6,0,2,18
2,2,2,24,97,77,0,1,66,0,2,1,1,2,0,2,15,0,1,18
0,3,1,29,78,77,0,1,76,1,1,1,1,3,2,1,6,1,2,18
3,2,2,24,97,77,0,1,66,1,2,1,1,2,0,1,15,1,1,18
3,0,1,18,61,91,1,0,41,1,3,0,1,0,0,0,10,0,1,17
3,0,1,18,61,91,1,0,41,1,3,0,1,0,0,2,10,1,1,17
1,0,1,18,61,91,1,0,41,0,3,0,1,0,0,2,10,2,1,17
3,1,2,19,64,63,1,1,88,1,0,0,1,1,1,1,13,2,1,29
3,3,1,25,77,96,1,1,92,0,0,0,1,3,3,1,11,1,1,13
0,3,1,24,95,96,1,1,100,0,0,0,1,3,1,1,7,1,0,13
3,2,1,23,80,96,1,0,54,0,3,0,1,2,1,1,20,1,1,13
3,0,1,27,52,96,1,1,61,0,2,0,1,0,2,1,18,1,2,13
1,3,1,25,86,96,0,0,84,0,1,0,1,3,2,1,0,1,2,13
3,3,1,25,77,96,1,1,92,0,0,0,1,3,3,1,11,1,1,13
0,3,1,24,95,96,1,1,100,0,0,0,1,3,1,1,7,1,0,13
3,2,1,23,80,96,1,0,54,0,3,0,1,2,1,1,20,1,1,13
3,0,1,27,52,96,1,1,61,0,2,0,1,0,2,1,18,1,2,13
1,3,1,25,86,96,0,0,84,0,1,0,1,3,2,1,0,1,2,13
0,2,0,18,97,73,1,1,71,1,1,0,1,2,1,0,7,2,2,10
1,3,2,25,89,73,0,1,87,1,0,0,1,3,2,0,10,2,1,10
1,1,0,23,56,73,0,1,73,1,1,0,1,1,0,0,11,2,2,10
1,0,2,23,53,79,0,1,69,0,2,0,0,0,0,2,0,1,1,10
1,1,0,21,55,79,0,1,76,0,1,0,0,1,1,2,1,1,2,10
0,3,0,19,97,79,1,1,79,0,1,0,0,3,3,2,9,1,2,10
2,2,1,23,84,98,0,0,66,1,2,0,1,2,1,0,14,2,0,18
3,2,1,23,84,98,0,0,66,1,2,0,1,2,1,1,14,1,0,18
3,2,1,23,84,98,0,0,66,1,2,0,1,2,1,0,14,1,0,18
3,0,0,18,55,72,0,0,68,1,2,1,0,0,2,0,20,1,1,28
3,3,0,20,81,72,0,0,76,1,1,1,0,3,0,0,17,1,2,28
0,3,0,19,93,72,1,0,97,1,0,1,0,3,3,0,9,1,2,28
3,2,0,21,91,72,1,1,59,1,2,1,0,2,3,0,17,1,0,28
2,0,0,18,55,72,0,0,68,0,2,1,1,0,2,0,20,2,1,28
2,3,0,20,81,72,0,0,76,0,1,1,1,3,0,0,17,2,2,28
1,3,0,19,93,72,1,0,97,0,0,1,1,3,3,0,9,2,2,28
3,2,0,21,91,72,1,1,59,0,2,1,1,2,3,0,17,2,0,28
3,0,2,18,55,72,0,0,68,1,2,1,1,0,2,1,20,1,1,28
3,3,0,20,81,72,0,0,76,1,1,1,1,3,0,1,17,1,2,28
0,3,0,19,93,72,1,0,97,1,0,1,1,3,3,1,9,1,2,28
3,2,2,21,91,72,1,1,59,1,2,1,1,2,3,1,17,1,0,28
0,3,0,23,91,77,0,0,78,1,1,0,1,3,3,0,9,1,2,13
1,3,0,23,91,77,0,0,78,0,1,0,1,3,3,0,9,2,2,13
0,3,0,21,91,83,1,1,84,1,1,1,1,3,1,0,4,1,2,23
3,3,0,19,84,83,0,1,74,1,1,1,1,3,1,0,13,1,2,23
0,2,0,18,76,83,1,1,67,1,2,1,1,2,0,0,9,1,0,23
0,3,0,21,91,83,1,1,84,1,1,1,1,3,1,0,4,2,2,23
3,3,0,19,84,83,0,1,74,1,1,1,1,3,1,0,13,2,2,23
0,2,0,18,76,83,1,1,67,1,2,1,1,2,0,0,9,2,0,23
0,3,1,21,91,83,1,1,84,0,1,1,1,3,1,1,4,0,2,23
2,3,1,19,84,83,0,1,74,0,1,1,1,3,1,1,13,0,2,23
2,2,2,18,76,83,1,1,67,0,2,1,1,2,0,1,9,0,0,23
0,3,1,21,91,83,1,1,84,0,1,1,1,3,1,1,4,1,2,23
2,3,1,19,84,83,0,1,74,0,1,1,1,3,1,1,13,1,2,23
0,2,2,18,76,83,1,1,67,0,2,1,1,2,0,1,9,1,0,23
0,0,1,29,65,83,1,0,41,1,3,1,1,0,0,1,2,2,2,27
0,0,1,29,65,83,1,0,41,1,3,1,1,0,0,1,2,1,2,27
0,0,1,29,65,83,1,0,41,0,3,1,1,0,0,1,2,0,2,27
3,2,1,18,80,99,1,1,50,0,3,0,1,2,0,0,19,1,1,23
2,2,1,18,80,99,1,1,50,0,3,0,1,2,0,2,19,2,1,23
3,2,1,18,80,99,1,1,50,0,3,0,1,2,0,2,19,1,1,23
1,1,2,25,50,62,0,1,90,0,0,1,1,1,2,1,7,2,1,15
2,1,2,28,67,62,1,1,82,0,1,1,1,1,0,1,19,2,1,15
1,1,0,25,50,62,0,1,90,0,0,1,1,1,2,0,7,2,1,15
2,1,0,28,67,62,1,1,82,0,1,1,1,1,0,0,19,2,1,15
2,0,1,19,58,88,0,1,57,0,2,1,1,0,0,1,9,0,2,33
0,3,1,22,91,88,1,0,75,0,1,1,1,3,0,1,2,0,0,33
2,3,2,21,78,88,0,1,98,0,0,1,1,3,0,1,13,0,1,33
0,1,1,21,60,94,0,0,88,1,0,1,1,1,2,2,0,1,1,10
1,1,1,21,60,94,0,0,88,0,0,1,1,1,2,1,0,0,1,10
1,1,1,21,60,94,0,0,88,0,0,1,1,1,2,0,0,1,1,10
1,1,1,21,60,94,0,0,88,0,0,1,1,1,2,1,0,2,1,10
0,1,1,26,72,97,1,1,86,1,0,0,1,1,0,0,9,0,2,32
0,3,1,25,77,97,1,1,83,1,1,0,1,3,0,0,7,0,0,32
2,3,1,21,94,97,0,1,85,1,0,0,1,3,0,0,12,0,0,32
0,1,1,28,50,97,1,1,79,1,1,0,1,1,0,0,7,0,2,32
0,1,1,26,72,97,1,1,86,1,0,0,1,1,0,1,9,1,2,32
0,3,1,25,77,97,1,1,83,1,1,0,1,3,0,1,7,1,0,32
3,3,1,21,94,97,0,1,85,1,0,0,1,3,0,1,12,1,0,32
0,1,1,28,50,97,1,1,79,1,1,0,1,1,0,1,7,1,2,32
1,2,2,19,83,85,1,0,61,0,2,1,1,2,3,0,9,2,1,19
2,3,0,27,100,85,1,1,94,0,0,1,1,3,1,0,15,2,0,19
0,2,2,19,83,85,1,0,61,0,2,1,1,2,3,0,9,1,1,19
3,3,0,27,100,85,1,1,94,0,0,1,1,3,1,0,15,1,0,19
1,2,2,19,83,85,1,0,61,0,2,1,1,2,3,0,9,2,1,19
2,3,0,27,100,85,1,1,94,0,0,1,1,3,1,0,15,2,0,19
0,2,2,19,83,85,1,0,61,0,2,1,1,2,3,0,9,1,1,19
3,3,0,27,100,85,1,1,94,0,0,1,1,3,1,0,15,1,0,19
0,2,2,19,83,85,1,0,61,1,2,1,1,2,3,2,9,1,1,19
3,3,1,27,100,85,1,1,94,1,0,1,1,3,1,2,15,1,0,19
3,0,2,28,57,74,1,1,68,1,2,0,1,0,1,0,11,1,1,28
0,3,0,25,79,74,1,1,99,1,0,0,1,3,2,0,5,1,2,28
3,0,2,28,57,74,1,1,68,0,2,0,1,0,1,0,11,1,1,28
0,3,0,25,79,74,1,1,99,0,0,0,1,3,2,0,5,1,2,28
0,1,1,21,51,96,0,0,74,1,1,0,1,1,3,1,5,1,0,7
3,3,1,29,79,96,1,0,76,1,1,0,1,3,1,1,16,1,2,7
2,3,1,18,88,99,0,0,73,1,1,1,0,3,0,2,19,2,1,11
2,3,1,18,88,99,0,0,73,1,1,1,1,3,0,1,19,0,1,11
3,3,1,18,88,99,0,0,73,1,1,1,1,3,0,2,19,1,1,11
1,2,1,28,94,96,0,0,55,0,2,1,1,2,2,1,8,0,2,18
2,3,1,26,77,96,1,1,97,0,0,1,1,3,0,1,10,0,2,18
1,1,1,21,64,96,1,1,95,0,0,1,1,1,1,1,5,0,2,18
1,2,1,28,94,96,0,0,55,0,2,1,1,2,2,2,8,2,2,18
1,3,1,26,77,96,1,1,97,0,0,1,1,3,0,2,10,2,2,18
1,1,1,21,64,96,1,1,95,0,0,1,1,1,1,2,5,2,2,18
1,2,1,28,94,96,0,0,55,1,2,1,1,2,2,1,8,2,2,18
3,3,1,26,77,96,1,1,97,1,0,1,1,3,0,1,10,2,2,18
0,1,1,21,64,96,1,1,95,1,0,1,1,1,1,1,5,2,2,18
1,2,1,28,94,96,0,0,55,1,2,1,1,2,2,2,8,2,2,18
3,3,1,26,77,96,1,1,97,1,0,1,1,3,0,2,10,2,2,18
0,1,1,21,64,96,1,1,95,1,0,1,1,1,1,2,5,2,2,18
3,0,2,23,73,65,1,1,54,1,3,1,1,0,2,1,17,1,1,17
3,1,0,29,65,65,1,0,87,1,0,1,1,1,3,1,15,1,2,17
3,0,0,23,73,65,1,1,54,1,3,1,1,0,2,0,17,1,1,17
3,1,0,29,65,65,1,0,87,1,0,1,1,1,3,0,15,1,2,17
2,0,2,23,73,65,1,1,54,0,3,1,1,0,2,1,17,2,1,17
2,1,0,29,65,65,1,0,87,0,0,1,1,1,3,1,15,2,2,17
3,0,2,23,73,65,1,1,54,0,3,1,1,0,2,1,17,1,1,17
3,1,0,29,65,65,1,0,87,0,0,1,1,1,3,1,15,1,2,17
2,0,2,23,73,65,1,1,54,0,3,1,1,0,2,1,17,2,1,17
2,1,0,29,65,65,1,0,87,0,0,1,1,1,3,1,15,2,2,17
3,0,0,23,73,65,1,1,54,1,3,1,1,0,2,0,17,2,1,17
3,1,0,29,65,65,1,0,87,1,0,1,1,1,3,0,15,2,2,17
3,2,1,28,95,93,1,0,69,1,2,1,1,2,3,1,13,1,2,24
0,1,1,19,50,93,0,1,97,1,0,1,1,1,2,1,4,1,2,24
0,3,1,18,77,93,1,1,90,1,0,1,1,3,0,1,8,1,0,24
3,2,1,28,95,93,1,0,69,1,2,1,1,2,3,2,13,1,2,24
0,1,1,19,50,93,0,1,97,1,0,1,1,1,2,2,4,1,2,24
0,3,1,18,77,93,1,1,90,1,0,1,1,3,0,2,8,1,0,24
3,2,1,28,95,93,1,0,69,1,2,1,1,2,3,2,13,0,2,24
0,1,1,19,50,93,0,1,97,1,0,1,1,1,2,2,4,0,2,24
0,3,1,18,77,93,1,1,90,1,0,1,1,3,0,2,8,0,0,24
3,2,1,28,95,93,1,0,69,1,2,1,1,2,3,1,13,2,2,24
1,1,1,19,50,93,0,1,97,1,0,1,1,1,2,1,4,2,2,24
0,3,1,18,77,93,1,1,90,1,0,1,1,3,0,1,8,2,0,24
3,2,1,28,95,93,1,0,69,1,2,1,1,2,3,2,13,1,2,24
0,1,1,19,50,93,0,1,97,1,0,1,1,1,2,2,4,1,2,24
0,3,1,18,77,93,1,1,90,1,0,1,1,3,0,2,8,1,0,24
0,3,2,29,94,76,1,1,86,1,0,0,1,3,2,1,7,1,0,10
0,2,2,28,100,76,0,1,44,1,3,0,1,2,3,1,7,1,1,10
3,0,1,19,53,76,1,1,54,1,3,0,1,0,0,1,12,1,2,10
0,3,0,29,94,76,1,1,86,1,0,0,1,3,2,0,7,0,0,10
1,2,2,28,100,76,0,1,44,1,3,0,1,2,3,0,7,0,1,10
3,0,0,19,53,76,1,1,54,1,3,0,1,0,0,0,12,0,2,10
3,3,1,27,96,100,0,1,90,1,0,1,1,3,1,1,12,1,1,23
0,0,1,19,71,100,1,1,53,1,3,1,1,0,3,1,0,1,2,23
3,3,1,27,96,100,0,1,90,1,0,1,1,3,1,1,12,1,1,23
0,0,1,19,71,100,1,1,53,1,3,1,1,0,3,1,0,1,2,23
2,3,1,27,96,100,0,1,90,1,0,1,1,3,1,1,12,0,1,23
0,0,1,19,71,100,1,1,53,1,3,1,1,0,3,1,0,0,2,23
0,1,2,25,50,79,1,1,98,1,0,1,1,1,2,1,8,2,1,32
3,0,2,26,59,79,1,0,64,1,2,1,1,0,1,1,20,2,0,32
3,2,1,24,91,91,1,0,56,1,2,1,1,2,3,1,16,1,2,31
3,2,1,26,96,91,1,1,65,1,2,1,1,2,0,1,17,1,2,31
3,0,1,23,57,91,1,1,60,1,2,1,1,0,1,1,11,1,0,31
0,1,1,28,63,91,0,1,94,1,0,1,1,1,2,1,2,1,1,31
0,2,1,21,91,91,1,0,61,1,2,1,1,2,3,1,0,1,2,31
3,2,1,24,91,91,1,0,56,1,2,1,1,2,3,0,16,1,2,31
3,2,1,26,96,91,1,1,65,1,2,1,1,2,0,0,17,1,2,31
3,0,1,23,57,91,1,1,60,1,2,1,1,0,1,0,11,1,0,31
0,1,1,28,63,91,0,1,94,1,0,1,1,1,2,0,2,1,1,31
0,2,1,21,91,91,1,0,61,1,2,1,1,2,3,0,0,1,2,31
3,2,1,24,91,91,1,0,56,1,2,1,1,2,3,2,16,2,2,31
3,2,1,26,96,91,1,1,65,1,2,1,1,2,0,2,17,2,2,31
3,0,1,23,57,91,1,1,60,1,2,1,1,0,1,2,11,2,0,31
1,1,1,28,63,91,0,1,94,1,0,1,1,1,2,2,2,2,1,31
0,2,1,21,91,91,1,0,61,1,2,1,1,2,3,2,0,2,2,31
3,1,2,27,62,82,1,1,92,0,0,1,1,1,1,1,14,2,1,29
3,1,2,27,62,82,1,1,92,0,0,1,1,1,1,0,14,2,1,29
2,0,1,22,64,86,0,1,42,1,3,0,1,0,0,1,12,0,2,25
3,2,0,23,78,68,0,1,47,1,3,0,1,2,0,2,14,1,2,22
0,3,0,19,83,68,0,1,94,1,0,0,1,3,1,2,5,1,2,22
3,0,2,28,62,68,0,0,58,1,2,0,1,0,1,2,14,1,1,22
3,1,0,28,59,68,1,1,76,1,1,0,1,1,1,2,18,1,0,22
2,2,0,23,78,68,0,1,47,0,3,0,1,2,0,2,14,1,2,22
1,3,0,19,83,68,0,1,94,0,0,0,1,3,1,2,5,1,2,22
2,0,2,28,62,68,0,0,58,0,2,0,1,0,1,2,14,1,1,22
3,1,0,28,59,68,1,1,76,0,1,0,1,1,1,2,18,1,0,22
2,2,0,23,78,68,0,1,47,0,3,0,1,2,0,1,14,1,2,22
1,3,0,19,83,68,0,1,94,0,0,0,1,3,1,1,5,1,2,22
2,0,2,28,62,68,0,0,58,0,2,0,1,0,1,1,14,1,1,22
3,1,2,28,59,68,1,1,76,0,1,0,1,1,1,1,18,1,0,22
3,1,1,24,72,90,0,0,91,1,0,1,1,1,3,1,14,1,0,33
0,3,1,20,86,90,0,1,100,1,0,1,1,3,3,1,9,1,0,33
0,2,1,19,79,90,1,1,53,1,3,1,1,2,0,1,1,1,2,33
0,2,1,25,93,90,0,1,48,1,3,1,1,2,0,1,4,1,2,33
1,0,2,27,65,74,0,1,67,1,2,1,1,0,2,1,9,2,2,19
3,3,2,20,85,74,1,1,83,1,1,1,1,3,1,1,18,2,1,19
1,0,0,27,65,74,0,1,67,0,2,1,1,0,2,2,9,2,2,19
2,3,2,20,85,74,1,1,83,0,1,1,1,3,1,2,18,2,1,19
2,0,2,27,65,74,0,1,67,1,2,1,0,0,2,1,9,0,2,19
3,3,2,20,85,74,1,1,83,1,1,1,0,3,1,1,18,0,1,19
2,0,0,27,65,74,0,1,67,1,2,1,0,0,2,2,9,0,2,19
3,3,2,20,85,74,1,1,83,1,1,1,0,3,1,2,18,0,1,19
1,0,0,27,65,74,0,1,67,0,2,1,1,0,2,2,9,1,2,19
3,3,2,20,85,74,1,1,83,0,1,1,1,3,1,2,18,1,1,19
1,0,0,27,65,74,0,1,67,0,2,1,1,0,2,2,9,2,2,19
2,3,2,20,85,74,1,1,83,0,1,1,1,3,1,2,18,2,1,19
0,0,2,27,65,74,0,1,67,1,2,1,1,0,2,1,9,1,2,19
3,3,2,20,85,74,1,1,83,1,1,1,1,3,1,1,18,1,1,19
1,0,0,27,65,74,0,1,67,0,2,1,1,0,2,2,9,2,2,19
2,3,2,20,85,74,1,1,83,0,1,1,1,3,1,2,18,2,1,19
3,0,0,19,50,80,0,1,64,1,2,0,1,0,0,0,19,2,2,28
1,1,2,21,67,80,0,0,91,1,0,0,1,1,1,0,1,2,1,28
2,0,1,19,50,80,0,1,64,0,2,0,1,0,0,1,19,2,2,28
1,1,2,21,67,80,0,0,91,0,0,0,1,1,1,1,1,2,1,28
3,2,0,18,79,65,1,0,45,0,3,1,1,2,1,0,11,1,1,9
0,2,0,27,96,65,1,0,70,0,1,1,1,2,0,0,9,1,2,9
3,2,2,18,79,65,1,0,45,1,3,1,1,2,1,1,11,1,1,9
0,2,0,27,96,65,1,0,70,1,1,1,1,2,0,1,9,1,2,9
0,3,2,19,81,85,1,1,89,1,0,1,1,3,1,0,4,0,1,8
0,1,0,24,64,85,0,0,90,1,0,1,1,1,1,0,2,0,2,8
0,0,1,25,53,98,1,0,46,1,3,0,1,0,2,1,5,2,2,13
1,1,1,18,66,98,0,1,74,1,1,0,1,1,1,1,5,2,2,13
0,0,1,25,53,98,1,0,46,1,3,0,1,0,2,1,5,0,2,13
0,1,1,18,66,98,0,1,74,1,1,0,1,1,1,1,5,0,2,13
0,0,1,25,53,98,1,0,46,1,3,0,1,0,2,1,5,2,2,13
1,1,1,18,66,98,0,1,74,1,1,0,1,1,1,1,5,2,2,13
2,1,1,29,54,90,0,1,75,1,1,0,1,1,2,0,15,0,2,24
2,1,1,29,54,90,0,1,75,0,1,0,1,1,2,2,15,2,2,24
1,3,2,29,77,75,0,1,93,0,0,1,1,3,2,1,10,1,0,11
1,3,2,29,77,75,0,1,93,1,0,1,0,3,2,1,10,2,0,11
3,0,0,28,69,79,1,1,56,0,2,0,1,0,2,0,10,1,2,11
1,2,0,23,82,79,0,1,43,0,3,0,1,2,2,0,4,1,2,11
2,0,0,20,72,79,0,1,40,0,3,0,1,0,1,0,12,1,0,11
3,0,1,28,69,79,1,1,56,1,2,0,1,0,2,1,10,2,2,11
1,2,1,23,82,79,0,1,43,1,3,0,1,2,2,1,4,2,2,11
1,0,2,20,72,79,0,1,40,1,3,0,1,0,1,1,12,2,0,11
3,0,1,28,69,79,1,1,56,1,2,0,1,0,2,1,10,1,2,11
0,2,1,23,82,79,0,1,43,1,3,0,1,2,2,1,4,1,2,11
3,0,2,20,72,79,0,1,40,1,3,0,1,0,1,1,12,1,0,11
0,3,0,23,86,69,1,1,79,1,1,0,1,3,0,0,5,1,2,12
3,2,1,27,94,97,1,0,50,0,3,0,1,2,1,1,17,2,2,23
2,0,1,27,73,97,1,0,61,0,2,0,1,0,2,1,20,2,0,23
3,2,1,27,94,97,1,0,50,1,3,0,1,2,1,1,17,2,2,23
3,0,1,27,73,97,1,0,61,1,2,0,1,0,2,1,20,2,0,23
3,2,1,27,94,97,1,0,50,0,3,0,1,2,1,0,17,2,2,23
2,0,1,27,73,97,1,0,61,0,2,0,1,0,2,0,20,2,0,23
3,2,1,27,94,97,1,0,50,1,3,0,1,2,1,0,17,1,2,23
3,0,1,27,73,97,1,0,61,1,2,0,1,0,2,0,20,1,0,23
0,0,0,26,67,62,1,1,62,1,2,1,1,0,0,0,1,0,2,17
0,0,0,26,67,62,1,1,62,0,2,1,1,0,0,2,1,1,2,17
0,0,0,26,67,62,1,1,62,1,2,1,1,0,0,1,1,1,2,17
0,3,1,19,78,78,1,1,84,0,1,1,1,3,3,1,7,1,2,20
3,3,1,25,76,78,1,1,74,0,1,1,1,3,3,1,11,1,2,20
3,3,2,27,83,78,1,1,100,0,0,1,1,3,3,1,17,1,1,20
3,0,1,26,51,78,1,1,40,0,3,1,1,0,1,1,16,1,2,20
0,3,2,18,77,78,1,1,96,0,0,1,1,3,0,1,3,1,1,20
0,0,1,25,67,78,1,0,45,0,3,1,1,0,3,1,3,1,2,20
0,3,0,19,78,78,1,1,84,1,1,1,1,3,3,0,7,1,2,20
3,3,0,25,76,78,1,1,74,1,1,1,1,3,3,0,11,1,2,20
3,3,2,27,83,78,1,1,100,1,0,1,1,3,3,0,17,1,1,20
3,0,0,26,51,78,1,1,40,1,3,1,1,0,1,0,16,1,2,20
0,3,2,18,77,78,1,1,96,1,0,1,1,3,0,0,3,1,1,20
0,0,0,25,67,78,1,0,45,1,3,1,1,0,3,0,3,1,2,20
0,3,1,19,78,78,1,1,84,1,1,1,1,3,3,1,7,1,2,20
3,3,1,25,76,78,1,1,74,1,1,1,1,3,3,1,11,1,2,20
3,3,2,27,83,78,1,1,100,1,0,1,1,3,3,1,17,1,1,20
3,0,1,26,51,78,1,1,40,1,3,1,1,0,1,1,16,1,2,20
0,3,2,18,77,78,1,1,96,1,0,1,1,3,0,1,3,1,1,20
0,0,1,25,67,78,1,0,45,1,3,1,1,0,3,1,3,1,2,20
0,3,0,19,78,78,1,1,84,0,1,1,1,3,3,2,7,1,2,20
3,3,0,25,76,78,1,1,74,0,1,1,1,3,3,2,11,1,2,20
3,3,2,27,83,78,1,1,100,0,0,1,1,3,3,2,17,1,1,20
3,0,0,26,51,78,1,1,40,0,3,1,1,0,1,2,16,1,2,20
0,3,2,18,77,78,1,1,96,0,0,1,1,3,0,2,3,1,1,20
0,0,0,25,67,78,1,0,45,0,3,1,1,0,3,2,3,1,2,20
1,1,1,28,67,95,0,1,79,0,1,0,1,1,3,0,5,0,2,25
1,1,1,28,67,95,0,1,79,1,1,0,1,1,3,1,5,2,2,25
0,1,0,28,50,68,1,1,96,1,0,1,1,1,3,1,2,2,2,16
3,1,2,24,60,68,1,0,76,1,1,1,1,1,1,1,15,2,1,16
3,0,2,18,68,68,1,1,46,1,3,1,1,0,0,1,17,2,1,16
0,2,2,21,82,68,1,0,45,1,3,1,1,2,1,1,0,2,1,16
0,2,0,20,96,68,1,1,66,1,2,1,1,2,1,1,8,2,2,16
0,1,0,28,50,68,1,1,96,0,0,1,1,1,3,1,2,1,2,16
3,1,2,24,60,68,1,0,76,0,1,1,1,1,1,1,15,1,1,16
3,0,2,18,68,68,1,1,46,0,3,1,1,0,0,1,17,1,1,16
0,2,2,21,82,68,1,0,45,0,3,1,1,2,1,1,0,1,1,16
0,2,0,20,96,68,1,1,66,0,2,1,1,2,1,1,8,1,2,16
0,1,0,28,50,68,1,1,96,1,0,1,1,1,3,1,2,0,2,16
3,1,2,24,60,68,1,0,76,1,1,1,1,1,1,1,15,0,1,16
3,0,2,18,68,68,1,1,46,1,3,1,1,0,0,1,17,0,1,16
0,2,2,21,82,68,1,0,45,1,3,1,1,2,1,1,0,0,1,16
0,2,0,20,96,68,1,1,66,1,2,1,1,2,1,1,8,0,2,16
0,1,0,28,50,68,1,1,96,1,0,1,1,1,3,1,2,2,2,16
3,1,2,24,60,68,1,0,76,1,1,1,1,1,1,1,15,2,1,16
3,0,2,18,68,68,1,1,46,1,3,1,1,0,0,1,17,2,1,16
0,2,2,21,82,68,1,0,45,1,3,1,1,2,1,1,0,2,1,16
0,2,0,20,96,68,1,1,66,1,2,1,1,2,1,1,8,2,2,16
0,1,0,28,50,68,1,1,96,1,0,1,0,1,3,1,2,1,2,16
3,1,2,24,60,68,1,0,76,1,1,1,0,1,1,1,15,1,1,16
3,0,2,18,68,68,1,1,46,1,3,1,0,0,0,1,17,1,1,16
0,2,2,21,82,68,1,0,45,1,3,1,0,2,1,1,0,1,1,16
0,2,0,20,96,68,1,1,66,1,2,1,0,2,1,1,8,1,2,16
2,1,0,28,75,71,0,1,76,0,1,0,1,1,1,0,12,1,2,29
3,1,0,27,59,71,1,1,100,0,0,0,1,1,1,0,14,1,0,29
0,1,0,20,74,71,1,0,78,0,1,0,1,1,0,0,8,1,0,29
3,1,0,28,75,71,0,1,76,1,1,0,1,1,1,1,12,1,2,29
3,1,2,27,59,71,1,1,100,1,0,0,1,1,1,1,14,1,0,29
0,1,2,20,74,71,1,0,78,1,1,0,1,1,0,1,8,1,0,29
1,0,1,18,66,79,0,1,49,1,3,1,1,0,0,1,12,2,2,30
0,2,1,20,88,98,0,1,65,1,2,0,1,2,1,1,4,1,2,26
3,3,1,21,95,98,0,1,93,1,0,0,1,3,2,1,17,1,2,26
0,2,1,20,88,98,0,1,65,1,2,0,1,2,1,1,4,1,2,26
3,3,1,21,95,98,0,1,93,1,0,0,1,3,2,1,17,1,2,26
1,2,1,20,88,98,0,1,65,0,2,0,1,2,1,0,4,0,2,26
2,3,1,21,95,98,0,1,93,0,0,0,1,3,2,0,17,0,2,26
1,2,1,20,88,98,0,1,65,0,2,0,1,2,1,0,4,0,2,26
2,3,1,21,95,98,0,1,93,0,0,0,1,3,2,0,17,0,2,26
3,2,1,27,89,78,0,1,43,1,3,0,1,2,2,1,16,1,2,23
3,3,1,18,81,78,0,1,100,1,0,0,1,3,0,1,18,1,2,23
0,0,2,25,54,78,0,1,63,1,2,0,1,0,2,1,9,1,0,23
0,2,1,29,93,78,1,1,65,1,2,0,1,2,1,1,9,1,2,23
3,1,2,27,65,78,0,1,70,1,1,0,1,1,1,1,19,1,1,23
0,0,1,22,67,78,0,1,50,1,3,0,1,0,3,1,4,1,2,23
3,3,2,19,89,78,0,1,90,1,0,0,1,3,2,1,10,1,0,23
3,2,1,21,95,78,1,1,51,1,3,0,1,2,3,1,11,1,2,23
3,0,1,27,67,78,1,1,68,1,2,0,1,0,0,1,17,1,2,23
3,2,0,27,89,78,0,1,43,1,3,0,1,2,2,2,16,1,2,23
3,3,0,18,81,78,0,1,100,1,0,0,1,3,0,2,18,1,2,23
0,0,2,25,54,78,0,1,63,1,2,0,1,0,2,2,9,1,0,23
0,2,0,29,93,78,1,1,65,1,2,0,1,2,1,2,9,1,2,23
3,1,2,27,65,78,0,1,70,1,1,0,1,1,1,2,19,1,1,23
0,0,0,22,67,78,0,1,50,1,3,0,1,0,3,2,4,1,2,23
3,3,2,19,89,78,0,1,90,1,0,0,1,3,2,2,10,1,0,23
3,2,0,21,95,78,1,1,51,1,3,0,1,2,3,2,11,1,2,23
3,0,0,27,67,78,1,1,68,1,2,0,1,0,0,2,17,1,2,23
2,2,1,27,89,78,0,1,43,0,3,0,1,2,2,1,16,2,2,23
2,3,1,18,81,78,0,1,100,0,0,0,1,3,0,1,18,2,2,23
1,0,2,25,54,78,0,1,63,0,2,0,1,0,2,1,9,2,0,23
1,2,1,29,93,78,1,1,65,0,2,0,1,2,1,1,9,2,2,23
2,1,2,27,65,78,0,1,70,0,1,0,1,1,1,1,19,2,1,23
1,0,1,22,67,78,0,1,50,0,3,0,1,0,3,1,4,2,2,23
1,3,2,19,89,78,0,1,90,0,0,0,1,3,2,1,10,2,0,23
1,2,1,21,95,78,1,1,51,0,3,0,1,2,3,1,11,2,2,23
3,0,1,27,67,78,1,1,68,0,2,0,1,0,0,1,17,2,2,23
3,2,1,27,89,78,0,1,43,1,3,0,1,2,2,1,16,1,2,23
3,3,1,18,81,78,0,1,100,1,0,0,1,3,0,1,18,1,2,23
0,0,2,25,54,78,0,1,63,1,2,0,1,0,2,1,9,1,0,23
0,2,1,29,93,78,1,1,65,1,2,0,1,2,1,1,9,1,2,23
3,1,2,27,65,78,0,1,70,1,1,0,1,1,1,1,19,1,1,23
0,0,1,22,67,78,0,1,50,1,3,0,1,0,3,1,4,1,2,23
3,3,2,19,89,78,0,1,90,1,0,0,1,3,2,1,10,1,0,23
3,2,1,21,95,78,1,1,51,1,3,0,1,2,3,1,11,1,2,23
3,0,1,27,67,78,1,1,68,1,2,0,1,0,0,1,17,1,2,23
2,2,0,27,89,78,0,1,43,0,3,0,1,2,2,2,16,0,2,23
2,3,0,18,81,78,0,1,100,0,0,0,1,3,0,2,18,0,2,23
2,0,2,25,54,78,0,1,63,0,2,0,1,0,2,2,9,0,0,23
2,2,0,29,93,78,1,1,65,0,2,0,1,2,1,2,9,0,2,23
2,1,2,27,65,78,0,1,70,0,1,0,1,1,1,2,19,0,1,23
1,0,0,22,67,78,0,1,50,0,3,0,1,0,3,2,4,0,2,23
2,3,2,19,89,78,0,1,90,0,0,0,1,3,2,2,10,0,0,23
2,2,0,21,95,78,1,1,51,0,3,0,1,2,3,2,11,0,2,23
2,0,0,27,67,78,1,1,68,0,2,0,1,0,0,2,17,0,2,23
3,3,0,22,94,70,1,1,90,1,0,0,1,3,3,0,15,0,1,11
3,3,0,22,94,70,1,1,90,1,0,0,1,3,3,0,15,2,1,11
3,3,2,22,94,70,1,1,90,0,0,0,1,3,3,1,15,1,1,11
3,1,0,23,52,63,1,0,72,0,1,0,1,1,2,0,15,1,1,14
2,1,2,23,52,63,1,0,72,0,1,0,1,1,2,1,15,2,1,14
3,1,2,23,52,63,1,0,72,1,1,0,1,1,2,1,15,0,1,14
1,3,0,25,75,68,0,0,88,0,0,1,1,3,3,2,6,2,2,22
1,3,0,25,75,68,0,0,88,1,0,1,1,3,3,1,6,0,2,22
1,3,0,25,75,68,0,0,88,1,0,1,0,3,3,1,6,2,2,22
1,3,0,25,75,68,0,0,88,0,0,1,1,3,3,1,6,2,2,22
2,3,1,19,89,92,0,1,81,0,1,1,1,3,0,1,16,1,2,39
2,2,1,22,91,92,0,1,70,0,1,1,1,2,2,1,20,1,1,39
1,2,1,23,83,92,0,0,54,0,3,1,1,2,3,1,10,1,1,39
3,0,1,22,66,92,1,1,40,0,3,1,1,0,2,1,13,1,0,39
3,1,1,23,58,92,1,1,88,0,0,1,1,1,2,1,12,1,1,39
0,1,1,24,62,92,1,1,85,0,0,1,1,1,1,1,1,1,2,39
0,2,1,26,84,99,1,0,55,0,2,1,1,2,3,0,8,1,1,24
2,0,1,18,53,99,0,1,56,0,2,1,1,0,0,0,20,1,0,24
0,2,1,26,84,99,1,0,55,1,2,1,1,2,3,1,8,1,1,24
3,0,1,18,53,99,0,1,56,1,2,1,1,0,0,1,20,1,0,24
0,2,1,26,84,99,1,0,55,1,2,1,1,2,3,0,8,0,1,24
2,0,1,18,53,99,0,1,56,1,2,1,1,0,0,0,20,0,0,24
0,2,1,26,84,99,1,0,55,0,2,1,1,2,3,0,8,1,1,24
2,0,1,18,53,99,0,1,56,0,2,1,1,0,0,0,20,1,0,24
0,2,1,26,84,99,1,0,55,0,2,1,1,2,3,2,8,1,1,24
2,0,1,18,53,99,0,1,56,0,2,1,1,0,0,2,20,1,0,24
1,0,1,18,56,89,0,1,61,0,2,1,1,0,3,0,8,2,0,23
2,3,2,24,89,89,0,1,100,0,0,1,1,3,0,0,20,2,1,23
1,0,2,27,75,89,1,1,46,0,3,1,1,0,1,0,7,2,1,23
1,2,1,25,76,89,1,0,54,0,3,1,1,2,0,0,2,2,0,23
1,0,1,18,56,89,0,1,61,0,2,1,1,0,3,1,8,2,0,23
2,3,2,24,89,89,0,1,100,0,0,1,1,3,0,1,20,2,1,23
1,0,2,27,75,89,1,1,46,0,3,1,1,0,1,1,7,2,1,23
1,2,1,25,76,89,1,0,54,0,3,1,1,2,0,1,2,2,0,23
1,0,1,18,56,89,0,1,61,0,2,1,1,0,3,0,8,1,0,23
2,3,2,24,89,89,0,1,100,0,0,1,1,3,0,0,20,1,1,23
0,0,2,27,75,89,1,1,46,0,3,1,1,0,1,0,7,1,1,23
0,2,1,25,76,89,1,0,54,0,3,1,1,2,0,0,2,1,0,23
1,0,1,18,56,89,0,1,61,1,2,1,1,0,3,0,8,2,0,23
2,3,2,24,89,89,0,1,100,1,0,1,1,3,0,0,20,2,1,23
0,0,2,27,75,89,1,1,46,1,3,1,1,0,1,0,7,2,1,23
0,2,1,25,76,89,1,0,54,1,3,1,1,2,0,0,2,2,0,23
1,0,1,18,56,89,0,1,61,1,2,1,1,0,3,1,8,2,0,23
2,3,2,24,89,89,0,1,100,1,0,1,1,3,0,1,20,2,1,23
0,0,2,27,75,89,1,1,46,1,3,1,1,0,1,1,7,2,1,23
0,2,1,25,76,89,1,0,54,1,3,1,1,2,0,1,2,2,0,23
1,0,1,18,56,89,0,1,61,0,2,1,1,0,3,2,8,1,0,23
2,3,2,24,89,89,0,1,100,0,0,1,1,3,0,2,20,1,1,23
0,0,2,27,75,89,1,1,46,0,3,1,1,0,1,2,7,1,1,23
0,2,1,25,76,89,1,0,54,0,3,1,1,2,0,2,2,1,0,23
1,0,1,18,56,89,0,1,61,0,2,1,1,0,3,1,8,0,0,23
2,3,2,24,89,89,0,1,100,0,0,1,1,3,0,1,20,0,1,23
1,0,2,27,75,89,1,1,46,0,3,1,1,0,1,1,7,0,1,23
0,2,1,25,76,89,1,0,54,0,3,1,1,2,0,1,2,0,0,23
3,2,2,18,81,75,1,1,63,0,2,1,1,2,3,2,17,2,0,25
1,1,2,19,68,75,0,1,90,0,0,1,1,1,3,2,11,2,1,25
1,1,0,21,67,75,1,1,76,0,1,1,1,1,3,2,7,2,2,25
2,3,0,21,85,75,0,1,79,0,1,1,1,3,1,2,13,2,2,25
1,1,2,26,66,75,1,1,97,0,0,1,1,1,0,2,11,2,1,25
3,2,0,18,81,75,1,1,63,1,2,1,1,2,3,0,17,1,0,25
3,1,2,19,68,75,0,1,90,1,0,1,1,1,3,0,11,1,1,25
0,1,0,21,67,75,1,1,76,1,1,1,1,1,3,0,7,1,2,25
3,3,0,21,85,75,0,1,79,1,1,1,1,3,1,0,13,1,2,25
3,1,2,26,66,75,1,1,97,1,0,1,1,1,0,0,11,1,1,25
3,2,2,18,81,75,1,1,63,1,2,1,1,2,3,2,17,2,0,25
1,1,2,19,68,75,0,1,90,1,0,1,1,1,3,2,11,2,1,25
0,1,0,21,67,75,1,1,76,1,1,1,1,1,3,2,7,2,2,25
3,3,0,21,85,75,0,1,79,1,1,1,1,3,1,2,13,2,2,25
3,1,2,26,66,75,1,1,97,1,0,1,1,1,0,2,11,2,1,25
3,2,2,18,81,75,1,1,63,1,2,1,1,2,3,1,17,0,0,25
2,1,2,19,68,75,0,1,90,1,0,1,1,1,3,1,11,0,1,25
0,1,2,21,67,75,1,1,76,1,1,1,1,1,3,1,7,0,2,25
2,3,2,21,85,75,0,1,79,1,1,1,1,3,1,1,13,0,2,25
3,1,2,26,66,75,1,1,97,1,0,1,1,1,0,1,11,0,1,25
3,2,2,18,81,75,1,1,63,1,2,1,1,2,3,2,17,0,0,25
2,1,2,19,68,75,0,1,90,1,0,1,1,1,3,2,11,0,1,25
0,1,0,21,67,75,1,1,76,1,1,1,1,1,3,2,7,0,2,25
2,3,0,21,85,75,0,1,79,1,1,1,1,3,1,2,13,0,2,25
3,1,2,26,66,75,1,1,97,1,0,1,1,1,0,2,11,0,1,25
3,2,0,18,81,75,1,1,63,1,2,1,1,2,3,0,17,2,0,25
1,1,2,19,68,75,0,1,90,1,0,1,1,1,3,0,11,2,1,25
0,1,0,21,67,75,1,1,76,1,1,1,1,1,3,0,7,2,2,25
3,3,0,21,85,75,0,1,79,1,1,1,1,3,1,0,13,2,2,25
3,1,2,26,66,75,1,1,97,1,0,1,1,1,0,0,11,2,1,25
3,2,0,24,83,78,1,0,62,1,2,1,1,2,0,0,16,2,0,31
3,1,0,21,50,78,1,0,92,1,0,1,1,1,0,0,15,2,2,31
0,3,0,21,100,78,1,1,85,1,0,1,1,3,0,0,4,2,0,31
3,3,0,19,97,78,1,1,84,1,1,1,1,3,3,0,17,2,2,31
0,1,2,20,74,78,1,1,90,1,0,1,1,1,3,0,6,2,1,31
1,2,0,18,92,78,0,0,57,1,2,1,1,2,2,0,6,2,0,31
0,1,2,29,60,64,1,0,92,1,0,0,1,1,3,1,6,1,1,24
0,3,2,22,96,64,1,1,85,1,0,0,1,3,0,1,4,1,1,24
3,3,0,21,92,64,0,1,97,1,0,0,1,3,2,1,18,1,2,24
3,2,0,21,84,64,1,0,42,1,3,0,1,2,0,1,11,1,2,24
3,0,1,23,55,85,1,1,63,1,2,1,1,0,0,1,12,0,0,25
0,1,2,28,71,85,1,0,97,1,0,1,1,1,0,1,4,0,1,25
3,0,1,23,55,85,1,1,63,0,2,1,1,0,0,1,12,1,0,25
0,1,2,28,71,85,1,0,97,0,0,1,1,1,0,1,4,1,1,25
3,0,1,23,55,85,1,1,63,1,2,1,1,0,0,1,12,1,0,25
0,1,2,28,71,85,1,0,97,1,0,1,1,1,0,1,4,1,1,25
0,0,2,23,69,82,1,1,59,1,2,1,1,0,3,1,1,2,0,16
1,2,2,26,85,82,0,1,60,1,2,1,1,2,3,1,1,2,1,16
3,1,1,19,50,82,1,1,81,1,1,1,1,1,2,1,18,2,2,16
0,0,2,23,69,82,1,1,59,1,2,1,1,0,3,1,1,1,0,16
0,2,2,26,85,82,0,1,60,1,2,1,1,2,3,1,1,1,1,16
3,1,1,19,50,82,1,1,81,1,1,1,1,1,2,1,18,1,2,16
0,0,2,23,69,82,1,1,59,1,2,1,1,0,3,2,1,1,0,16
0,2,2,26,85,82,0,1,60,1,2,1,1,2,3,2,1,1,1,16
3,1,1,19,50,82,1,1,81,1,1,1,1,1,2,2,18,1,2,16
1,0,0,23,69,82,1,1,59,0,2,1,1,0,3,0,1,2,0,16
1,2,2,26,85,82,0,1,60,0,2,1,1,2,3,0,1,2,1,16
2,1,0,19,50,82,1,1,81,0,1,1,1,1,2,0,18,2,2,16
0,0,0,23,69,82,1,1,59,0,2,1,1,0,3,0,1,0,0,16
1,2,2,26,85,82,0,1,60,0,2,1,1,2,3,0,1,0,1,16
2,1,0,19,50,82,1,1,81,0,1,1,1,1,2,0,18,0,2,16
0,0,2,23,69,82,1,1,59,0,2,1,1,0,3,1,1,1,0,16
1,2,2,26,85,82,0,1,60,0,2,1,1,2,3,1,1,1,1,16
3,1,1,19,50,82,1,1,81,0,1,1,1,1,2,1,18,1,2,16
0,0,0,23,69,82,1,1,59,1,2,1,1,0,3,0,1,2,0,16
1,2,2,26,85,82,0,1,60,1,2,1,1,2,3,0,1,2,1,16
3,1,0,19,50,82,1,1,81,1,1,1,1,1,2,0,18,2,2,16
0,0,2,23,69,82,1,1,59,1,2,1,1,0,3,1,1,1,0,16
0,2,2,26,85,82,0,1,60,1,2,1,1,2,3,1,1,1,1,16
3,1,1,19,50,82,1,1,81,1,1,1,1,1,2,1,18,1,2,16
0,0,2,23,69,82,1,1,59,1,2,1,1,0,3,1,1,2,0,16
1,2,2,26,85,82,0,1,60,1,2,1,1,2,3,1,1,2,1,16
3,1,1,19,50,82,1,1,81,1,1,1,1,1,2,1,18,2,2,16
0,0,2,28,69,82,1,1,54,0,3,0,1,0,1,1,8,1,1,23
3,1,1,23,61,82,1,1,70,0,1,0,1,1,0,1,17,1,2,23
1,0,2,28,69,82,1,1,54,0,3,0,1,0,1,2,8,0,1,23
2,1,1,23,61,82,1,1,70,0,1,0,1,1,0,2,17,0,2,23
0,0,2,28,69,82,1,1,54,1,3,0,1,0,1,1,8,1,1,23
3,1,1,23,61,82,1,1,70,1,1,0,1,1,0,1,17,1,2,23
3,0,2,29,74,71,1,1,59,1,2,0,1,0,2,1,12,2,0,25
3,0,0,29,74,71,1,1,59,1,2,0,1,0,2,0,12,1,0,25
0,3,2,19,89,90,1,1,97,0,0,1,1,3,2,2,0,1,1,30
3,2,1,23,78,99,1,1,59,0,2,1,1,2,0,1,17,1,2,20
1,2,1,25,78,99,0,0,71,0,1,1,1,2,3,1,2,1,0,20
3,2,1,23,78,99,1,1,59,1,2,1,1,2,0,2,17,0,2,20
0,2,1,25,78,99,0,0,71,1,1,1,1,2,3,2,2,0,0,20
3,2,1,23,78,99,1,1,59,1,2,1,1,2,0,0,17,0,2,20
0,2,1,25,78,99,0,0,71,1,1,1,1,2,3,0,2,0,0,20
2,2,1,23,78,99,1,1,59,0,2,1,1,2,0,0,17,0,2,20
1,2,1,25,78,99,0,0,71,0,1,1,1,2,3,0,2,0,0,20
2,2,1,23,78,99,1,1,59,0,2,1,1,2,0,0,17,0,2,20
1,2,1,25,78,99,0,0,71,0,1,1,1,2,3,0,2,0,0,20
3,2,1,23,78,99,1,1,59,1,2,1,1,2,0,1,17,1,2,20
0,2,1,25,78,99,0,0,71,1,1,1,1,2,3,1,2,1,0,20
3,2,1,23,78,99,1,1,59,1,2,1,1,2,0,2,17,0,2,20
0,2,1,25,78,99,0,0,71,1,1,1,1,2,3,2,2,0,0,20
3,2,1,23,78,99,1,1,59,0,2,1,1,2,0,2,17,1,2,20
1,2,1,25,78,99,0,0,71,0,1,1,1,2,3,2,2,1,0,20
3,3,0,27,76,62,1,1,88,0,0,0,1,3,3,0,18,2,2,24
1,1,0,29,50,62,0,1,100,0,0,0,1,1,1,0,11,2,2,24
3,3,0,26,100,62,1,1,78,0,1,0,1,3,3,0,16,2,1,24
3,3,0,27,76,62,1,1,88,1,0,0,1,3,3,1,18,0,2,24
2,1,0,29,50,62,0,1,100,1,0,0,1,1,1,1,11,0,2,24
3,3,2,26,100,62,1,1,78,1,1,0,1,3,3,1,16,0,1,24
3,3,0,27,76,62,1,1,88,0,0,0,1,3,3,0,18,2,2,24
1,1,0,29,50,62,0,1,100,0,0,0,1,1,1,0,11,2,2,24
3,3,0,26,100,62,1,1,78,0,1,0,1,3,3,0,16,2,1,24
3,3,0,27,76,62,1,1,88,1,0,0,1,3,3,1,18,2,2,24
1,1,0,29,50,62,0,1,100,1,0,0,1,1,1,1,11,2,2,24
3,3,2,26,100,62,1,1,78,1,1,0,1,3,3,1,16,2,1,24
3,3,0,27,76,62,1,1,88,0,0,0,1,3,3,1,18,1,2,24
2,1,0,29,50,62,0,1,100,0,0,0,1,1,1,1,11,1,2,24
3,3,2,26,100,62,1,1,78,0,1,0,1,3,3,1,16,1,1,24
3,2,2,26,98,80,1,1,42,1,3,1,1,2,2,0,12,1,1,11
0,2,0,29,79,80,1,0,66,1,2,1,1,2,2,0,1,1,2,11
1,2,1,24,97,96,0,1,42,0,3,0,1,2,0,0,6,1,1,18
1,2,1,24,97,96,0,1,42,0,3,0,1,2,0,1,6,2,1,18
1,2,1,24,97,96,0,1,42,1,3,0,1,2,0,1,6,0,1,18
0,2,1,24,97,96,0,1,42,1,3,0,1,2,0,1,6,1,1,18
0,2,1,24,97,96,0,1,42,1,3,0,1,2,0,0,6,1,1,18
0,2,1,24,97,96,0,1,42,1,3,0,1,2,0,1,6,1,1,18
1,2,1,24,97,96,0,1,42,1,3,0,1,2,0,0,6,0,1,18
1,2,1,24,97,96,0,1,42,0,3,0,1,2,0,0,6,0,1,18
3,3,1,28,86,90,0,0,95,1,0,1,1,3,3,1,10,1,2,23
0,0,1,18,70,90,0,0,41,1,3,1,1,0,1,1,9,1,2,23
0,2,2,28,93,90,1,1,44,1,3,1,1,2,0,1,0,1,1,23
3,0,2,25,74,90,1,1,62,1,2,1,1,0,3,1,20,1,1,23
2,3,1,28,86,90,0,0,95,0,0,1,1,3,3,0,10,0,2,23
2,0,1,18,70,90,0,0,41,0,3,1,1,0,1,0,9,0,2,23
0,2,2,28,93,90,1,1,44,0,3,1,1,2,0,0,0,0,1,23
2,0,2,25,74,90,1,1,62,0,2,1,1,0,3,0,20,0,1,23
3,3,1,28,86,90,0,0,95,1,0,1,1,3,3,0,10,1,2,23
0,0,1,18,70,90,0,0,41,1,3,1,1,0,1,0,9,1,2,23
0,2,2,28,93,90,1,1,44,1,3,1,1,2,0,0,0,1,1,23
3,0,2,25,74,90,1,1,62,1,2,1,1,0,3,0,20,1,1,23
1,3,1,28,86,90,0,0,95,1,0,1,0,3,3,2,10,2,2,23
1,0,1,18,70,90,0,0,41,1,3,1,0,0,1,2,9,2,2,23
0,2,2,28,93,90,1,1,44,1,3,1,0,2,0,2,0,2,1,23
3,0,2,25,74,90,1,1,62,1,2,1,0,0,3,2,20,2,1,23
1,3,1,28,86,90,0,0,95,0,0,1,1,3,3,0,10,1,2,23
1,0,1,18,70,90,0,0,41,0,3,1,1,0,1,0,9,1,2,23
0,2,2,28,93,90,1,1,44,0,3,1,1,2,0,0,0,1,1,23
3,0,2,25,74,90,1,1,62,0,2,1,1,0,3,0,20,1,1,23
3,3,1,28,86,90,0,0,95,1,0,1,1,3,3,1,10,1,2,23
0,0,1,18,70,90,0,0,41,1,3,1,1,0,1,1,9,1,2,23
0,2,2,28,93,90,1,1,44,1,3,1,1,2,0,1,0,1,1,23
3,0,2,25,74,90,1,1,62,1,2,1,1,0,3,1,20,1,1,23
1,0,2,27,62,75,0,0,47,1,3,0,1,0,3,1,6,2,2,7
1,0,2,19,65,75,0,1,40,1,3,0,1,0,2,1,12,2,1,7
1,1,0,26,74,68,0,0,73,0,1,0,1,1,3,1,0,1,2,27
3,0,2,23,50,68,1,1,52,0,3,0,1,0,0,1,18,1,1,27
1,1,0,26,74,68,0,0,73,0,1,0,1,1,3,1,0,2,2,27
3,0,2,23,50,68,1,1,52,0,3,0,1,0,0,1,18,2,1,27
1,1,0,26,74,68,0,0,73,0,1,0,1,1,3,1,0,1,2,27
3,0,2,23,50,68,1,1,52,0,3,0,1,0,0,1,18,1,1,27
0,1,2,23,53,78,1,0,83,1,1,1,1,1,3,0,3,1,1,9
0,1,0,25,64,78,1,0,99,1,0,1,1,1,1,0,8,1,2,9
3,0,0,22,62,78,1,0,57,1,2,1,1,0,3,0,11,1,2,9
0,1,2,23,53,78,1,0,83,0,1,1,1,1,3,0,3,1,1,9
0,1,0,25,64,78,1,0,99,0,0,1,1,1,1,0,8,1,2,9
3,0,0,22,62,78,1,0,57,0,2,1,1,0,3,0,11,1,2,9
1,1,2,23,53,78,1,0,83,0,1,1,1,1,3,1,3,2,1,9
1,1,1,25,64,78,1,0,99,0,0,1,1,1,1,1,8,2,2,9
1,0,1,22,62,78,1,0,57,0,2,1,1,0,3,1,11,2,2,9
1,1,0,20,52,77,1,1,83,0,1,1,1,1,1,0,2,2,0,14
2,2,0,21,97,77,0,1,70,0,1,1,1,2,3,0,14,2,2,14
1,1,0,23,68,77,0,0,91,0,0,1,1,1,0,0,12,2,0,14
2,0,0,22,60,77,0,1,59,0,2,1,1,0,0,0,18,2,0,14
0,1,2,20,52,77,1,1,83,1,1,1,1,1,1,1,2,1,0,14
3,2,1,21,97,77,0,1,70,1,1,1,1,2,3,1,14,1,2,14
3,1,2,23,68,77,0,0,91,1,0,1,1,1,0,1,12,1,0,14
3,0,2,22,60,77,0,1,59,1,2,1,1,0,0,1,18,1,0,14
0,1,0,20,52,77,1,1,83,1,1,1,1,1,1,0,2,1,0,14
3,2,0,21,97,77,0,1,70,1,1,1,1,2,3,0,14,1,2,14
3,1,0,23,68,77,0,0,91,1,0,1,1,1,0,0,12,1,0,14
3,0,0,22,60,77,0,1,59,1,2,1,1,0,0,0,18,1,0,14
0,1,0,20,52,77,1,1,83,1,1,1,1,1,1,0,2,2,0,14
2,2,0,21,97,77,0,1,70,1,1,1,1,2,3,0,14,2,2,14
1,1,0,23,68,77,0,0,91,1,0,1,1,1,0,0,12,2,0,14
2,0,0,22,60,77,0,1,59,1,2,1,1,0,0,0,18,2,0,14
0,1,2,20,52,77,1,1,83,0,1,1,1,1,1,1,2,0,0,14
2,2,1,21,97,77,0,1,70,0,1,1,1,2,3,1,14,0,2,14
2,1,2,23,68,77,0,0,91,0,0,1,1,1,0,1,12,0,0,14
2,0,2,22,60,77,0,1,59,0,2,1,1,0,0,1,18,0,0,14
0,1,0,20,52,77,1,1,83,1,1,1,1,1,1,0,2,1,0,14
3,2,0,21,97,77,0,1,70,1,1,1,1,2,3,0,14,1,2,14
3,1,0,23,68,77,0,0,91,1,0,1,1,1,0,0,12,1,0,14
3,0,0,22,60,77,0,1,59,1,2,1,1,0,0,0,18,1,0,14
0,1,2,20,52,77,1,1,83,0,1,1,1,1,1,2,2,1,0,14
2,2,0,21,97,77,0,1,70,0,1,1,1,2,3,2,14,1,2,14
2,1,2,23,68,77,0,0,91,0,0,1,1,1,0,2,12,1,0,14
2,0,2,22,60,77,0,1,59,0,2,1,1,0,0,2,18,1,0,14
2,2,0,29,92,82,1,0,49,0,3,0,1,2,2,0,9,0,2,11
2,2,0,23,87,82,0,1,59,0,2,0,1,2,3,0,14,0,2,11
0,2,1,29,92,82,1,0,49,1,3,0,0,2,2,1,9,1,2,11
3,2,1,23,87,82,0,1,59,1,2,0,0,2,3,1,14,1,2,11
1,2,1,29,92,82,1,0,49,0,3,0,1,2,2,2,9,2,2,11
2,2,1,23,87,82,0,1,59,0,2,0,1,2,3,2,14,2,2,11
0,3,1,23,96,90,0,1,98,1,0,0,1,3,2,0,8,1,0,10
3,1,1,23,66,90,1,1,100,1,0,0,1,1,1,0,11,1,0,10
3,2,1,28,89,85,1,1,71,1,1,1,0,2,3,2,16,1,2,29
3,2,1,22,94,85,1,1,50,1,3,1,0,2,0,2,17,1,2,29
3,3,1,22,81,85,0,1,100,1,0,1,0,3,2,2,15,1,2,29
0,3,0,22,93,74,1,1,86,1,0,1,1,3,2,0,6,0,2,12
0,3,2,22,93,74,1,1,86,0,0,1,1,3,2,1,6,1,2,12
0,3,0,22,93,74,1,1,86,0,0,1,1,3,2,2,6,1,2,12
0,3,0,22,93,74,1,1,86,1,0,1,1,3,2,2,6,2,2,12
3,0,2,23,63,79,0,1,65,1,2,0,1,0,1,0,12,1,1,18
3,3,0,22,91,79,1,1,89,1,0,0,1,3,0,0,14,1,2,18
0,1,0,21,71,79,1,1,70,1,1,0,1,1,1,0,8,1,0,18
3,0,2,23,63,79,0,1,65,1,2,0,1,0,1,1,12,1,1,18
3,3,1,22,91,79,1,1,89,1,0,0,1,3,0,1,14,1,2,18
0,1,2,21,71,79,1,1,70,1,1,0,1,1,1,1,8,1,0,18
2,0,2,23,63,79,0,1,65,0,2,0,1,0,1,2,12,1,1,18
3,3,0,22,91,79,1,1,89,0,0,0,1,3,0,2,14,1,2,18
0,1,2,21,71,79,1,1,70,0,1,0,1,1,1,2,8,1,0,18
2,0,2,23,63,79,0,1,65,0,2,0,0,0,1,1,12,1,1,18
3,3,1,22,91,79,1,1,89,0,0,0,0,3,0,1,14,1,2,18
0,1,2,21,71,79,1,1,70,0,1,0,0,1,1,1,8,1,0,18
3,0,2,23,63,79,0,1,65,1,2,0,1,0,1,1,12,1,1,18
3,3,1,22,91,79,1,1,89,1,0,0,1,3,0,1,14,1,2,18
0,1,2,21,71,79,1,1,70,1,1,0,1,1,1,1,8,1,0,18
1,0,2,23,63,79,0,1,65,0,2,0,1,0,1,0,12,2,1,18
2,3,0,22,91,79,1,1,89,0,0,0,1,3,0,0,14,2,2,18
1,1,0,21,71,79,1,1,70,0,1,0,1,1,1,0,8,2,0,18
1,0,2,23,63,79,0,1,65,1,2,0,1,0,1,1,12,2,1,18
3,3,1,22,91,79,1,1,89,1,0,0,1,3,0,1,14,2,2,18
0,1,2,21,71,79,1,1,70,1,1,0,1,1,1,1,8,2,0,18
0,0,2,20,64,88,1,1,65,1,2,0,1,0,1,1,5,1,1,14
0,2,1,24,95,88,1,1,55,1,2,0,1,2,2,1,6,1,2,14
1,0,1,18,63,92,1,1,69,0,2,0,1,0,2,1,10,2,2,25
2,0,1,20,55,92,0,1,40,0,3,0,1,0,3,1,19,2,1,25
1,1,1,24,56,92,1,1,100,0,0,0,1,1,3,1,5,2,0,25
3,0,1,18,63,92,1,1,69,1,2,0,1,0,2,1,10,2,2,25
3,0,1,20,55,92,0,1,40,1,3,0,1,0,3,1,19,2,1,25
0,1,1,24,56,92,1,1,100,1,0,0,1,1,3,1,5,2,0,25
3,0,1,18,63,92,1,1,69,1,2,0,1,0,2,1,10,1,2,25
3,0,1,20,55,92,0,1,40,1,3,0,1,0,3,1,19,1,1,25
0,1,1,24,56,92,1,1,100,1,0,0,1,1,3,1,5,1,0,25
3,0,1,18,63,92,1,1,69,0,2,0,1,0,2,2,10,1,2,25
2,0,1,20,55,92,0,1,40,0,3,0,1,0,3,2,19,1,1,25
0,1,1,24,56,92,1,1,100,0,0,0,1,1,3,2,5,1,0,25
1,2,0,19,94,68,0,0,49,0,3,0,1,2,3,0,9,2,2,26
1,0,0,25,55,68,0,1,60,0,2,0,1,0,2,0,7,2,0,26
0,2,0,19,94,68,0,0,49,1,3,0,1,2,3,2,9,1,2,26
0,0,0,25,55,68,0,1,60,1,2,0,1,0,2,2,7,1,0,26
3,3,2,21,99,65,1,0,81,1,1,0,1,3,0,1,14,1,1,18
3,0,0,21,61,65,1,1,45,1,3,0,1,0,2,1,15,1,2,18
3,3,0,21,99,65,1,0,81,1,1,0,1,3,0,0,14,2,1,18
3,0,0,21,61,65,1,1,45,1,3,0,1,0,2,0,15,2,2,18
2,2,1,24,98,76,0,1,46,1,3,0,1,2,3,1,12,0,2,12
0,2,1,28,78,76,1,0,63,1,2,0,1,2,3,1,5,0,2,12
1,2,1,18,80,93,1,1,70,0,1,1,1,2,1,1,4,2,0,29
1,1,1,19,74,93,1,1,75,0,1,1,1,1,2,1,4,2,1,29
0,2,1,18,80,93,1,1,70,1,1,1,1,2,1,1,4,1,0,29
0,1,1,19,74,93,1,1,75,1,1,1,1,1,2,1,4,1,1,29
0,2,1,18,80,93,1,1,70,1,1,1,0,2,1,1,4,1,0,29
0,1,1,19,74,93,1,1,75,1,1,1,0,1,2,1,4,1,1,29
1,2,1,18,80,93,1,1,70,0,1,1,1,2,1,1,4,2,0,29
1,1,1,19,74,93,1,1,75,0,1,1,1,1,2,1,4,2,1,29
1,1,1,28,51,84,0,1,100,1,0,1,0,1,0,1,4,2,0,12
1,1,1,28,51,84,0,1,100,0,0,1,1,1,0,1,4,1,0,12
1,1,1,28,51,84,0,1,100,0,0,1,0,1,0,2,4,2,0,12
1,1,1,25,68,86,0,0,92,1,0,1,1,1,2,1,5,2,2,26
1,1,1,25,68,86,0,0,92,0,0,1,1,1,2,1,5,0,2,26
1,1,1,25,68,86,0,0,92,1,0,1,1,1,2,1,5,0,2,26
2,2,1,23,78,93,0,1,64,0,2,0,1,2,2,1,18,0,1,20
2,3,1,29,87,93,1,1,77,0,1,0,1,3,3,1,10,0,1,20
1,2,1,23,77,93,0,1,48,0,3,0,1,2,1,1,2,0,2,20
2,0,1,29,75,93,1,0,46,0,3,0,1,0,2,1,19,0,2,20
3,2,1,23,78,93,0,1,64,1,2,0,0,2,2,0,18,1,1,20
3,3,1,29,87,93,1,1,77,1,1,0,0,3,3,0,10,1,1,20
0,2,1,23,77,93,0,1,48,1,3,0,0,2,1,0,2,1,2,20
3,0,1,29,75,93,1,0,46,1,3,0,0,0,2,0,19,1,2,20
2,2,1,23,78,93,0,1,64,0,2,0,1,2,2,0,18,1,1,20
3,3,1,29,87,93,1,1,77,0,1,0,1,3,3,0,10,1,1,20
1,2,1,23,77,93,0,1,48,0,3,0,1,2,1,0,2,1,2,20
3,0,1,29,75,93,1,0,46,0,3,0,1,0,2,0,19,1,2,20
3,0,1,24,51,88,1,0,62,1,2,1,1,0,0,0,10,2,0,11
3,1,1,27,74,88,1,0,82,1,1,1,1,1,3,0,16,2,2,11
3,0,1,24,51,88,1,0,62,1,2,1,1,0,0,0,10,1,0,11
3,1,1,27,74,88,1,0,82,1,1,1,1,1,3,0,16,1,2,11
1,2,1,21,80,97,0,1,49,1,3,1,1,2,1,2,6,2,2,25
3,0,1,29,60,97,1,1,48,1,3,1,1,0,2,2,15,2,1,25
0,2,1,21,80,97,0,1,49,1,3,1,1,2,1,1,6,1,2,25
3,0,1,29,60,97,1,1,48,1,3,1,1,0,2,1,15,1,1,25
1,2,1,21,80,97,0,1,49,1,3,1,1,2,1,1,6,2,2,25
3,0,1,29,60,97,1,1,48,1,3,1,1,0,2,1,15,2,1,25
1,2,1,21,80,97,0,1,49,1,3,1,1,2,1,2,6,2,2,25
3,0,1,29,60,97,1,1,48,1,3,1,1,0,2,2,15,2,1,25
0,2,1,21,80,97,0,1,49,1,3,1,1,2,1,0,6,1,2,25
3,0,1,29,60,97,1,1,48,1,3,1,1,0,2,0,15,1,1,25
3,3,0,26,79,75,1,1,86,1,0,0,1,3,2,2,17,1,2,12
0,1,2,26,54,75,1,1,93,1,0,0,1,1,2,2,2,1,0,12
2,3,0,26,79,75,1,1,86,0,0,0,1,3,2,0,17,2,2,12
1,1,0,26,54,75,1,1,93,0,0,0,1,1,2,0,2,2,0,12
3,1,1,18,61,95,1,1,92,1,0,1,0,1,3,0,20,0,0,20
3,1,1,22,55,95,1,1,86,1,0,1,0,1,2,0,19,0,0,20
3,1,1,18,61,95,1,1,92,0,0,1,1,1,3,1,20,1,0,20
3,1,1,22,55,95,1,1,86,0,0,1,1,1,2,1,19,1,0,20
3,1,1,18,61,95,1,1,92,1,0,1,1,1,3,1,20,0,0,20
3,1,1,22,55,95,1,1,86,1,0,1,1,1,2,1,19,0,0,20
3,1,1,18,61,95,1,1,92,1,0,1,1,1,3,0,20,0,0,20
3,1,1,22,55,95,1,1,86,1,0,1,1,1,2,0,19,0,0,20
3,1,1,18,61,95,1,1,92,0,0,1,1,1,3,0,20,1,0,20
3,1,1,22,55,95,1,1,86,0,0,1,1,1,2,0,19,1,0,20
3,1,1,18,61,95,1,1,92,1,0,1,1,1,3,0,20,0,0,20
3,1,1,22,55,95,1,1,86,1,0,1,1,1,2,0,19,0,0,20
3,1,1,18,61,95,1,1,92,1,0,1,1,1,3,0,20,2,0,20
3,1,1,22,55,95,1,1,86,1,0,1,1,1,2,0,19,2,0,20
2,1,2,29,68,72,0,1,82,0,1,0,0,1,3,1,15,0,1,16
2,1,2,18,53,72,0,1,97,0,0,0,0,1,0,1,9,0,1,16
2,3,0,21,86,72,1,1,73,0,1,0,0,3,2,1,14,0,2,16
2,1,2,29,68,72,0,1,82,0,1,0,1,1,3,1,15,1,1,16
1,1,2,18,53,72,0,1,97,0,0,0,1,1,0,1,9,1,1,16
3,3,0,21,86,72,1,1,73,0,1,0,1,3,2,1,14,1,2,16
0,3,0,19,83,83,1,1,94,1,0,1,1,3,2,0,2,1,2,17
0,3,1,19,83,83,1,1,94,0,0,1,1,3,2,1,2,1,2,17
0,3,1,19,83,83,1,1,94,1,0,1,1,3,2,1,2,1,2,17
0,3,0,19,83,83,1,1,94,1,0,1,1,3,2,0,2,0,2,17
1,3,0,19,83,83,1,1,94,0,0,1,1,3,2,0,2,2,2,17
0,3,1,19,83,83,1,1,94,1,0,1,1,3,2,2,2,1,2,17
0,3,1,19,83,83,1,1,94,0,0,1,1,3,2,1,2,1,2,17
3,1,2,23,54,74,1,0,98,1,0,0,1,1,0,1,12,0,1,34
2,3,2,28,77,74,0,1,87,1,0,0,1,3,0,1,13,0,1,34
3,3,2,22,79,90,0,1,93,1,0,1,1,3,2,1,19,1,1,29
3,2,1,26,76,90,0,1,47,1,3,1,1,2,2,1,14,1,2,29
3,3,1,26,76,90,1,1,97,1,0,1,1,3,2,1,11,1,2,29
3,3,2,23,78,81,1,1,80,1,1,1,1,3,2,1,16,1,1,12
3,3,1,24,76,81,0,1,74,1,1,1,1,3,2,1,17,1,2,12
3,0,1,26,67,81,1,0,63,1,2,1,1,0,0,1,14,1,2,12
3,2,1,25,93,81,1,1,67,1,2,1,1,2,3,1,12,1,2,12
3,3,2,23,78,81,1,1,80,0,1,1,1,3,2,0,16,1,1,12
2,3,0,24,76,81,0,1,74,0,1,1,1,3,2,0,17,1,2,12
3,0,0,26,67,81,1,0,63,0,2,1,1,0,0,0,14,1,2,12
3,2,0,25,93,81,1,1,67,0,2,1,1,2,3,0,12,1,2,12
3,3,2,23,78,81,1,1,80,1,1,1,1,3,2,2,16,1,1,12
3,3,1,24,76,81,0,1,74,1,1,1,1,3,2,2,17,1,2,12
3,0,1,26,67,81,1,0,63,1,2,1,1,0,0,2,14,1,2,12
3,2,1,25,93,81,1,1,67,1,2,1,1,2,3,2,12,1,2,12
3,3,2,23,78,81,1,1,80,1,1,1,1,3,2,2,16,1,1,12
3,3,1,24,76,81,0,1,74,1,1,1,1,3,2,2,17,1,2,12
3,0,1,26,67,81,1,0,63,1,2,1,1,0,0,2,14,1,2,12
3,2,1,25,93,81,1,1,67,1,2,1,1,2,3,2,12,1,2,12
3,3,2,23,78,81,1,1,80,1,1,1,1,3,2,2,16,1,1,12
3,3,1,24,76,81,0,1,74,1,1,1,1,3,2,2,17,1,2,12
3,0,1,26,67,81,1,0,63,1,2,1,1,0,0,2,14,1,2,12
3,2,1,25,93,81,1,1,67,1,2,1,1,2,3,2,12,1,2,12
0,2,2,24,80,63,1,1,53,0,3,0,1,2,3,2,9,1,1,16
1,0,0,25,53,63,0,0,66,0,2,0,1,0,0,2,4,1,0,16
1,2,0,24,80,63,1,1,53,0,3,0,1,2,3,0,9,2,1,16
1,0,0,25,53,63,0,0,66,0,2,0,1,0,0,0,4,2,0,16
2,2,2,24,80,63,1,1,53,0,3,0,1,2,3,1,9,0,1,16
1,0,2,25,53,63,0,0,66,0,2,0,1,0,0,1,4,0,0,16
3,2,0,24,87,83,1,1,62,1,2,1,1,2,1,0,15,1,2,32
0,2,0,26,83,83,1,0,69,1,2,1,1,2,2,0,7,1,2,32
3,0,0,19,58,83,0,0,52,1,3,1,1,0,3,0,11,1,2,32
3,2,1,24,87,83,1,1,62,1,2,1,1,2,1,1,15,1,2,32
0,2,1,26,83,83,1,0,69,1,2,1,1,2,2,1,7,1,2,32
3,0,1,19,58,83,0,0,52,1,3,1,1,0,3,1,11,1,2,32
0,2,2,29,95,82,1,0,68,1,2,0,1,2,1,0,4,0,1,20
0,2,0,27,77,82,1,1,57,1,2,0,1,2,2,0,0,0,2,20
3,2,0,19,93,82,1,0,48,1,3,0,1,2,0,0,12,0,2,20
0,0,0,27,54,82,1,0,51,1,3,0,1,0,1,0,7,0,2,20
3,3,0,22,95,82,1,1,73,1,1,0,1,3,3,0,15,0,2,20
0,3,2,24,95,82,1,0,75,1,1,0,1,3,3,0,1,0,1,20
0,2,2,29,95,82,1,0,68,1,2,0,1,2,1,1,4,1,1,20
0,2,1,27,77,82,1,1,57,1,2,0,1,2,2,1,0,1,2,20
3,2,1,19,93,82,1,0,48,1,3,0,1,2,0,1,12,1,2,20
0,0,1,27,54,82,1,0,51,1,3,0,1,0,1,1,7,1,2,20
3,3,1,22,95,82,1,1,73,1,1,0,1,3,3,1,15,1,2,20
0,3,2,24,95,82,1,0,75,1,1,0,1,3,3,1,1,1,1,20
0,2,2,29,95,82,1,0,68,0,2,0,1,2,1,0,4,1,1,20
0,2,0,27,77,82,1,1,57,0,2,0,1,2,2,0,0,1,2,20
3,2,0,19,93,82,1,0,48,0,3,0,1,2,0,0,12,1,2,20
0,0,0,27,54,82,1,0,51,0,3,0,1,0,1,0,7,1,2,20
3,3,0,22,95,82,1,1,73,0,1,0,1,3,3,0,15,1,2,20
0,3,2,24,95,82,1,0,75,0,1,0,1,3,3,0,1,1,1,20
0,2,2,24,81,75,1,0,68,1,2,0,1,2,0,1,8,2,1,17
1,2,2,24,81,75,1,0,68,0,2,0,1,2,0,2,8,0,1,17
3,3,1,19,93,84,1,0,77,1,1,0,1,3,2,2,16,1,2,29
3,3,1,22,86,84,0,0,90,1,0,0,1,3,2,2,10,1,2,29
3,2,1,24,96,93,1,1,67,1,2,0,1,2,0,1,13,2,2,18
3,2,1,24,96,93,1,1,67,0,2,0,1,2,0,0,13,1,2,18
3,2,1,24,96,93,1,1,67,0,2,0,1,2,0,2,13,2,2,18
3,2,1,24,96,93,1,1,67,0,2,0,1,2,0,2,13,2,2,18
2,0,2,26,64,63,0,1,52,0,3,1,1,0,0,2,19,2,1,38
3,3,0,20,90,63,1,0,81,0,1,1,1,3,1,2,17,2,0,38
1,3,0,20,80,63,1,1,89,0,0,1,1,3,2,2,4,2,2,38
3,1,0,18,75,69,1,1,78,1,1,0,0,1,0,1,10,2,2,27
0,1,0,21,55,69,1,1,91,1,0,0,0,1,3,1,5,2,2,27
2,3,1,18,98,94,0,1,87,0,0,0,1,3,1,1,18,0,2,19
2,3,1,26,77,94,1,1,72,0,1,0,1,3,1,1,11,0,0,19
2,3,1,18,98,94,0,1,87,0,0,0,1,3,1,1,18,2,2,19
1,3,1,26,77,94,1,1,72,0,1,0,1,3,1,1,11,2,0,19
2,3,1,18,98,94,0,1,87,0,0,0,1,3,1,1,18,1,2,19
3,3,1,26,77,94,1,1,72,0,1,0,1,3,1,1,11,1,0,19
3,3,1,18,98,94,0,1,87,1,0,0,1,3,1,1,18,1,2,19
3,3,1,26,77,94,1,1,72,1,1,0,1,3,1,1,11,1,0,19
2,3,1,18,98,94,0,1,87,1,0,0,1,3,1,1,18,0,2,19
3,3,1,26,77,94,1,1,72,1,1,0,1,3,1,1,11,0,0,19
0,3,2,24,83,86,1,0,84,0,1,0,1,3,0,2,8,1,1,38
0,0,2,27,75,86,1,1,54,0,3,0,1,0,1,2,4,1,1,38
3,3,1,18,93,86,1,0,90,0,0,0,1,3,0,2,13,1,0,38
0,3,1,28,84,94,1,1,81,0,1,0,1,3,3,1,1,1,2,26
0,3,1,28,84,94,1,1,81,0,1,0,1,3,3,0,1,1,2,26
0,3,1,28,84,94,1,1,81,1,1,0,1,3,3,0,1,2,2,26
0,3,1,28,84,94,1,1,81,0,1,0,1,3,3,2,1,1,2,26
3,2,1,18,96,84,1,1,55,1,2,1,1,2,1,1,10,2,2,32
3,2,1,18,96,84,1,1,55,1,2,1,0,2,1,1,10,1,2,32
0,0,0,19,76,71,1,0,40,1,3,0,1,0,0,0,1,2,1,13
1,2,0,27,81,71,0,1,68,1,2,0,1,2,2,0,7,2,1,13
0,0,2,19,76,71,1,0,40,1,3,0,1,0,0,2,1,2,1,13
1,2,2,27,81,71,0,1,68,1,2,0,1,2,2,2,7,2,1,13
0,2,1,18,99,84,1,1,40,0,3,0,1,2,0,1,3,1,2,14
0,2,1,18,99,84,1,1,40,1,3,0,1,2,0,2,3,2,2,14
1,2,1,18,99,84,1,1,40,0,3,0,0,2,0,1,3,2,2,14
0,2,1,18,99,84,1,1,40,1,3,0,1,2,0,2,3,1,2,14
1,3,0,29,80,61,0,0,81,0,1,0,0,3,3,0,4,1,1,14
3,1,0,21,57,61,1,1,86,0,0,0,0,1,1,0,12,1,1,14
1,3,2,29,80,61,0,0,81,0,1,0,1,3,3,1,4,2,1,14
1,1,2,21,57,61,1,1,86,0,0,0,1,1,1,1,12,2,1,14
1,3,2,29,80,61,0,0,81,0,1,0,1,3,3,1,4,2,1,14
1,1,2,21,57,61,1,1,86,0,0,0,1,1,1,1,12,2,1,14
0,3,2,29,80,61,0,0,81,1,1,0,1,3,3,1,4,0,1,14
3,1,2,21,57,61,1,1,86,1,0,0,1,1,1,1,12,0,1,14
1,3,2,29,80,61,0,0,81,0,1,0,1,3,3,2,4,1,1,14
3,1,2,21,57,61,1,1,86,0,0,0,1,1,1,2,12,1,1,14
1,2,1,28,91,90,1,1,52,0,3,1,1,2,1,1,7,2,2,17
1,3,2,21,75,90,1,1,92,0,0,1,1,3,0,1,8,2,1,17
0,2,1,28,91,90,1,1,52,0,3,1,1,2,1,0,7,1,2,17
0,3,2,21,75,90,1,1,92,0,0,1,1,3,0,0,8,1,1,17
0,2,1,28,91,90,1,1,52,0,3,1,1,2,1,1,7,1,2,17
0,3,2,21,75,90,1,1,92,0,0,1,1,3,0,1,8,1,1,17
0,1,1,25,64,83,1,1,92,1,0,0,1,1,1,1,5,1,2,13
0,2,1,20,93,83,1,1,41,1,3,0,1,2,3,1,8,1,2,13
3,0,1,19,66,83,1,0,51,1,3,0,1,0,1,1,11,1,2,13
0,1,1,25,64,83,1,1,92,0,0,0,1,1,1,2,5,0,2,13
1,2,1,20,93,83,1,1,41,0,3,0,1,2,3,2,8,0,2,13
2,0,1,19,66,83,1,0,51,0,3,0,1,0,1,2,11,0,2,13
0,1,1,25,64,83,1,1,92,0,0,0,1,1,1,1,5,1,2,13
0,2,1,20,93,83,1,1,41,0,3,0,1,2,3,1,8,1,2,13
3,0,1,19,66,83,1,0,51,0,3,0,1,0,1,1,11,1,2,13
3,2,0,21,79,68,0,0,55,1,2,1,1,2,3,1,20,1,2,19
3,1,2,25,63,68,1,0,91,1,0,1,1,1,0,1,12,1,0,19
2,2,0,21,79,68,0,0,55,1,2,1,1,2,3,2,20,2,2,19
3,1,0,25,63,68,1,0,91,1,0,1,1,1,0,2,12,2,0,19
2,2,0,21,79,68,0,0,55,1,2,1,1,2,3,0,20,0,2,19
3,1,0,25,63,68,1,0,91,1,0,1,1,1,0,0,12,0,0,19
0,1,2,18,56,77,1,0,87,1,0,0,1,1,2,1,8,2,1,35
1,3,1,19,100,86,0,1,97,0,0,0,1,3,3,2,4,1,2,9
2,1,2,28,60,86,0,0,70,0,1,0,1,1,1,2,18,1,1,9
3,0,1,29,65,86,1,0,44,0,3,0,1,0,1,2,16,1,2,9
1,3,1,19,100,86,0,1,97,0,0,0,1,3,3,1,4,2,2,9
2,1,2,28,60,86,0,0,70,0,1,0,1,1,1,1,18,2,1,9
2,0,1,29,65,86,1,0,44,0,3,0,1,0,1,1,16,2,2,9
0,2,2,18,87,74,1,0,64,1,2,1,1,2,0,1,7,1,2,15
3,2,2,18,93,74,0,1,61,1,2,1,1,2,1,1,14,1,1,15
1,2,0,18,87,74,1,0,64,0,2,1,0,2,0,0,7,2,2,15
2,2,2,18,93,74,0,1,61,0,2,1,0,2,1,0,14,2,1,15
0,2,2,18,87,74,1,0,64,1,2,1,1,2,0,1,7,1,2,15
3,2,2,18,93,74,0,1,61,1,2,1,1,2,1,1,14,1,1,15
1,2,0,18,87,74,1,0,64,0,2,1,1,2,0,0,7,0,2,15
2,2,2,18,93,74,0,1,61,0,2,1,1,2,1,0,14,0,1,15
1,2,2,18,87,74,1,0,64,0,2,1,1,2,0,1,7,0,2,15
2,2,2,18,93,74,0,1,61,0,2,1,1,2,1,1,14,0,1,15
1,2,2,18,87,74,1,0,64,0,2,1,1,2,0,1,7,2,2,15
2,2,2,18,93,74,0,1,61,0,2,1,1,2,1,1,14,2,1,15
0,2,0,18,87,74,1,0,64,1,2,1,1,2,0,0,7,1,2,15
3,2,2,18,93,74,0,1,61,1,2,1,1,2,1,0,14,1,1,15
1,2,0,18,87,74,1,0,64,0,2,1,1,2,0,0,7,2,2,15
2,2,2,18,93,74,0,1,61,0,2,1,1,2,1,0,14,2,1,15
3,1,1,18,69,95,1,1,93,1,0,0,1,1,1,0,14,1,1,15
3,1,1,18,63,95,0,0,94,1,0,0,1,1,3,0,18,1,0,15
3,2,1,22,90,95,1,0,61,1,2,0,1,2,0,0,17,1,1,15
3,1,1,18,69,95,1,1,93,0,0,0,1,1,1,2,14,1,1,15
2,1,1,18,63,95,0,0,94,0,0,0,1,1,3,2,18,1,0,15
3,2,1,22,90,95,1,0,61,0,2,0,1,2,0,2,17,1,1,15
2,1,1,18,69,95,1,1,93,0,0,0,1,1,1,2,14,0,1,15
2,1,1,18,63,95,0,0,94,0,0,0,1,1,3,2,18,0,0,15
2,2,1,22,90,95,1,0,61,0,2,0,1,2,0,2,17,0,1,15
2,1,1,18,69,95,1,1,93,0,0,0,1,1,1,1,14,0,1,15
2,1,1,18,63,95,0,0,94,0,0,0,1,1,3,1,18,0,0,15
2,2,1,22,90,95,1,0,61,0,2,0,1,2,0,1,17,0,1,15
3,1,1,18,69,95,1,1,93,1,0,0,1,1,1,0,14,1,1,15
3,1,1,18,63,95,0,0,94,1,0,0,1,1,3,0,18,1,0,15
3,2,1,22,90,95,1,0,61,1,2,0,1,2,0,0,17,1,1,15
3,1,1,18,69,95,1,1,93,1,0,0,1,1,1,2,14,1,1,15
3,1,1,18,63,95,0,0,94,1,0,0,1,1,3,2,18,1,0,15
3,2,1,22,90,95,1,0,61,1,2,0,1,2,0,2,17,1,1,15
3,1,1,18,69,95,1,1,93,1,0,0,1,1,1,0,14,1,1,15
3,1,1,18,63,95,0,0,94,1,0,0,1,1,3,0,18,1,0,15
3,2,1,22,90,95,1,0,61,1,2,0,1,2,0,0,17,1,1,15
3,0,2,23,63,81,0,1,47,1,3,0,1,0,0,2,10,1,1,11
3,0,1,18,52,81,1,1,64,1,2,0,1,0,3,2,16,1,2,11
3,1,1,29,74,81,1,1,78,1,1,0,1,1,0,2,17,1,2,11
3,2,2,19,79,81,1,1,44,1,3,0,1,2,2,2,10,1,1,11
3,2,1,21,94,81,0,1,52,1,3,0,1,2,3,2,10,1,2,11
1,0,1,20,71,96,0,1,57,0,2,0,1,0,2,1,2,0,2,36
2,1,1,20,62,96,0,1,88,0,0,0,1,1,3,1,13,0,0,36
1,0,0,19,57,66,1,1,55,0,2,1,1,0,3,1,4,2,2,29
1,2,0,29,89,66,1,1,61,0,2,1,1,2,1,1,10,2,2,29
3,2,1,19,86,86,1,0,42,0,3,0,1,2,0,1,18,1,2,22
2,2,1,24,82,86,0,0,66,0,2,0,1,2,1,1,12,1,2,22
2,2,1,19,86,86,1,0,42,0,3,0,1,2,0,1,18,0,2,22
2,2,1,24,82,86,0,0,66,0,2,0,1,2,1,1,12,0,2,22
1,1,0,27,58,68,0,1,93,1,0,1,1,1,0,0,9,2,2,31
3,1,0,19,51,68,0,0,91,1,0,1,1,1,0,0,18,2,0,31
3,3,0,21,91,68,1,0,93,1,0,1,1,3,3,0,16,2,2,31
3,1,0,19,55,68,0,0,99,1,0,1,1,1,2,0,20,2,2,31
3,1,1,22,73,98,1,1,72,1,1,0,0,1,1,1,18,0,1,12
1,2,1,22,83,98,0,0,45,1,3,0,0,2,1,1,7,0,0,12
3,2,1,20,81,98,1,1,44,1,3,0,0,2,0,1,11,0,2,12
3,1,1,22,73,98,1,1,72,1,1,0,1,1,1,1,18,2,1,12
1,2,1,22,83,98,0,0,45,1,3,0,1,2,1,1,7,2,0,12
3,2,1,20,81,98,1,1,44,1,3,0,1,2,0,1,11,2,2,12
2,1,1,22,73,98,1,1,72,0,1,0,1,1,1,1,18,2,1,12
1,2,1,22,83,98,0,0,45,0,3,0,1,2,1,1,7,2,0,12
1,2,1,20,81,98,1,1,44,0,3,0,1,2,0,1,11,2,2,12
3,1,1,22,73,98,1,1,72,0,1,0,1,1,1,1,18,1,1,12
1,2,1,22,83,98,0,0,45,0,3,0,1,2,1,1,7,1,0,12
3,2,1,20,81,98,1,1,44,0,3,0,1,2,0,1,11,1,2,12
3,1,1,22,73,98,1,1,72,0,1,0,1,1,1,0,18,1,1,12
1,2,1,22,83,98,0,0,45,0,3,0,1,2,1,0,7,1,0,12
3,2,1,20,81,98,1,1,44,0,3,0,1,2,0,0,11,1,2,12
3,1,1,22,73,98,1,1,72,1,1,0,1,1,1,1,18,0,1,12
1,2,1,22,83,98,0,0,45,1,3,0,1,2,1,1,7,0,0,12
3,2,1,20,81,98,1,1,44,1,3,0,1,2,0,1,11,0,2,12
0,1,0,25,54,84,1,1,81,1,1,1,1,1,0,0,2,0,2,17
3,2,0,19,96,84,1,0,60,1,2,1,1,2,1,0,17,0,0,17
1,1,1,25,54,84,1,1,81,0,1,1,1,1,0,2,2,2,2,17
2,2,1,19,96,84,1,0,60,0,2,1,1,2,1,2,17,2,0,17
0,1,1,25,54,84,1,1,81,1,1,1,1,1,0,1,2,2,2,17
3,2,1,19,96,84,1,0,60,1,2,1,1,2,1,1,17,2,0,17
1,1,1,25,54,84,1,1,81,0,1,1,1,1,0,1,2,2,2,17
2,2,1,19,96,84,1,0,60,0,2,1,1,2,1,1,17,2,0,17
0,0,2,23,62,69,1,1,59,1,2,1,1,0,0,2,6,2,1,7
2,3,0,18,98,69,0,1,84,1,1,1,1,3,3,2,14,2,2,7
1,2,1,29,80,86,0,0,41,0,3,1,1,2,3,1,2,1,0,9
3,1,2,26,50,86,1,1,96,0,0,1,1,1,0,1,14,1,1,9
0,2,1,20,95,88,1,0,57,1,2,1,1,2,0,0,1,2,2,7
1,2,1,28,97,88,0,0,69,1,2,1,1,2,2,0,12,2,2,7
1,0,1,29,57,88,0,1,51,1,3,1,1,0,0,0,6,2,2,7
3,0,1,21,51,98,1,1,64,1,2,0,1,0,1,2,16,0,1,24
3,1,1,26,50,98,1,0,94,1,0,0,1,1,0,2,18,0,2,24
0,2,1,29,99,98,1,1,71,1,1,0,1,2,1,2,3,0,2,24
0,0,1,19,53,98,1,1,42,1,3,0,1,0,2,2,5,0,0,24
0,0,1,19,72,98,1,0,66,1,2,0,1,0,1,2,2,0,2,24
3,0,1,21,51,98,1,1,64,0,2,0,1,0,1,1,16,2,1,24
3,1,1,26,50,98,1,0,94,0,0,0,1,1,0,1,18,2,2,24
1,2,1,29,99,98,1,1,71,0,1,0,1,2,1,1,3,2,2,24
1,0,1,19,53,98,1,1,42,0,3,0,1,0,2,1,5,2,0,24
1,0,1,19,72,98,1,0,66,0,2,0,1,0,1,1,2,2,2,24
3,0,1,21,51,98,1,1,64,1,2,0,1,0,1,1,16,1,1,24
3,1,1,26,50,98,1,0,94,1,0,0,1,1,0,1,18,1,2,24
0,2,1,29,99,98,1,1,71,1,1,0,1,2,1,1,3,1,2,24
0,0,1,19,53,98,1,1,42,1,3,0,1,0,2,1,5,1,0,24
0,0,1,19,72,98,1,0,66,1,2,0,1,0,1,1,2,1,2,24
3,2,2,24,78,74,1,1,41,1,3,1,0,2,2,1,11,1,1,29
3,2,2,24,78,74,1,1,41,1,3,1,1,2,2,2,11,2,1,29
2,2,2,24,78,74,1,1,41,0,3,1,1,2,2,1,11,0,1,29
0,1,2,20,65,87,1,1,85,1,0,0,1,1,2,2,0,1,1,28
0,1,2,20,65,87,1,1,85,0,0,0,1,1,2,1,0,1,1,28
0,1,2,20,65,87,1,1,85,0,0,0,1,1,2,1,0,1,1,28
0,0,1,29,58,78,1,1,51,1,3,1,1,0,0,1,5,2,2,30
0,0,1,29,58,78,1,1,51,1,3,1,1,0,0,1,5,2,2,30
1,3,1,18,77,93,0,0,83,0,1,1,1,3,1,0,2,1,2,14
1,1,1,28,57,93,0,0,79,0,1,1,1,1,2,0,9,1,1,14
0,3,1,18,77,93,0,0,83,1,1,1,1,3,1,0,2,0,2,14
2,1,1,28,57,93,0,0,79,1,1,1,1,1,2,0,9,0,1,14
1,3,2,22,97,71,0,0,79,1,1,1,1,3,0,1,12,2,1,31
3,3,2,26,79,71,0,1,97,1,0,1,1,3,3,1,18,2,0,31
3,3,0,19,87,60,1,1,88,1,0,1,1,3,0,2,13,2,2,19
3,1,0,22,50,60,1,0,87,1,0,1,1,1,3,2,18,2,0,19
3,3,0,19,87,60,1,1,88,0,0,1,1,3,0,2,13,1,2,19
3,1,0,22,50,60,1,0,87,0,0,1,1,1,3,2,18,1,0,19
0,3,2,18,86,77,1,1,91,1,0,0,1,3,1,1,6,1,0,15
3,3,1,27,91,77,0,0,72,1,1,0,1,3,0,1,19,1,2,15
0,3,2,18,86,77,1,1,91,1,0,0,1,3,1,1,6,1,0,15
3,3,1,27,91,77,0,0,72,1,1,0,1,3,0,1,19,1,2,15
0,3,1,18,98,84,1,0,99,1,0,1,1,3,3,1,8,0,0,18
2,0,2,29,68,84,0,1,66,1,2,1,1,0,3,1,16,0,1,18
0,3,1,20,81,84,1,0,100,1,0,1,1,3,0,1,1,0,2,18
1,3,1,18,98,84,1,0,99,0,0,1,1,3,3,1,8,0,0,18
2,0,2,29,68,84,0,1,66,0,2,1,1,0,3,1,16,0,1,18
0,3,1,20,81,84,1,0,100,0,0,1,1,3,0,1,1,0,2,18
1,3,1,18,98,84,1,0,99,0,0,1,1,3,3,1,8,2,0,18
2,0,2,29,68,84,0,1,66,0,2,1,1,0,3,1,16,2,1,18
1,3,1,20,81,84,1,0,100,0,0,1,1,3,0,1,1,2,2,18
0,3,0,18,98,84,1,0,99,1,0,1,1,3,3,0,8,2,0,18
2,0,2,29,68,84,0,1,66,1,2,1,1,0,3,0,16,2,1,18
0,3,0,20,81,84,1,0,100,1,0,1,1,3,0,0,1,2,2,18
3,1,0,28,51,70,1,0,81,1,1,0,1,1,3,1,12,1,2,12
3,1,0,20,57,70,1,1,90,1,0,0,1,1,2,1,18,1,2,12
3,1,0,28,51,70,1,0,81,0,1,0,1,1,3,2,12,1,2,12
3,1,0,20,57,70,1,1,90,0,0,0,1,1,2,2,18,1,2,12
3,1,0,28,51,70,1,0,81,1,1,0,1,1,3,1,12,1,2,12
3,1,0,20,57,70,1,1,90,1,0,0,1,1,2,1,18,1,2,12
0,2,1,21,90,88,1,1,49,1,3,1,1,2,1,1,7,1,2,29
0,2,0,28,86,61,1,1,67,1,2,0,1,2,0,0,5,1,2,13
3,1,0,29,69,61,1,0,98,1,0,0,1,1,2,0,16,1,1,13
3,0,0,20,58,61,1,1,57,1,2,0,1,0,2,0,15,1,2,13
0,2,0,28,86,61,1,1,67,0,2,0,1,2,0,0,5,0,2,13
2,1,0,29,69,61,1,0,98,0,0,0,1,1,2,0,16,0,1,13
2,0,0,20,58,61,1,1,57,0,2,0,1,0,2,0,15,0,2,13
2,1,2,19,51,65,0,1,79,0,1,1,1,1,1,1,11,1,0,15
1,3,0,28,80,65,0,1,96,0,0,1,1,3,2,1,9,1,2,15
2,0,0,26,60,65,0,1,47,0,3,1,1,0,0,1,18,1,2,15
1,1,0,19,51,65,0,1,79,1,1,1,1,1,1,0,11,2,0,15
1,3,0,28,80,65,0,1,96,1,0,1,1,3,2,0,9,2,2,15
2,0,0,26,60,65,0,1,47,1,3,1,1,0,0,0,18,2,2,15
1,1,0,19,51,65,0,1,79,1,1,1,1,1,1,0,11,2,0,15
1,3,0,28,80,65,0,1,96,1,0,1,1,3,2,0,9,2,2,15
2,0,0,26,60,65,0,1,47,1,3,1,1,0,0,0,18,2,2,15
3,1,1,25,64,92,1,0,86,1,0,1,1,1,2,2,12,2,0,14
0,2,1,20,92,92,1,1,64,1,2,1,1,2,1,2,2,2,2,14
3,1,1,25,64,92,1,0,86,1,0,1,1,1,2,2,12,1,0,14
0,2,1,20,92,92,1,1,64,1,2,1,1,2,1,2,2,1,2,14
1,1,0,23,63,74,0,0,81,1,1,0,1,1,1,0,7,2,2,12
1,1,2,23,63,74,0,0,81,0,1,0,1,1,1,1,7,1,2,12
0,0,1,22,57,90,1,1,52,0,3,1,1,0,2,1,2,0,2,16
2,2,1,23,79,90,0,1,62,0,2,1,1,2,3,1,11,0,2,16
0,0,1,22,57,90,1,1,52,0,3,1,1,0,2,1,2,1,2,16
2,2,1,23,79,90,0,1,62,0,2,1,1,2,3,1,11,1,2,16
0,0,1,22,57,90,1,1,52,1,3,1,1,0,2,0,2,2,2,16
1,2,1,23,79,90,0,1,62,1,2,1,1,2,3,0,11,2,2,16
1,0,1,25,61,94,0,1,51,0,3,1,1,0,0,0,9,2,2,22
3,3,1,20,87,94,1,0,94,0,0,1,1,3,2,0,16,2,1,22
2,0,1,25,62,94,1,0,50,0,3,1,1,0,0,0,20,2,2,22
0,0,1,25,61,94,0,1,51,1,3,1,1,0,0,0,9,1,2,22
3,3,1,20,87,94,1,0,94,1,0,1,1,3,2,0,16,1,1,22
3,0,1,25,62,94,1,0,50,1,3,1,1,0,0,0,20,1,2,22
1,0,1,25,61,94,0,1,51,1,3,1,1,0,0,1,9,2,2,22
3,3,1,20,87,94,1,0,94,1,0,1,1,3,2,1,16,2,1,22
3,0,1,25,62,94,1,0,50,1,3,1,1,0,0,1,20,2,2,22
3,1,0,19,50,75,1,1,97,1,0,1,1,1,3,0,15,1,2,18
3,3,0,19,76,75,1,0,96,1,0,1,1,3,3,0,10,1,0,18
3,1,0,19,50,75,1,1,97,1,0,1,1,1,3,2,15,1,2,18
3,3,2,19,76,75,1,0,96,1,0,1,1,3,3,2,10,1,0,18
3,1,2,19,50,75,1,1,97,1,0,1,1,1,3,1,15,0,2,18
3,3,2,19,76,75,1,0,96,1,0,1,1,3,3,1,10,0,0,18
0,1,0,20,53,71,0,0,75,1,1,0,1,1,1,1,5,1,2,11
0,2,0,18,96,71,0,1,67,1,2,0,1,2,0,1,7,1,2,11
3,2,2,21,86,71,1,1,42,1,3,0,1,2,3,1,16,1,0,11
0,1,0,28,60,71,1,0,86,1,0,0,1,1,3,1,3,1,2,11
3,0,1,23,50,100,1,0,53,1,3,0,1,0,3,2,10,0,0,14
3,1,1,20,52,100,1,1,73,1,1,0,1,1,3,2,11,0,1,14
0,2,1,29,76,100,1,1,56,1,2,0,1,2,0,2,1,0,0,14
0,3,1,22,80,100,1,0,94,1,0,0,1,3,1,2,3,0,1,14
2,0,1,23,50,100,1,0,53,0,3,0,1,0,3,0,10,0,0,14
2,1,1,20,52,100,1,1,73,0,1,0,1,1,3,0,11,0,1,14
0,2,1,29,76,100,1,1,56,0,2,0,1,2,0,0,1,0,0,14
0,3,1,22,80,100,1,0,94,0,0,0,1,3,1,0,3,0,1,14
3,0,1,23,50,100,1,0,53,1,3,0,1,0,3,1,10,1,0,14
3,1,1,20,52,100,1,1,73,1,1,0,1,1,3,1,11,1,1,14
0,2,1,29,76,100,1,1,56,1,2,0,1,2,0,1,1,1,0,14
0,3,1,22,80,100,1,0,94,1,0,0,1,3,1,1,3,1,1,14
0,3,0,22,88,75,1,0,99,1,0,0,1,3,2,0,9,1,0,20
0,2,2,29,94,75,0,1,66,1,2,0,1,2,2,0,8,1,1,20
0,1,0,26,66,75,1,1,94,1,0,0,1,1,1,0,1,1,2,20
0,3,2,22,88,75,1,0,99,0,0,0,1,3,2,1,9,1,0,20
1,2,2,29,94,75,0,1,66,0,2,0,1,2,2,1,8,1,1,20
0,1,2,26,66,75,1,1,94,0,0,0,1,1,1,1,1,1,2,20
0,3,2,22,88,75,1,0,99,1,0,0,1,3,2,2,9,1,0,20
0,2,2,29,94,75,0,1,66,1,2,0,1,2,2,2,8,1,1,20
0,1,0,26,66,75,1,1,94,1,0,0,1,1,1,2,1,1,2,20
0,3,2,22,88,75,1,0,99,1,0,0,1,3,2,2,9,1,0,20
0,2,2,29,94,75,0,1,66,1,2,0,1,2,2,2,8,1,1,20
0,1,0,26,66,75,1,1,94,1,0,0,1,1,1,2,1,1,2,20
0,3,2,22,88,75,1,0,99,0,0,0,1,3,2,1,9,1,0,20
1,2,2,29,94,75,0,1,66,0,2,0,1,2,2,1,8,1,1,20
0,1,2,26,66,75,1,1,94,0,0,0,1,1,1,1,1,1,2,20
0,2,2,18,84,76,1,0,42,1,3,0,0,2,0,0,7,2,1,29
0,1,0,18,65,76,1,0,91,1,0,0,0,1,2,0,2,2,2,29
3,1,0,26,71,76,1,0,76,1,1,0,0,1,2,0,17,2,2,29
0,3,0,22,75,76,1,0,97,1,0,0,0,3,1,0,1,2,2,29
0,1,0,19,71,76,1,1,90,1,0,0,0,1,1,0,4,2,2,29
0,2,2,18,84,76,1,0,42,1,3,0,1,2,0,1,7,2,1,29
0,1,1,18,65,76,1,0,91,1,0,0,1,1,2,1,2,2,2,29
3,1,1,26,71,76,1,0,76,1,1,0,1,1,2,1,17,2,2,29
0,3,1,22,75,76,1,0,97,1,0,0,1,3,1,1,1,2,2,29
0,1,1,19,71,76,1,1,90,1,0,0,1,1,1,1,4,2,2,29
1,1,1,25,58,86,0,1,89,0,0,1,1,1,3,1,10,1,2,28
3,1,1,25,58,86,0,1,89,1,0,1,1,1,3,1,10,1,2,28
3,1,1,25,58,86,0,1,89,1,0,1,1,1,3,1,10,1,2,28
1,2,1,20,89,92,0,0,67,0,2,0,0,2,1,1,7,1,0,27
1,2,1,20,89,92,0,0,67,1,2,0,1,2,1,2,7,0,0,27
0,2,1,20,89,92,0,0,67,1,2,0,1,2,1,0,7,1,0,27
0,2,1,20,89,92,0,0,67,1,2,0,1,2,1,0,7,1,0,27
1,0,2,24,59,71,1,1,68,0,2,1,1,0,3,1,8,0,0,15
0,1,2,18,62,71,1,0,73,0,1,1,1,1,2,1,1,0,0,15
2,3,2,18,80,71,1,1,95,0,0,1,1,3,3,1,18,0,0,15
1,0,0,24,59,71,1,1,68,0,2,1,1,0,3,0,8,2,0,15
1,1,0,18,62,71,1,0,73,0,1,1,1,1,2,0,1,2,0,15
2,3,0,18,80,71,1,1,95,0,0,1,1,3,3,0,18,2,0,15
2,3,0,27,84,64,1,1,93,0,0,0,1,3,0,1,13,2,2,7
1,3,0,18,96,64,1,1,81,0,1,0,1,3,1,1,9,2,2,7
1,0,0,23,54,64,1,1,66,0,2,0,1,0,0,1,10,2,2,7
2,3,2,19,80,64,1,0,96,0,0,0,1,3,1,1,19,2,0,7
1,1,2,19,69,81,0,1,73,1,1,0,1,1,1,1,5,2,1,28
3,2,1,27,93,81,1,0,52,1,3,0,1,2,3,1,12,2,2,28
1,1,1,18,56,81,0,1,74,1,1,0,1,1,0,1,7,2,2,28
1,3,2,22,100,68,0,0,100,0,0,1,1,3,2,1,2,2,0,30
1,0,2,26,52,68,1,1,41,0,3,1,1,0,0,1,6,2,0,30
1,3,2,21,92,89,0,0,81,0,1,1,1,3,2,1,9,2,1,17
3,2,1,23,92,83,1,0,40,1,3,1,1,2,0,1,17,1,2,5
3,2,1,19,88,83,1,1,51,1,3,1,1,2,0,1,16,1,2,5
1,3,1,29,95,96,0,1,91,0,0,1,1,3,2,1,9,2,0,13
2,1,1,27,72,96,1,0,74,0,1,1,1,1,2,1,18,2,0,13
1,0,1,26,50,96,0,1,53,0,3,1,1,0,0,1,7,2,2,13
1,3,1,29,95,96,0,1,91,0,0,1,1,3,2,0,9,2,0,13
2,1,1,27,72,96,1,0,74,0,1,1,1,1,2,0,18,2,0,13
1,0,1,26,50,96,0,1,53,0,3,1,1,0,0,0,7,2,2,13
1,3,1,29,95,96,0,1,91,0,0,1,1,3,2,1,9,1,0,13
3,1,1,27,72,96,1,0,74,0,1,1,1,1,2,1,18,1,0,13
1,0,1,26,50,96,0,1,53,0,3,1,1,0,0,1,7,1,2,13
1,3,1,29,95,96,0,1,91,1,0,1,0,3,2,1,9,2,0,13
3,1,1,27,72,96,1,0,74,1,1,1,0,1,2,1,18,2,0,13
1,0,1,26,50,96,0,1,53,1,3,1,0,0,0,1,7,2,2,13
0,1,1,24,71,99,0,0,80,1,1,0,1,1,2,2,0,1,1,19
0,1,1,26,64,99,0,1,74,1,1,0,1,1,0,2,2,1,1,19
0,1,1,25,53,99,0,1,94,1,0,0,1,1,1,2,8,1,2,19
0,0,1,28,66,99,1,1,52,1,3,0,1,0,3,2,9,1,2,19
0,3,1,18,91,99,1,0,83,1,1,0,1,3,0,2,5,1,0,19
1,1,1,24,71,99,0,0,80,1,1,0,0,1,2,2,0,2,1,19
1,1,1,26,64,99,0,1,74,1,1,0,0,1,0,2,2,2,1,19
1,1,1,25,53,99,0,1,94,1,0,0,0,1,1,2,8,2,2,19
0,0,1,28,66,99,1,1,52,1,3,0,0,0,3,2,9,2,2,19
0,3,1,18,91,99,1,0,83,1,1,0,0,3,0,2,5,2,0,19
0,1,1,24,71,99,0,0,80,1,1,0,1,1,2,0,0,0,1,19
0,1,1,26,64,99,0,1,74,1,1,0,1,1,0,0,2,0,1,19
1,1,1,25,53,99,0,1,94,1,0,0,1,1,1,0,8,0,2,19
0,0,1,28,66,99,1,1,52,1,3,0,1,0,3,0,9,0,2,19
0,3,1,18,91,99,1,0,83,1,1,0,1,3,0,0,5,0,0,19
1,2,1,19,77,98,1,0,69,0,2,1,1,2,1,0,11,2,2,29
3,0,1,22,52,98,1,1,58,0,2,1,1,0,0,0,14,2,2,29
3,2,1,19,77,98,1,0,69,1,2,1,1,2,1,0,11,2,2,29
3,0,1,22,52,98,1,1,58,1,2,1,1,0,0,0,14,2,2,29
3,2,0,27,99,73,0,1,47,1,3,0,1,2,3,0,15,1,2,17
3,3,0,29,78,73,0,1,80,1,1,0,1,3,1,0,14,1,0,17
3,2,0,27,99,73,0,1,47,1,3,0,1,2,3,2,15,1,2,17
3,3,2,29,78,73,0,1,80,1,1,0,1,3,1,2,14,1,0,17
2,2,2,27,99,73,0,1,47,0,3,0,1,2,3,1,15,2,2,17
2,3,2,29,78,73,0,1,80,0,1,0,1,3,1,1,14,2,0,17
2,2,0,27,99,73,0,1,47,0,3,0,1,2,3,2,15,0,2,17
2,3,2,29,78,73,0,1,80,0,1,0,1,3,1,2,14,0,0,17
0,3,0,28,79,68,1,1,94,1,0,0,1,3,2,0,0,1,2,19
1,3,0,28,79,68,1,1,94,0,0,0,0,3,2,1,0,2,2,19
1,3,0,28,79,68,1,1,94,0,0,0,1,3,2,1,0,2,2,19
1,3,0,28,79,68,1,1,94,0,0,0,0,3,2,0,0,2,2,19
3,2,0,18,86,63,1,1,63,1,2,0,1,2,3,2,16,1,2,23
3,2,0,18,86,63,1,1,63,1,2,0,1,2,3,1,16,1,2,23
3,2,0,18,86,63,1,1,63,1,2,0,1,2,3,2,16,1,2,23
3,2,0,18,86,63,1,1,63,0,2,0,1,2,3,0,16,2,2,23
0,3,1,25,97,94,1,1,79,0,1,1,0,3,1,0,0,1,2,25
1,0,1,29,58,100,0,1,65,0,2,1,1,0,2,1,5,0,0,15
1,0,1,29,58,100,0,1,65,0,2,1,1,0,2,2,5,2,0,15
0,0,1,29,58,100,0,1,65,1,2,1,1,0,2,1,5,1,0,15
3,1,0,21,50,66,1,1,81,1,1,1,1,1,3,2,12,2,2,36
2,2,2,24,83,71,0,1,58,1,2,1,1,2,0,1,18,2,1,9
1,1,1,20,52,80,0,0,79,0,1,1,1,1,3,1,5,0,2,25
1,1,1,23,75,80,0,1,79,0,1,1,1,1,2,1,1,0,2,25
0,1,0,20,52,80,0,0,79,1,1,1,1,1,3,0,5,1,2,25
0,1,0,23,75,80,0,1,79,1,1,1,1,1,2,0,1,1,2,25
2,1,1,27,71,90,1,1,85,0,0,0,0,1,3,2,17,2,2,18
1,0,1,26,74,90,1,0,60,0,2,0,0,0,2,2,12,2,0,18
3,1,1,27,71,90,1,1,85,1,0,0,1,1,3,1,17,2,2,18
3,0,1,26,74,90,1,0,60,1,2,0,1,0,2,1,12,2,0,18
3,1,1,27,71,90,1,1,85,1,0,0,1,1,3,2,17,1,2,18
3,0,1,26,74,90,1,0,60,1,2,0,1,0,2,2,12,1,0,18
3,1,1,27,71,90,1,1,85,0,0,0,1,1,3,0,17,1,2,18
3,0,1,26,74,90,1,0,60,0,2,0,1,0,2,0,12,1,0,18
3,1,1,27,71,90,1,1,85,0,0,0,1,1,3,0,17,1,2,18
3,0,1,26,74,90,1,0,60,0,2,0,1,0,2,0,12,1,0,18
3,1,1,27,71,90,1,1,85,1,0,0,1,1,3,0,17,2,2,18
3,0,1,26,74,90,1,0,60,1,2,0,1,0,2,0,12,2,0,18
2,2,2,27,89,75,0,0,55,0,2,1,1,2,3,1,11,1,1,8
2,1,2,21,64,75,0,1,77,0,1,1,1,1,3,1,17,1,2,8
0,3,2,27,84,75,1,1,100,0,0,1,1,3,1,1,9,1,2,8
0,3,0,23,82,77,0,0,91,1,0,1,1,3,3,0,9,1,2,27
1,3,0,23,82,77,0,0,91,0,0,1,1,3,3,2,9,2,2,27
1,3,0,23,82,77,0,0,91,1,0,1,1,3,3,0,9,2,2,27
0,3,0,21,90,63,1,1,100,0,0,1,1,3,1,1,3,1,2,10
3,1,2,27,73,63,1,1,89,0,0,1,1,1,1,1,19,1,1,10
0,2,2,24,93,63,1,1,66,0,2,1,1,2,1,1,3,1,0,10
1,1,0,27,69,63,0,1,97,0,0,1,1,1,1,1,1,1,2,10
3,3,2,18,85,63,1,0,82,0,1,1,1,3,1,1,14,1,0,10
1,3,0,21,90,63,1,1,100,0,0,1,0,3,1,0,3,2,2,10
2,1,0,27,73,63,1,1,89,0,0,1,0,1,1,0,19,2,1,10
1,2,0,24,93,63,1,1,66,0,2,1,0,2,1,0,3,2,0,10
1,1,0,27,69,63,0,1,97,0,0,1,0,1,1,0,1,2,2,10
2,3,0,18,85,63,1,0,82,0,1,1,0,3,1,0,14,2,0,10
0,3,0,21,90,63,1,1,100,0,0,1,1,3,1,0,3,1,2,10
3,1,0,27,73,63,1,1,89,0,0,1,1,1,1,0,19,1,1,10
0,2,0,24,93,63,1,1,66,0,2,1,1,2,1,0,3,1,0,10
1,1,0,27,69,63,0,1,97,0,0,1,1,1,1,0,1,1,2,10
3,3,0,18,85,63,1,0,82,0,1,1,1,3,1,0,14,1,0,10
0,0,1,27,55,92,1,1,56,0,2,1,1,0,3,1,1,1,2,22
1,0,1,29,51,92,0,1,42,0,3,1,1,0,0,1,3,1,0,22
0,0,1,22,65,92,1,1,63,0,2,1,1,0,1,1,8,1,2,22
0,0,1,27,55,92,1,1,56,0,2,1,1,0,3,1,1,0,2,22
1,0,1,29,51,92,0,1,42,0,3,1,1,0,0,1,3,0,0,22
1,0,1,22,65,92,1,1,63,0,2,1,1,0,1,1,8,0,2,22
0,0,1,27,55,92,1,1,56,1,2,1,1,0,3,2,1,0,2,22
0,0,1,29,51,92,0,1,42,1,3,1,1,0,0,2,3,0,0,22
0,0,1,22,65,92,1,1,63,1,2,1,1,0,1,2,8,0,2,22
0,0,1,27,55,92,1,1,56,1,2,1,1,0,3,0,1,0,2,22
0,0,1,29,51,92,0,1,42,1,3,1,1,0,0,0,3,0,0,22
0,0,1,22,65,92,1,1,63,1,2,1,1,0,1,0,8,0,2,22
1,0,1,27,55,92,1,1,56,0,2,1,1,0,3,0,1,2,2,22
1,0,1,29,51,92,0,1,42,0,3,1,1,0,0,0,3,2,0,22
1,0,1,22,65,92,1,1,63,0,2,1,1,0,1,0,8,2,2,22
0,0,1,27,55,92,1,1,56,0,2,1,1,0,3,0,1,0,2,22
1,0,1,29,51,92,0,1,42,0,3,1,1,0,0,0,3,0,0,22
1,0,1,22,65,92,1,1,63,0,2,1,1,0,1,0,8,0,2,22
1,0,1,27,55,92,1,1,56,0,2,1,1,0,3,1,1,2,2,22
1,0,1,29,51,92,0,1,42,0,3,1,1,0,0,1,3,2,0,22
1,0,1,22,65,92,1,1,63,0,2,1,1,0,1,1,8,2,2,22
0,0,1,27,55,92,1,1,56,1,2,1,1,0,3,1,1,1,2,22
0,0,1,29,51,92,0,1,42,1,3,1,1,0,0,1,3,1,0,22
0,0,1,22,65,92,1,1,63,1,2,1,1,0,1,1,8,1,2,22
1,2,0,20,99,64,0,1,49,1,3,0,1,2,2,1,6,2,2,29
1,2,0,20,99,64,0,1,49,0,3,0,1,2,2,1,6,1,2,29
1,1,0,28,56,67,0,0,82,1,1,0,1,1,0,1,0,2,2,13
1,3,0,21,84,67,0,1,81,1,1,0,1,3,0,1,6,2,2,13
3,3,2,29,83,77,1,1,92,1,0,0,1,3,0,0,11,0,1,21
3,3,2,29,83,77,1,1,92,1,0,0,1,3,0,2,11,0,1,21
3,3,2,29,83,77,1,1,92,1,0,0,1,3,0,1,11,1,1,21
3,3,2,29,83,77,1,1,92,1,0,0,1,3,0,0,11,1,1,21
0,1,2,25,63,84,1,1,88,1,0,1,1,1,3,0,8,2,1,7
0,2,0,20,84,84,1,0,55,1,2,1,1,2,3,0,9,2,2,7
0,1,2,25,63,84,1,1,88,1,0,1,0,1,3,1,8,1,1,7
0,2,1,20,84,84,1,0,55,1,2,1,0,2,3,1,9,1,2,7
1,1,2,25,63,84,1,1,88,0,0,1,1,1,3,1,8,2,1,7
1,2,1,20,84,84,1,0,55,0,2,1,1,2,3,1,9,2,2,7
1,1,0,18,64,66,0,0,79,1,1,1,1,1,0,2,7,0,2,7
2,0,2,21,56,66,0,1,65,1,2,1,1,0,2,2,17,0,1,7
3,1,2,19,67,66,1,1,70,1,1,1,1,1,2,2,17,0,1,7
2,2,2,29,79,64,1,1,60,0,2,1,1,2,2,2,17,2,1,7
0,2,2,21,78,84,1,1,65,1,2,1,1,2,3,1,3,1,1,28
0,2,1,24,100,84,1,1,44,1,3,1,1,2,2,1,7,1,2,28
0,2,2,21,78,84,1,1,65,1,2,1,1,2,3,2,3,2,1,28
0,2,1,24,100,84,1,1,44,1,3,1,1,2,2,2,7,2,2,28
0,0,0,25,53,70,1,1,62,1,2,0,1,0,1,1,6,1,2,7
0,0,0,24,61,70,0,1,41,1,3,0,1,0,1,1,8,1,2,7
0,1,1,21,54,95,1,0,98,0,0,0,1,1,2,0,2,1,2,23
2,1,1,26,64,95,0,1,73,0,1,0,1,1,2,0,20,1,2,23
0,1,1,21,54,95,1,0,98,0,0,0,1,1,2,2,2,0,2,23
2,1,1,26,64,95,0,1,73,0,1,0,1,1,2,2,20,0,2,23
0,1,1,21,54,95,1,0,98,1,0,0,1,1,2,2,2,1,2,23
3,1,1,26,64,95,0,1,73,1,1,0,1,1,2,2,20,1,2,23
0,1,1,21,54,95,1,0,98,0,0,0,1,1,2,1,2,1,2,23
2,1,1,26,64,95,0,1,73,0,1,0,1,1,2,1,20,1,2,23
1,3,0,21,99,68,0,0,85,0,0,0,1,3,3,0,7,0,2,44
3,1,1,25,65,98,1,0,77,0,1,0,1,1,3,2,16,1,1,7
1,0,1,19,56,98,0,0,59,0,2,0,1,0,3,2,2,1,2,7
0,0,0,26,54,69,1,0,42,0,3,1,1,0,0,0,1,0,1,28
1,0,0,26,54,69,1,0,42,0,3,1,1,0,0,0,1,2,1,28
0,0,2,26,54,69,1,0,42,1,3,1,1,0,0,1,1,1,1,28
0,0,0,26,54,69,1,0,42,1,3,1,0,0,0,0,1,2,1,28
0,0,0,26,54,69,1,0,42,1,3,1,1,0,0,0,1,2,1,28
0,0,2,26,54,69,1,0,42,0,3,1,1,0,0,1,1,0,1,28
0,3,0,22,76,73,1,1,90,0,0,1,1,3,3,0,5,1,2,29
3,1,0,21,52,73,1,0,91,0,0,1,1,1,1,0,11,1,0,29
3,0,1,21,52,93,0,1,63,1,2,0,1,0,3,1,13,1,1,10
3,2,1,18,76,93,1,0,56,1,2,0,1,2,3,1,10,1,2,10
3,3,1,23,76,93,1,1,73,1,1,0,1,3,2,1,17,1,2,10
1,1,0,27,54,61,0,0,82,0,1,0,1,1,3,1,0,1,2,18
0,2,0,24,97,61,1,1,66,0,2,0,1,2,1,1,2,1,2,18
1,1,0,27,54,61,0,0,82,0,1,0,1,1,3,1,0,0,2,18
0,2,0,24,97,61,1,1,66,0,2,0,1,2,1,1,2,0,2,18
0,1,0,27,54,61,0,0,82,1,1,0,1,1,3,2,0,0,2,18
0,2,0,24,97,61,1,1,66,1,2,0,1,2,1,2,2,0,2,18
0,2,0,28,77,66,0,1,49,1,3,0,0,2,2,1,5,1,2,17
0,2,2,21,88,66,1,1,68,1,2,0,0,2,0,1,4,1,0,17
3,3,0,26,77,66,1,0,85,1,0,0,0,3,2,1,16,1,2,17
0,2,2,26,89,66,1,0,57,1,2,0,0,2,3,1,2,1,1,17
1,2,0,28,77,66,0,1,49,0,3,0,1,2,2,1,5,1,2,17
0,2,2,21,88,66,1,1,68,0,2,0,1,2,0,1,4,1,0,17
3,3,0,26,77,66,1,0,85,0,0,0,1,3,2,1,16,1,2,17
0,2,2,26,89,66,1,0,57,0,2,0,1,2,3,1,2,1,1,17
0,2,2,28,78,75,1,0,42,1,3,1,1,2,0,1,4,1,2,14
0,2,2,28,78,75,1,0,42,0,3,1,1,2,0,1,4,1,2,14
0,2,2,28,78,75,1,0,42,1,3,1,1,2,0,1,4,1,2,14
3,2,0,23,96,60,1,1,44,1,3,1,1,2,0,0,15,2,0,16
2,2,0,23,96,60,1,1,44,0,3,1,1,2,0,0,15,0,0,16
0,3,1,23,86,90,0,1,98,1,0,0,1,3,3,0,9,1,0,9
1,3,1,28,76,91,0,1,91,0,0,1,1,3,0,2,5,1,0,9
2,2,1,21,84,91,0,1,58,0,2,1,1,2,0,2,17,1,2,9
1,3,1,28,76,91,0,1,91,0,0,1,1,3,0,2,5,1,0,9
2,2,1,21,84,91,0,1,58,0,2,1,1,2,0,2,17,1,2,9
0,3,0,27,98,75,1,1,99,1,0,1,1,3,0,2,2,1,2,32
0,0,0,29,51,75,1,0,62,1,2,1,1,0,3,2,6,1,2,32
0,3,2,27,98,75,1,1,99,0,0,1,1,3,0,1,2,0,2,32
1,0,2,29,51,75,1,0,62,0,2,1,1,0,3,1,6,0,2,32
1,3,1,28,98,97,0,1,89,0,0,1,1,3,0,0,1,2,1,10
1,2,1,18,92,97,1,1,66,0,2,1,1,2,2,0,0,2,2,10
1,1,1,21,73,97,1,0,91,0,0,1,1,1,1,0,7,2,2,10
0,1,0,18,70,68,1,1,87,0,0,1,1,1,3,2,3,1,2,34
1,0,2,27,62,71,0,1,62,0,2,0,1,0,3,1,9,2,0,14
2,3,2,25,89,71,1,1,94,0,0,0,1,3,2,1,19,2,1,14
2,0,0,27,62,71,0,1,62,1,2,0,1,0,3,0,9,0,0,14
3,3,0,25,89,71,1,1,94,1,0,0,1,3,2,0,19,0,1,14
1,0,2,27,62,71,0,1,62,1,2,0,1,0,3,1,9,2,0,14
3,3,2,25,89,71,1,1,94,1,0,0,1,3,2,1,19,2,1,14
0,0,1,18,69,100,0,1,59,1,2,0,1,0,3,1,6,1,2,22
3,0,1,28,53,100,1,1,65,1,2,0,1,0,2,1,12,1,0,22
0,1,0,29,72,60,1,1,97,1,0,0,1,1,0,1,7,0,2,9
3,3,2,24,96,60,1,1,85,1,0,0,1,3,2,1,16,0,1,9
3,1,0,29,66,60,1,1,94,1,0,0,1,1,3,1,13,0,2,9
3,3,0,26,94,84,1,1,99,1,0,0,1,3,1,0,12,1,2,31
0,0,2,29,52,88,1,1,60,1,2,0,1,0,0,0,7,0,1,11
2,3,0,27,98,78,0,0,87,0,0,1,1,3,3,0,12,1,0,28
3,3,0,27,98,78,0,0,87,1,0,1,1,3,3,0,12,1,0,28
0,2,2,24,86,77,1,1,64,1,2,0,1,2,0,1,8,0,0,12
2,1,2,23,69,77,0,1,76,1,1,0,1,1,3,1,11,0,1,12
0,3,2,18,100,77,1,1,94,1,0,0,1,3,0,1,7,0,1,12
0,2,0,24,86,77,1,1,64,0,2,0,1,2,0,0,8,1,0,12
2,1,2,23,69,77,0,1,76,0,1,0,1,1,3,0,11,1,1,12
0,3,2,18,100,77,1,1,94,0,0,0,1,3,0,0,7,1,1,12
0,3,0,28,84,65,1,1,78,1,1,0,1,3,2,1,1,1,2,27
0,3,0,28,84,65,1,1,78,1,1,0,1,3,2,1,1,1,2,27
1,2,2,25,75,63,0,1,61,0,2,1,1,2,1,1,4,0,0,18
2,3,0,21,79,63,0,1,72,0,1,1,1,3,2,1,17,0,2,18
1,2,2,25,75,63,0,1,61,0,2,1,1,2,1,1,4,2,0,18
2,3,0,21,79,63,0,1,72,0,1,1,1,3,2,1,17,2,2,18
1,1,1,23,61,97,0,1,87,0,0,0,1,1,3,1,2,0,2,21
2,2,1,22,91,97,0,1,57,0,2,0,1,2,3,1,13,0,2,21
1,1,1,23,61,97,0,1,87,0,0,0,1,1,3,1,2,0,2,21
2,2,1,22,91,97,0,1,57,0,2,0,1,2,3,1,13,0,2,21
1,1,1,23,61,97,0,1,87,0,0,0,1,1,3,0,2,2,2,21
2,2,1,22,91,97,0,1,57,0,2,0,1,2,3,0,13,2,2,21
0,1,1,23,61,97,0,1,87,1,0,0,1,1,3,2,2,1,2,21
3,2,1,22,91,97,0,1,57,1,2,0,1,2,3,2,13,1,2,21
3,2,1,27,82,90,1,1,53,1,3,0,1,2,3,0,19,1,2,17
3,0,1,28,71,90,0,0,56,1,2,0,1,0,2,0,18,1,2,17
3,3,2,20,86,90,0,0,91,1,0,0,1,3,0,0,16,1,1,17
0,1,1,28,56,90,1,1,77,1,1,0,1,1,2,0,5,1,0,17
0,0,1,26,76,90,1,1,42,1,3,0,1,0,0,0,7,1,2,17
2,2,1,27,82,90,1,1,53,0,3,0,1,2,3,1,19,2,2,17
2,0,1,28,71,90,0,0,56,0,2,0,1,0,2,1,18,2,2,17
2,3,2,20,86,90,0,0,91,0,0,0,1,3,0,1,16,2,1,17
1,1,1,28,56,90,1,1,77,0,1,0,1,1,2,1,5,2,0,17
1,0,1,26,76,90,1,1,42,0,3,0,1,0,0,1,7,2,2,17
3,2,1,27,82,90,1,1,53,1,3,0,1,2,3,0,19,2,2,17
2,0,1,28,71,90,0,0,56,1,2,0,1,0,2,0,18,2,2,17
2,3,2,20,86,90,0,0,91,1,0,0,1,3,0,0,16,2,1,17
0,1,1,28,56,90,1,1,77,1,1,0,1,1,2,0,5,2,0,17
0,0,1,26,76,90,1,1,42,1,3,0,1,0,0,0,7,2,2,17
0,2,2,18,75,88,1,1,66,0,2,0,1,2,3,1,8,1,1,5
3,1,0,29,62,70,0,1,71,1,1,0,1,1,2,2,15,1,2,16
3,3,2,28,81,70,1,0,97,1,0,0,1,3,0,2,19,1,1,16
0,1,0,23,59,70,1,1,78,1,1,0,1,1,2,2,4,1,2,16
2,1,0,29,62,70,0,1,71,0,1,0,0,1,2,2,15,2,2,16
2,3,2,28,81,70,1,0,97,0,0,0,0,3,0,2,19,2,1,16
1,1,0,23,59,70,1,1,78,0,1,0,0,1,2,2,4,2,2,16
3,0,1,26,63,87,0,1,55,1,2,0,1,0,0,2,14,2,0,21
1,0,1,19,56,87,0,0,43,1,3,0,1,0,3,2,0,2,2,21
3,0,1,26,63,87,0,1,55,1,2,0,1,0,0,1,14,1,0,21
0,0,1,19,56,87,0,0,43,1,3,0,1,0,3,1,0,1,2,21
2,0,1,26,63,87,0,1,55,1,2,0,1,0,0,1,14,0,0,21
0,0,1,19,56,87,0,0,43,1,3,0,1,0,3,1,0,0,2,21
0,0,1,18,72,85,1,0,45,0,3,0,1,0,3,1,8,1,2,21
1,2,2,26,85,85,0,1,56,0,2,0,1,2,2,1,6,1,1,21
2,2,2,18,97,85,0,0,52,0,3,0,1,2,0,1,14,1,1,21
0,0,0,18,72,85,1,0,45,0,3,0,1,0,3,0,8,1,2,21
1,2,2,26,85,85,0,1,56,0,2,0,1,2,2,0,6,1,1,21
2,2,2,18,97,85,0,0,52,0,3,0,1,2,0,0,14,1,1,21
0,0,1,18,72,85,1,0,45,1,3,0,1,0,3,1,8,2,2,21
1,2,2,26,85,85,0,1,56,1,2,0,1,2,2,1,6,2,1,21
3,2,2,18,97,85,0,0,52,1,3,0,1,2,0,1,14,2,1,21
0,0,0,18,72,85,1,0,45,1,3,0,1,0,3,0,8,1,2,21
0,2,2,26,85,85,0,1,56,1,2,0,1,2,2,0,6,1,1,21
3,2,2,18,97,85,0,0,52,1,3,0,1,2,0,0,14,1,1,21
2,3,2,19,82,80,0,1,91,0,0,1,1,3,0,1,19,1,0,8
0,1,1,20,71,80,1,1,82,0,1,1,1,1,1,1,0,1,2,8
0,0,2,27,62,80,1,1,66,0,2,1,1,0,3,1,4,1,0,8
3,3,2,19,82,80,0,1,91,1,0,1,1,3,0,1,19,1,0,8
0,1,1,20,71,80,1,1,82,1,1,1,1,1,1,1,0,1,2,8
0,0,2,27,62,80,1,1,66,1,2,1,1,0,3,1,4,1,0,8
1,2,1,24,98,91,1,1,58,0,2,0,1,2,0,1,9,2,1,27
1,1,1,27,55,91,1,1,70,0,1,0,1,1,0,1,6,2,0,27
1,3,1,22,89,91,1,0,95,0,0,0,1,3,1,1,8,2,2,27
1,2,1,26,92,91,0,1,60,0,2,0,1,2,0,1,2,2,0,27
1,3,1,26,80,91,0,1,84,0,1,0,1,3,3,1,11,2,2,27
0,2,1,24,98,91,1,1,58,1,2,0,1,2,0,0,9,2,1,27
0,1,1,27,55,91,1,1,70,1,1,0,1,1,0,0,6,2,0,27
0,3,1,22,89,91,1,0,95,1,0,0,1,3,1,0,8,2,2,27
1,2,1,26,92,91,0,1,60,1,2,0,1,2,0,0,2,2,0,27
1,3,1,26,80,91,0,1,84,1,1,0,1,3,3,0,11,2,2,27
0,2,1,24,98,91,1,1,58,0,2,0,1,2,0,1,9,1,1,27
0,1,1,27,55,91,1,1,70,0,1,0,1,1,0,1,6,1,0,27
0,3,1,22,89,91,1,0,95,0,0,0,1,3,1,1,8,1,2,27
1,2,1,26,92,91,0,1,60,0,2,0,1,2,0,1,2,1,0,27
2,3,1,26,80,91,0,1,84,0,1,0,1,3,3,1,11,1,2,27
1,2,1,24,98,91,1,1,58,0,2,0,0,2,0,1,9,2,1,27
1,1,1,27,55,91,1,1,70,0,1,0,0,1,0,1,6,2,0,27
1,3,1,22,89,91,1,0,95,0,0,0,0,3,1,1,8,2,2,27
1,2,1,26,92,91,0,1,60,0,2,0,0,2,0,1,2,2,0,27
1,3,1,26,80,91,0,1,84,0,1,0,0,3,3,1,11,2,2,27
3,2,1,28,95,93,0,0,42,1,3,0,1,2,3,1,10,1,2,15
0,2,1,20,96,93,1,1,42,1,3,0,1,2,2,1,9,1,2,15
0,1,1,23,62,93,0,1,92,1,0,0,1,1,1,1,4,1,2,15
3,0,1,21,58,93,1,1,54,1,3,0,1,0,1,1,10,1,1,15
1,2,1,28,95,93,0,0,42,0,3,0,1,2,3,2,10,1,2,15
0,2,1,20,96,93,1,1,42,0,3,0,1,2,2,2,9,1,2,15
1,1,1,23,62,93,0,1,92,0,0,0,1,1,1,2,4,1,2,15
3,0,1,21,58,93,1,1,54,0,3,0,1,0,1,2,10,1,1,15
3,2,1,28,95,93,0,0,42,1,3,0,1,2,3,1,10,1,2,15
0,2,1,20,96,93,1,1,42,1,3,0,1,2,2,1,9,1,2,15
0,1,1,23,62,93,0,1,92,1,0,0,1,1,1,1,4,1,2,15
3,0,1,21,58,93,1,1,54,1,3,0,1,0,1,1,10,1,1,15
2,2,1,28,95,93,0,0,42,1,3,0,1,2,3,0,10,0,2,15
0,2,1,20,96,93,1,1,42,1,3,0,1,2,2,0,9,0,2,15
0,1,1,23,62,93,0,1,92,1,0,0,1,1,1,0,4,0,2,15
3,0,1,21,58,93,1,1,54,1,3,0,1,0,1,0,10,0,1,15
3,2,1,22,93,99,0,1,56,1,2,0,1,2,3,1,11,1,2,11
0,2,1,21,94,99,1,1,49,1,3,0,1,2,1,1,4,1,1,11
2,2,1,22,93,99,0,1,56,0,2,0,1,2,3,1,11,1,2,11
0,2,1,21,94,99,1,1,49,0,3,0,1,2,1,1,4,1,1,11
0,2,2,24,88,77,1,1,60,1,2,0,1,2,1,2,6,0,1,31
3,2,0,28,80,77,1,1,65,1,2,0,1,2,2,2,13,0,2,31
0,3,2,29,80,61,1,1,94,0,0,0,1,3,3,1,0,1,1,31
1,2,2,23,85,61,0,0,49,0,3,0,1,2,2,1,10,1,1,31
1,0,0,23,53,61,0,0,68,0,2,0,1,0,2,1,4,1,2,31
2,2,2,18,93,61,0,1,40,0,3,0,1,2,1,1,13,1,0,31
0,2,0,18,84,68,1,1,61,0,2,0,1,2,1,0,6,1,1,21
0,3,0,28,87,68,1,1,84,0,1,0,1,3,0,0,2,1,2,21
1,0,0,23,52,68,0,1,54,0,3,0,1,0,0,0,4,1,2,21
0,1,0,22,66,62,1,1,74,0,1,1,1,1,1,1,0,0,2,27
0,1,0,22,66,62,1,1,74,0,1,1,1,1,1,0,0,1,2,27
0,1,0,22,66,62,1,1,74,1,1,1,1,1,1,1,0,0,2,27
0,1,0,22,66,62,1,1,74,0,1,1,1,1,1,1,0,1,2,27
2,2,1,23,94,83,1,0,66,0,2,0,1,2,3,1,16,0,2,23
2,1,2,27,58,83,1,1,99,0,0,0,1,1,1,1,10,0,1,23
2,3,2,24,95,83,0,0,99,0,0,0,1,3,1,1,14,0,1,23
2,1,2,21,71,83,1,0,94,0,0,0,1,1,0,1,16,0,0,23
1,0,1,18,60,83,0,1,66,0,2,0,1,0,3,1,4,0,2,23
3,2,1,23,94,83,1,0,66,1,2,0,0,2,3,1,16,0,2,23
3,1,2,27,58,83,1,1,99,1,0,0,0,1,1,1,10,0,1,23
2,3,2,24,95,83,0,0,99,1,0,0,0,3,1,1,14,0,1,23
3,1,2,21,71,83,1,0,94,1,0,0,0,1,0,1,16,0,0,23
0,0,1,18,60,83,0,1,66,1,2,0,0,0,3,1,4,0,2,23
0,1,1,24,59,98,0,1,94,1,0,0,1,1,1,1,1,0,0,16
2,0,1,23,52,98,0,0,51,1,3,0,1,0,0,1,11,0,1,16
0,2,1,20,96,98,1,0,49,1,3,0,1,2,1,1,5,0,1,16
1,1,1,24,59,98,0,1,94,0,0,0,1,1,1,1,1,1,0,16
2,0,1,23,52,98,0,0,51,0,3,0,1,0,0,1,11,1,1,16
0,2,1,20,96,98,1,0,49,0,3,0,1,2,1,1,5,1,1,16
0,0,0,29,61,62,1,0,58,1,2,1,1,0,1,2,0,2,0,12
2,3,0,20,87,62,0,1,100,1,0,1,1,3,1,2,17,2,2,12
2,2,1,27,76,100,1,1,47,0,3,1,1,2,2,1,12,0,2,9
2,2,1,28,77,100,1,1,43,0,3,1,1,2,1,1,10,0,0,9
2,2,1,20,99,100,0,1,71,0,1,1,1,2,0,1,16,0,1,9
1,3,2,27,82,74,0,0,89,1,0,1,1,3,0,1,0,2,1,13
3,0,2,23,62,74,1,1,49,1,3,1,1,0,2,1,19,2,1,13
1,3,2,27,82,74,0,0,89,0,0,1,1,3,0,0,0,1,1,13
3,0,2,23,62,74,1,1,49,0,3,1,1,0,2,0,19,1,1,13
1,3,2,27,82,74,0,0,89,1,0,1,1,3,0,2,0,2,1,13
3,0,2,23,62,74,1,1,49,1,3,1,1,0,2,2,19,2,1,13
0,1,0,20,72,62,1,1,81,0,1,0,1,1,3,1,1,0,2,17
0,3,2,26,87,62,1,0,81,0,1,0,1,3,0,1,4,0,1,17
2,0,0,18,69,62,0,1,50,0,3,0,1,0,3,1,20,0,2,17
2,3,2,26,94,62,1,1,76,0,1,0,1,3,2,1,14,0,1,17
2,3,2,27,83,62,1,1,81,0,1,0,1,3,3,1,11,0,0,17
2,0,2,20,60,62,1,0,44,0,3,0,1,0,2,1,9,0,0,17
0,1,0,20,72,62,1,1,81,0,1,0,1,1,3,2,1,0,2,17
0,3,2,26,87,62,1,0,81,0,1,0,1,3,0,2,4,0,1,17
2,0,0,18,69,62,0,1,50,0,3,0,1,0,3,2,20,0,2,17
2,3,2,26,94,62,1,1,76,0,1,0,1,3,2,2,14,0,1,17
2,3,0,27,83,62,1,1,81,0,1,0,1,3,3,2,11,0,0,17
2,0,0,20,60,62,1,0,44,0,3,0,1,0,2,2,9,0,0,17
3,1,0,22,58,75,1,1,98,0,0,0,1,1,0,0,13,1,0,9
3,3,0,23,89,75,1,1,72,0,1,0,1,3,2,0,12,1,2,9
3,3,2,21,94,75,1,1,84,0,1,0,1,3,1,0,19,1,1,9
0,1,0,29,60,69,1,0,82,1,1,0,1,1,1,0,1,1,2,10
0,1,0,29,60,69,1,0,82,0,1,0,1,1,1,1,1,1,2,10
0,3,0,27,87,63,1,1,72,1,1,1,0,3,3,2,6,0,2,29
3,1,2,23,53,63,1,1,76,1,1,1,1,1,1,1,17,2,1,7
0,2,0,29,91,63,1,0,51,1,3,1,1,2,1,1,2,2,2,7
0,1,2,24,52,63,1,1,98,1,0,1,1,1,3,1,4,2,1,7
3,0,0,18,69,63,1,1,56,1,2,1,1,0,1,1,20,2,2,7
3,3,1,29,94,88,1,1,87,1,0,0,1,3,1,1,15,2,2,15
2,2,1,23,93,88,0,1,71,1,1,0,1,2,3,1,19,2,2,15
3,3,1,29,94,88,1,1,87,1,0,0,1,3,1,1,15,1,2,15
3,2,1,23,93,88,0,1,71,1,1,0,1,2,3,1,19,1,2,15
3,3,1,29,94,88,1,1,87,1,0,0,1,3,1,1,15,1,2,15
3,2,1,23,93,88,0,1,71,1,1,0,1,2,3,1,19,1,2,15
1,2,0,24,82,77,0,1,43,0,3,1,1,2,3,0,10,2,2,10
1,2,1,24,82,77,0,1,43,0,3,1,1,2,3,1,10,2,2,10
1,2,1,27,79,80,0,1,63,0,2,1,1,2,2,1,5,2,2,13
1,1,2,24,63,80,0,0,80,0,1,1,1,1,0,1,0,2,0,13
2,2,1,28,91,80,1,0,43,0,3,1,1,2,0,1,13,2,2,13
2,3,2,26,89,83,0,0,88,1,0,0,1,3,0,1,18,0,1,9
0,1,2,21,72,83,1,0,92,1,0,0,1,1,1,1,0,0,1,9
0,3,1,28,85,92,0,1,90,1,0,0,1,3,3,0,0,0,1,14
3,3,1,22,91,92,1,0,94,1,0,0,1,3,0,0,18,0,2,14
3,0,1,24,54,92,1,1,68,1,2,0,1,0,2,0,18,0,1,14
1,3,0,21,98,60,0,1,78,0,1,1,1,3,1,2,1,2,2,11
2,3,2,26,79,60,0,1,92,0,0,1,1,3,0,2,19,2,1,11
0,3,0,20,76,64,1,1,96,1,0,0,1,3,1,0,5,1,2,26
3,2,0,25,100,64,1,1,44,1,3,0,1,2,2,0,11,1,2,26
3,2,0,25,80,64,1,1,61,1,2,0,1,2,3,0,20,1,1,26
0,1,0,21,65,64,0,1,94,1,0,0,1,1,1,0,7,1,2,26
2,3,1,26,99,86,0,1,82,0,1,1,0,3,1,1,11,1,0,13
3,3,1,24,96,86,1,1,90,0,0,1,0,3,3,1,11,1,2,13
1,3,1,26,99,86,0,1,82,0,1,1,1,3,1,1,11,2,0,13
1,3,1,24,96,86,1,1,90,0,0,1,1,3,3,1,11,2,2,13
2,3,1,26,99,86,0,1,82,1,1,1,1,3,1,1,11,0,0,13
3,3,1,24,96,86,1,1,90,1,0,1,1,3,3,1,11,0,2,13
2,3,1,26,99,86,0,1,82,0,1,1,1,3,1,1,11,1,0,13
3,3,1,24,96,86,1,1,90,0,0,1,1,3,3,1,11,1,2,13
1,3,1,26,99,86,0,1,82,1,1,1,1,3,1,1,11,2,0,13
3,3,1,24,96,86,1,1,90,1,0,1,1,3,3,1,11,2,2,13
1,1,1,22,53,87,1,0,72,0,1,1,0,1,2,0,7,0,2,9
3,2,0,20,81,62,1,0,52,1,3,1,1,2,1,2,13,2,2,9
0,2,2,27,90,62,1,0,57,1,2,1,1,2,1,2,9,2,1,9
0,3,0,25,99,62,1,1,99,1,0,1,1,3,1,2,6,2,2,9
3,1,0,23,74,72,1,1,76,1,1,0,1,1,0,0,15,1,1,28
0,1,0,18,56,72,1,1,79,1,1,0,1,1,3,0,6,1,2,28
0,3,0,20,96,72,1,0,74,1,1,0,1,3,1,0,3,1,2,28
3,2,0,19,93,72,1,1,63,1,2,0,1,2,2,0,16,1,1,28
2,1,2,23,74,72,1,1,76,0,1,0,1,1,0,2,15,0,1,28
1,1,0,18,56,72,1,1,79,0,1,0,1,1,3,2,6,0,2,28
0,3,0,20,96,72,1,0,74,0,1,0,1,3,1,2,3,0,2,28
2,2,2,19,93,72,1,1,63,0,2,0,1,2,2,2,16,0,1,28
2,2,1,21,98,92,1,1,51,0,3,0,1,2,0,2,12,0,2,16
0,0,1,23,65,92,1,0,57,0,2,0,1,0,0,2,3,0,1,16
1,2,1,18,81,92,1,1,46,0,3,0,1,2,0,2,7,0,0,16
3,2,1,21,98,92,1,1,51,0,3,0,0,2,0,0,12,1,2,16
0,0,1,23,65,92,1,0,57,0,2,0,0,0,0,0,3,1,1,16
0,2,1,18,81,92,1,1,46,0,3,0,0,2,0,0,7,1,0,16
3,2,1,21,98,92,1,1,51,1,3,0,1,2,0,2,12,1,2,16
0,0,1,23,65,92,1,0,57,1,2,0,1,0,0,2,3,1,1,16
0,2,1,18,81,92,1,1,46,1,3,0,1,2,0,2,7,1,0,16
3,2,1,21,98,92,1,1,51,1,3,0,1,2,0,0,12,0,2,16
0,0,1,23,65,92,1,0,57,1,2,0,1,0,0,0,3,0,1,16
0,2,1,18,81,92,1,1,46,1,3,0,1,2,0,0,7,0,0,16
0,1,0,29,69,81,1,0,79,0,1,0,0,1,1,0,4,1,2,15
0,2,0,21,97,81,1,1,51,0,3,0,0,2,3,0,4,1,2,15
3,2,2,18,90,81,1,1,47,0,3,0,0,2,1,0,17,1,1,15
0,1,1,29,69,81,1,0,79,0,1,0,1,1,1,2,4,1,2,15
0,2,1,21,97,81,1,1,51,0,3,0,1,2,3,2,4,1,2,15
3,2,2,18,90,81,1,1,47,0,3,0,1,2,1,2,17,1,1,15
0,1,1,29,69,81,1,0,79,1,1,0,1,1,1,2,4,2,2,15
0,2,1,21,97,81,1,1,51,1,3,0,1,2,3,2,4,2,2,15
3,2,2,18,90,81,1,1,47,1,3,0,1,2,1,2,17,2,1,15
3,2,2,28,100,75,1,0,47,0,3,0,1,2,3,1,16,1,2,27
0,2,2,29,96,75,1,1,55,0,2,0,1,2,2,1,6,1,0,27
3,2,2,21,85,75,1,1,62,0,2,0,1,2,2,1,13,1,1,27
3,2,2,28,100,75,1,0,47,0,3,0,0,2,3,1,16,1,2,27
0,2,2,29,96,75,1,1,55,0,2,0,0,2,2,1,6,1,0,27
3,2,2,21,85,75,1,1,62,0,2,0,0,2,2,1,13,1,1,27
3,2,0,28,100,75,1,0,47,1,3,0,1,2,3,0,16,0,2,27
0,2,0,29,96,75,1,1,55,1,2,0,1,2,2,0,6,0,0,27
3,2,2,21,85,75,1,1,62,1,2,0,1,2,2,0,13,0,1,27
3,0,1,23,76,98,1,1,43,1,3,0,0,0,0,2,13,2,2,30
3,0,1,23,76,98,1,1,43,1,3,0,1,0,0,1,13,2,2,30
0,2,2,23,87,74,0,0,67,1,2,1,1,2,3,2,6,1,1,10
0,1,2,22,74,75,1,1,90,1,0,0,1,1,3,2,2,2,0,24
3,3,2,28,77,75,1,1,96,1,0,0,1,3,3,2,10,2,1,24
0,1,0,22,74,75,1,1,90,1,0,0,1,1,3,0,2,1,0,24
3,3,2,28,77,75,1,1,96,1,0,0,1,3,3,0,10,1,1,24
0,1,0,22,66,68,1,0,87,1,0,0,1,1,0,1,3,2,2,28
3,3,0,24,90,68,1,1,89,1,0,0,1,3,0,1,19,2,2,28
0,3,2,28,77,68,1,1,75,1,1,0,1,3,3,1,7,2,1,28
3,2,1,20,87,91,1,1,62,0,2,0,1,2,0,2,19,1,0,14
0,3,1,28,84,91,1,1,99,0,0,0,1,3,0,2,0,1,0,14
0,2,0,18,79,71,1,1,66,1,2,0,1,2,3,1,2,1,2,8
0,1,0,18,63,71,1,1,98,1,0,0,1,1,2,1,5,1,2,8
3,3,2,22,77,71,1,1,72,1,1,0,1,3,0,1,10,1,1,8
0,3,0,25,81,71,1,0,93,1,0,0,1,3,1,1,5,1,2,8
0,2,0,18,79,71,1,1,66,1,2,0,0,2,3,1,2,1,2,8
0,1,0,18,63,71,1,1,98,1,0,0,0,1,2,1,5,1,2,8
3,3,2,22,77,71,1,1,72,1,1,0,0,3,0,1,10,1,1,8
0,3,0,25,81,71,1,0,93,1,0,0,0,3,1,1,5,1,2,8
3,1,0,20,72,63,0,1,93,1,0,1,1,1,0,2,12,1,0,14
3,1,0,21,52,63,1,1,92,1,0,1,1,1,3,2,14,1,2,14
2,1,2,20,72,63,0,1,93,0,0,1,1,1,0,1,12,0,0,14
2,1,0,21,52,63,1,1,92,0,0,1,1,1,3,1,14,0,2,14
0,1,0,27,55,62,1,1,93,1,0,1,1,1,3,2,1,1,0,31
0,2,2,19,84,74,1,0,44,1,3,0,1,2,3,0,7,0,1,21
0,0,2,19,51,74,0,1,65,1,2,0,1,0,1,0,3,0,1,21
0,3,0,25,87,74,0,1,80,1,1,0,1,3,1,0,3,0,2,21
0,1,0,20,50,74,1,0,98,1,0,0,1,1,2,0,8,0,0,21
1,1,0,29,53,74,0,1,84,1,1,0,1,1,0,0,8,0,2,21
0,1,2,20,64,74,1,0,100,1,0,0,1,1,0,0,3,0,1,21
0,2,2,19,84,74,1,0,44,1,3,0,1,2,3,0,7,1,1,21
0,0,2,19,51,74,0,1,65,1,2,0,1,0,1,0,3,1,1,21
0,3,0,25,87,74,0,1,80,1,1,0,1,3,1,0,3,1,2,21
0,1,0,20,50,74,1,0,98,1,0,0,1,1,2,0,8,1,0,21
0,1,0,29,53,74,0,1,84,1,1,0,1,1,0,0,8,1,2,21
0,1,2,20,64,74,1,0,100,1,0,0,1,1,0,0,3,1,1,21
0,2,2,19,84,74,1,0,44,1,3,0,1,2,3,0,7,2,1,21
1,0,2,19,51,74,0,1,65,1,2,0,1,0,1,0,3,2,1,21
1,3,0,25,87,74,0,1,80,1,1,0,1,3,1,0,3,2,2,21
0,1,0,20,50,74,1,0,98,1,0,0,1,1,2,0,8,2,0,21
1,1,0,29,53,74,0,1,84,1,1,0,1,1,0,0,8,2,2,21
0,1,2,20,64,74,1,0,100,1,0,0,1,1,0,0,3,2,1,21
0,3,1,20,79,77,1,1,83,0,1,1,1,3,2,1,1,0,2,26
0,3,0,20,79,77,1,1,83,1,1,1,1,3,2,0,1,1,2,26
0,3,1,20,79,77,1,1,83,1,1,1,1,3,2,1,1,1,2,26
0,3,0,20,79,77,1,1,83,1,1,1,1,3,2,0,1,1,2,26
3,2,1,27,92,96,1,1,41,1,3,1,1,2,2,1,19,1,2,37
0,0,2,22,69,73,1,1,42,0,3,1,1,0,0,1,1,1,2,19
0,0,2,22,69,73,1,1,42,1,3,1,1,0,0,1,1,1,2,19
1,1,2,26,68,64,0,1,93,1,0,0,1,1,2,2,7,0,1,21
2,0,2,24,64,64,0,1,64,1,2,0,1,0,3,2,14,0,1,21
1,1,0,26,68,64,0,1,93,1,0,0,1,1,2,0,7,2,1,21
3,0,0,24,64,64,0,1,64,1,2,0,1,0,3,0,14,2,1,21
1,1,2,26,68,64,0,1,93,0,0,0,1,1,2,2,7,0,1,21
2,0,2,24,64,64,0,1,64,0,2,0,1,0,3,2,14,0,1,21
0,1,0,27,50,63,1,1,71,1,1,1,0,1,2,0,2,2,1,15
1,0,0,20,72,63,0,1,68,1,2,1,0,0,3,0,7,2,2,15
0,1,0,19,53,63,1,1,73,1,1,1,0,1,1,0,3,2,2,15
0,0,0,29,51,63,1,0,66,1,2,1,0,0,0,0,8,2,0,15
0,1,2,27,50,63,1,1,71,1,1,1,1,1,2,1,2,0,1,15
1,0,0,20,72,63,0,1,68,1,2,1,1,0,3,1,7,0,2,15
0,1,0,19,53,63,1,1,73,1,1,1,1,1,1,1,3,0,2,15
0,0,2,29,51,63,1,0,66,1,2,1,1,0,0,1,8,0,0,15
0,1,0,27,50,63,1,1,71,1,1,1,1,1,2,0,2,1,1,15
0,0,0,20,72,63,0,1,68,1,2,1,1,0,3,0,7,1,2,15
0,1,0,19,53,63,1,1,73,1,1,1,1,1,1,0,3,1,2,15
0,0,0,29,51,63,1,0,66,1,2,1,1,0,0,0,8,1,0,15
1,1,2,27,50,63,1,1,71,0,1,1,1,1,2,2,2,2,1,15
1,0,0,20,72,63,0,1,68,0,2,1,1,0,3,2,7,2,2,15
1,1,0,19,53,63,1,1,73,0,1,1,1,1,1,2,3,2,2,15
1,0,0,29,51,63,1,0,66,0,2,1,1,0,0,2,8,2,0,15
3,0,1,24,52,96,1,1,51,1,3,1,1,0,0,1,20,2,2,24
3,2,1,21,86,96,1,1,50,1,3,1,1,2,1,1,14,2,2,24
1,1,1,28,62,96,0,1,89,1,0,1,1,1,3,1,5,2,2,24
3,2,1,19,80,96,0,1,60,1,2,1,1,2,1,1,17,2,2,24
0,0,1,20,54,100,1,1,58,0,2,1,1,0,3,1,3,1,1,18
0,0,1,20,54,100,1,1,58,1,2,1,1,0,3,1,3,1,1,18
0,0,1,20,54,100,1,1,58,1,2,1,0,0,3,2,3,0,1,18
1,3,0,18,79,75,0,1,72,0,1,0,1,3,1,0,1,2,2,21
1,0,0,22,53,75,1,1,48,0,3,0,1,0,0,0,3,2,2,21
2,3,0,22,98,75,0,1,94,0,0,0,1,3,3,0,20,2,0,21
1,3,0,18,79,75,0,1,72,0,1,0,1,3,1,2,1,2,2,21
1,0,0,22,53,75,1,1,48,0,3,0,1,0,0,2,3,2,2,21
2,3,2,22,98,75,0,1,94,0,0,0,1,3,3,2,20,2,0,21
2,1,1,23,57,88,0,1,99,0,0,0,1,1,0,1,20,1,2,20
2,3,1,29,84,88,0,1,82,0,1,0,1,3,1,1,16,1,2,20
0,1,1,21,73,88,1,1,89,0,0,0,1,1,2,1,3,1,2,20
3,1,1,23,57,88,0,1,99,1,0,0,1,1,0,1,20,1,2,20
3,3,1,29,84,88,0,1,82,1,1,0,1,3,1,1,16,1,2,20
0,1,1,21,73,88,1,1,89,1,0,0,1,1,2,1,3,1,2,20
3,1,1,18,57,96,1,1,79,0,1,0,1,1,3,1,20,1,2,25
0,3,1,20,82,96,1,1,91,0,0,0,1,3,1,1,8,1,0,25
3,1,1,19,72,96,1,1,94,0,0,0,1,1,0,1,20,1,2,25
3,2,1,20,90,96,1,1,60,0,2,0,1,2,2,1,20,1,0,25
3,2,0,20,100,69,1,1,61,1,2,1,1,2,2,1,19,1,2,29
3,2,2,25,78,69,1,1,51,1,3,1,1,2,3,1,17,1,1,29
0,2,0,26,83,69,1,1,64,1,2,1,1,2,2,1,7,1,2,29
0,3,0,20,91,67,1,1,91,0,0,0,0,3,3,1,0,0,2,29
1,3,0,20,91,67,1,1,91,0,0,0,0,3,3,1,0,2,2,29
0,3,0,20,91,67,1,1,91,1,0,0,1,3,3,1,0,0,2,29
3,1,2,19,61,69,1,1,94,1,0,0,0,1,1,1,14,1,1,5
0,3,0,24,88,69,0,1,86,1,0,0,0,3,1,1,6,1,2,5
3,2,0,22,99,69,1,1,58,1,2,0,0,2,0,1,18,1,2,5
2,2,0,27,96,80,0,0,62,0,2,1,1,2,2,0,16,1,2,28
2,2,0,27,96,80,0,0,62,0,2,1,1,2,2,2,16,2,2,28
2,2,1,27,96,80,0,0,62,0,2,1,1,2,2,1,16,2,2,28
0,2,1,23,90,98,0,1,50,1,3,1,1,2,0,2,9,1,2,13
0,0,1,29,58,98,1,0,49,1,3,1,1,0,2,2,7,1,0,13
2,2,1,23,90,98,0,1,50,1,3,1,1,2,0,1,9,0,2,13
0,0,1,29,58,98,1,0,49,1,3,1,1,0,2,1,7,0,0,13
1,2,0,18,87,62,0,1,50,1,3,1,1,2,0,1,1,2,2,30
2,0,2,27,76,73,0,1,41,1,3,0,1,0,2,2,20,2,0,13
2,0,2,27,76,73,0,1,41,0,3,0,1,0,2,1,20,2,0,13
1,2,1,24,99,96,1,1,63,0,2,0,1,2,3,0,7,0,1,31
2,2,1,20,90,96,0,1,46,0,3,0,1,2,1,0,11,0,0,31
2,1,1,24,67,96,1,0,89,0,0,0,1,1,1,0,10,0,2,31
0,2,1,24,99,96,1,1,63,1,2,0,1,2,3,1,7,1,1,31
3,2,1,20,90,96,0,1,46,1,3,0,1,2,1,1,11,1,0,31
3,1,1,24,67,96,1,0,89,1,0,0,1,1,1,1,10,1,2,31
1,3,0,21,78,65,1,0,91,0,0,0,1,3,3,0,0,2,2,13
1,0,0,24,65,65,0,1,58,0,2,0,1,0,1,0,3,2,0,13
1,3,0,28,94,65,0,1,86,0,0,0,1,3,0,0,3,2,1,13
1,1,0,19,73,65,0,0,73,0,1,0,1,1,3,0,5,2,0,13
2,3,0,19,80,65,0,1,100,0,0,0,1,3,2,0,17,2,2,13
0,3,0,21,78,65,1,0,91,1,0,0,1,3,3,1,0,2,2,13
1,0,2,24,65,65,0,1,58,1,2,0,1,0,1,1,3,2,0,13
1,3,2,28,94,65,0,1,86,1,0,0,1,3,0,1,3,2,1,13
1,1,2,19,73,65,0,0,73,1,1,0,1,1,3,1,5,2,0,13
2,3,0,19,80,65,0,1,100,1,0,0,1,3,2,1,17,2,2,13
1,0,1,27,72,84,0,0,48,1,3,1,1,0,1,1,12,2,2,34
3,3,1,29,89,84,1,0,94,1,0,1,1,3,1,1,15,2,2,34
0,3,1,29,83,84,1,0,91,1,0,1,1,3,0,1,8,2,2,34
0,3,1,22,96,84,1,0,83,1,1,1,1,3,0,1,9,2,2,34
3,1,1,24,60,84,1,0,78,1,1,1,1,1,3,1,13,2,2,34
0,1,1,26,56,94,1,1,77,1,1,0,1,1,3,1,8,1,0,21
3,1,1,24,70,94,1,1,71,1,1,0,1,1,3,1,15,1,2,21
1,1,1,26,56,94,1,1,77,0,1,0,1,1,3,0,8,2,0,21
3,1,1,24,70,94,1,1,71,0,1,0,1,1,3,0,15,2,2,21
0,1,1,26,56,94,1,1,77,1,1,0,1,1,3,0,8,0,0,21
3,1,1,24,70,94,1,1,71,1,1,0,1,1,3,0,15,0,2,21
0,1,1,26,56,94,1,1,77,0,1,0,1,1,3,0,8,1,0,21
3,1,1,24,70,94,1,1,71,0,1,0,1,1,3,0,15,1,2,21
3,1,2,20,51,63,1,1,99,1,0,1,1,1,0,1,14,2,0,20
0,1,2,18,66,63,1,1,94,1,0,1,1,1,3,1,6,2,0,20
3,1,2,20,51,63,1,1,99,1,0,1,1,1,0,1,14,1,0,20
0,1,2,18,66,63,1,1,94,1,0,1,1,1,3,1,6,1,0,20
3,1,0,20,51,63,1,1,99,0,0,1,1,1,0,0,14,1,0,20
0,1,0,18,66,63,1,1,94,0,0,1,1,1,3,0,6,1,0,20
3,1,0,20,51,63,1,1,99,0,0,1,1,1,0,2,14,1,0,20
0,1,0,18,66,63,1,1,94,0,0,1,1,1,3,2,6,1,0,20
2,1,0,20,51,63,1,1,99,0,0,1,1,1,0,0,14,0,0,20
1,1,0,18,66,63,1,1,94,0,0,1,1,1,3,0,6,0,0,20
3,1,0,20,51,63,1,1,99,1,0,1,1,1,0,0,14,1,0,20
0,1,0,18,66,63,1,1,94,1,0,1,1,1,3,0,6,1,0,20
0,2,1,18,78,76,1,1,64,1,2,1,1,2,2,1,6,1,2,12
0,3,1,22,77,76,1,1,74,1,1,1,1,3,1,1,8,1,2,12
0,1,2,22,55,76,0,1,76,1,1,1,1,1,1,1,9,1,1,12
0,2,0,18,78,76,1,1,64,1,2,1,1,2,2,0,6,0,2,12
0,3,0,22,77,76,1,1,74,1,1,1,1,3,1,0,8,0,2,12
2,1,2,22,55,76,0,1,76,1,1,1,1,1,1,0,9,0,1,12
2,0,2,24,72,72,1,1,46,0,3,1,1,0,2,1,17,2,0,14
2,0,0,24,72,72,1,1,46,0,3,1,1,0,2,2,17,0,0,14
2,2,0,26,80,79,0,1,49,1,3,0,1,2,3,2,15,0,2,27
3,0,0,24,65,79,1,1,62,1,2,0,1,0,3,2,19,0,2,27
3,2,0,26,80,79,0,1,49,1,3,0,1,2,3,2,15,2,2,27
3,0,0,24,65,79,1,1,62,1,2,0,1,0,3,2,19,2,2,27
0,1,2,19,57,78,1,0,100,1,0,1,1,1,0,1,7,2,1,14
2,2,1,28,94,78,0,1,71,1,1,1,1,2,0,1,20,2,2,14
3,3,1,26,98,78,1,1,79,1,1,1,1,3,2,1,17,2,2,14
0,1,2,19,57,78,1,0,100,0,0,1,1,1,0,1,7,1,1,14
2,2,1,28,94,78,0,1,71,0,1,1,1,2,0,1,20,1,2,14
3,3,1,26,98,78,1,1,79,0,1,1,1,3,2,1,17,1,2,14
3,1,1,24,69,85,1,1,78,1,1,0,1,1,1,1,20,1,0,18
0,0,1,20,75,85,1,1,45,1,3,0,1,0,2,1,9,1,0,18
3,1,1,24,69,85,1,1,78,1,1,0,0,1,1,2,20,2,0,18
0,0,1,20,75,85,1,1,45,1,3,0,0,0,2,2,9,2,0,18
3,1,1,24,69,85,1,1,78,1,1,0,1,1,1,2,20,2,0,18
0,0,1,20,75,85,1,1,45,1,3,0,1,0,2,2,9,2,0,18
0,3,0,29,92,62,1,1,81,1,1,1,1,3,3,0,5,1,2,7
0,2,0,22,81,62,0,1,45,1,3,1,1,2,0,0,5,1,2,7
0,1,0,20,74,62,1,1,97,1,0,1,1,1,0,0,7,1,1,7
1,2,0,20,78,81,1,0,48,0,3,1,1,2,1,0,1,2,2,13
2,3,0,23,78,81,1,1,93,0,0,1,1,3,3,0,13,2,2,13
2,1,0,24,55,81,0,0,74,0,1,1,1,1,0,0,18,2,0,13
1,0,2,24,70,81,1,1,43,0,3,1,1,0,0,0,2,2,1,13
1,1,0,20,56,81,0,1,93,0,0,1,1,1,3,0,0,2,0,13
0,2,0,20,78,81,1,0,48,1,3,1,1,2,1,0,1,1,2,13
3,3,0,23,78,81,1,1,93,1,0,1,1,3,3,0,13,1,2,13
3,1,0,24,55,81,0,0,74,1,1,1,1,1,0,0,18,1,0,13
0,0,2,24,70,81,1,1,43,1,3,1,1,0,0,0,2,1,1,13
0,1,0,20,56,81,0,1,93,1,0,1,1,1,3,0,0,1,0,13
1,2,1,23,85,89,0,1,56,1,2,1,1,2,3,1,1,2,2,9
3,1,1,23,70,89,1,1,84,1,1,1,1,1,1,1,15,2,0,9
1,3,2,20,98,89,0,1,74,1,1,1,1,3,2,1,1,2,1,9
1,3,1,21,81,89,0,1,93,1,0,1,1,3,0,1,3,2,2,9
0,2,1,23,85,89,0,1,56,1,2,1,1,2,3,1,1,1,2,9
3,1,1,23,70,89,1,1,84,1,1,1,1,1,1,1,15,1,0,9
0,3,2,20,98,89,0,1,74,1,1,1,1,3,2,1,1,1,1,9
0,3,1,21,81,89,0,1,93,1,0,1,1,3,0,1,3,1,2,9
2,0,2,28,68,69,1,0,57,0,2,1,1,0,3,1,20,0,0,12
2,1,0,25,51,69,1,1,90,0,0,1,1,1,2,1,16,0,2,12
0,2,2,22,85,69,1,0,47,0,3,1,1,2,1,1,1,0,1,12
2,3,0,26,76,69,1,1,87,0,0,1,1,3,2,1,20,0,2,12
3,0,0,28,68,69,1,0,57,1,2,1,1,0,3,0,20,2,0,12
3,1,0,25,51,69,1,1,90,1,0,1,1,1,2,0,16,2,2,12
0,2,0,22,85,69,1,0,47,1,3,1,1,2,1,0,1,2,1,12
3,3,0,26,76,69,1,1,87,1,0,1,1,3,2,0,20,2,2,12
2,2,0,26,87,80,0,1,43,0,3,1,1,2,1,0,12,1,2,32
1,1,2,20,52,83,1,1,91,0,0,0,1,1,1,1,2,2,1,29
3,0,1,22,62,83,1,1,54,0,3,0,1,0,3,1,18,2,2,29
1,2,2,28,83,83,0,1,52,0,3,0,1,2,3,1,4,2,0,29
0,1,2,20,52,83,1,1,91,0,0,0,1,1,1,2,2,1,1,29
3,0,1,22,62,83,1,1,54,0,3,0,1,0,3,2,18,1,2,29
1,2,2,28,83,83,0,1,52,0,3,0,1,2,3,2,4,1,0,29
2,1,0,24,66,70,0,1,98,1,0,0,1,1,0,2,15,0,2,31
1,1,2,20,52,77,0,1,75,1,1,0,1,1,0,2,3,2,1,10
3,0,2,28,56,77,1,0,66,1,2,0,1,0,3,2,20,2,1,10
2,1,0,26,68,77,0,0,100,1,0,0,1,1,1,2,19,2,2,10
3,1,2,26,69,77,1,1,95,1,0,0,1,1,3,2,15,2,1,10
0,2,2,19,97,77,1,1,42,1,3,0,1,2,0,2,5,2,0,10
1,1,2,20,52,77,0,1,75,1,1,0,1,1,0,1,3,2,1,10
3,0,2,28,56,77,1,0,66,1,2,0,1,0,3,1,20,2,1,10
2,1,1,26,68,77,0,0,100,1,0,0,1,1,1,1,19,2,2,10
3,1,2,26,69,77,1,1,95,1,0,0,1,1,3,1,15,2,1,10
0,2,2,19,97,77,1,1,42,1,3,0,1,2,0,1,5,2,0,10
3,2,0,25,98,60,1,1,61,1,2,0,0,2,1,0,11,1,2,23
3,0,0,19,72,60,1,1,41,1,3,0,0,0,0,0,11,1,2,23
3,2,0,25,98,60,1,1,61,0,2,0,1,2,1,0,11,1,2,23
3,0,0,19,72,60,1,1,41,0,3,0,1,0,0,0,11,1,2,23
3,2,0,29,93,64,0,1,55,1,2,0,1,2,3,0,18,1,2,27
3,2,0,29,93,64,0,1,55,1,2,0,1,2,3,1,18,1,2,27
2,2,0,29,93,64,0,1,55,0,2,0,1,2,3,2,18,1,2,27
3,3,0,29,80,70,1,1,91,1,0,0,1,3,2,0,16,2,1,21
0,3,0,21,77,70,1,0,85,1,0,0,1,3,2,0,0,2,2,21
2,3,2,29,80,70,1,1,91,0,0,0,1,3,2,2,16,0,1,21
0,3,0,21,77,70,1,0,85,0,0,0,1,3,2,2,0,0,2,21
3,3,2,29,80,70,1,1,91,1,0,0,1,3,2,1,16,2,1,21
0,3,0,21,77,70,1,0,85,1,0,0,1,3,2,1,0,2,2,21
1,2,0,21,86,72,0,0,63,0,2,1,1,2,3,2,4,1,2,11
3,2,0,29,96,72,1,1,64,0,2,1,1,2,2,2,20,1,2,11
0,2,0,21,86,72,0,0,63,1,2,1,1,2,3,0,4,1,2,11
3,2,0,29,96,72,1,1,64,1,2,1,1,2,2,0,20,1,2,11
1,2,0,21,86,72,0,0,63,0,2,1,1,2,3,2,4,0,2,11
2,2,0,29,96,72,1,1,64,0,2,1,1,2,2,2,20,0,2,11
3,2,2,23,92,82,0,0,65,1,2,0,1,2,1,1,13,1,1,15
3,2,2,23,92,82,0,0,65,1,2,0,1,2,1,1,13,1,1,15
3,2,2,23,92,82,0,0,65,1,2,0,1,2,1,1,13,1,1,15
0,0,1,22,65,87,1,1,47,1,3,0,1,0,2,1,1,1,2,32
3,2,1,24,89,87,1,1,70,1,1,0,1,2,2,1,15,1,2,32
2,2,0,29,79,83,1,0,64,0,2,1,1,2,0,0,11,0,2,29
1,1,0,28,71,83,0,1,85,0,0,1,1,1,3,0,0,0,0,29
3,2,1,29,79,83,1,0,64,1,2,1,1,2,0,2,11,0,2,29
0,1,2,28,71,83,0,1,85,1,0,1,1,1,3,2,0,0,0,29
3,2,1,29,79,83,1,0,64,1,2,1,1,2,0,1,11,2,2,29
1,1,2,28,71,83,0,1,85,1,0,1,1,1,3,1,0,2,0,29
1,1,1,20,64,77,0,1,72,0,1,0,1,1,2,1,9,2,2,34
1,2,1,19,85,95,0,1,60,1,2,0,1,2,3,0,4,2,2,5
0,1,1,29,61,76,1,0,76,0,1,0,1,1,3,1,1,1,2,32
0,3,1,28,82,76,1,1,90,0,0,0,1,3,0,1,9,1,2,32
0,1,0,29,61,76,1,0,76,1,1,0,1,1,3,0,1,0,2,32
0,3,0,28,82,76,1,1,90,1,0,0,1,3,0,0,9,0,2,32
0,2,1,20,81,100,1,1,68,0,2,0,1,2,2,0,8,1,2,17
3,3,1,26,85,100,1,1,74,0,1,0,1,3,2,0,13,1,2,17
0,1,1,20,57,100,1,0,96,0,0,0,1,1,3,0,5,1,1,17
0,3,0,26,89,61,0,0,78,1,1,0,1,3,1,0,5,0,0,12
0,2,0,18,90,64,1,1,51,0,3,1,1,2,2,1,1,1,2,17
0,1,2,19,73,64,1,1,81,0,1,1,1,1,0,1,4,1,1,17
0,2,2,21,82,64,1,1,55,0,2,1,1,2,1,1,6,1,0,17
0,2,0,18,90,64,1,1,51,1,3,1,1,2,2,1,1,2,2,17
0,1,2,19,73,64,1,1,81,1,1,1,1,1,0,1,4,2,1,17
0,2,2,21,82,64,1,1,55,1,2,1,1,2,1,1,6,2,0,17
1,2,0,18,90,64,1,1,51,0,3,1,1,2,2,0,1,2,2,17
1,1,0,19,73,64,1,1,81,0,1,1,1,1,0,0,4,2,1,17
1,2,0,21,82,64,1,1,55,0,2,1,1,2,1,0,6,2,0,17
0,2,0,18,90,64,1,1,51,1,3,1,1,2,2,1,1,2,2,17
0,1,2,19,73,64,1,1,81,1,1,1,1,1,0,1,4,2,1,17
0,2,2,21,82,64,1,1,55,1,2,1,1,2,1,1,6,2,0,17
0,2,0,18,90,64,1,1,51,0,3,1,1,2,2,2,1,0,2,17
0,1,2,19,73,64,1,1,81,0,1,1,1,1,0,2,4,0,1,17
1,2,0,21,82,64,1,1,55,0,2,1,1,2,1,2,6,0,0,17
0,2,0,18,90,64,1,1,51,1,3,1,1,2,2,1,1,1,2,17
0,1,2,19,73,64,1,1,81,1,1,1,1,1,0,1,4,1,1,17
0,2,2,21,82,64,1,1,55,1,2,1,1,2,1,1,6,1,0,17
0,2,0,18,90,64,1,1,51,1,3,1,1,2,2,2,1,1,2,17
0,1,2,19,73,64,1,1,81,1,1,1,1,1,0,2,4,1,1,17
0,2,0,21,82,64,1,1,55,1,2,1,1,2,1,2,6,1,0,17
3,3,0,27,75,70,1,0,99,1,0,1,1,3,0,0,18,1,2,9
1,0,1,18,71,93,0,0,48,0,3,0,1,0,1,0,3,1,2,34
2,3,1,22,76,93,0,1,86,0,0,0,1,3,1,0,13,1,0,34
3,3,1,29,99,93,1,1,73,0,1,0,1,3,2,0,17,1,2,34
1,3,1,25,89,93,0,1,89,0,0,0,1,3,0,0,8,1,2,34
2,1,2,28,60,78,1,0,99,0,0,0,0,1,1,1,17,2,1,21
2,2,1,27,97,78,0,0,40,0,3,0,0,2,3,1,18,2,2,21
2,1,1,26,61,78,0,1,76,0,1,0,0,1,3,1,13,2,2,21
2,1,2,28,60,78,1,0,99,0,0,0,1,1,1,2,17,2,1,21
2,2,0,27,97,78,0,0,40,0,3,0,1,2,3,2,18,2,2,21
2,1,0,26,61,78,0,1,76,0,1,0,1,1,3,2,13,2,2,21
3,1,2,28,60,78,1,0,99,1,0,0,1,1,1,1,17,1,1,21
3,2,1,27,97,78,0,0,40,1,3,0,1,2,3,1,18,1,2,21
3,1,1,26,61,78,0,1,76,1,1,0,1,1,3,1,13,1,2,21
1,1,1,19,66,97,0,1,90,1,0,1,1,1,2,2,1,2,1,30
1,1,1,19,66,97,0,1,90,0,0,1,1,1,2,1,1,2,1,30
2,3,2,18,81,64,0,0,94,0,0,0,1,3,0,1,10,0,1,13
2,0,0,28,70,64,0,1,42,0,3,0,1,0,1,1,9,0,2,13
2,1,0,24,52,64,0,1,72,0,1,0,1,1,0,1,10,0,2,13
1,3,2,18,81,64,0,0,94,1,0,0,1,3,0,1,10,2,1,13
1,0,0,28,70,64,0,1,42,1,3,0,1,0,1,1,9,2,2,13
1,1,0,24,52,64,0,1,72,1,1,0,1,1,0,1,10,2,2,13
1,3,0,18,81,64,0,0,94,0,0,0,1,3,0,0,10,2,1,13
1,0,0,28,70,64,0,1,42,0,3,0,1,0,1,0,9,2,2,13
1,1,0,24,52,64,0,1,72,0,1,0,1,1,0,0,10,2,2,13
1,3,2,27,91,63,1,0,79,0,1,0,0,3,0,1,9,2,0,32
1,0,0,22,75,63,1,1,40,0,3,0,0,0,3,1,11,2,2,32
0,1,0,28,72,72,1,1,96,1,0,0,1,1,2,1,6,2,2,30
0,1,0,28,72,72,1,1,96,1,0,0,1,1,2,2,6,1,2,30
3,0,2,20,72,83,1,1,44,1,3,0,0,0,1,0,10,0,1,21
0,3,2,18,94,83,1,1,96,1,0,0,0,3,1,0,7,0,1,21
3,1,2,22,64,83,1,0,73,1,1,0,0,1,2,0,14,0,1,21
2,0,2,19,58,83,0,1,64,1,2,0,0,0,0,0,9,0,1,21
3,0,2,20,72,83,1,1,44,0,3,0,1,0,1,2,10,1,1,21
0,3,2,18,94,83,1,1,96,0,0,0,1,3,1,2,7,1,1,21
3,1,2,22,64,83,1,0,73,0,1,0,1,1,2,2,14,1,1,21
1,0,2,19,58,83,0,1,64,0,2,0,1,0,0,2,9,1,1,21
3,0,2,20,72,83,1,1,44,0,3,0,1,0,1,1,10,1,1,21
0,3,2,18,94,83,1,1,96,0,0,0,1,3,1,1,7,1,1,21
3,1,2,22,64,83,1,0,73,0,1,0,1,1,2,1,14,1,1,21
1,0,2,19,58,83,0,1,64,0,2,0,1,0,0,1,9,1,1,21
2,1,0,20,52,65,0,1,88,1,0,1,1,1,3,2,15,2,2,12
1,2,0,27,99,65,0,1,40,1,3,1,1,2,3,2,6,2,2,12
3,3,0,24,92,65,1,0,75,1,1,1,1,3,3,2,19,2,2,12
2,1,0,20,52,65,0,1,88,0,0,1,1,1,3,1,15,2,2,12
1,2,0,27,99,65,0,1,40,0,3,1,1,2,3,1,6,2,2,12
2,3,0,24,92,65,1,0,75,0,1,1,1,3,3,1,19,2,2,12
2,1,0,20,52,65,0,1,88,0,0,1,1,1,3,1,15,1,2,12
1,2,0,27,99,65,0,1,40,0,3,1,1,2,3,1,6,1,2,12
3,3,0,24,92,65,1,0,75,0,1,1,1,3,3,1,19,1,2,12
3,2,0,18,77,61,1,0,66,1,2,0,1,2,3,2,18,2,2,7
1,0,0,27,58,61,0,0,47,1,3,0,1,0,2,2,4,2,0,7
2,2,1,18,82,93,0,0,68,1,2,0,1,2,3,0,11,0,0,14
3,1,1,26,73,97,1,1,71,0,1,0,1,1,2,0,13,1,2,17
2,2,1,26,100,97,0,1,54,0,3,0,1,2,2,0,18,1,2,17
2,2,1,19,78,97,0,0,59,0,2,0,1,2,3,0,16,1,2,17
3,1,1,26,73,97,1,1,71,1,1,0,0,1,2,1,13,1,2,17
3,2,1,26,100,97,0,1,54,1,3,0,0,2,2,1,18,1,2,17
3,2,1,19,78,97,0,0,59,1,2,0,0,2,3,1,16,1,2,17
2,3,0,27,94,64,0,1,76,1,1,1,1,3,2,1,14,0,2,32
3,2,0,23,89,64,1,1,41,1,3,1,1,2,1,1,16,0,2,32
3,2,1,28,93,96,1,0,59,1,2,0,1,2,3,1,11,1,0,20
3,3,1,26,96,96,1,1,100,1,0,0,1,3,2,1,17,1,2,20
3,2,1,28,93,96,1,0,59,1,2,0,1,2,3,2,11,1,0,20
3,3,1,26,96,96,1,1,100,1,0,0,1,3,2,2,17,1,2,20
3,2,2,19,92,88,1,1,46,0,3,0,1,2,1,2,18,2,1,23
3,2,2,19,92,88,1,1,46,0,3,0,1,2,1,1,18,1,1,23
3,2,2,19,92,88,1,1,46,0,3,0,1,2,1,1,18,1,1,23
3,3,2,22,96,77,1,1,75,1,1,1,1,3,0,1,12,2,0,28
1,2,1,24,85,77,0,1,59,1,2,1,1,2,1,1,2,2,2,28
0,1,0,19,65,60,1,1,93,1,0,0,1,1,0,0,1,2,2,7
3,2,1,28,91,100,1,1,53,0,3,1,0,2,1,1,14,1,2,13
1,0,1,24,59,100,0,1,42,0,3,1,0,0,2,1,2,1,1,13
3,0,1,20,71,100,1,1,58,0,2,1,0,0,0,1,20,1,2,13
2,0,1,24,50,100,0,1,66,0,2,1,0,0,0,1,18,1,0,13
3,2,1,28,91,100,1,1,53,1,3,1,1,2,1,0,14,0,2,13
0,0,1,24,59,100,0,1,42,1,3,1,1,0,2,0,2,0,1,13
3,0,1,20,71,100,1,1,58,1,2,1,1,0,0,0,20,0,2,13
2,0,1,24,50,100,0,1,66,1,2,1,1,0,0,0,18,0,0,13
3,3,1,20,88,95,1,1,86,1,0,0,0,3,1,2,13,1,1,19
3,0,1,28,71,95,1,1,65,1,2,0,0,0,2,2,19,1,2,19
0,1,1,29,72,95,0,0,94,1,0,0,0,1,2,2,2,1,0,19
0,3,1,18,92,95,1,0,82,1,1,0,0,3,3,2,2,1,1,19
3,1,1,29,60,95,0,0,85,1,0,0,0,1,0,2,11,1,2,19
0,0,1,20,75,95,0,0,41,1,3,0,0,0,1,2,6,1,1,19
3,3,1,20,88,95,1,1,86,1,0,0,1,3,1,1,13,2,1,19
3,0,1,28,71,95,1,1,65,1,2,0,1,0,2,1,19,2,2,19
1,1,1,29,72,95,0,0,94,1,0,0,1,1,2,1,2,2,0,19
0,3,1,18,92,95,1,0,82,1,1,0,1,3,3,1,2,2,1,19
1,1,1,29,60,95,0,0,85,1,0,0,1,1,0,1,11,2,2,19
1,0,1,20,75,95,0,0,41,1,3,0,1,0,1,1,6,2,1,19
0,2,1,21,78,100,1,0,44,1,3,1,0,2,3,1,8,2,1,32
0,2,0,28,93,72,1,1,49,0,3,1,1,2,1,0,7,1,1,33
3,0,0,22,53,72,1,0,46,0,3,1,1,0,3,0,19,1,2,33
0,0,1,22,75,95,1,1,55,1,2,1,1,0,2,1,0,1,0,30
2,0,0,20,68,61,0,1,54,1,3,0,1,0,3,1,12,0,2,15
3,1,0,24,60,61,1,1,96,1,0,0,1,1,1,1,11,0,2,15
0,0,2,24,62,61,1,1,44,1,3,0,1,0,3,1,0,0,1,15
3,0,0,20,66,61,1,1,67,1,2,0,1,0,3,1,15,0,2,15
0,0,2,26,72,61,1,1,58,1,2,0,1,0,1,1,0,0,0,15
2,0,0,20,68,61,0,1,54,1,3,0,1,0,3,1,12,0,2,15
3,1,0,24,60,61,1,1,96,1,0,0,1,1,1,1,11,0,2,15
0,0,2,24,62,61,1,1,44,1,3,0,1,0,3,1,0,0,1,15
3,0,0,20,66,61,1,1,67,1,2,0,1,0,3,1,15,0,2,15
0,0,2,26,72,61,1,1,58,1,2,0,1,0,1,1,0,0,0,15
2,0,0,20,68,61,0,1,54,0,3,0,1,0,3,2,12,1,2,15
3,1,0,24,60,61,1,1,96,0,0,0,1,1,1,2,11,1,2,15
0,0,2,24,62,61,1,1,44,0,3,0,1,0,3,2,0,1,1,15
3,0,0,20,66,61,1,1,67,0,2,0,1,0,3,2,15,1,2,15
0,0,0,26,72,61,1,1,58,0,2,0,1,0,1,2,0,1,0,15
3,0,0,20,68,61,0,1,54,1,3,0,1,0,3,2,12,1,2,15
3,1,0,24,60,61,1,1,96,1,0,0,1,1,1,2,11,1,2,15
0,0,2,24,62,61,1,1,44,1,3,0,1,0,3,2,0,1,1,15
3,0,0,20,66,61,1,1,67,1,2,0,1,0,3,2,15,1,2,15
0,0,0,26,72,61,1,1,58,1,2,0,1,0,1,2,0,1,0,15
3,3,0,25,85,76,1,1,90,1,0,0,1,3,2,0,13,1,2,28
0,1,0,21,59,76,1,1,92,1,0,0,1,1,0,0,9,1,2,28
0,1,0,25,56,76,1,1,77,1,1,0,1,1,1,0,8,1,2,28
0,2,2,26,80,76,0,1,42,1,3,0,1,2,3,0,1,1,1,28
3,3,1,25,85,76,1,1,90,1,0,0,1,3,2,1,13,1,2,28
0,1,1,21,59,76,1,1,92,1,0,0,1,1,0,1,9,1,2,28
0,1,1,25,56,76,1,1,77,1,1,0,1,1,1,1,8,1,2,28
0,2,2,26,80,76,0,1,42,1,3,0,1,2,3,1,1,1,1,28
3,0,1,27,72,97,1,0,63,1,2,0,1,0,1,1,15,1,1,9
0,0,1,19,50,97,1,1,43,1,3,0,1,0,3,1,4,1,0,9
3,1,1,22,58,97,1,1,89,1,0,0,1,1,2,1,10,1,1,9
3,2,1,28,86,97,0,1,40,1,3,0,1,2,0,1,14,1,1,9
3,3,1,18,77,97,1,0,77,1,1,0,1,3,3,1,18,1,2,9
2,0,1,23,72,100,0,0,42,0,3,0,0,0,3,1,19,2,0,21
2,0,1,26,67,100,1,1,57,0,2,0,0,0,1,1,17,2,0,21
2,3,1,25,96,100,1,0,96,0,0,0,0,3,3,1,17,2,2,21
2,1,1,23,62,100,0,1,92,0,0,0,0,1,2,1,13,2,1,21
2,0,1,24,63,100,1,1,44,0,3,0,0,0,3,1,19,2,2,21
3,0,1,23,72,100,0,0,42,1,3,0,1,0,3,1,19,1,0,21
3,0,1,26,67,100,1,1,57,1,2,0,1,0,1,1,17,1,0,21
3,3,1,25,96,100,1,0,96,1,0,0,1,3,3,1,17,1,2,21
3,1,1,23,62,100,0,1,92,1,0,0,1,1,2,1,13,1,1,21
3,0,1,24,63,100,1,1,44,1,3,0,1,0,3,1,19,1,2,21
2,2,2,21,94,62,1,1,71,0,1,0,1,2,2,1,13,2,1,7
2,3,2,20,93,62,0,1,80,0,1,0,1,3,0,1,19,2,0,7
3,2,2,21,94,62,1,1,71,1,1,0,1,2,2,1,13,1,1,7
3,3,2,20,93,62,0,1,80,1,1,0,1,3,0,1,19,1,0,7
3,1,1,24,53,94,1,0,92,1,0,0,1,1,2,1,15,0,1,28
3,1,1,24,53,94,1,0,92,1,0,0,1,1,2,1,15,1,1,28
3,1,1,24,53,94,1,0,92,1,0,0,1,1,2,2,15,2,1,28
3,3,1,18,90,90,1,1,75,1,1,0,1,3,0,1,14,2,2,14
3,3,1,18,90,90,1,1,75,1,1,0,1,3,0,1,14,1,2,14
3,3,1,18,90,90,1,1,75,1,1,0,1,3,0,1,14,1,2,14
3,3,1,18,90,90,1,1,75,1,1,0,1,3,0,1,14,1,2,14
0,1,2,27,73,81,0,1,84,1,1,1,1,1,1,0,9,1,1,34
3,3,1,23,80,84,1,1,77,0,1,1,1,3,2,1,10,1,2,27
1,1,1,18,64,84,0,0,92,0,0,1,1,1,3,1,3,1,2,27
0,0,2,28,55,84,1,1,53,0,3,1,1,0,2,1,3,1,1,27
3,2,1,23,84,98,1,1,68,0,2,1,1,2,0,1,16,2,2,32
1,2,1,25,99,98,1,1,50,0,3,1,1,2,2,1,7,2,2,32
3,0,1,21,54,98,1,1,62,0,2,1,1,0,3,1,15,2,0,32
2,3,1,23,96,95,0,1,91,0,0,1,1,3,3,0,17,1,2,8
2,2,1,25,90,95,0,1,71,0,1,1,1,2,0,0,13,1,2,8
0,3,0,26,90,68,1,0,84,0,1,0,1,3,3,0,2,1,1,31
3,0,0,23,63,68,1,0,68,0,2,0,1,0,1,0,12,1,1,31
3,0,0,29,67,68,1,1,62,0,2,0,1,0,0,0,14,1,0,31
0,3,2,26,90,68,1,0,84,0,1,0,1,3,3,1,2,1,1,31
3,0,2,23,63,68,1,0,68,0,2,0,1,0,1,1,12,1,1,31
3,0,2,29,67,68,1,1,62,0,2,0,1,0,0,1,14,1,0,31
0,2,0,25,95,67,1,1,55,1,2,0,1,2,1,0,5,1,0,11
0,1,0,24,62,67,0,1,91,1,0,0,1,1,3,0,0,1,0,11
3,1,0,19,54,67,0,1,95,1,0,0,1,1,1,0,13,1,2,11
1,2,0,25,95,67,1,1,55,0,2,0,1,2,1,2,5,2,0,11
1,1,0,24,62,67,0,1,91,0,0,0,1,1,3,2,0,2,0,11
2,1,0,19,54,67,0,1,95,0,0,0,1,1,1,2,13,2,2,11
3,0,1,29,51,99,0,0,42,1,3,0,1,0,3,1,18,1,2,24
3,1,0,23,53,62,1,1,97,1,0,0,1,1,1,1,14,1,2,22
3,1,0,23,53,62,1,1,97,1,0,0,1,1,1,0,14,1,2,22
3,1,0,23,53,62,1,1,97,1,0,0,1,1,1,1,14,1,2,22
1,3,0,26,95,72,0,1,82,0,1,0,0,3,2,1,4,1,2,23
0,1,2,23,75,72,1,0,78,0,1,0,0,1,1,1,6,1,1,23
0,2,0,29,80,72,1,0,47,0,3,0,0,2,2,1,2,1,2,23
0,3,0,26,95,72,0,1,82,1,1,0,1,3,2,0,4,1,2,23
0,1,0,23,75,72,1,0,78,1,1,0,1,1,1,0,6,1,1,23
0,2,0,29,80,72,1,0,47,1,3,0,1,2,2,0,2,1,2,23
0,3,0,26,95,72,0,1,82,1,1,0,0,3,2,0,4,1,2,23
0,1,0,23,75,72,1,0,78,1,1,0,0,1,1,0,6,1,1,23
0,2,0,29,80,72,1,0,47,1,3,0,0,2,2,0,2,1,2,23
1,3,0,26,95,72,0,1,82,1,1,0,1,3,2,1,4,2,2,23
0,1,2,23,75,72,1,0,78,1,1,0,1,1,1,1,6,2,1,23
0,2,0,29,80,72,1,0,47,1,3,0,1,2,2,1,2,2,2,23
1,3,0,19,83,74,0,0,97,0,0,0,1,3,3,2,7,1,2,19
0,2,0,22,91,74,1,1,63,0,2,0,1,2,0,2,8,1,2,19
3,0,0,23,72,74,1,0,49,0,3,0,1,0,1,2,17,1,2,19
2,1,0,27,61,74,0,0,96,0,0,0,1,1,0,2,18,1,2,19
1,3,2,19,83,74,0,0,97,1,0,0,1,3,3,1,7,2,2,19
0,2,2,22,91,74,1,1,63,1,2,0,1,2,0,1,8,2,2,19
3,0,2,23,72,74,1,0,49,1,3,0,1,0,1,1,17,2,2,19
2,1,2,27,61,74,0,0,96,1,0,0,1,1,0,1,18,2,2,19
0,3,0,19,83,74,0,0,97,1,0,0,1,3,3,2,7,1,2,19
0,2,0,22,91,74,1,1,63,1,2,0,1,2,0,2,8,1,2,19
3,0,0,23,72,74,1,0,49,1,3,0,1,0,1,2,17,1,2,19
3,1,0,27,61,74,0,0,96,1,0,0,1,1,0,2,18,1,2,19
1,3,0,19,83,74,0,0,97,1,0,0,1,3,3,2,7,2,2,19
0,2,0,22,91,74,1,1,63,1,2,0,1,2,0,2,8,2,2,19
3,0,0,23,72,74,1,0,49,1,3,0,1,0,1,2,17,2,2,19
2,1,0,27,61,74,0,0,96,1,0,0,1,1,0,2,18,2,2,19
3,0,1,20,73,99,1,1,48,1,3,0,0,0,1,0,19,2,2,7
3,3,0,22,98,66,0,1,95,1,0,0,1,3,3,1,13,1,2,33
0,0,2,22,54,80,1,0,42,1,3,1,1,0,0,2,1,2,1,12
0,2,2,27,98,80,1,1,60,1,2,1,1,2,2,2,8,2,1,12
0,2,2,24,91,80,1,1,67,1,2,1,1,2,2,2,5,2,1,12
2,1,0,26,51,80,0,0,87,1,0,1,1,1,1,2,13,2,2,12
3,2,0,27,95,80,1,1,54,1,3,1,1,2,2,2,16,2,2,12
0,0,2,22,54,80,1,0,42,0,3,1,1,0,0,1,1,0,1,12
2,2,2,27,98,80,1,1,60,0,2,1,1,2,2,1,8,0,1,12
0,2,2,24,91,80,1,1,67,0,2,1,1,2,2,1,5,0,1,12
2,1,1,26,51,80,0,0,87,0,0,1,1,1,1,1,13,0,2,12
2,2,1,27,95,80,1,1,54,0,3,1,1,2,2,1,16,0,2,12
0,0,2,22,54,80,1,0,42,1,3,1,1,0,0,1,1,2,1,12
0,2,2,27,98,80,1,1,60,1,2,1,1,2,2,1,8,2,1,12
0,2,2,24,91,80,1,1,67,1,2,1,1,2,2,1,5,2,1,12
2,1,1,26,51,80,0,0,87,1,0,1,1,1,1,1,13,2,2,12
3,2,1,27,95,80,1,1,54,1,3,1,1,2,2,1,16,2,2,12
1,3,0,20,90,79,0,1,86,1,0,0,0,3,2,0,9,2,2,13
2,0,2,19,68,79,0,1,64,1,2,0,0,0,1,0,18,2,1,13
0,1,0,29,73,79,1,0,76,1,1,0,0,1,0,0,0,2,0,13
0,2,0,29,96,79,1,0,41,1,3,0,0,2,1,0,2,2,2,13
1,0,2,22,60,79,0,1,65,1,2,0,0,0,0,0,6,2,1,13
1,3,0,20,90,79,0,1,86,0,0,0,1,3,2,2,9,2,2,13
2,0,2,19,68,79,0,1,64,0,2,0,1,0,1,2,18,2,1,13
1,1,2,29,73,79,1,0,76,0,1,0,1,1,0,2,0,2,0,13
1,2,0,29,96,79,1,0,41,0,3,0,1,2,1,2,2,2,2,13
1,0,2,22,60,79,0,1,65,0,2,0,1,0,0,2,6,2,1,13
2,3,1,20,90,79,0,1,86,0,0,0,0,3,2,1,9,0,2,13
2,0,2,19,68,79,0,1,64,0,2,0,0,0,1,1,18,0,1,13
0,1,2,29,73,79,1,0,76,0,1,0,0,1,0,1,0,0,0,13
0,2,1,29,96,79,1,0,41,0,3,0,0,2,1,1,2,0,2,13
1,0,2,22,60,79,0,1,65,0,2,0,0,0,0,1,6,0,1,13
0,3,1,29,75,98,1,1,96,1,0,1,1,3,3,0,9,0,0,27
2,2,1,20,76,98,0,1,54,1,3,1,1,2,3,0,17,0,0,27
0,0,1,22,59,98,1,0,47,1,3,1,1,0,0,0,4,0,2,27
0,0,2,26,67,68,1,1,61,1,2,1,1,0,3,1,2,2,1,35
0,3,2,26,82,68,1,0,88,1,0,1,1,3,0,1,8,2,1,35
1,1,2,18,56,68,0,0,89,1,0,1,1,1,2,1,4,2,1,35
0,0,1,27,51,85,0,1,64,1,2,1,1,0,3,1,8,1,2,17
3,2,2,18,82,85,0,1,70,1,1,1,1,2,2,1,10,1,1,17
1,0,1,27,51,85,0,1,64,0,2,1,1,0,3,1,8,0,2,17
2,2,2,18,82,85,0,1,70,0,1,1,1,2,2,1,10,0,1,17
0,0,1,27,51,85,0,1,64,1,2,1,1,0,3,1,8,1,2,17
3,2,2,18,82,85,0,1,70,1,1,1,1,2,2,1,10,1,1,17
0,2,1,25,81,95,1,0,43,0,3,1,1,2,2,2,3,1,2,28
1,3,1,25,96,95,0,0,100,0,0,1,1,3,2,2,5,1,2,28
3,0,1,25,62,95,1,1,48,0,3,1,1,0,3,2,15,1,2,28
2,2,1,19,91,95,0,1,50,0,3,1,1,2,2,2,15,1,1,28
0,2,1,25,81,95,1,0,43,0,3,1,1,2,2,1,3,1,2,28
1,3,1,25,96,95,0,0,100,0,0,1,1,3,2,1,5,1,2,28
3,0,1,25,62,95,1,1,48,0,3,1,1,0,3,1,15,1,2,28
2,2,1,19,91,95,0,1,50,0,3,1,1,2,2,1,15,1,1,28
0,2,1,25,81,95,1,0,43,0,3,1,1,2,2,0,3,1,2,28
1,3,1,25,96,95,0,0,100,0,0,1,1,3,2,0,5,1,2,28
3,0,1,25,62,95,1,1,48,0,3,1,1,0,3,0,15,1,2,28
2,2,1,19,91,95,0,1,50,0,3,1,1,2,2,0,15,1,1,28
0,1,2,28,55,76,1,1,92,1,0,0,1,1,1,0,6,1,1,11
0,0,0,20,68,76,1,1,49,1,3,0,1,0,3,0,1,1,0,11
3,2,2,21,81,76,0,1,55,1,2,0,1,2,2,0,13,1,1,11
0,1,2,28,55,76,1,1,92,0,0,0,1,1,1,2,6,1,1,11
0,0,2,20,68,76,1,1,49,0,3,0,1,0,3,2,1,1,0,11
2,2,2,21,81,76,0,1,55,0,2,0,1,2,2,2,13,1,1,11
0,2,1,19,76,92,1,1,66,1,2,0,1,2,3,1,0,1,2,7
3,1,1,19,57,92,1,1,87,1,0,0,1,1,1,1,11,1,2,7
0,3,1,29,78,92,1,1,94,1,0,0,1,3,3,1,1,1,0,7
3,0,1,23,56,92,1,1,54,1,3,0,1,0,1,1,19,1,1,7
3,2,1,25,78,92,0,1,67,1,2,0,1,2,3,1,10,1,0,7
1,1,0,20,65,72,0,1,98,0,0,0,1,1,2,0,0,0,2,26
0,3,0,25,87,72,1,0,74,0,1,0,1,3,0,0,3,0,2,26
2,0,0,19,68,72,0,1,47,0,3,0,1,0,3,0,19,0,0,26
1,1,0,20,65,72,0,1,98,0,0,0,1,1,2,1,0,0,2,26
0,3,0,25,87,72,1,0,74,0,1,0,1,3,0,1,3,0,2,26
2,0,2,19,68,72,0,1,47,0,3,0,1,0,3,1,19,0,0,26
1,1,1,25,56,90,1,1,93,0,0,0,1,1,0,2,10,2,2,39
1,0,1,28,56,90,0,0,48,0,3,0,1,0,0,2,5,2,2,39
3,0,0,18,63,72,0,1,56,1,2,1,1,0,2,0,18,2,2,34
0,3,0,28,91,77,1,0,86,0,0,0,1,3,0,0,4,1,2,19
1,0,0,18,57,77,0,1,47,0,3,0,1,0,2,0,3,1,2,19
3,3,0,20,85,77,1,0,84,0,1,0,1,3,1,0,12,1,2,19
0,3,1,28,91,77,1,0,86,1,0,0,1,3,0,1,4,0,2,19
0,0,1,18,57,77,0,1,47,1,3,0,1,0,2,1,3,0,2,19
3,3,1,20,85,77,1,0,84,1,1,0,1,3,1,1,12,0,2,19
0,3,0,28,91,77,1,0,86,1,0,0,1,3,0,0,4,0,2,19
0,0,0,18,57,77,0,1,47,1,3,0,1,0,2,0,3,0,2,19
3,3,0,20,85,77,1,0,84,1,1,0,1,3,1,0,12,0,2,19
0,3,0,28,91,77,1,0,86,1,0,0,1,3,0,2,4,1,2,19
0,0,0,18,57,77,0,1,47,1,3,0,1,0,2,2,3,1,2,19
3,3,0,20,85,77,1,0,84,1,1,0,1,3,1,2,12,1,2,19
0,3,0,28,91,77,1,0,86,0,0,0,1,3,0,0,4,0,2,19
1,0,0,18,57,77,0,1,47,0,3,0,1,0,2,0,3,0,2,19
2,3,0,20,85,77,1,0,84,0,1,0,1,3,1,0,12,0,2,19
3,2,2,22,99,89,1,1,62,0,2,1,1,2,1,1,11,1,1,30
0,3,2,24,84,89,1,1,90,0,0,1,1,3,2,1,6,1,1,30
3,1,1,25,74,89,1,0,70,0,1,1,1,1,0,1,16,1,2,30
2,0,1,19,50,93,0,0,52,1,3,0,1,0,0,0,12,0,2,9
3,3,1,28,98,93,1,0,85,1,0,0,1,3,3,0,12,0,1,9
3,0,1,19,75,93,1,0,42,1,3,0,1,0,0,0,15,0,2,9
3,0,1,24,54,93,1,0,48,1,3,0,1,0,0,0,10,0,2,9
2,1,1,26,53,93,0,1,72,1,1,0,1,1,2,0,18,0,0,9
0,2,1,22,96,93,1,1,56,1,2,0,1,2,0,0,8,0,2,9
0,3,1,18,94,93,1,0,88,1,0,0,1,3,1,0,0,0,1,9
2,2,1,27,87,100,1,0,59,0,2,0,1,2,1,1,19,2,0,16
2,2,1,27,87,100,1,0,59,0,2,0,1,2,1,1,19,2,0,16
3,2,1,27,87,100,1,0,59,1,2,0,1,2,1,2,19,1,0,16
1,2,1,19,88,92,1,0,68,0,2,1,1,2,3,1,1,2,2,26
1,1,1,25,53,92,1,1,76,0,1,1,1,1,0,1,12,2,1,26
3,3,1,18,93,92,1,1,74,0,1,1,1,3,3,1,16,2,2,26
0,2,1,19,88,92,1,0,68,1,2,1,1,2,3,1,1,1,2,26
3,1,1,25,53,92,1,1,76,1,1,1,1,1,0,1,12,1,1,26
3,3,1,18,93,92,1,1,74,1,1,1,1,3,3,1,16,1,2,26
1,2,1,19,88,92,1,0,68,0,2,1,1,2,3,2,1,2,2,26
1,1,1,25,53,92,1,1,76,0,1,1,1,1,0,2,12,2,1,26
3,3,1,18,93,92,1,1,74,0,1,1,1,3,3,2,16,2,2,26
0,2,1,19,88,92,1,0,68,0,2,1,1,2,3,1,1,1,2,26
3,1,1,25,53,92,1,1,76,0,1,1,1,1,0,1,12,1,1,26
3,3,1,18,93,92,1,1,74,0,1,1,1,3,3,1,16,1,2,26
3,2,1,27,99,90,1,1,67,1,2,1,1,2,2,1,19,1,0,6
0,3,2,25,77,90,1,1,94,1,0,1,1,3,3,1,4,1,1,6
2,2,0,20,99,84,1,1,65,0,2,1,0,2,2,0,13,0,0,16
0,1,2,18,54,84,1,0,75,0,1,1,0,1,0,0,2,0,1,16
3,2,0,20,99,84,1,1,65,0,2,1,1,2,2,0,13,1,0,16
0,1,2,18,54,84,1,0,75,0,1,1,1,1,0,0,2,1,1,16
3,2,1,20,99,84,1,1,65,1,2,1,0,2,2,1,13,2,0,16
0,1,2,18,54,84,1,0,75,1,1,1,0,1,0,1,2,2,1,16
3,2,1,20,99,84,1,1,65,1,2,1,1,2,2,1,13,2,0,16
0,1,2,18,54,84,1,0,75,1,1,1,1,1,0,1,2,2,1,16
2,2,0,20,99,84,1,1,65,0,2,1,1,2,2,0,13,2,0,16
1,1,2,18,54,84,1,0,75,0,1,1,1,1,0,0,2,2,1,16
0,1,2,26,59,61,1,1,92,1,0,1,0,1,2,1,2,1,1,14
3,1,0,29,54,61,1,1,81,1,1,1,0,1,0,1,13,1,2,14
0,3,0,18,86,61,0,1,96,1,0,1,0,3,3,1,2,1,2,14
3,1,0,19,74,61,1,0,78,1,1,1,0,1,3,1,11,1,2,14
0,1,0,26,59,61,1,1,92,1,0,1,1,1,2,0,2,1,1,14
3,1,0,29,54,61,1,1,81,1,1,1,1,1,0,0,13,1,2,14
0,3,0,18,86,61,0,1,96,1,0,1,1,3,3,0,2,1,2,14
3,1,0,19,74,61,1,0,78,1,1,1,1,1,3,0,11,1,2,14
3,0,0,23,70,63,0,0,51,1,3,0,1,0,0,0,18,2,2,28
1,2,0,18,88,63,0,1,71,1,1,0,1,2,2,0,2,2,2,28
1,0,0,25,68,63,0,1,58,1,2,0,1,0,2,0,0,2,1,28
3,1,2,27,60,82,1,1,96,1,0,0,0,1,0,1,11,2,1,8
0,0,2,23,67,66,1,1,64,1,2,1,1,0,1,1,5,2,0,8
2,3,2,29,94,73,0,1,90,0,0,1,1,3,0,1,15,2,0,14
1,3,2,23,91,73,1,1,72,0,1,1,1,3,3,1,10,2,0,14
1,3,2,28,81,73,1,1,72,0,1,1,1,3,1,1,4,2,1,14
0,1,1,25,55,100,1,1,70,1,1,1,1,1,2,1,2,1,2,20
3,1,1,27,50,100,1,1,99,1,0,1,1,1,0,1,19,1,1,20
0,0,1,19,60,100,1,1,55,1,2,1,1,0,3,1,2,1,1,20
0,1,1,25,55,100,1,1,70,1,1,1,1,1,2,1,2,1,2,20
3,1,1,27,50,100,1,1,99,1,0,1,1,1,0,1,19,1,1,20
0,0,1,19,60,100,1,1,55,1,2,1,1,0,3,1,2,1,1,20
0,1,1,25,55,100,1,1,70,1,1,1,0,1,2,2,2,1,2,20
3,1,1,27,50,100,1,1,99,1,0,1,0,1,0,2,19,1,1,20
0,0,1,19,60,100,1,1,55,1,2,1,0,0,3,2,2,1,1,20
1,1,0,19,51,68,1,1,75,0,1,0,1,1,1,2,11,2,2,12
1,2,0,20,89,68,0,1,64,0,2,0,1,2,2,2,8,2,2,12
2,0,1,22,58,100,1,1,52,0,3,0,1,0,0,1,20,2,2,11
1,3,1,24,84,100,0,1,85,0,0,0,1,3,1,1,2,2,2,11
3,0,1,22,58,100,1,1,52,1,3,0,1,0,0,2,20,2,2,11
1,3,1,24,84,100,0,1,85,1,0,0,1,3,1,2,2,2,2,11
0,3,0,27,94,61,1,1,96,1,0,1,1,3,3,1,6,1,2,12
3,0,0,25,66,61,0,1,53,1,3,1,1,0,1,1,19,1,2,12
0,3,0,27,94,61,1,1,96,1,0,1,1,3,3,1,6,1,2,12
3,0,0,25,66,61,0,1,53,1,3,1,1,0,1,1,19,1,2,12
3,3,0,22,96,82,1,1,77,1,1,0,1,3,3,0,14,1,0,30
0,0,2,21,62,82,0,1,61,1,2,0,1,0,0,0,8,1,1,30
3,3,2,22,96,82,1,1,77,1,1,0,1,3,3,1,14,2,0,30
1,0,2,21,62,82,0,1,61,1,2,0,1,0,0,1,8,2,1,30
0,3,1,27,85,91,1,0,96,1,0,1,1,3,0,1,2,1,1,13
3,2,1,28,81,91,0,1,70,1,1,1,1,2,0,1,17,1,2,13
0,3,1,27,85,91,1,0,96,1,0,1,1,3,0,0,2,0,1,13
2,2,1,28,81,91,0,1,70,1,1,1,1,2,0,0,17,0,2,13
2,0,1,29,75,91,0,0,56,0,2,1,1,0,3,0,20,2,2,16
2,0,1,29,75,91,0,0,56,1,2,1,1,0,3,0,20,2,2,16
3,0,1,29,75,91,0,0,56,1,2,1,1,0,3,1,20,1,2,16
3,3,1,28,78,97,1,1,100,1,0,0,1,3,1,0,10,1,0,22
0,3,1,22,79,97,0,1,88,1,0,0,1,3,1,0,8,1,2,22
0,3,1,18,78,97,1,1,96,1,0,0,1,3,1,0,8,1,2,22
0,1,1,20,54,97,1,0,91,1,0,0,1,1,3,0,4,1,0,22
3,2,1,22,76,97,1,1,52,1,3,0,1,2,2,0,13,1,2,22
0,3,1,24,95,97,0,0,92,1,0,0,1,3,1,0,5,1,0,22
3,3,1,28,78,97,1,1,100,0,0,0,1,3,1,2,10,1,0,22
1,3,1,22,79,97,0,1,88,0,0,0,1,3,1,2,8,1,2,22
0,3,1,18,78,97,1,1,96,0,0,0,1,3,1,2,8,1,2,22
0,1,1,20,54,97,1,0,91,0,0,0,1,1,3,2,4,1,0,22
3,2,1,22,76,97,1,1,52,0,3,0,1,2,2,2,13,1,2,22
1,3,1,24,95,97,0,0,92,0,0,0,1,3,1,2,5,1,0,22
0,0,1,19,74,97,1,0,45,0,3,1,1,0,2,0,6,1,2,9
3,3,1,29,82,90,0,1,81,1,1,1,1,3,2,0,10,1,2,7
1,3,0,26,95,60,1,1,86,0,0,0,0,3,0,1,7,0,2,22
0,3,0,26,95,60,1,1,86,1,0,0,1,3,0,1,7,1,2,22
1,1,1,21,51,100,0,0,78,0,1,1,1,1,2,1,10,2,1,30
1,1,1,28,57,100,0,1,90,0,0,1,1,1,2,1,2,2,2,30
1,1,1,21,51,100,0,0,78,1,1,1,1,1,2,0,10,2,1,30
1,1,1,28,57,100,0,1,90,1,0,1,1,1,2,0,2,2,2,30
2,1,2,18,72,70,1,0,96,0,0,1,1,1,3,2,20,0,1,30
1,0,0,19,56,70,0,1,46,0,3,1,1,0,3,2,7,0,2,30
1,2,0,19,80,70,1,1,50,0,3,1,1,2,3,2,6,0,2,30
1,3,0,18,91,70,0,1,95,0,0,1,1,3,2,2,6,0,0,30
1,3,0,20,75,70,1,1,82,0,1,1,1,3,3,2,7,0,0,30
2,1,0,29,61,70,1,1,76,0,1,1,1,1,2,2,12,0,2,30
3,1,0,21,61,85,1,1,92,1,0,0,1,1,1,0,18,1,2,31
0,1,0,25,72,85,1,0,72,1,1,0,1,1,2,0,8,1,2,31
0,2,2,24,77,73,0,1,68,1,2,1,1,2,2,2,4,1,0,10
0,2,0,24,77,73,0,1,68,1,2,1,1,2,2,0,4,0,0,10
0,2,0,26,84,66,0,0,56,1,2,0,1,2,1,1,6,1,2,25
0,3,0,28,76,66,1,1,98,1,0,0,1,3,1,1,4,1,2,25
1,2,0,26,84,66,0,0,56,0,2,0,1,2,1,2,6,2,2,25
1,3,0,28,76,66,1,1,98,0,0,0,1,3,1,2,4,2,2,25
0,2,0,26,84,66,0,0,56,1,2,0,1,2,1,1,6,1,2,25
0,3,0,28,76,66,1,1,98,1,0,0,1,3,1,1,4,1,2,25
2,0,1,20,57,98,1,1,66,0,2,0,1,0,3,1,11,0,0,6
2,2,1,18,96,98,0,1,69,0,2,0,1,2,1,1,14,0,0,6
1,1,1,18,58,98,1,1,78,0,1,0,1,1,1,1,6,0,2,6
3,3,1,20,76,92,0,1,92,1,0,0,1,3,2,0,19,1,1,18
0,1,0,19,50,66,1,1,78,1,1,1,1,1,1,0,5,2,1,12
3,0,0,19,70,66,1,1,42,1,3,1,1,0,3,0,15,2,0,12
0,1,2,19,50,66,1,1,78,1,1,1,0,1,1,1,5,2,1,12
3,0,2,19,70,66,1,1,42,1,3,1,0,0,3,1,15,2,0,12
2,1,2,23,53,74,1,1,94,0,0,1,1,1,0,1,13,0,0,33
3,1,2,23,53,74,1,1,94,1,0,1,1,1,0,1,13,1,0,33
3,2,1,25,99,94,1,1,62,0,2,1,1,2,2,0,11,1,0,31
0,3,0,23,84,66,1,1,74,1,1,1,1,3,2,2,6,2,2,32
1,0,2,23,64,66,0,1,47,1,3,1,1,0,0,2,11,2,1,32
2,0,1,22,62,93,0,1,59,0,2,0,1,0,0,2,14,2,1,23
1,0,1,26,72,93,0,1,51,0,3,0,1,0,0,2,10,2,1,23
2,1,1,24,62,93,0,1,94,0,0,0,1,1,1,2,15,2,2,23
1,1,1,25,61,93,0,0,75,0,1,0,1,1,0,2,5,2,0,23
1,3,1,27,96,93,0,1,81,0,1,0,1,3,1,2,11,2,2,23
3,0,1,22,62,93,0,1,59,1,2,0,1,0,0,2,14,2,1,23
1,0,1,26,72,93,0,1,51,1,3,0,1,0,0,2,10,2,1,23
3,1,1,24,62,93,0,1,94,1,0,0,1,1,1,2,15,2,2,23
1,1,1,25,61,93,0,0,75,1,1,0,1,1,0,2,5,2,0,23
1,3,1,27,96,93,0,1,81,1,1,0,1,3,1,2,11,2,2,23
2,0,1,22,62,93,0,1,59,1,2,0,1,0,0,2,14,0,1,23
2,0,1,26,72,93,0,1,51,1,3,0,1,0,0,2,10,0,1,23
2,1,1,24,62,93,0,1,94,1,0,0,1,1,1,2,15,0,2,23
1,1,1,25,61,93,0,0,75,1,1,0,1,1,0,2,5,0,0,23
2,3,1,27,96,93,0,1,81,1,1,0,1,3,1,2,11,0,2,23
2,0,1,22,62,93,0,1,59,0,2,0,1,0,0,1,14,1,1,23
1,0,1,26,72,93,0,1,51,0,3,0,1,0,0,1,10,1,1,23
2,1,1,24,62,93,0,1,94,0,0,0,1,1,1,1,15,1,2,23
1,1,1,25,61,93,0,0,75,0,1,0,1,1,0,1,5,1,0,23
2,3,1,27,96,93,0,1,81,0,1,0,1,3,1,1,11,1,2,23
3,2,2,19,87,62,1,0,64,0,2,0,1,2,0,1,17,2,1,28
1,0,2,26,64,62,0,1,46,0,3,0,1,0,0,1,5,2,1,28
1,1,2,26,72,62,0,1,95,0,0,0,1,1,0,1,13,2,0,28
1,0,0,29,53,62,1,1,62,0,2,0,1,0,0,1,12,2,2,28
1,3,0,27,90,62,0,1,86,0,0,0,1,3,1,1,10,2,2,28
3,2,0,21,100,62,1,1,72,0,1,0,1,2,0,1,14,2,2,28
0,0,1,20,62,76,1,1,58,1,2,1,1,0,0,1,6,1,2,30
3,2,0,29,77,75,1,1,58,1,2,1,1,2,3,2,11,2,2,39
3,1,0,18,69,75,1,0,94,1,0,1,1,1,1,2,17,2,2,39
0,3,2,29,97,75,1,1,83,1,1,1,1,3,0,2,0,2,1,39
2,1,1,26,72,90,0,1,70,0,1,1,1,1,3,2,18,2,2,8
2,1,2,24,62,90,1,1,71,0,1,1,1,1,2,2,18,2,1,8
1,0,2,21,65,90,0,1,67,0,2,1,1,0,3,2,1,2,1,8
2,3,2,24,95,90,0,1,91,0,0,1,1,3,0,2,19,2,1,8
1,2,2,26,96,90,1,1,52,0,3,1,1,2,0,2,6,2,1,8
2,1,1,26,72,90,0,1,70,0,1,1,1,1,3,2,18,1,2,8
3,1,2,24,62,90,1,1,71,0,1,1,1,1,2,2,18,1,1,8
1,0,2,21,65,90,0,1,67,0,2,1,1,0,3,2,1,1,1,8
2,3,2,24,95,90,0,1,91,0,0,1,1,3,0,2,19,1,1,8
0,2,2,26,96,90,1,1,52,0,3,1,1,2,0,2,6,1,1,8
3,1,1,21,61,81,1,0,100,0,0,0,1,1,0,2,14,1,2,32
2,1,2,19,65,81,0,1,93,0,0,0,1,1,3,2,11,1,1,32
0,1,2,29,65,81,1,1,83,0,1,0,1,1,0,2,6,1,1,32
3,0,2,18,54,78,1,0,50,1,3,1,1,0,0,1,15,1,1,8
3,1,2,28,72,78,1,0,92,1,0,1,1,1,2,1,15,1,0,8
3,1,1,27,55,87,1,1,99,1,0,0,1,1,3,1,12,2,2,20
2,3,1,29,78,87,0,1,97,1,0,0,1,3,1,1,19,2,2,20
3,1,1,27,55,87,1,1,99,0,0,0,1,1,3,1,12,1,2,20
2,3,1,29,78,87,0,1,97,0,0,0,1,3,1,1,19,1,2,20
1,1,1,27,55,87,1,1,99,0,0,0,1,1,3,0,12,2,2,20
2,3,1,29,78,87,0,1,97,0,0,0,1,3,1,0,19,2,2,20
2,1,1,27,55,87,1,1,99,0,0,0,0,1,3,1,12,0,2,20
2,3,1,29,78,87,0,1,97,0,0,0,0,3,1,1,19,0,2,20
0,1,0,21,71,74,1,1,78,1,1,1,1,1,3,2,0,0,2,24
0,1,0,21,71,74,1,1,78,1,1,1,1,1,3,0,0,1,2,24
0,2,1,23,97,100,0,1,59,1,2,0,1,2,0,1,0,1,2,20
3,1,1,26,52,100,0,0,75,1,1,0,1,1,0,1,15,1,2,20
3,0,0,18,59,69,0,1,41,1,3,1,1,0,3,1,13,1,2,9
3,0,2,19,50,69,0,1,44,1,3,1,1,0,0,1,13,1,0,9
2,0,0,18,59,69,0,1,41,1,3,1,1,0,3,1,13,2,2,9
2,0,2,19,50,69,0,1,44,1,3,1,1,0,0,1,13,2,0,9
3,1,1,18,58,91,1,1,82,0,1,0,1,1,3,0,14,1,0,30
3,1,1,21,73,91,1,0,79,0,1,0,1,1,1,0,12,1,2,30
3,3,1,26,89,91,1,0,79,0,1,0,1,3,0,0,12,1,1,30
3,1,1,18,58,91,1,1,82,1,1,0,1,1,3,0,14,2,0,30
3,1,1,21,73,91,1,0,79,1,1,0,1,1,1,0,12,2,2,30
3,3,1,26,89,91,1,0,79,1,1,0,1,3,0,0,12,2,1,30
3,1,1,18,58,91,1,1,82,1,1,0,1,1,3,1,14,0,0,30
3,1,1,21,73,91,1,0,79,1,1,0,1,1,1,1,12,0,2,30
3,3,1,26,89,91,1,0,79,1,1,0,1,3,0,1,12,0,1,30
0,1,1,18,51,95,1,1,70,1,1,1,1,1,1,2,1,0,2,10
0,1,1,18,51,95,1,1,70,0,1,1,1,1,1,2,1,1,2,10
0,1,1,18,51,95,1,1,70,1,1,1,1,1,1,2,1,2,2,10
0,2,0,25,100,70,1,0,71,0,1,1,1,2,3,0,2,1,2,26
0,1,0,27,69,70,1,1,76,0,1,1,1,1,0,0,8,1,1,26
1,0,0,26,53,70,0,0,41,0,3,1,1,0,0,0,8,1,1,26
2,0,0,24,72,70,0,0,67,0,2,1,1,0,0,0,17,1,2,26
0,2,0,25,100,70,1,0,71,1,1,1,1,2,3,1,2,2,2,26
0,1,2,27,69,70,1,1,76,1,1,1,1,1,0,1,8,2,1,26
1,0,2,26,53,70,0,0,41,1,3,1,1,0,0,1,8,2,1,26
3,0,0,24,72,70,0,0,67,1,2,1,1,0,0,1,17,2,2,26
1,2,2,22,90,73,0,0,68,1,2,1,1,2,0,1,7,2,2,37
2,0,2,20,65,88,0,1,58,0,2,0,1,0,3,1,18,2,1,26
1,0,1,29,72,88,1,0,45,0,3,0,1,0,1,1,4,2,2,26
3,0,2,20,65,88,0,1,58,1,2,0,0,0,3,2,18,2,1,26
0,0,1,29,72,88,1,0,45,1,3,0,0,0,1,2,4,2,2,26
2,1,2,18,61,72,0,0,77,0,1,0,1,1,2,1,17,2,0,14
1,1,2,26,60,72,1,1,77,0,1,0,1,1,1,1,12,2,1,14
0,1,1,19,53,100,1,1,91,1,0,1,1,1,2,0,1,1,0,11
0,0,1,20,52,100,1,0,40,1,3,1,1,0,0,0,8,1,1,11
0,1,1,27,68,100,0,1,83,1,1,1,1,1,3,0,5,1,2,11
2,0,2,23,51,65,0,1,63,0,2,1,1,0,1,1,20,1,0,8
1,1,0,22,71,65,0,1,70,0,1,1,1,1,3,1,8,1,2,8
2,1,1,20,62,87,0,1,78,0,1,1,1,1,1,2,14,1,2,16
3,2,2,29,90,87,1,0,52,0,3,1,1,2,1,2,18,1,1,16
3,1,1,20,62,87,0,1,78,1,1,1,0,1,1,1,14,1,2,16
3,2,2,29,90,87,1,0,52,1,3,1,0,2,1,1,18,1,1,16
3,0,2,18,50,71,0,1,58,1,2,0,0,0,3,1,16,1,0,27
3,3,2,26,80,71,1,1,86,1,0,0,0,3,3,1,16,1,1,27
3,0,1,24,69,86,1,1,43,1,3,1,1,0,1,1,17,2,2,11
3,0,1,24,69,86,1,1,43,1,3,1,1,0,1,1,17,1,2,11
3,2,1,20,99,95,0,1,55,1,2,1,1,2,3,1,12,1,1,14
0,0,1,22,52,95,0,0,69,1,2,1,1,0,0,1,9,1,0,14
3,1,2,26,62,79,1,1,82,1,1,0,1,1,3,1,19,2,0,15
0,0,1,25,73,79,1,1,58,1,2,0,1,0,0,1,0,2,2,15
3,3,1,27,83,79,1,1,73,1,1,0,1,3,0,1,15,2,2,15
1,0,2,20,74,79,0,0,46,1,3,0,1,0,3,1,9,2,1,15
3,1,2,26,62,79,1,1,82,1,1,0,1,1,3,1,19,2,0,15
0,0,1,25,73,79,1,1,58,1,2,0,1,0,0,1,0,2,2,15
3,3,1,27,83,79,1,1,73,1,1,0,1,3,0,1,15,2,2,15
1,0,2,20,74,79,0,0,46,1,3,0,1,0,3,1,9,2,1,15
0,2,1,21,79,99,0,1,49,1,3,0,1,2,3,2,1,0,1,31
0,0,1,29,64,99,1,1,63,1,2,0,1,0,2,2,6,0,1,31
3,0,2,27,55,84,1,1,63,1,2,0,1,0,1,1,16,1,1,30
0,3,1,24,94,84,0,1,97,1,0,0,1,3,2,1,8,1,2,30
0,1,2,19,66,84,0,0,75,1,1,0,1,1,3,1,5,1,1,30
3,0,2,27,55,84,1,1,63,1,2,0,1,0,1,0,16,0,1,30
1,3,0,24,94,84,0,1,97,1,0,0,1,3,2,0,8,0,2,30
1,1,2,19,66,84,0,0,75,1,1,0,1,1,3,0,5,0,1,30
3,2,2,18,96,66,0,0,58,1,2,0,1,2,2,1,15,1,1,11
3,1,2,18,61,66,1,1,85,1,0,0,1,1,3,1,11,1,0,11
3,0,2,29,70,66,1,1,54,1,3,0,1,0,0,1,13,1,1,11
3,2,0,23,85,70,1,1,54,0,3,1,1,2,2,1,18,1,2,17
0,1,0,25,74,70,1,0,73,0,1,1,1,1,1,1,8,1,2,17
1,3,0,21,95,70,0,1,89,0,0,1,1,3,1,1,6,1,2,17
3,3,2,28,97,70,1,1,82,0,1,1,1,3,0,1,15,1,0,17
3,1,2,20,53,83,0,1,100,1,0,1,1,1,3,1,13,2,0,31
0,0,0,27,62,65,0,1,63,1,2,0,1,0,2,2,2,0,0,16
2,2,0,20,76,61,0,1,57,0,2,0,1,2,1,0,18,0,2,34
2,1,0,19,70,61,1,1,86,0,0,0,1,1,3,0,9,0,1,34
1,0,0,26,64,61,1,0,62,0,2,0,1,0,0,0,5,0,2,34
1,0,0,24,51,61,1,1,48,0,3,0,1,0,2,0,7,0,1,34
3,0,2,23,59,90,0,1,43,1,3,0,1,0,3,1,18,1,1,28
3,1,1,19,67,90,1,1,72,1,1,0,1,1,2,1,17,1,2,28
0,3,2,21,78,90,0,1,96,1,0,0,1,3,2,1,8,1,1,28
3,0,1,24,60,93,0,0,69,1,2,0,0,0,0,1,20,1,2,5
0,0,1,21,66,93,1,1,47,1,3,0,0,0,0,1,6,1,1,5
3,3,0,29,79,69,1,1,89,1,0,0,0,3,0,1,18,1,2,6
3,3,0,28,85,69,1,1,84,1,1,0,0,3,2,1,16,1,2,6
3,3,1,25,84,91,1,0,86,0,0,0,1,3,0,1,11,1,1,11
1,3,1,29,87,91,0,1,84,0,1,0,1,3,2,1,4,1,0,11
0,1,1,27,68,82,1,0,96,1,0,0,1,1,3,1,8,1,2,13
0,0,2,29,59,82,0,1,55,1,2,0,1,0,2,1,0,1,1,13
3,3,1,26,93,82,0,1,96,1,0,0,1,3,3,1,18,1,2,13
3,1,1,21,64,82,1,1,84,1,1,0,1,1,1,1,15,1,2,13
3,0,2,20,73,82,0,1,42,1,3,0,1,0,1,1,12,1,1,13
3,0,1,29,66,82,1,0,52,1,3,0,1,0,2,1,11,1,2,13
1,1,1,27,68,82,1,0,96,0,0,0,1,1,3,1,8,2,2,13
1,0,2,29,59,82,0,1,55,0,2,0,1,0,2,1,0,2,1,13
2,3,1,26,93,82,0,1,96,0,0,0,1,3,3,1,18,2,2,13
2,1,1,21,64,82,1,1,84,0,1,0,1,1,1,1,15,2,2,13
1,0,2,20,73,82,0,1,42,0,3,0,1,0,1,1,12,2,1,13
1,0,1,29,66,82,1,0,52,0,3,0,1,0,2,1,11,2,2,13
1,1,1,27,68,82,1,0,96,0,0,0,1,1,3,1,8,2,2,13
1,0,2,29,59,82,0,1,55,0,2,0,1,0,2,1,0,2,1,13
2,3,1,26,93,82,0,1,96,0,0,0,1,3,3,1,18,2,2,13
2,1,1,21,64,82,1,1,84,0,1,0,1,1,1,1,15,2,2,13
1,0,2,20,73,82,0,1,42,0,3,0,1,0,1,1,12,2,1,13
1,0,1,29,66,82,1,0,52,0,3,0,1,0,2,1,11,2,2,13
3,1,1,29,74,96,1,1,74,1,1,0,1,1,2,0,18,0,0,9
0,3,1,25,92,96,0,0,99,1,0,0,1,3,2,0,1,0,2,9
3,0,0,21,58,61,1,1,60,1,2,0,1,0,2,0,20,2,2,25
3,0,0,21,58,61,1,1,60,0,2,0,1,0,2,2,20,1,2,25
3,0,0,21,58,61,1,1,60,0,2,0,1,0,2,1,20,2,2,25
1,3,2,25,97,63,1,0,99,0,0,0,1,3,3,1,1,2,0,31
1,3,2,27,91,63,0,1,97,0,0,0,1,3,3,1,11,2,0,31
1,1,2,25,69,80,0,1,100,0,0,1,1,1,1,1,3,0,0,9
0,1,1,19,57,92,1,1,93,1,0,0,1,1,0,0,3,2,2,33
1,3,1,24,98,92,0,1,79,1,1,0,1,3,0,0,9,2,2,33
3,0,1,26,57,92,0,1,60,1,2,0,1,0,0,0,15,2,1,33
3,0,1,21,60,92,0,1,58,1,2,0,1,0,0,0,14,2,2,33
3,2,1,18,86,92,0,0,63,1,2,0,1,2,2,0,16,2,0,33
0,1,0,20,68,60,0,0,90,1,0,0,1,1,0,2,9,1,2,8
3,2,0,24,96,60,1,0,52,1,3,0,1,2,0,2,16,1,2,8
2,2,2,18,97,78,0,0,62,0,2,0,1,2,3,0,16,2,1,8
1,2,0,29,88,78,1,1,50,0,3,0,1,2,3,0,5,2,0,8
0,1,0,29,70,63,1,1,79,1,1,1,1,1,1,1,6,2,2,33
0,1,1,29,60,86,1,0,84,0,1,0,1,1,2,1,2,1,2,14
1,0,2,18,54,86,0,0,53,0,3,0,1,0,1,1,3,1,1,14
0,1,1,29,60,86,1,0,84,1,1,0,1,1,2,1,2,1,2,14
0,0,2,18,54,86,0,0,53,1,3,0,1,0,1,1,3,1,1,14
2,0,1,20,70,89,0,1,53,1,3,0,1,0,1,0,14,0,2,12
0,3,1,21,86,89,0,1,87,1,0,0,1,3,3,0,1,0,2,12
2,0,1,20,70,89,0,1,53,1,3,0,1,0,1,0,14,2,2,12
1,3,1,21,86,89,0,1,87,1,0,0,1,3,3,0,1,2,2,12
2,1,2,26,54,70,0,1,73,1,1,0,1,1,1,1,13,2,0,10
1,2,2,28,97,70,0,1,64,1,2,0,1,2,0,1,9,2,1,10
1,2,2,28,90,70,0,1,70,1,1,0,1,2,1,1,6,2,1,10
0,2,2,19,95,70,1,1,58,1,2,0,1,2,0,1,8,2,1,10
1,3,1,27,79,95,0,0,95,0,0,1,1,3,3,1,1,1,0,26
2,3,1,27,87,95,0,1,94,0,0,1,1,3,1,1,12,1,1,26
1,3,1,26,82,95,0,1,80,0,1,1,1,3,0,1,3,1,2,26
0,2,0,27,83,65,0,0,62,1,2,1,1,2,0,0,8,1,2,26
0,1,0,25,74,65,1,1,97,1,0,1,1,1,3,0,9,1,2,26
3,0,0,22,66,65,1,0,65,1,2,1,1,0,0,0,15,1,0,26
3,2,0,18,93,65,0,1,52,1,3,1,1,2,2,0,20,1,2,26
0,2,0,27,83,65,0,0,62,1,2,1,1,2,0,1,8,1,2,26
0,1,0,25,74,65,1,1,97,1,0,1,1,1,3,1,9,1,2,26
3,0,2,22,66,65,1,0,65,1,2,1,1,0,0,1,15,1,0,26
3,2,0,18,93,65,0,1,52,1,3,1,1,2,2,1,20,1,2,26
2,0,0,24,54,83,0,0,56,1,2,0,1,0,1,0,10,0,2,8
1,2,0,24,91,69,0,1,64,1,2,0,1,2,0,1,4,2,2,26
0,2,0,28,84,69,1,1,69,1,2,0,1,2,2,1,4,2,2,26
3,3,2,21,77,69,1,1,74,1,1,0,1,3,2,1,20,2,1,26
1,2,0,24,91,69,0,1,64,0,2,0,0,2,0,0,4,2,2,26
1,2,0,28,84,69,1,1,69,0,2,0,0,2,2,0,4,2,2,26
3,3,0,21,77,69,1,1,74,0,1,0,0,3,2,0,20,2,1,26
0,2,0,24,91,69,0,1,64,1,2,0,1,2,0,1,4,1,2,26
0,2,0,28,84,69,1,1,69,1,2,0,1,2,2,1,4,1,2,26
3,3,2,21,77,69,1,1,74,1,1,0,1,3,2,1,20,1,1,26
1,2,0,24,91,69,0,1,64,0,2,0,1,2,0,1,4,1,2,26
0,2,0,28,84,69,1,1,69,0,2,0,1,2,2,1,4,1,2,26
3,3,2,21,77,69,1,1,74,0,1,0,1,3,2,1,20,1,1,26
0,2,0,26,100,85,1,1,55,1,2,1,0,2,2,0,5,0,2,32
0,3,2,24,76,85,0,1,72,1,1,1,0,3,0,0,0,0,1,32
3,0,1,24,73,84,1,1,52,1,3,1,1,0,0,2,19,1,2,11
3,2,2,19,81,84,1,0,59,1,2,1,1,2,1,2,15,1,1,11
0,3,1,18,80,84,1,1,88,1,0,1,1,3,1,2,9,1,2,11
2,1,1,29,64,87,0,1,76,0,1,1,1,1,2,0,15,2,2,8
2,3,1,18,82,87,1,1,74,0,1,1,1,3,1,0,18,2,2,8
1,1,1,21,60,87,0,1,94,0,0,1,1,1,3,0,12,2,2,8
2,2,1,28,99,87,0,1,57,0,2,1,1,2,0,0,19,2,2,8
1,1,2,26,58,73,1,1,76,0,1,0,1,1,0,1,9,2,2,21
1,1,2,20,63,73,0,0,88,0,0,0,1,1,1,1,6,2,2,21
1,2,2,24,90,73,1,1,57,0,2,0,1,2,1,1,3,2,2,21
1,1,2,26,53,73,1,1,99,0,0,0,1,1,0,1,4,2,2,21
1,3,2,25,95,73,1,1,85,0,0,0,1,3,1,1,4,2,1,21
2,3,2,24,86,73,0,1,76,0,1,0,1,3,2,1,19,2,1,21
2,0,0,24,73,66,0,1,49,0,3,1,1,0,0,1,15,2,2,10
2,0,2,28,60,66,0,1,54,0,3,1,1,0,3,1,17,2,0,10
1,2,0,24,96,66,0,0,66,0,2,1,1,2,2,1,10,2,2,10
1,1,0,25,56,66,1,1,85,0,0,1,1,1,0,1,0,2,2,10
2,0,0,24,73,66,0,1,49,0,3,1,1,0,0,0,15,1,2,10
2,0,0,28,60,66,0,1,54,0,3,1,1,0,3,0,17,1,0,10
1,2,0,24,96,66,0,0,66,0,2,1,1,2,2,0,10,1,2,10
0,1,0,25,56,66,1,1,85,0,0,1,1,1,0,0,0,1,2,10
0,0,1,24,61,85,0,1,63,1,2,0,1,0,0,2,8,1,2,6
0,3,2,23,86,85,1,1,93,1,0,0,1,3,2,2,2,1,1,6
3,1,2,20,59,85,0,1,90,1,0,0,1,1,2,2,12,1,1,6
3,0,1,25,74,85,1,1,61,1,2,0,1,0,3,2,20,1,2,6
1,1,0,26,60,70,0,1,84,0,1,0,1,1,3,0,5,1,2,17
0,3,0,24,78,70,1,1,73,0,1,0,1,3,3,0,2,1,2,17
3,1,0,23,70,70,1,1,89,0,0,0,1,1,1,0,12,1,2,17
0,1,0,26,60,70,0,1,84,1,1,0,1,1,3,0,5,1,2,17
0,3,0,24,78,70,1,1,73,1,1,0,1,3,3,0,2,1,2,17
3,1,0,23,70,70,1,1,89,1,0,0,1,1,1,0,12,1,2,17
0,1,1,18,65,99,0,1,95,1,0,0,1,1,3,2,6,1,1,14
3,1,1,23,50,99,1,1,99,1,0,0,1,1,0,2,16,1,2,14
0,0,1,20,73,99,0,1,41,1,3,0,1,0,1,2,2,1,0,14
3,2,1,25,88,99,0,0,60,1,2,0,1,2,3,2,20,1,2,14
1,1,1,18,65,99,0,1,95,0,0,0,0,1,3,2,6,1,1,14
3,1,1,23,50,99,1,1,99,0,0,0,0,1,0,2,16,1,2,14
1,0,1,20,73,99,0,1,41,0,3,0,0,0,1,2,2,1,0,14
2,2,1,25,88,99,0,0,60,0,2,0,0,2,3,2,20,1,2,14
3,3,1,27,86,92,1,0,88,0,0,1,1,3,2,1,16,1,1,15
0,0,1,28,68,92,1,1,44,0,3,1,1,0,1,1,9,1,0,15
3,3,1,27,86,92,1,0,88,1,0,1,1,3,2,0,16,0,1,15
0,0,1,28,68,92,1,1,44,1,3,1,1,0,1,0,9,0,0,15
1,0,0,20,53,62,1,1,43,0,3,1,1,0,2,0,3,2,2,5
3,2,0,27,94,66,1,0,62,0,2,1,1,2,0,0,15,1,0,9
2,0,0,26,63,72,0,1,43,1,3,1,1,0,1,2,17,2,2,8
2,2,0,29,78,72,0,0,67,1,2,1,1,2,2,2,15,2,0,8
1,1,0,29,67,68,0,1,73,0,1,0,1,1,3,1,0,2,2,13
1,2,0,29,92,68,1,0,48,0,3,0,1,2,2,1,7,2,2,13
1,2,0,29,86,68,1,1,47,0,3,0,1,2,3,1,2,2,2,13
2,3,2,29,91,68,1,1,84,0,1,0,1,3,1,1,17,2,0,13
1,2,2,25,98,68,1,0,43,0,3,0,1,2,2,1,10,2,1,13
1,0,2,25,55,68,1,0,40,0,3,0,1,0,0,1,7,2,0,13
1,1,0,25,66,68,0,1,92,0,0,0,1,1,3,1,5,2,2,13
1,3,2,23,87,68,0,0,82,0,1,0,1,3,3,1,8,2,1,13
3,0,0,18,72,81,0,0,40,1,3,0,1,0,2,0,15,2,2,25
1,0,0,26,60,81,0,1,66,1,2,0,1,0,2,0,1,2,2,25
2,0,0,18,72,81,0,0,40,0,3,0,1,0,2,0,15,1,2,25
1,0,0,26,60,81,0,1,66,0,2,0,1,0,2,0,1,1,2,25
3,0,1,18,72,81,0,0,40,1,3,0,1,0,2,2,15,1,2,25
0,0,1,26,60,81,0,1,66,1,2,0,1,0,2,2,1,1,2,25
2,0,0,18,72,81,0,0,40,0,3,0,1,0,2,0,15,1,2,25
1,0,0,26,60,81,0,1,66,0,2,0,1,0,2,0,1,1,2,25
3,1,1,25,72,83,0,1,73,1,1,1,1,1,2,1,14,1,2,12
3,0,1,25,57,83,0,1,49,1,3,1,1,0,3,1,20,1,2,12
2,1,1,25,72,83,0,1,73,0,1,1,1,1,2,1,14,2,2,12
2,0,1,25,57,83,0,1,49,0,3,1,1,0,3,1,20,2,2,12
1,2,1,24,75,89,1,1,68,0,2,1,1,2,1,0,0,2,0,13
1,3,1,27,97,89,0,1,88,0,0,1,1,3,3,0,9,2,2,13
0,2,1,24,75,89,1,1,68,1,2,1,1,2,1,1,0,2,0,13
1,3,1,27,97,89,0,1,88,1,0,1,1,3,3,1,9,2,2,13
1,0,1,19,58,98,0,1,41,1,3,1,1,0,3,1,7,0,1,7
2,3,1,22,80,98,0,1,92,1,0,1,1,3,2,1,13,0,2,7
0,1,1,18,63,98,1,1,97,1,0,1,1,1,3,1,5,0,1,7
3,3,2,18,95,67,0,1,78,1,1,0,1,3,1,1,20,1,0,10
0,0,2,25,73,67,1,0,54,1,3,0,1,0,1,1,3,1,0,10
3,0,0,18,61,67,0,1,62,1,2,0,1,0,1,1,16,1,2,10
3,0,2,26,67,67,0,1,60,1,2,0,1,0,1,1,19,1,1,10
3,2,2,28,99,67,1,1,68,1,2,0,1,2,3,1,12,1,1,10
2,3,2,18,95,67,0,1,78,0,1,0,1,3,1,1,20,2,0,10
1,0,2,25,73,67,1,0,54,0,3,0,1,0,1,1,3,2,0,10
2,0,0,18,61,67,0,1,62,0,2,0,1,0,1,1,16,2,2,10
2,0,2,26,67,67,0,1,60,0,2,0,1,0,1,1,19,2,1,10
1,2,2,28,99,67,1,1,68,0,2,0,1,2,3,1,12,2,1,10
3,3,0,18,88,71,1,1,92,0,0,1,1,3,2,1,15,2,2,28
1,3,0,24,89,71,0,1,95,0,0,1,1,3,2,1,6,2,2,28
1,3,0,28,79,71,1,0,93,0,0,1,1,3,0,1,2,2,2,28
0,1,1,28,67,95,1,1,79,0,1,1,1,1,2,2,9,1,1,17
1,3,1,26,88,95,0,0,87,0,0,1,1,3,3,2,2,1,1,17
3,3,1,27,99,95,1,1,83,0,1,1,1,3,0,2,18,1,1,17
3,3,1,19,96,95,1,1,99,0,0,1,1,3,3,2,10,1,2,17
0,1,1,28,67,95,1,1,79,0,1,1,1,1,2,2,9,1,1,17
1,3,1,26,88,95,0,0,87,0,0,1,1,3,3,2,2,1,1,17
3,3,1,27,99,95,1,1,83,0,1,1,1,3,0,2,18,1,1,17
3,3,1,19,96,95,1,1,99,0,0,1,1,3,3,2,10,1,2,17
3,3,1,26,97,97,0,0,79,1,1,1,1,3,3,1,18,1,2,14
3,3,1,26,97,97,0,0,79,1,1,1,1,3,3,1,18,1,2,14
1,3,1,20,79,97,1,1,87,0,0,0,1,3,0,1,5,2,0,7
1,2,1,25,100,97,1,1,41,0,3,0,1,2,2,1,10,2,1,7
3,1,0,27,74,60,1,1,79,1,1,1,1,1,2,0,12,1,0,28
0,1,0,29,57,60,0,1,73,1,1,1,1,1,1,0,5,1,1,28
3,3,0,29,92,60,0,0,98,1,0,1,1,3,1,0,11,1,1,28
0,0,0,25,63,61,1,1,56,1,2,0,1,0,1,0,0,0,2,28
0,0,0,25,63,61,1,1,56,1,2,0,1,0,1,0,0,1,2,28
0,0,0,25,63,61,1,1,56,1,2,0,1,0,1,0,0,1,2,28
1,2,2,29,88,62,1,0,50,0,3,0,1,2,0,2,9,2,1,15
1,2,0,29,79,62,0,1,57,0,2,0,1,2,0,2,10,2,0,15
0,2,2,29,88,62,1,0,50,0,3,0,1,2,0,2,9,1,1,15
1,2,0,29,79,62,0,1,57,0,2,0,1,2,0,2,10,1,0,15
2,0,0,26,67,61,0,1,47,1,3,0,1,0,0,1,16,0,2,8
3,1,1,26,68,98,0,1,74,1,1,0,1,1,0,0,12,1,2,29
1,2,2,24,78,88,0,0,56,0,2,1,1,2,0,0,5,1,1,18
0,0,1,21,68,88,1,1,56,0,2,1,1,0,2,0,5,1,2,18
1,1,1,23,50,88,0,1,93,0,0,1,1,1,3,0,2,1,2,18
3,1,1,23,70,88,1,1,70,0,1,1,1,1,2,0,17,1,2,18
1,2,2,24,78,88,0,0,56,0,2,1,1,2,0,2,5,1,1,18
0,0,1,21,68,88,1,1,56,0,2,1,1,0,2,2,5,1,2,18
1,1,1,23,50,88,0,1,93,0,0,1,1,1,3,2,2,1,2,18
3,1,1,23,70,88,1,1,70,0,1,1,1,1,2,2,17,1,2,18
1,2,2,24,78,88,0,0,56,0,2,1,1,2,0,1,5,2,1,18
1,0,1,21,68,88,1,1,56,0,2,1,1,0,2,1,5,2,2,18
1,1,1,23,50,88,0,1,93,0,0,1,1,1,3,1,2,2,2,18
2,1,1,23,70,88,1,1,70,0,1,1,1,1,2,1,17,2,2,18
0,1,1,25,66,83,1,1,90,0,0,0,1,1,2,2,2,1,2,11
0,1,0,25,66,83,1,1,90,1,0,0,1,1,2,0,2,0,2,11
1,0,0,18,68,67,0,1,48,0,3,1,1,0,1,0,4,0,0,8
2,2,0,21,76,67,0,1,60,0,2,1,1,2,2,0,8,0,2,8
0,0,2,18,68,67,0,1,48,1,3,1,1,0,1,1,4,1,0,8
0,2,0,21,76,67,0,1,60,1,2,1,1,2,2,1,8,1,2,8
0,1,2,23,63,86,1,1,99,1,0,1,1,1,1,2,0,2,1,24
1,0,1,18,57,86,0,0,42,1,3,1,1,0,1,2,1,2,2,24
3,3,1,22,76,86,1,1,82,1,1,1,1,3,1,2,11,2,2,24
3,1,1,22,62,86,1,1,100,1,0,1,1,1,1,2,17,2,0,24
1,1,2,23,63,86,1,1,99,0,0,1,1,1,1,1,0,2,1,24
1,0,1,18,57,86,0,0,42,0,3,1,1,0,1,1,1,2,2,24
1,3,1,22,76,86,1,1,82,0,1,1,1,3,1,1,11,2,2,24
3,1,1,22,62,86,1,1,100,0,0,1,1,1,1,1,17,2,0,24
0,1,2,23,63,86,1,1,99,1,0,1,1,1,1,1,0,0,1,24
0,0,1,18,57,86,0,0,42,1,3,1,1,0,1,1,1,0,2,24
3,3,1,22,76,86,1,1,82,1,1,1,1,3,1,1,11,0,2,24
3,1,1,22,62,86,1,1,100,1,0,1,1,1,1,1,17,0,0,24
0,1,2,23,63,86,1,1,99,1,0,1,1,1,1,1,0,0,1,24
0,0,1,18,57,86,0,0,42,1,3,1,1,0,1,1,1,0,2,24
3,3,1,22,76,86,1,1,82,1,1,1,1,3,1,1,11,0,2,24
3,1,1,22,62,86,1,1,100,1,0,1,1,1,1,1,17,0,0,24
0,1,2,23,63,86,1,1,99,1,0,1,1,1,1,1,0,1,1,24
0,0,1,18,57,86,0,0,42,1,3,1,1,0,1,1,1,1,2,24
3,3,1,22,76,86,1,1,82,1,1,1,1,3,1,1,11,1,2,24
3,1,1,22,62,86,1,1,100,1,0,1,1,1,1,1,17,1,0,24
3,2,2,22,83,72,0,0,55,1,2,1,1,2,0,1,10,1,1,10
0,3,1,28,98,99,1,1,99,0,0,0,1,3,2,1,0,0,2,28
2,2,1,25,89,99,1,1,54,0,3,0,1,2,0,1,17,0,1,28
1,0,1,20,57,99,1,0,42,0,3,0,1,0,3,1,7,0,2,28
0,3,1,28,98,99,1,1,99,1,0,0,1,3,2,1,0,1,2,28
3,2,1,25,89,99,1,1,54,1,3,0,1,2,0,1,17,1,1,28
0,0,1,20,57,99,1,0,42,1,3,0,1,0,3,1,7,1,2,28
2,0,2,22,73,74,0,1,67,1,2,1,1,0,2,0,15,2,1,11
2,0,0,19,57,74,0,0,48,1,3,1,1,0,2,0,13,2,2,11
1,1,0,25,67,74,0,1,76,1,1,1,1,1,2,0,9,2,2,11
2,0,2,22,73,74,0,1,67,0,2,1,1,0,2,0,15,1,1,11
2,0,0,19,57,74,0,0,48,0,3,1,1,0,2,0,13,1,2,11
1,1,0,25,67,74,0,1,76,0,1,1,1,1,2,0,9,1,2,11
3,3,0,18,85,67,1,1,85,0,0,0,1,3,3,0,16,2,2,28
3,0,0,27,62,67,1,1,56,0,2,0,1,0,1,0,16,2,2,28
3,1,0,28,53,67,1,1,82,0,1,0,1,1,2,0,17,2,2,28
3,3,0,18,85,67,1,1,85,0,0,0,1,3,3,2,16,1,2,28
3,0,0,27,62,67,1,1,56,0,2,0,1,0,1,2,16,1,2,28
3,1,0,28,53,67,1,1,82,0,1,0,1,1,2,2,17,1,2,28
3,3,0,18,85,67,1,1,85,1,0,0,1,3,3,1,16,1,2,28
3,0,0,27,62,67,1,1,56,1,2,0,1,0,1,1,16,1,2,28
3,1,0,28,53,67,1,1,82,1,1,0,1,1,2,1,17,1,2,28
3,0,2,23,58,75,1,1,52,1,3,1,1,0,0,1,15,1,2,34
0,1,2,23,63,60,1,1,70,1,1,0,1,1,0,1,0,2,1,13
0,2,0,28,87,60,1,1,57,1,2,0,1,2,1,1,5,2,2,13
0,3,2,23,97,60,1,1,90,1,0,0,1,3,2,1,7,2,0,13
1,1,2,23,63,60,1,1,70,0,1,0,1,1,0,1,0,2,1,13
1,2,0,28,87,60,1,1,57,0,2,0,1,2,1,1,5,2,2,13
1,3,2,23,97,60,1,1,90,0,0,0,1,3,2,1,7,2,0,13
3,1,0,19,62,66,1,1,72,1,1,1,1,1,0,0,18,2,2,25
3,2,0,20,78,66,1,0,54,1,3,1,1,2,1,0,19,2,2,25
3,1,0,25,61,66,0,1,83,1,1,1,1,1,0,0,16,2,2,25
3,1,0,19,62,66,1,1,72,1,1,1,0,1,0,1,18,1,2,25
3,2,0,20,78,66,1,0,54,1,3,1,0,2,1,1,19,1,2,25
3,1,0,25,61,66,0,1,83,1,1,1,0,1,0,1,16,1,2,25
3,1,0,19,62,66,1,1,72,1,1,1,1,1,0,1,18,2,2,25
3,2,0,20,78,66,1,0,54,1,3,1,1,2,1,1,19,2,2,25
3,1,0,25,61,66,0,1,83,1,1,1,1,1,0,1,16,2,2,25
3,1,0,19,62,66,1,1,72,1,1,1,1,1,0,1,18,1,2,25
3,2,0,20,78,66,1,0,54,1,3,1,1,2,1,1,19,1,2,25
3,1,0,25,61,66,0,1,83,1,1,1,1,1,0,1,16,1,2,25
0,2,2,19,91,73,1,1,55,0,2,0,1,2,0,0,9,1,1,6
0,1,0,18,55,73,1,0,87,0,0,0,1,1,1,0,9,1,2,6
3,3,2,21,82,69,1,0,95,1,0,0,0,3,1,1,14,2,1,37
3,3,0,19,79,72,0,1,76,1,1,1,1,3,0,1,12,1,2,7
0,3,2,20,76,72,1,0,82,1,1,1,1,3,0,1,3,1,1,7
3,0,1,23,75,97,1,1,47,1,3,0,1,0,3,2,14,2,0,8
1,0,1,28,62,97,0,0,66,1,2,0,1,0,2,2,6,2,1,8
1,0,1,27,56,97,0,1,48,1,3,0,1,0,1,2,8,2,1,8
3,3,1,25,86,98,1,1,74,1,1,0,1,3,0,1,19,1,1,8
0,1,1,29,74,98,0,1,97,1,0,0,1,1,2,1,6,1,2,8
1,3,1,18,78,87,0,1,95,0,0,1,1,3,2,2,0,0,2,34
2,2,2,27,92,87,1,1,66,0,2,1,1,2,2,2,19,0,1,34
3,1,0,22,52,71,1,1,78,1,1,1,1,1,3,1,10,2,2,10
3,1,1,22,68,90,1,1,70,1,1,1,1,1,2,0,13,1,0,38
3,2,0,19,97,76,0,1,70,1,1,1,1,2,1,2,18,1,2,13
3,1,0,23,75,76,1,1,73,1,1,1,1,1,3,2,19,1,2,13
3,2,0,24,82,76,0,1,63,1,2,1,1,2,3,2,14,1,2,13
2,1,0,29,56,60,1,0,76,0,1,1,1,1,1,0,16,2,2,18
2,3,0,25,86,60,0,1,83,0,1,1,1,3,1,0,16,2,2,18
1,3,0,22,86,60,1,1,90,0,0,1,1,3,1,0,2,2,2,18
1,0,1,28,67,85,0,1,58,1,2,1,1,0,2,1,12,2,2,12
0,3,1,26,80,85,1,1,99,1,0,1,1,3,2,1,1,2,2,12
3,0,2,25,74,85,1,1,40,1,3,1,1,0,2,1,10,2,1,12
3,0,1,28,67,85,0,1,58,1,2,1,1,0,2,2,12,1,2,12
0,3,1,26,80,85,1,1,99,1,0,1,1,3,2,2,1,1,2,12
3,0,2,25,74,85,1,1,40,1,3,1,1,0,2,2,10,1,1,12
1,0,0,28,67,85,0,1,58,0,2,1,1,0,2,0,12,2,2,12
1,3,0,26,80,85,1,1,99,0,0,1,1,3,2,0,1,2,2,12
1,0,2,25,74,85,1,1,40,0,3,1,1,0,2,0,10,2,1,12
3,0,1,28,67,85,0,1,58,1,2,1,1,0,2,1,12,1,2,12
0,3,1,26,80,85,1,1,99,1,0,1,1,3,2,1,1,1,2,12
3,0,2,25,74,85,1,1,40,1,3,1,1,0,2,1,10,1,1,12
3,0,2,24,53,82,1,1,56,1,2,1,1,0,0,1,15,1,1,26
0,2,2,19,86,82,1,1,52,1,3,1,1,2,2,1,0,1,1,26
3,0,2,24,53,82,1,1,56,0,2,1,1,0,0,0,15,1,1,26
0,2,2,19,86,82,1,1,52,0,3,1,1,2,2,0,0,1,1,26
3,3,2,21,80,78,1,1,83,1,1,0,1,3,0,2,16,2,1,22
0,2,2,24,100,78,1,1,51,1,3,0,1,2,1,2,2,2,1,22
3,1,0,21,51,74,1,1,93,1,0,0,1,1,3,0,19,1,2,7
3,2,0,28,89,74,1,0,68,1,2,0,1,2,3,0,11,1,2,7
3,0,0,18,66,72,1,1,55,0,2,0,1,0,1,0,14,1,2,29
3,0,0,18,66,72,1,1,55,0,2,0,1,0,1,0,14,1,2,29
0,2,2,23,77,73,1,1,59,1,2,0,1,2,2,2,9,0,1,11
0,3,2,27,85,73,0,1,95,1,0,0,1,3,1,2,2,0,0,11
3,0,1,23,55,79,1,1,68,1,2,1,1,0,0,1,14,2,2,7
1,1,1,28,64,79,0,1,87,1,0,1,1,1,3,1,12,2,2,7
0,2,1,22,90,83,0,1,71,1,1,0,1,2,3,1,2,1,2,30
3,3,1,23,85,83,0,1,77,1,1,0,1,3,0,1,13,1,2,30
3,1,2,25,56,83,1,1,91,1,0,0,1,1,2,1,16,1,1,30
3,1,2,28,54,83,1,0,88,1,0,0,1,1,1,1,13,1,1,30
2,2,1,21,90,91,0,1,45,0,3,1,1,2,0,1,17,0,1,34
2,1,1,26,67,91,1,0,85,0,0,1,1,1,3,1,10,0,2,34
2,2,1,21,90,91,0,1,45,0,3,1,0,2,0,1,17,1,1,34
3,1,1,26,67,91,1,0,85,0,0,1,0,1,3,1,10,1,2,34
3,1,0,27,58,63,1,0,80,0,1,0,1,1,0,1,16,1,2,7
0,0,2,29,59,63,1,0,47,0,3,0,1,0,1,1,0,1,1,7
0,1,2,21,74,63,1,1,71,0,1,0,1,1,0,1,9,1,0,7
0,2,0,23,78,63,1,1,51,0,3,0,1,2,3,1,6,1,2,7
0,0,1,26,60,86,1,1,45,0,3,1,1,0,3,1,9,1,0,7
2,1,1,21,62,86,0,1,92,0,0,1,1,1,0,1,15,1,2,7
3,1,1,19,60,97,1,1,83,0,1,1,1,1,2,1,14,1,2,34
3,1,1,24,63,97,1,1,72,0,1,1,1,1,0,1,14,1,1,34
1,0,1,27,61,97,0,1,62,0,2,1,1,0,3,1,1,1,0,34
0,0,1,29,71,97,1,1,46,0,3,1,1,0,0,1,5,1,0,34
0,3,1,19,98,97,1,1,85,1,0,1,1,3,0,1,0,1,1,13
3,1,1,23,60,97,0,1,78,1,1,1,1,1,2,1,20,1,0,13
0,3,1,27,81,92,1,1,80,0,1,0,1,3,1,0,0,1,1,34
0,2,1,21,92,92,1,0,68,0,2,0,1,2,0,0,9,1,1,34
2,3,1,22,93,90,1,1,100,0,0,1,1,3,0,2,13,0,2,18
2,1,1,29,54,90,0,1,90,0,0,1,1,1,1,2,18,0,2,18
1,3,1,26,76,90,0,1,76,0,1,1,1,3,3,2,5,0,2,18
3,3,1,22,93,90,1,1,100,0,0,1,1,3,0,2,13,2,2,18
2,1,1,29,54,90,0,1,90,0,0,1,1,1,1,2,18,2,2,18
1,3,1,26,76,90,0,1,76,0,1,1,1,3,3,2,5,2,2,18
3,3,1,22,93,90,1,1,100,0,0,1,1,3,0,1,13,1,2,18
2,1,1,29,54,90,0,1,90,0,0,1,1,1,1,1,18,1,2,18
1,3,1,26,76,90,0,1,76,0,1,1,1,3,3,1,5,1,2,18
3,3,1,22,93,90,1,1,100,1,0,1,1,3,0,0,13,1,2,18
3,1,1,29,54,90,0,1,90,1,0,1,1,1,1,0,18,1,2,18
0,3,1,26,76,90,0,1,76,1,1,1,1,3,3,0,5,1,2,18
0,0,1,20,63,90,1,1,49,1,3,1,1,0,2,0,2,0,2,11
3,2,1,26,99,88,0,1,45,1,3,1,1,2,0,0,13,1,2,9
1,0,1,23,62,100,1,1,65,0,2,0,1,0,0,0,7,0,1,18
2,1,1,25,66,100,1,1,94,0,0,0,1,1,3,0,19,0,2,18
2,3,1,23,100,86,0,0,89,0,0,0,1,3,2,1,12,1,0,35
0,0,2,27,52,79,1,1,55,1,2,1,1,0,3,0,4,0,1,34
0,3,0,22,96,79,1,1,94,1,0,1,1,3,2,0,4,0,2,34
2,1,0,25,57,79,0,0,86,1,0,1,1,1,2,0,10,0,2,34
0,2,0,22,76,79,1,0,67,1,2,1,1,2,3,0,8,0,0,34
2,0,1,22,72,82,1,1,41,0,3,1,1,0,3,1,14,0,2,8
0,1,2,22,75,82,1,1,71,0,1,1,1,1,1,1,4,0,1,8
0,1,2,28,66,82,1,1,100,0,0,1,1,1,1,1,2,0,0,8
0,3,1,26,81,77,1,0,87,0,0,1,1,3,0,1,0,1,2,31
2,3,1,25,85,91,0,1,93,0,0,0,1,3,0,1,19,0,2,8
2,3,1,29,96,91,0,1,87,0,0,0,1,3,0,1,13,0,1,8
2,1,1,28,50,91,1,1,73,0,1,0,1,1,3,1,14,0,2,8
0,0,1,22,57,91,1,1,53,0,3,0,1,0,2,1,2,0,1,8
3,2,1,23,88,99,1,1,71,0,1,1,1,2,0,0,11,1,2,14
3,3,1,22,88,99,1,1,94,0,0,1,1,3,2,0,19,1,2,14
2,3,1,20,95,99,0,1,72,0,1,1,1,3,2,0,15,1,2,14
3,2,1,23,88,99,1,1,71,1,1,1,1,2,0,1,11,1,2,14
3,3,1,22,88,99,1,1,94,1,0,1,1,3,2,1,19,1,2,14
3,3,1,20,95,99,0,1,72,1,1,1,1,3,2,1,15,1,2,14
0,3,0,22,86,72,1,0,100,1,0,0,0,3,0,1,2,2,2,9
3,2,0,28,86,60,1,1,54,0,3,0,1,2,3,0,14,1,2,15
2,3,0,26,81,60,0,1,82,0,1,0,1,3,2,0,16,1,1,15
1,3,0,28,84,60,0,0,99,0,0,0,1,3,3,0,0,1,0,15
0,1,0,19,66,60,1,1,88,0,0,0,1,1,0,0,5,1,1,15
0,1,2,18,60,78,1,1,89,1,0,1,1,1,0,1,0,2,0,34
3,1,2,20,63,78,1,1,73,1,1,1,1,1,2,1,12,2,1,34
3,1,2,23,60,82,0,1,70,1,1,1,0,1,0,1,15,1,1,31
3,0,2,22,54,82,0,1,66,1,2,1,0,0,2,1,18,1,1,31
3,1,2,23,60,82,0,1,70,1,1,1,1,1,0,1,15,2,1,31
3,0,2,22,54,82,0,1,66,1,2,1,1,0,2,1,18,2,1,31
3,1,2,19,51,80,1,0,93,0,0,0,1,1,3,1,18,1,1,38
3,3,2,18,93,80,1,1,83,0,1,0,1,3,2,1,18,1,1,38
3,3,2,21,85,80,1,1,94,0,0,0,1,3,0,1,15,1,0,38
3,1,1,18,68,80,1,0,93,0,0,0,1,1,3,1,17,1,2,38
3,1,1,23,59,79,1,1,75,0,1,1,1,1,1,1,20,2,2,31
1,0,2,22,51,79,0,1,45,0,3,1,1,0,3,1,4,2,0,31
2,3,1,25,81,100,1,1,91,0,0,1,1,3,1,0,10,0,2,25
2,0,1,23,72,100,0,0,45,0,3,1,1,0,0,0,10,0,2,25
1,1,2,19,56,78,0,1,91,1,0,0,1,1,0,1,9,2,1,11
0,3,1,21,80,78,1,1,92,1,0,0,1,3,2,1,6,2,2,11
2,3,1,25,100,78,0,1,87,1,0,0,1,3,2,1,18,2,2,11
3,0,2,27,65,78,1,1,40,1,3,0,1,0,2,1,14,2,1,11
3,1,2,28,59,78,1,1,82,1,1,0,1,1,0,1,15,2,1,11
3,0,1,18,71,78,1,1,49,1,3,0,1,0,1,1,19,2,2,11
1,1,1,27,66,78,0,1,75,1,1,0,1,1,2,1,8,2,2,11
2,1,2,19,56,78,0,1,91,1,0,0,1,1,0,0,9,0,1,11
0,3,0,21,80,78,1,1,92,1,0,0,1,3,2,0,6,0,2,11
2,3,0,25,100,78,0,1,87,1,0,0,1,3,2,0,18,0,2,11
3,0,2,27,65,78,1,1,40,1,3,0,1,0,2,0,14,0,1,11
3,1,2,28,59,78,1,1,82,1,1,0,1,1,0,0,15,0,1,11
3,0,0,18,71,78,1,1,49,1,3,0,1,0,1,0,19,0,2,11
2,1,0,27,66,78,0,1,75,1,1,0,1,1,2,0,8,0,2,11
1,1,2,19,56,78,0,1,91,0,0,0,1,1,0,0,9,2,1,11
1,3,0,21,80,78,1,1,92,0,0,0,1,3,2,0,6,2,2,11
2,3,0,25,100,78,0,1,87,0,0,0,1,3,2,0,18,2,2,11
2,0,2,27,65,78,1,1,40,0,3,0,1,0,2,0,14,2,1,11
2,1,2,28,59,78,1,1,82,0,1,0,1,1,0,0,15,2,1,11
2,0,0,18,71,78,1,1,49,0,3,0,1,0,1,0,19,2,2,11
1,1,0,27,66,78,0,1,75,0,1,0,1,1,2,0,8,2,2,11
1,2,0,26,94,70,0,1,40,0,3,1,1,2,2,2,6,2,2,15
2,0,0,24,70,70,0,0,68,0,2,1,1,0,2,2,19,2,0,15
2,1,0,24,72,70,1,1,81,0,1,1,1,1,0,2,18,2,2,15
1,0,0,25,75,70,1,1,57,0,2,1,1,0,1,2,4,2,2,15
1,2,0,26,94,70,0,1,40,0,3,1,1,2,2,0,6,1,2,15
2,0,0,24,70,70,0,0,68,0,2,1,1,0,2,0,19,1,0,15
3,1,0,24,72,70,1,1,81,0,1,1,1,1,0,0,18,1,2,15
0,0,0,25,75,70,1,1,57,0,2,1,1,0,1,0,4,1,2,15
1,1,2,23,54,84,1,0,73,0,1,0,1,1,3,0,7,2,1,27
3,1,2,25,56,70,1,1,84,0,1,1,1,1,0,1,18,2,0,36
1,3,0,25,90,71,0,1,98,1,0,0,1,3,1,0,2,2,1,12
0,0,0,26,66,71,1,0,61,1,2,0,1,0,1,0,8,2,2,12
1,3,2,25,90,71,0,1,98,1,0,0,1,3,1,2,2,2,1,12
0,0,0,26,66,71,1,0,61,1,2,0,1,0,1,2,8,2,2,12
0,0,1,21,69,96,1,1,68,0,2,1,1,0,2,2,5,1,2,28
0,0,1,20,72,96,1,1,40,0,3,1,1,0,1,2,9,1,2,28
3,2,1,21,87,96,1,0,56,0,2,1,1,2,2,2,10,1,2,28
0,0,1,21,69,96,1,1,68,1,2,1,1,0,2,2,5,0,2,28
0,0,1,20,72,96,1,1,40,1,3,1,1,0,1,2,9,0,2,28
3,2,1,21,87,96,1,0,56,1,2,1,1,2,2,2,10,0,2,28
0,2,0,22,98,68,1,1,47,1,3,0,1,2,1,0,2,1,0,25
0,2,0,22,98,68,1,1,47,0,3,0,1,2,1,0,2,1,0,25
3,2,1,21,90,98,1,1,52,0,3,0,0,2,1,0,15,1,2,10
3,2,1,22,91,98,1,1,46,0,3,0,0,2,1,0,12,1,2,10
3,2,1,21,90,98,1,1,52,1,3,0,1,2,1,0,15,0,2,10
3,2,1,22,91,98,1,1,46,1,3,0,1,2,1,0,12,0,2,10
1,2,1,21,98,93,0,1,57,1,2,0,1,2,1,2,9,2,1,7
2,3,1,21,94,93,0,0,73,1,1,0,1,3,2,2,18,2,0,7
3,3,1,25,98,100,1,1,85,0,0,0,1,3,1,0,16,1,2,10
1,3,1,21,84,89,1,1,87,0,0,0,1,3,0,2,6,0,0,9
0,0,2,22,72,89,1,1,48,0,3,0,1,0,1,2,1,0,1,9
3,3,2,20,85,62,0,1,90,1,0,1,1,3,3,1,14,1,1,13
0,1,2,28,54,62,0,0,75,1,1,1,1,1,0,1,5,1,0,13
3,2,0,18,86,62,0,0,66,1,2,1,1,2,3,1,13,1,2,13
0,1,0,18,55,62,0,1,77,1,1,1,1,1,2,1,0,1,2,13
2,3,2,20,85,62,0,1,90,0,0,1,1,3,3,2,14,0,1,13
1,1,0,28,54,62,0,0,75,0,1,1,1,1,0,2,5,0,0,13
2,2,0,18,86,62,0,0,66,0,2,1,1,2,3,2,13,0,2,13
1,1,0,18,55,62,0,1,77,0,1,1,1,1,2,2,0,0,2,13
1,3,0,23,92,63,0,1,74,1,1,1,1,3,2,0,5,2,2,35
1,0,0,19,68,63,0,1,55,1,2,1,1,0,1,0,12,2,0,35
3,0,1,22,58,92,0,1,61,1,2,1,1,0,2,1,15,1,0,30
0,1,2,22,64,88,1,1,85,1,0,0,1,1,0,1,8,2,1,7
2,0,1,21,65,88,0,0,64,1,2,0,1,0,3,1,15,2,2,7
0,3,1,19,95,90,1,0,73,1,1,1,1,3,0,1,8,1,0,9
3,1,2,29,70,90,1,0,82,1,1,1,1,1,1,1,15,1,1,9
0,3,1,19,95,90,1,0,73,1,1,1,1,3,0,0,8,2,0,9
3,1,2,29,70,90,1,0,82,1,1,1,1,1,1,0,15,2,1,9
3,3,1,21,88,79,1,0,92,1,0,1,1,3,3,1,17,0,2,25
3,2,1,28,89,79,1,0,45,1,3,1,1,2,1,1,15,0,2,25
3,3,0,21,88,79,1,0,92,0,0,1,0,3,3,0,17,1,2,25
3,2,0,28,89,79,1,0,45,0,3,1,0,2,1,0,15,1,2,25
1,2,0,27,96,71,0,0,45,0,3,0,1,2,0,0,8,0,2,30
1,2,0,27,96,71,0,0,45,0,3,0,1,2,0,0,8,2,2,30
3,2,0,22,95,66,0,1,44,1,3,0,1,2,2,0,13,1,0,13
3,2,0,25,93,66,1,1,57,1,2,0,1,2,3,0,14,1,2,13
0,3,0,24,97,65,1,1,94,0,0,0,0,3,0,2,1,1,2,28
2,3,2,20,76,83,1,1,73,0,1,1,1,3,0,1,13,0,1,24
2,1,2,29,51,83,1,0,100,0,0,1,1,1,3,1,10,0,1,24
3,3,2,20,76,83,1,1,73,0,1,1,1,3,0,2,13,1,1,24
3,1,2,29,51,83,1,0,100,0,0,1,1,1,3,2,10,1,1,24
0,2,1,19,81,91,0,1,45,1,3,0,1,2,0,1,9,1,1,32
0,3,1,29,81,76,0,0,94,1,0,1,1,3,0,1,1,1,2,6
0,0,0,29,73,79,1,0,65,1,2,0,1,0,0,2,0,2,2,26
1,3,2,19,93,79,0,1,89,1,0,0,1,3,2,2,4,2,0,26
1,3,0,18,82,79,0,1,89,1,0,0,1,3,2,2,5,2,2,26
1,3,2,28,83,79,0,1,93,1,0,0,1,3,1,2,2,2,1,26
1,1,0,21,60,79,0,0,74,1,1,0,1,1,3,2,3,2,2,26
3,0,0,18,58,64,1,1,41,1,3,0,0,0,2,0,20,2,2,32
0,2,0,19,95,64,1,0,41,1,3,0,0,2,3,0,0,2,2,32
3,1,0,27,65,64,1,0,99,1,0,0,0,1,1,0,11,2,2,32
1,0,0,19,50,64,0,1,54,1,3,0,0,0,3,0,0,2,2,32
0,0,1,29,64,97,1,1,42,1,3,1,0,0,2,1,6,1,1,12
0,0,1,29,64,97,1,1,42,1,3,1,1,0,2,1,6,0,1,12
2,3,2,22,99,68,0,0,80,0,1,0,1,3,2,1,17,1,0,7
0,3,0,23,90,68,1,0,83,0,1,0,1,3,1,1,6,1,2,7
0,0,1,21,62,85,1,1,53,1,3,1,1,0,0,1,9,0,2,24
2,2,1,29,99,85,0,0,62,1,2,1,1,2,2,1,14,0,2,24
2,2,1,24,77,85,0,0,48,1,3,1,1,2,1,1,13,0,2,24
2,3,2,18,78,75,1,1,92,0,0,0,1,3,1,1,18,2,0,11
3,3,2,18,78,75,1,1,92,0,0,0,0,3,1,1,18,1,0,11
3,0,0,23,58,67,1,1,66,1,2,1,1,0,3,0,17,2,2,35
3,0,1,21,59,90,1,0,53,1,3,0,1,0,3,0,20,1,2,12
3,1,1,22,61,90,0,0,98,1,0,0,1,1,2,0,17,1,2,12
3,1,1,29,58,90,0,1,96,1,0,0,1,1,3,0,17,1,0,12
3,2,1,19,92,90,0,1,54,1,3,0,1,2,3,0,12,1,0,12
3,1,1,27,52,90,1,1,86,1,0,0,1,1,2,0,19,1,0,12
0,0,2,18,67,90,1,0,67,1,2,0,1,0,0,0,9,1,1,12
0,0,1,23,50,90,0,1,43,1,3,0,1,0,2,0,5,1,0,12
3,2,1,24,95,90,0,1,43,1,3,0,1,2,0,0,20,1,2,12
2,0,1,21,59,90,1,0,53,0,3,0,1,0,3,0,20,2,2,12
2,1,1,22,61,90,0,0,98,0,0,0,1,1,2,0,17,2,2,12
2,1,1,29,58,90,0,1,96,0,0,0,1,1,3,0,17,2,0,12
1,2,1,19,92,90,0,1,54,0,3,0,1,2,3,0,12,2,0,12
2,1,1,27,52,90,1,1,86,0,0,0,1,1,2,0,19,2,0,12
1,0,2,18,67,90,1,0,67,0,2,0,1,0,0,0,9,2,1,12
1,0,1,23,50,90,0,1,43,0,3,0,1,0,2,0,5,2,0,12
2,2,1,24,95,90,0,1,43,0,3,0,1,2,0,0,20,2,2,12
1,0,2,28,59,60,1,1,63,0,2,0,1,0,1,2,4,2,1,27
3,3,0,27,86,60,1,1,98,0,0,0,1,3,2,2,14,2,2,27
1,0,0,28,59,60,1,1,63,0,2,0,1,0,1,0,4,2,1,27
3,3,0,27,86,60,1,1,98,0,0,0,1,3,2,0,14,2,2,27
0,3,2,27,82,75,1,1,88,1,0,1,1,3,1,1,7,2,2,10
0,1,2,21,67,75,1,1,100,1,0,1,1,1,0,1,1,2,0,10
0,3,2,27,82,75,1,1,88,1,0,1,1,3,1,1,7,1,2,10
0,1,2,21,67,75,1,1,100,1,0,1,1,1,0,1,1,1,0,10
0,2,1,20,84,97,1,0,46,1,3,0,1,2,3,1,8,0,0,5
0,2,1,27,89,91,1,1,71,1,1,1,1,2,3,1,1,2,0,10
3,3,2,19,81,81,0,0,79,1,1,0,0,3,2,1,13,1,1,29
3,0,1,20,68,81,0,1,59,1,2,0,0,0,0,1,16,1,2,29
2,3,1,25,90,96,0,1,82,0,1,0,0,3,3,2,15,2,1,28
3,2,1,18,100,91,0,1,62,1,2,1,1,2,1,0,12,1,1,35
3,0,1,24,67,91,0,1,51,1,3,1,1,0,0,0,13,1,2,35
0,0,1,26,72,91,1,1,40,1,3,1,1,0,3,0,8,1,1,35
3,1,1,24,56,91,1,0,94,1,0,1,1,1,0,0,10,1,1,35
0,1,1,29,62,91,1,1,94,1,0,1,1,1,0,0,0,1,2,35
3,2,1,29,77,91,1,1,45,1,3,1,1,2,1,0,18,1,1,35
0,3,1,22,80,89,1,1,83,1,1,1,1,3,3,1,5,0,2,7
3,0,1,24,55,89,1,0,49,1,3,1,1,0,3,1,18,0,2,7
0,1,1,27,50,88,0,1,99,1,0,0,1,1,1,1,2,1,2,9
0,2,2,25,98,83,1,1,55,1,2,0,0,2,2,1,3,1,0,32
0,1,2,20,60,83,0,1,97,1,0,0,0,1,1,1,1,1,1,32
0,1,2,29,57,83,0,1,80,1,1,0,0,1,0,1,8,1,0,32
0,2,2,26,86,83,1,1,62,1,2,0,0,2,1,1,9,1,0,32
0,1,0,29,54,73,1,1,79,1,1,1,1,1,1,2,0,0,2,5
0,1,0,23,73,73,1,1,96,1,0,1,1,1,2,2,9,0,2,5
3,2,2,21,94,73,1,1,60,1,2,1,1,2,2,2,11,0,1,5
3,2,2,27,79,78,1,1,40,0,3,1,1,2,1,1,15,1,1,39
0,1,1,22,64,78,1,1,100,0,0,1,1,1,0,1,7,1,2,39
2,2,0,22,99,85,0,0,68,1,2,0,1,2,1,0,18,2,2,16
2,3,2,29,94,85,0,1,80,1,1,0,1,3,0,0,14,2,1,16
0,2,0,22,95,66,1,0,71,1,1,1,1,2,2,0,7,1,1,6
3,0,0,24,54,66,1,0,41,1,3,1,1,0,3,0,15,1,2,6
0,0,0,25,64,66,1,1,66,1,2,1,1,0,0,0,9,1,2,6
3,2,1,22,79,89,1,1,63,1,2,1,1,2,0,0,14,0,2,36
0,1,2,27,69,89,0,1,79,1,1,1,1,1,2,0,1,0,1,36
1,0,1,28,63,93,1,1,61,0,2,1,1,0,2,1,7,0,1,5
2,1,1,27,59,93,0,1,74,0,1,1,1,1,1,1,18,0,2,5
2,0,1,27,62,93,1,1,56,0,2,1,1,0,1,1,13,0,1,5
0,3,1,24,87,93,1,1,81,0,1,1,1,3,3,1,5,0,1,5
2,1,0,20,71,65,1,1,95,0,0,0,1,1,1,1,13,2,2,10
1,0,0,20,73,65,0,1,57,0,2,0,1,0,2,1,9,2,2,10
1,0,0,26,61,78,1,1,54,0,3,0,1,0,1,2,11,2,2,13
3,3,1,18,95,81,0,1,83,1,1,0,1,3,1,1,20,1,2,9
0,3,1,22,77,81,1,1,75,1,1,0,1,3,3,1,4,1,2,9
3,2,1,22,100,81,0,0,65,1,2,0,1,2,3,1,20,1,2,9
3,2,2,25,77,60,1,0,43,0,3,1,1,2,0,1,17,2,0,29
1,1,0,24,50,60,0,1,90,0,0,1,1,1,3,1,5,2,2,29
1,1,0,29,64,60,1,0,90,0,0,1,1,1,0,1,8,2,2,29
0,1,0,22,69,68,1,0,98,1,0,1,1,1,1,1,5,1,2,11
0,1,0,22,69,68,1,0,98,1,0,1,0,1,1,2,5,2,2,11
0,1,1,18,74,98,1,0,86,0,0,0,1,1,0,1,5,1,2,38
2,0,1,22,75,98,0,1,56,0,2,0,1,0,2,1,14,1,1,38
2,1,1,28,51,98,0,0,80,0,1,0,1,1,2,1,12,1,0,38
3,3,1,26,86,98,1,1,77,0,1,0,1,3,3,1,19,1,2,38
0,3,1,29,84,93,1,0,72,1,1,1,1,3,0,1,8,0,2,9
0,3,2,19,100,80,0,1,78,1,1,1,1,3,1,0,7,1,1,6
0,2,2,18,80,80,1,0,66,1,2,1,1,2,0,0,9,1,1,6
3,2,2,23,84,68,1,0,42,1,3,0,1,2,2,2,19,2,1,30
0,0,1,20,67,92,1,1,44,1,3,1,1,0,1,1,6,1,0,6
0,1,1,20,70,92,1,0,79,1,1,1,1,1,0,1,1,1,2,6
0,0,1,19,64,92,0,1,43,1,3,1,1,0,1,1,8,1,1,6
2,0,0,20,71,61,0,0,44,0,3,1,1,0,2,2,14,1,2,5
2,1,0,26,55,61,0,1,90,0,0,1,1,1,1,2,15,1,0,5
0,0,0,19,52,61,1,1,60,0,2,1,1,0,1,2,0,1,2,5
2,3,0,27,86,67,0,0,82,1,1,1,1,3,1,1,13,2,2,9
2,1,2,22,54,67,0,1,77,1,1,1,1,1,1,1,13,2,1,9
0,0,2,22,62,67,1,1,52,1,3,1,1,0,3,1,0,2,1,9
2,2,2,29,77,83,0,1,55,0,2,0,1,2,1,1,17,1,0,6
3,3,1,27,92,83,1,1,95,0,0,0,1,3,0,1,14,1,2,6
0,3,1,21,84,83,1,1,100,0,0,0,1,3,3,1,8,1,2,6
1,2,1,18,88,99,0,1,62,0,2,1,1,2,1,1,6,1,2,30
1,2,1,20,88,99,0,1,44,0,3,1,1,2,2,1,9,1,1,30
3,1,1,20,56,99,1,1,93,0,0,1,1,1,3,1,10,1,2,30
0,2,1,18,88,99,0,1,62,1,2,1,1,2,1,1,6,1,2,30
0,2,1,20,88,99,0,1,44,1,3,1,1,2,2,1,9,1,1,30
3,1,1,20,56,99,1,1,93,1,0,1,1,1,3,1,10,1,2,30
1,3,2,28,90,76,0,0,94,1,0,0,1,3,3,1,3,2,0,27
1,1,2,25,63,76,0,1,77,1,1,0,1,1,0,1,1,2,0,27
1,3,2,28,90,76,0,0,94,0,0,0,1,3,3,1,3,2,0,27
1,1,2,25,63,76,0,1,77,0,1,0,1,1,0,1,1,2,0,27
1,3,2,28,90,76,0,0,94,1,0,0,1,3,3,1,3,2,0,27
1,1,2,25,63,76,0,1,77,1,1,0,1,1,0,1,1,2,0,27
1,3,2,28,90,76,0,0,94,0,0,0,1,3,3,1,3,1,0,27
1,1,2,25,63,76,0,1,77,0,1,0,1,1,0,1,1,1,0,27
1,3,2,27,91,66,0,1,80,0,1,1,1,3,3,1,9,1,0,33
0,2,0,22,95,66,1,1,55,0,2,1,1,2,2,1,5,1,2,33
3,1,0,26,68,66,1,0,90,0,0,1,1,1,2,1,13,1,2,33
0,2,2,20,80,66,1,1,55,0,2,1,1,2,1,1,1,1,0,33
3,3,1,22,78,100,1,0,86,1,0,0,1,3,1,0,11,1,1,27
3,0,1,18,61,100,1,0,67,1,2,0,1,0,3,0,20,1,2,27
2,1,2,22,60,78,0,1,94,0,0,1,1,1,1,1,17,0,1,33
2,3,2,25,95,78,0,1,77,0,1,1,1,3,3,1,18,0,0,33
2,1,1,24,67,78,0,1,98,0,0,1,1,1,0,1,11,0,2,33
2,1,2,22,60,78,0,1,94,0,0,1,1,1,1,1,17,1,1,33
2,3,2,25,95,78,0,1,77,0,1,1,1,3,3,1,18,1,0,33
2,1,1,24,67,78,0,1,98,0,0,1,1,1,0,1,11,1,2,33
0,1,1,28,67,94,1,1,93,1,0,0,1,1,0,2,0,0,0,7
3,0,1,29,70,94,1,0,52,1,3,0,1,0,3,2,10,0,2,7
0,0,1,25,53,90,1,1,41,1,3,1,1,0,3,2,4,1,2,32
0,2,1,27,79,97,1,1,47,1,3,0,1,2,0,2,5,1,0,30
0,1,1,23,68,97,1,1,99,1,0,0,1,1,2,2,6,1,1,30
0,3,1,23,78,97,0,1,80,1,1,0,1,3,0,2,0,1,2,30
3,2,1,25,78,97,0,1,47,1,3,0,1,2,2,2,12,1,2,30
3,1,1,28,56,97,1,1,79,1,1,0,1,1,1,2,15,1,1,30
0,0,1,20,66,94,0,1,45,1,3,0,1,0,2,0,6,1,2,15
0,3,1,21,94,94,1,1,79,1,1,0,1,3,0,0,4,1,0,15
0,0,1,20,66,94,0,1,45,1,3,0,1,0,2,0,6,1,2,15
0,3,1,21,94,94,1,1,79,1,1,0,1,3,0,0,4,1,0,15
2,3,1,23,81,93,0,1,76,1,1,1,1,3,0,0,15,0,1,27
2,3,0,22,89,72,1,0,91,0,0,0,1,3,3,0,14,2,2,13
2,0,0,29,70,72,0,1,54,0,3,0,1,0,3,0,17,2,2,13
0,0,2,25,75,61,1,1,40,1,3,1,1,0,2,1,0,0,1,33
3,1,2,27,58,86,1,0,92,1,0,0,0,1,2,0,19,1,1,12
3,2,1,28,77,86,0,1,60,1,2,0,0,2,3,0,11,1,0,12
0,1,1,23,69,86,1,1,92,1,0,0,0,1,3,0,6,1,2,12
1,1,2,21,54,82,0,1,95,1,0,1,1,1,2,1,6,0,1,36
3,1,2,20,71,82,1,0,78,1,1,1,1,1,2,1,15,0,0,36
0,1,2,18,63,82,0,0,74,1,1,1,1,1,0,1,3,0,0,36
3,1,1,25,71,82,1,1,78,1,1,1,1,1,1,1,14,0,2,36
0,0,1,24,68,99,0,1,63,1,2,1,1,0,2,1,2,1,0,34
0,1,1,25,57,100,1,1,85,0,0,1,1,1,1,1,4,1,1,22
3,1,0,29,71,80,1,1,81,0,1,0,1,1,1,0,14,1,0,27
2,0,0,23,58,80,0,1,40,0,3,0,1,0,2,0,13,1,2,27
1,1,1,29,69,79,0,1,82,0,1,0,1,1,1,1,3,2,2,29
1,2,2,22,88,79,0,1,55,0,2,0,1,2,2,1,2,2,1,29
3,2,1,19,90,79,1,1,52,0,3,0,1,2,0,1,17,2,2,29
2,2,0,25,87,77,0,1,48,1,3,1,1,2,1,0,18,0,2,11
0,2,2,19,81,77,1,0,52,1,3,1,1,2,2,0,5,0,1,11
2,0,0,18,62,77,0,0,50,1,3,1,1,0,1,0,20,0,0,11
2,2,0,21,84,77,0,1,52,1,3,1,1,2,3,0,13,0,2,11
3,2,1,28,98,95,1,1,45,0,3,0,1,2,2,1,11,1,2,31
0,2,0,18,96,80,0,1,71,1,1,1,1,2,2,0,8,1,2,15
3,0,0,28,50,80,1,1,67,1,2,1,1,0,0,0,18,1,2,15
3,0,0,25,53,80,1,0,42,1,3,1,1,0,0,0,18,1,2,15
0,3,0,27,80,80,1,1,78,1,1,1,1,3,2,0,9,1,2,15
1,2,1,18,96,80,0,1,71,1,1,1,1,2,2,1,8,2,2,15
3,0,1,28,50,80,1,1,67,1,2,1,1,0,0,1,18,2,2,15
3,0,1,25,53,80,1,0,42,1,3,1,1,0,0,1,18,2,2,15
0,3,1,27,80,80,1,1,78,1,1,1,1,3,2,1,9,2,2,15
0,3,0,19,95,74,1,1,79,1,1,0,1,3,0,0,8,0,0,17
3,1,2,26,73,74,1,0,77,1,1,0,1,1,2,0,14,0,1,17
0,0,2,25,74,74,1,1,59,1,2,0,1,0,2,0,4,0,1,17
0,3,2,19,95,74,1,1,79,0,1,0,1,3,0,1,8,1,0,17
3,1,2,26,73,74,1,0,77,0,1,0,1,1,2,1,14,1,1,17
0,0,2,25,74,74,1,1,59,0,2,0,1,0,2,1,4,1,1,17
0,1,1,27,50,95,1,1,83,1,1,0,0,1,0,1,4,1,0,11
3,2,1,27,91,95,1,1,55,1,2,0,0,2,1,1,12,1,1,11
0,1,1,27,50,95,1,1,83,1,1,0,1,1,0,0,4,1,0,11
3,2,1,27,91,95,1,1,55,1,2,0,1,2,1,0,12,1,1,11
0,0,2,21,65,73,1,1,62,1,2,0,1,0,2,2,5,2,0,31
1,0,1,29,50,93,0,1,45,0,3,0,1,0,3,1,3,2,2,12
1,3,1,22,77,93,0,0,99,0,0,0,1,3,2,1,5,2,1,12
1,3,1,18,95,93,1,1,77,0,1,0,1,3,1,1,2,2,1,12
2,1,1,19,55,93,0,1,89,0,0,0,1,1,1,1,17,2,2,12
3,2,1,19,82,94,1,1,67,1,2,1,1,2,2,2,12,2,1,32
0,2,1,19,97,94,1,1,45,1,3,1,1,2,0,2,8,2,1,32
3,2,1,19,82,93,0,1,43,1,3,1,1,2,0,2,11,1,2,34
1,1,1,18,60,93,0,0,83,0,1,0,1,1,1,1,10,1,0,29
1,0,1,22,53,93,0,1,56,0,2,0,1,0,2,1,0,1,2,29
0,1,1,18,55,93,1,1,89,0,0,0,1,1,1,1,5,1,0,29
3,1,1,25,59,93,1,1,71,0,1,0,1,1,3,1,12,1,2,29
1,3,1,24,96,94,1,1,75,0,1,0,1,3,2,1,8,2,2,10
2,2,1,23,78,94,1,1,52,0,3,0,1,2,1,1,14,2,1,10
1,2,1,24,85,94,1,1,68,0,2,0,1,2,1,1,0,2,1,10
0,3,1,24,85,91,1,1,85,1,0,0,1,3,0,2,3,1,0,20
3,2,2,20,76,88,1,1,56,1,2,0,1,2,0,1,17,2,1,28
0,2,1,22,86,96,1,1,61,1,2,1,1,2,0,0,3,0,1,5
3,1,1,25,66,96,1,1,79,1,1,1,1,1,3,0,14,0,2,5
0,3,1,23,76,96,1,1,97,1,0,1,1,3,1,0,6,0,2,5
2,3,1,27,92,96,0,0,78,1,1,1,1,3,3,0,16,0,1,5
2,3,1,25,80,96,0,1,82,1,1,1,1,3,0,0,12,0,2,5
3,3,2,29,94,68,1,1,75,1,1,1,1,3,0,1,15,0,1,28
3,3,0,20,89,68,1,1,94,1,0,1,1,3,0,1,20,0,2,28
3,0,0,29,68,68,1,0,46,1,3,1,1,0,2,1,12,0,2,28
0,0,0,29,50,68,0,1,54,1,3,1,1,0,2,1,1,0,2,28
3,3,2,29,94,68,1,1,75,1,1,1,1,3,0,1,15,1,1,28
3,3,0,20,89,68,1,1,94,1,0,1,1,3,0,1,20,1,2,28
3,0,0,29,68,68,1,0,46,1,3,1,1,0,2,1,12,1,2,28
0,0,0,29,50,68,0,1,54,1,3,1,1,0,2,1,1,1,2,28
0,0,1,19,58,88,1,1,65,0,2,0,1,0,3,1,8,1,2,10
0,1,1,20,66,88,1,0,90,0,0,0,1,1,1,1,7,1,2,10
3,1,1,25,54,90,1,0,78,1,1,1,1,1,0,0,18,2,0,36
0,0,2,22,74,73,1,1,44,1,3,1,1,0,2,1,4,1,2,7
0,0,1,20,68,82,1,0,59,1,2,0,1,0,2,2,0,2,2,34
3,2,1,19,91,85,1,0,66,1,2,0,1,2,2,1,12,1,2,28
3,1,1,27,54,85,1,1,71,1,1,0,1,1,2,1,18,1,2,28
3,0,1,20,61,96,1,1,46,0,3,0,1,0,0,1,19,1,2,37
1,2,1,21,76,96,0,1,55,0,2,0,1,2,1,1,1,1,2,37
3,2,1,26,97,96,1,1,40,0,3,0,1,2,0,1,12,1,1,37
2,0,0,22,68,65,0,1,46,0,3,0,1,0,1,0,14,1,2,8
3,3,0,23,89,65,1,1,77,0,1,0,1,3,2,0,17,1,0,8
3,0,0,28,53,65,1,1,54,0,3,0,1,0,1,0,12,1,2,8
0,2,0,23,76,65,1,1,50,0,3,0,1,2,1,0,2,1,2,8
0,2,0,19,91,64,1,1,50,1,3,1,1,2,1,1,3,1,2,8
3,0,0,24,53,64,1,1,57,1,2,1,1,0,0,1,10,1,2,8
0,1,0,22,68,64,0,1,73,1,1,1,1,1,2,1,7,1,2,8
3,1,1,19,55,84,1,1,80,1,1,1,1,1,3,1,11,1,2,6
0,0,1,18,52,94,1,1,42,1,3,0,1,0,2,1,3,2,1,32
3,1,1,27,65,94,0,0,94,1,0,0,1,1,2,1,18,2,1,32
1,3,1,28,84,94,0,1,95,1,0,0,1,3,3,1,5,2,1,32
0,1,1,24,71,90,1,0,81,1,1,1,1,1,2,1,9,0,2,28
2,1,1,22,58,90,0,0,94,1,0,1,1,1,0,1,14,0,2,28
0,2,1,23,84,96,1,0,51,1,3,1,1,2,2,2,8,1,1,8
3,1,1,19,63,96,1,0,96,1,0,1,1,1,0,2,13,1,2,8
0,1,1,28,60,96,0,1,85,1,0,1,1,1,0,2,0,1,1,8
3,3,1,20,84,93,1,1,99,0,0,1,1,3,1,2,18,1,2,28
1,0,1,23,54,93,0,1,63,0,2,1,1,0,0,2,3,1,2,28
3,1,0,18,69,75,1,1,72,1,1,1,1,1,2,0,13,1,0,29
0,2,0,28,93,75,1,0,45,1,3,1,1,2,0,0,4,1,2,29
3,3,2,24,85,78,1,1,88,0,0,0,1,3,2,0,12,1,1,9
0,2,0,24,93,67,1,1,70,1,1,1,1,2,1,0,8,0,2,6
0,2,0,23,77,67,0,1,62,1,2,1,1,2,2,0,3,0,2,6
0,1,2,22,65,75,1,1,70,1,1,0,1,1,1,1,1,2,0,13
3,2,2,20,100,75,1,1,44,1,3,0,1,2,1,1,11,2,2,13
0,2,2,21,96,88,1,1,54,1,3,1,1,2,3,1,2,2,1,6
3,0,1,22,53,87,1,1,48,0,3,0,1,0,0,0,13,2,2,26
3,3,1,25,93,84,0,1,83,1,1,1,1,3,3,2,16,1,2,35
0,1,2,21,68,65,1,1,83,1,1,0,0,1,0,1,1,1,1,29
3,0,2,22,60,65,0,1,47,1,3,0,0,0,2,1,16,1,1,29
3,1,1,18,59,91,1,0,85,1,0,1,1,1,0,0,15,0,2,12
3,0,1,28,70,95,1,1,65,1,2,0,1,0,3,0,17,0,0,33
0,1,1,19,52,95,0,1,99,1,0,0,1,1,2,0,1,0,2,33
0,2,1,18,99,95,1,1,41,1,3,0,1,2,3,0,6,0,2,33
1,2,1,19,77,95,0,0,47,1,3,0,1,2,0,0,7,0,2,33
0,3,1,26,77,95,1,0,90,1,0,0,1,3,2,0,6,0,0,33
3,0,0,27,67,62,1,0,40,1,3,0,1,0,0,1,18,0,2,30
0,2,0,22,100,62,1,1,71,1,1,0,1,2,2,1,2,0,2,30
3,0,2,23,72,62,1,1,55,1,2,0,1,0,3,1,12,0,1,30
1,2,1,23,80,90,1,0,56,0,2,0,1,2,3,1,0,2,0,22
2,0,1,29,50,90,0,1,62,0,2,0,1,0,2,1,16,2,2,22
0,1,1,18,66,86,1,1,77,1,1,0,1,1,2,2,8,2,2,10
