timestamp,action_type,item_id,cursor_time,source,user_answer,platform
1545743656979,enter,b3811,,diagnosis,,mobile
1545743687786,respond,q5279,,diagnosis,b,mobile
1545743692016,submit,b3811,,diagnosis,,mobile
1545743692097,enter,b3282,,diagnosis,,mobile
1545743698830,respond,q4750,,diagnosis,a,mobile
1545743702542,submit,b3282,,diagnosis,,mobile
1545743702617,enter,b3822,,diagnosis,,mobile
1545743711258,respond,q5290,,diagnosis,b,mobile
1545743715289,submit,b3822,,diagnosis,,mobile
1545743715364,enter,b4980,,diagnosis,,mobile
1545743735391,respond,q6448,,diagnosis,d,mobile
1545743749046,submit,b4980,,diagnosis,,mobile
1545743794065,enter,b4980,,diagnosis,,mobile
1545743795590,respond,q6448,,diagnosis,b,mobile
1545743799807,submit,b4980,,diagnosis,,mobile
1545743799894,enter,b2635,,diagnosis,,mobile
1545743815482,respond,q4103,,diagnosis,c,mobile
1545743819309,submit,b2635,,diagnosis,,mobile
1545743819394,enter,b2591,,diagnosis,,mobile
1545743837804,respond,q4059,,diagnosis,d,mobile
1545743841262,submit,b2591,,diagnosis,,mobile
1545743841328,enter,b2557,,diagnosis,,mobile
1545743859608,respond,q4025,,diagnosis,b,mobile
1545743864099,submit,b2557,,diagnosis,,mobile
1545743864168,enter,b4307,,diagnosis,,mobile
1545743892255,respond,q5775,,diagnosis,d,mobile
1545743895789,submit,b4307,,diagnosis,,mobile
1545743895859,enter,b3667,,diagnosis,,mobile
1545743914841,respond,q5135,,diagnosis,a,mobile
1545743918496,submit,b3667,,diagnosis,,mobile
1545743918568,enter,b4745,,diagnosis,,mobile
1545743927171,respond,q6213,,diagnosis,b,mobile
1545743935249,submit,b4745,,diagnosis,,mobile
1545744016502,enter,b2467,,sprint,,mobile
1545744020997,respond,q3935,,sprint,b,mobile
1545744023917,submit,b2467,,sprint,,mobile
1545744023974,enter,e2467,,sprint,,mobile
1545744038192,quit,e2467,,sprint,,mobile
1545744040451,enter,e2467,,sprint,,mobile
1545744046971,quit,e2467,,sprint,,mobile
1545744047033,enter,b2460,,sprint,,mobile
1545744055648,respond,q3928,,sprint,d,mobile
1545744058293,submit,b2460,,sprint,,mobile
1545744058356,enter,e2460,,sprint,,mobile
1545744076570,quit,e2460,,sprint,,mobile
1545744076626,enter,b3096,,sprint,,mobile
1545744093650,respond,q4564,,sprint,a,mobile
1545744096052,submit,b3096,,sprint,,mobile
1545744096096,enter,e3096,,sprint,,mobile
1545744102489,quit,e3096,,sprint,,mobile
1545744102546,enter,b6154,,sprint,,mobile
1545744116239,respond,q8803,,sprint,b,mobile
1545744117921,respond,q8803,,sprint,d,mobile
1545744120085,submit,b6154,,sprint,,mobile
1545744120133,enter,e6154,,sprint,,mobile
1545744133716,quit,e6154,,sprint,,mobile
1545744133776,enter,b5148,,sprint,,mobile
1545744147202,respond,q6742,,sprint,c,mobile
1545744149754,submit,b5148,,sprint,,mobile
1545744149800,enter,e5148,,sprint,,mobile
1545744183444,quit,e5148,,sprint,,mobile
1545744187643,enter,e5148,,sprint,,mobile
1545744193849,quit,e5148,,sprint,,mobile
1545744193907,enter,b4178,,sprint,,mobile
1545744213463,respond,q5646,,sprint,a,mobile
1545744214642,respond,q5646,,sprint,b,mobile
1545744215974,respond,q5646,,sprint,a,mobile
1545744218965,respond,q5646,,sprint,b,mobile
1545744220997,submit,b4178,,sprint,,mobile
1545744221051,enter,e4178,,sprint,,mobile
1545744272726,quit,e4178,,sprint,,mobile
1545744272774,enter,b4606,,sprint,,mobile
1545744296270,respond,q6074,,sprint,a,mobile
1545744297541,respond,q6074,,sprint,c,mobile
1545744298164,respond,q6074,,sprint,a,mobile
1545744301191,submit,b4606,,sprint,,mobile
1545744301244,enter,e4606,,sprint,,mobile
1545744309470,quit,e4606,,sprint,,mobile
1545744309530,enter,b7309,,sprint,,mobile
1545744324079,respond,q9958,,sprint,b,mobile
1545744327023,submit,b7309,,sprint,,mobile
1545744327075,enter,e7309,,sprint,,mobile
1545744371064,quit,e7309,,sprint,,mobile
1545744373164,enter,e7309,,sprint,,mobile
1545744378210,quit,e7309,,sprint,,mobile
1545744378276,enter,b4029,,sprint,,mobile
1545744385803,respond,q5497,,sprint,d,mobile
1545744387240,respond,q5497,,sprint,a,mobile
1545744387779,respond,q5497,,sprint,b,mobile
1545744399974,respond,q5497,,sprint,a,mobile
1545744401419,respond,q5497,,sprint,c,mobile
1545744402727,respond,q5497,,sprint,a,mobile
1545744406163,submit,b4029,,sprint,,mobile
1545744406225,enter,e4029,,sprint,,mobile
1545744441445,quit,e4029,,sprint,,mobile
1545744441503,enter,b4867,,sprint,,mobile
1545744455071,respond,q6335,,sprint,b,mobile
1545744460401,submit,b4867,,sprint,,mobile
1545744460457,enter,e4867,,sprint,,mobile
1545744479935,quit,e4867,,sprint,,mobile
1545744492391,enter,e4867,,sprint,,mobile
1545744504650,quit,e4867,,sprint,,mobile
1545744509639,enter,e7309,,sprint,,mobile
1545744512372,quit,e7309,,sprint,,mobile
1545744517166,enter,e4178,,sprint,,mobile
1545744525705,quit,e4178,,sprint,,mobile
1545744777433,enter,b730,,sprint,,mobile
1545744778955,play_audio,b730,0,sprint,,mobile
1545744795489,pause_audio,b730,16878,sprint,,mobile
1545744795821,respond,q730,,sprint,c,mobile
1545744798166,submit,b730,,sprint,,mobile
1545744798242,enter,e730,,sprint,,mobile
1545744805337,play_audio,b730,0,sprint,,mobile
1545744810758,pause_audio,b730,5402,sprint,,mobile
1545744813327,quit,e730,,sprint,,mobile
1545744813382,enter,b1379,,sprint,,mobile
1545744813944,play_audio,b1379,0,sprint,,mobile
1545744828971,pause_audio,b1379,15315,sprint,,mobile
1545744831531,respond,q1379,,sprint,c,mobile
1545744834147,submit,b1379,,sprint,,mobile
1545744834206,enter,e1379,,sprint,,mobile
1545744844856,quit,e1379,,sprint,,mobile
1545744844919,enter,b1172,,sprint,,mobile
1545744845418,play_audio,b1172,0,sprint,,mobile
1545744863412,pause_audio,b1172,18339,sprint,,mobile
1545744863787,respond,q1172,,sprint,c,mobile
1545744865750,submit,b1172,,sprint,,mobile
1545744865830,enter,e1172,,sprint,,mobile
1545744896752,quit,e1172,,sprint,,mobile
1545744896842,enter,b295,,sprint,,mobile
1545744897497,play_audio,b295,0,sprint,,mobile
1545744912846,pause_audio,b295,15516,sprint,,mobile
1545744914284,respond,q295,,sprint,c,mobile
1545744916522,submit,b295,,sprint,,mobile
1545744916585,enter,e295,,sprint,,mobile
1545744925156,quit,e295,,sprint,,mobile
1545744925213,enter,b205,,sprint,,mobile
1545744925798,play_audio,b205,0,sprint,,mobile
1545744942710,pause_audio,b205,17113,sprint,,mobile
1545744943194,respond,q205,,sprint,a,mobile
1545744945832,submit,b205,,sprint,,mobile
1545744945888,enter,e205,,sprint,,mobile
1545744951949,quit,e205,,sprint,,mobile
1545744951997,enter,b1188,,sprint,,mobile
1545744952353,play_audio,b1188,0,sprint,,mobile
1545744968887,pause_audio,b1188,16933,sprint,,mobile
1545744974340,respond,q1188,,sprint,c,mobile
1545744977064,submit,b1188,,sprint,,mobile
1545744977114,enter,e1188,,sprint,,mobile
1545744989370,quit,e1188,,sprint,,mobile
1545744989429,enter,b633,,sprint,,mobile
1545744989950,play_audio,b633,0,sprint,,mobile
1545745006250,pause_audio,b633,16640,sprint,,mobile
1545745006575,respond,q633,,sprint,c,mobile
1545745008746,submit,b633,,sprint,,mobile
1545745008792,enter,e633,,sprint,,mobile
1545745035125,quit,e633,,sprint,,mobile
1545745035187,enter,b8314,,sprint,,mobile
1545745035734,play_audio,b8314,0,sprint,,mobile
1545745054078,pause_audio,b8314,18685,sprint,,mobile
1545745054991,respond,q11261,,sprint,c,mobile
1545745056997,submit,b8314,,sprint,,mobile
1545745057051,enter,e8314,,sprint,,mobile
1545745080421,quit,e8314,,sprint,,mobile
1545745080477,enter,b474,,sprint,,mobile
1545745081159,play_audio,b474,0,sprint,,mobile
1545745100124,pause_audio,b474,19253,sprint,,mobile
1545745101838,respond,q474,,sprint,b,mobile
1545745103934,submit,b474,,sprint,,mobile
1545745104003,enter,e474,,sprint,,mobile
1545745115909,play_audio,b474,0,sprint,,mobile
1545745132708,pause_audio,b474,16693,sprint,,mobile
1545745137059,quit,e474,,sprint,,mobile
1545745137120,enter,b997,,sprint,,mobile
1545745137656,play_audio,b997,0,sprint,,mobile
1545745153917,respond,q997,,sprint,a,mobile
1545745155421,pause_audio,b997,18058,sprint,,mobile
1545745157594,submit,b997,,sprint,,mobile
1545745157651,enter,e997,,sprint,,mobile
1545745180260,quit,e997,,sprint,,mobile
1545838656182,enter,b4591,,sprint,,mobile
1545838672152,respond,q6059,,sprint,d,mobile
1545838674992,submit,b4591,,sprint,,mobile
1545838675034,enter,e4591,,sprint,,mobile
1545838683650,quit,e4591,,sprint,,mobile
1545838683700,enter,b2224,,sprint,,mobile
1545838706112,respond,q3692,,sprint,c,mobile
1545838708634,submit,b2224,,sprint,,mobile
1545838708687,enter,e2224,,sprint,,mobile
1545838726976,quit,e2224,,sprint,,mobile
1545838727037,enter,b3937,,sprint,,mobile
1545838737302,respond,q5405,,sprint,d,mobile
1545838739826,submit,b3937,,sprint,,mobile
1545838739896,enter,e3937,,sprint,,mobile
1545838782675,quit,e3937,,sprint,,mobile
1545838782745,enter,b7511,,sprint,,mobile
1545838800440,respond,q10160,,sprint,d,mobile
1545838802589,submit,b7511,,sprint,,mobile
1545838802635,enter,e7511,,sprint,,mobile
1545838820561,quit,e7511,,sprint,,mobile
1545838820628,enter,b3091,,sprint,,mobile
1545838849919,respond,q4559,,sprint,d,mobile
1545838855666,submit,b3091,,sprint,,mobile
1545838855711,enter,e3091,,sprint,,mobile
1545838926169,quit,e3091,,sprint,,mobile
1545838926228,enter,b4139,,sprint,,mobile
1545838936398,respond,q5607,,sprint,b,mobile
1545838940191,submit,b4139,,sprint,,mobile
1545838940248,enter,e4139,,sprint,,mobile
1545838979600,quit,e4139,,sprint,,mobile
1545838979663,enter,b4614,,sprint,,mobile
1545839003366,respond,q6082,,sprint,b,mobile
1545839007391,submit,b4614,,sprint,,mobile
1545839007445,enter,e4614,,sprint,,mobile
1545839018505,quit,e4614,,sprint,,mobile
1545839018565,enter,b7557,,sprint,,mobile
1545839041285,respond,q10206,,sprint,c,mobile
1545839043426,submit,b7557,,sprint,,mobile
1545839043476,enter,e7557,,sprint,,mobile
1545839109427,quit,e7557,,sprint,,mobile
1545839109502,enter,b5079,,sprint,,mobile
1545839135896,respond,q6547,,sprint,d,mobile
1545839139388,submit,b5079,,sprint,,mobile
1545839139442,enter,e5079,,sprint,,mobile
1545839145060,quit,e5079,,sprint,,mobile
1545839145108,enter,b2619,,sprint,,mobile
1545839172578,respond,q4087,,sprint,b,mobile
1545839174336,erase_choice,q4087,,sprint,a,mobile
1545839174965,respond,q4087,,sprint,b,mobile
1545839180382,submit,b2619,,sprint,,mobile
1545839180440,enter,e2619,,sprint,,mobile
1545839198322,quit,e2619,,sprint,,mobile
1545839198381,enter,b3446,,sprint,,mobile
1545839219836,respond,q4914,,sprint,c,mobile
1545839228598,submit,b3446,,sprint,,mobile
1545839228642,enter,e3446,,sprint,,mobile
1545839235910,quit,e3446,,sprint,,mobile
1545839235979,enter,b6776,,sprint,,mobile
1545839258302,respond,q9425,,sprint,d,mobile
1545839260072,submit,b6776,,sprint,,mobile
1545839260116,enter,e6776,,sprint,,mobile
1545839264084,quit,e6776,,sprint,,mobile
1545839264144,enter,b3162,,sprint,,mobile
1545839269033,respond,q4630,,sprint,a,mobile
1545839271078,submit,b3162,,sprint,,mobile
1545839271128,enter,e3162,,sprint,,mobile
1545839275432,quit,e3162,,sprint,,mobile
1545839275492,enter,b4265,,sprint,,mobile
1545839290196,respond,q5733,,sprint,a,mobile
1545839298758,respond,q5733,,sprint,c,mobile
1545839299874,respond,q5733,,sprint,d,mobile
1545839300769,respond,q5733,,sprint,a,mobile
1545839302720,submit,b4265,,sprint,,mobile
1545839302778,enter,e4265,,sprint,,mobile
1545839327235,quit,e4265,,sprint,,mobile
1545839327293,enter,b3755,,sprint,,mobile
1545839336521,respond,q5223,,sprint,a,mobile
1545839338818,submit,b3755,,sprint,,mobile
1545839338876,enter,e3755,,sprint,,mobile
1545839352017,quit,e3755,,sprint,,mobile
1545839352075,enter,b6066,,sprint,,mobile
1545839358188,respond,q8715,,sprint,b,mobile
1545839358811,respond,q8715,,sprint,c,mobile
1545839359139,respond,q8715,,sprint,d,mobile
1545839367120,respond,q8715,,sprint,b,mobile
1545839370433,submit,b6066,,sprint,,mobile
1545839370486,enter,e6066,,sprint,,mobile
1545839379094,quit,e6066,,sprint,,mobile
1545839389322,enter,e2619,,sprint,,mobile
1545839396210,quit,e2619,,sprint,,mobile
1545839400644,enter,e4139,,sprint,,mobile
1545839405815,quit,e4139,,sprint,,mobile
1545839408120,enter,e3091,,sprint,,mobile
1545839411161,quit,e3091,,sprint,,mobile
1545839413658,enter,e7511,,sprint,,mobile
1545839418028,quit,e7511,,sprint,,mobile
1545839419740,enter,e7511,,sprint,,mobile
1545839430187,quit,e7511,,sprint,,mobile
1545839433746,enter,e2224,,sprint,,mobile
1545839455942,quit,e2224,,sprint,,mobile
1545839479589,enter,b166,,sprint,,mobile
1545839480639,play_audio,b166,0,sprint,,mobile
1545839498247,respond,q166,,sprint,c,mobile
1545839502621,pause_audio,b166,23011,sprint,,mobile
1545839504237,submit,b166,,sprint,,mobile
1545839504310,enter,e166,,sprint,,mobile
1545839510851,quit,e166,,sprint,,mobile
1545839510901,enter,b111,,sprint,,mobile
1545839511246,play_audio,b111,0,sprint,,mobile
1545839532961,respond,q111,,sprint,a,mobile
1545839533369,pause_audio,b111,23059,sprint,,mobile
1545839535125,submit,b111,,sprint,,mobile
1545839535183,enter,e111,,sprint,,mobile
1545839538905,quit,e111,,sprint,,mobile
1545839538960,enter,b5528,,sprint,,mobile
1545839539363,play_audio,b5528,0,sprint,,mobile
1545839561832,pause_audio,b5528,23298,sprint,,mobile
1545839562204,respond,q8057,,sprint,c,mobile
1545839564394,submit,b5528,,sprint,,mobile
1545839564436,enter,e5528,,sprint,,mobile
1545839573310,quit,e5528,,sprint,,mobile
1545839573365,enter,b8083,,sprint,,mobile
1545839573910,play_audio,b8083,0,sprint,,mobile
1545839591721,respond,q11030,,sprint,c,mobile
1545839592124,pause_audio,b8083,19209,sprint,,mobile
1545839593735,submit,b8083,,sprint,,mobile
1545839593788,enter,e8083,,sprint,,mobile
1545839597267,quit,e8083,,sprint,,mobile
1545839597323,enter,b5567,,sprint,,mobile
1545839597724,play_audio,b5567,0,sprint,,mobile
1545839611260,respond,q8096,,sprint,a,mobile
1545839615699,erase_choice,q8096,,sprint,c,mobile
1545839616135,erase_choice,q8096,,sprint,b,mobile
1545839619952,respond,q8096,,sprint,a,mobile
1545839620384,pause_audio,b5567,23489,sprint,,mobile
1545839622262,submit,b5567,,sprint,,mobile
1545839622328,enter,e5567,,sprint,,mobile
1545839633251,quit,e5567,,sprint,,mobile
1545849172342,enter,b2558,,sprint,,mobile
1545849202016,respond,q4026,,sprint,c,mobile
1545849204433,submit,b2558,,sprint,,mobile
1545849204487,enter,e2558,,sprint,,mobile
1545849222277,quit,e2558,,sprint,,mobile
1545849222333,enter,b3243,,sprint,,mobile
1545849245097,erase_choice,q4711,,sprint,a,mobile
1545849246756,respond,q4711,,sprint,a,mobile
1545849248640,submit,b3243,,sprint,,mobile
1545849248683,enter,e3243,,sprint,,mobile
1545849255646,quit,e3243,,sprint,,mobile
1545849255699,enter,b3593,,sprint,,mobile
1545849270028,respond,q5061,,sprint,d,mobile
1545849272924,submit,b3593,,sprint,,mobile
1545849272977,enter,e3593,,sprint,,mobile
1545849300533,quit,e3593,,sprint,,mobile
1545849300617,enter,b5894,,sprint,,mobile
1545849315556,respond,q8543,,sprint,b,mobile
1545849318252,submit,b5894,,sprint,,mobile
1545849318326,enter,e5894,,sprint,,mobile
1545849325892,quit,e5894,,sprint,,mobile
1545849325946,enter,b3154,,sprint,,mobile
1545849331695,respond,q4622,,sprint,a,mobile
1545849334548,submit,b3154,,sprint,,mobile
1545849334596,enter,e3154,,sprint,,mobile
1545849346912,quit,e3154,,sprint,,mobile
1545849355474,enter,b3925,,sprint,,mobile
1545849363735,respond,q5393,,sprint,d,mobile
1545849366562,submit,b3925,,sprint,,mobile
1545849366612,enter,e3925,,sprint,,mobile
1545849371339,quit,e3925,,sprint,,mobile
1545849371392,enter,b6942,,sprint,,mobile
1545849377875,respond,q9591,,sprint,a,mobile
1545849380727,submit,b6942,,sprint,,mobile
1545849380778,enter,e6942,,sprint,,mobile
1545849387414,quit,e6942,,sprint,,mobile
1545849387458,enter,b7564,,sprint,,mobile
1545849405628,respond,q10213,,sprint,d,mobile
1545849407586,submit,b7564,,sprint,,mobile
1545849407651,enter,e7564,,sprint,,mobile
1545849435236,quit,e7564,,sprint,,mobile
1545849435302,enter,b3067,,sprint,,mobile
1545849458112,respond,q4535,,sprint,a,mobile
1545849459100,respond,q4535,,sprint,d,mobile
1545849459606,respond,q4535,,sprint,c,mobile
1545849462621,submit,b3067,,sprint,,mobile
1545849462681,enter,e3067,,sprint,,mobile
1545849466982,quit,e3067,,sprint,,mobile
1545849467050,enter,b2722,,sprint,,mobile
1545849493162,respond,q4190,,sprint,a,mobile
1545849495124,submit,b2722,,sprint,,mobile
1545849495177,enter,e2722,,sprint,,mobile
1545849499456,quit,e2722,,sprint,,mobile
1545849499515,enter,b3860,,sprint,,mobile
1545849509660,respond,q5328,,sprint,a,mobile
1545849512012,submit,b3860,,sprint,,mobile
1545849512077,enter,e3860,,sprint,,mobile
1545849522296,quit,e3860,,sprint,,mobile
1545849522349,enter,b6848,,sprint,,mobile
1545849530313,respond,q9497,,sprint,b,mobile
1545849533877,submit,b6848,,sprint,,mobile
1545849533926,enter,e6848,,sprint,,mobile
1545849538572,quit,e6848,,sprint,,mobile
1545849538614,enter,b4317,,sprint,,mobile
1545849559590,respond,q5785,,sprint,b,mobile
1545849563748,submit,b4317,,sprint,,mobile
1545849563817,enter,e4317,,sprint,,mobile
1545849569085,quit,e4317,,sprint,,mobile
1545849569154,enter,b6929,,sprint,,mobile
1545849585439,respond,q9578,,sprint,c,mobile
1545849590294,submit,b6929,,sprint,,mobile
1545849590359,enter,e6929,,sprint,,mobile
1545849607608,quit,e6929,,sprint,,mobile
1545849632985,enter,e6942,,my_note,,mobile
1545849637982,quit,e6942,,my_note,,mobile
1545849643133,enter,e6929,,my_note,,mobile
1545849681617,quit,e6929,,my_note,,mobile
1545849687524,enter,b633,,review_quiz,,mobile
1545849688530,play_audio,b633,0,review_quiz,,mobile
1545849690353,pause_audio,b633,2487,review_quiz,,mobile
1545849690354,submit,b633,,review_quiz,,mobile
1545849703779,enter,b3003,,sprint,,mobile
1545849719462,respond,q4471,,sprint,d,mobile
1545849721352,submit,b3003,,sprint,,mobile
1545849721419,enter,e3003,,sprint,,mobile
1545849725844,quit,e3003,,sprint,,mobile
1545849725896,enter,b7025,,sprint,,mobile
1545849739202,respond,q9674,,sprint,c,mobile
1545849741352,submit,b7025,,sprint,,mobile
1545849741406,enter,e7025,,sprint,,mobile
1545849792113,quit,e7025,,sprint,,mobile
1545849792166,enter,b3516,,sprint,,mobile
1545849807088,respond,q4984,,sprint,c,mobile
1545849810510,submit,b3516,,sprint,,mobile
1545849810558,enter,e3516,,sprint,,mobile
1545849815277,quit,e3516,,sprint,,mobile
1545849815323,enter,b3862,,sprint,,mobile
1545849832113,respond,q5330,,sprint,d,mobile
1545849833960,submit,b3862,,sprint,,mobile
1545849834006,enter,e3862,,sprint,,mobile
1545849869674,quit,e3862,,sprint,,mobile
1545849869737,enter,b2708,,sprint,,mobile
1545849873040,respond,q4176,,sprint,c,mobile
1545849873773,respond,q4176,,sprint,d,mobile
1545849876233,submit,b2708,,sprint,,mobile
1545849876290,enter,e2708,,sprint,,mobile
1545849891040,quit,e2708,,sprint,,mobile
1545849891103,enter,b6241,,sprint,,mobile
1545849912627,respond,q8890,,sprint,d,mobile
1545849916992,submit,b6241,,sprint,,mobile
1545849917064,enter,e6241,,sprint,,mobile
1545849935289,quit,e6241,,sprint,,mobile
1545849935348,enter,b2322,,sprint,,mobile
1545849954413,respond,q3790,,sprint,c,mobile
1545849957002,submit,b2322,,sprint,,mobile
1545849957058,enter,e2322,,sprint,,mobile
1545849965168,quit,e2322,,sprint,,mobile
1545849965241,enter,b4717,,sprint,,mobile
1545849978869,respond,q6185,,sprint,a,mobile
1545849980102,respond,q6185,,sprint,d,mobile
1545849981347,respond,q6185,,sprint,a,mobile
1545849984127,submit,b4717,,sprint,,mobile
1545849984183,enter,e4717,,sprint,,mobile
1545850036029,quit,e4717,,sprint,,mobile
1545850036095,enter,b3780,,sprint,,mobile
1545850044333,respond,q5248,,sprint,d,mobile
1545850046458,submit,b3780,,sprint,,mobile
1545850046510,enter,e3780,,sprint,,mobile
1545850075046,quit,e3780,,sprint,,mobile
1545850075103,enter,b6345,,sprint,,mobile
1545850098682,respond,q8994,,sprint,c,mobile
1545850101278,respond,q8994,,sprint,b,mobile
1545850103291,submit,b6345,,sprint,,mobile
1545850103348,enter,e6345,,sprint,,mobile
1545850110987,quit,e6345,,sprint,,mobile
1545850111037,enter,b3868,,sprint,,mobile
1545850116292,respond,q5336,,sprint,b,mobile
1545850121381,submit,b3868,,sprint,,mobile
1545850121426,enter,e3868,,sprint,,mobile
1545850125425,quit,e3868,,sprint,,mobile
1545850125479,enter,b2785,,sprint,,mobile
1545850145218,respond,q4253,,sprint,d,mobile
1545850147959,submit,b2785,,sprint,,mobile
1545850148006,enter,e2785,,sprint,,mobile
1545850157466,quit,e2785,,sprint,,mobile
1545850171007,enter,e2785,,sprint,,mobile
1545850186035,quit,e2785,,sprint,,mobile
1545850212301,enter,b4386,,sprint,,mobile
1545850220117,respond,q5854,,sprint,a,mobile
1545850222251,submit,b4386,,sprint,,mobile
1545850222301,enter,e4386,,sprint,,mobile
1545850284143,quit,e4386,,sprint,,mobile
1545850284217,enter,b6087,,sprint,,mobile
1545850292948,respond,q8736,,sprint,a,mobile
1545850295205,submit,b6087,,sprint,,mobile
1545850295276,enter,e6087,,sprint,,mobile
1545850303403,quit,e6087,,sprint,,mobile
1545850303457,enter,b3579,,sprint,,mobile
1545850334798,respond,q5047,,sprint,b,mobile
1545850336828,submit,b3579,,sprint,,mobile
1545850336897,enter,e3579,,sprint,,mobile
1545850356914,quit,e3579,,sprint,,mobile
1545850356972,enter,b4180,,sprint,,mobile
1545850361520,respond,q5648,,sprint,b,mobile
1545850366523,submit,b4180,,sprint,,mobile
1545850366560,enter,e4180,,sprint,,mobile
1545850396701,quit,e4180,,sprint,,mobile
1545850396756,enter,b3251,,sprint,,mobile
1545850400519,respond,q4719,,sprint,b,mobile
1545850402419,submit,b3251,,sprint,,mobile
1545850402464,enter,e3251,,sprint,,mobile
1545850406226,quit,e3251,,sprint,,mobile
1545850406277,enter,b6828,,sprint,,mobile
1545850425198,respond,q9477,,sprint,b,mobile
1545850427067,submit,b6828,,sprint,,mobile
1545850427131,enter,e6828,,sprint,,mobile
1545850463133,quit,e6828,,sprint,,mobile
1545850463186,enter,b3594,,sprint,,mobile
1545850476490,respond,q5062,,sprint,b,mobile
1545850479125,submit,b3594,,sprint,,mobile
1545850479188,enter,e3594,,sprint,,mobile
1545850509730,quit,e3594,,sprint,,mobile
1545850509775,enter,b4209,,sprint,,mobile
1545850533686,respond,q5677,,sprint,c,mobile
1545850536477,submit,b4209,,sprint,,mobile
1545850536525,enter,e4209,,sprint,,mobile
1545850558160,quit,e4209,,sprint,,mobile
1545850558215,enter,b3010,,sprint,,mobile
1545850563430,respond,q4478,,sprint,b,mobile
1545850566432,submit,b3010,,sprint,,mobile
1545850566484,enter,e3010,,sprint,,mobile
1545850593801,quit,e3010,,sprint,,mobile
1545850593858,enter,b7180,,sprint,,mobile
1545850619378,respond,q9829,,sprint,c,mobile
1545850622185,submit,b7180,,sprint,,mobile
1545850622244,enter,e7180,,sprint,,mobile
1545850638273,quit,e7180,,sprint,,mobile
1545850638323,enter,b3598,,sprint,,mobile
1545850656424,respond,q5066,,sprint,b,mobile
1545850661704,submit,b3598,,sprint,,mobile
1545850661777,enter,e3598,,sprint,,mobile
1545850690536,quit,e3598,,sprint,,mobile
1545850690581,enter,b5147,,sprint,,mobile
1545850704853,respond,q6741,,sprint,b,mobile
1545850706865,submit,b5147,,sprint,,mobile
1545850706911,enter,e5147,,sprint,,mobile
1545850710843,quit,e5147,,sprint,,mobile
1545850710921,enter,b4554,,sprint,,mobile
1545850721474,respond,q6022,,sprint,b,mobile
1545850723479,submit,b4554,,sprint,,mobile
1545850723532,enter,e4554,,sprint,,mobile
1545850727643,quit,e4554,,sprint,,mobile
1545850727701,enter,b6132,,sprint,,mobile
1545850749345,respond,q8781,,sprint,a,mobile
1545850751544,submit,b6132,,sprint,,mobile
1545850751612,enter,e6132,,sprint,,mobile
1545850782729,quit,e6132,,sprint,,mobile
1545850782782,enter,b2306,,sprint,,mobile
1545850798414,respond,q3774,,sprint,d,mobile
1545850800977,submit,b2306,,sprint,,mobile
1545850801038,enter,e2306,,sprint,,mobile
1545850820530,quit,e2306,,sprint,,mobile
1545850840864,enter,b4274,,sprint,,mobile
1545850860191,respond,q5742,,sprint,b,mobile
1545850863719,respond,q5742,,sprint,d,mobile
1545850866251,respond,q5742,,sprint,b,mobile
1545850868508,submit,b4274,,sprint,,mobile
1545850868550,enter,e4274,,sprint,,mobile
1545850872736,quit,e4274,,sprint,,mobile
1545850872782,enter,b3794,,sprint,,mobile
1545850904109,respond,q5262,,sprint,c,mobile
1545850906569,submit,b3794,,sprint,,mobile
1545850906625,enter,e3794,,sprint,,mobile
1545850979454,quit,e3794,,sprint,,mobile
1545850979524,enter,b6754,,sprint,,mobile
1545850985535,respond,q9403,,sprint,b,mobile
1545850987267,respond,q9403,,sprint,d,mobile
1545850996797,respond,q9403,,sprint,b,mobile
1545850999155,submit,b6754,,sprint,,mobile
1545850999211,enter,e6754,,sprint,,mobile
1545851003517,quit,e6754,,sprint,,mobile
1545851003572,enter,b2615,,sprint,,mobile
1545851032498,respond,q4083,,sprint,d,mobile
1545851034691,submit,b2615,,sprint,,mobile
1545851034745,enter,e2615,,sprint,,mobile
1545851052071,quit,e2615,,sprint,,mobile
1545851052133,enter,b3592,,sprint,,mobile
1545851066796,respond,q5060,,sprint,d,mobile
1545851072529,submit,b3592,,sprint,,mobile
1545851072575,enter,e3592,,sprint,,mobile
1545851084724,quit,e3592,,sprint,,mobile
1545851084781,enter,b4214,,sprint,,mobile
1545851111485,respond,q5682,,sprint,d,mobile
1545851113418,submit,b4214,,sprint,,mobile
1545851113509,enter,e4214,,sprint,,mobile
1545851129788,quit,e4214,,sprint,,mobile
1545851129843,enter,b7243,,sprint,,mobile
1545851144570,respond,q9892,,sprint,a,mobile
1545851147485,submit,b7243,,sprint,,mobile
1545851147533,enter,e7243,,sprint,,mobile
1545851152506,quit,e7243,,sprint,,mobile
1545851152557,enter,b2734,,sprint,,mobile
1545851159625,respond,q4202,,sprint,b,mobile
1545851161885,submit,b2734,,sprint,,mobile
1545851161932,enter,e2734,,sprint,,mobile
1545851175794,quit,e2734,,sprint,,mobile
1545874243777,enter,b4861,,sprint,,mobile
1545874272347,respond,q6329,,sprint,c,mobile
1545874275094,submit,b4861,,sprint,,mobile
1545874275147,enter,e4861,,sprint,,mobile
1545874288462,quit,e4861,,sprint,,mobile
1545874288530,enter,b2441,,sprint,,mobile
1545874300765,respond,q3909,,sprint,a,mobile
1545874303143,submit,b2441,,sprint,,mobile
1545874303205,enter,e2441,,sprint,,mobile
1545874307518,quit,e2441,,sprint,,mobile
1545874307579,enter,b6412,,sprint,,mobile
1545874322452,respond,q9061,,sprint,a,mobile
1545874324957,submit,b6412,,sprint,,mobile
1545874325003,enter,e6412,,sprint,,mobile
1545874360149,quit,e6412,,sprint,,mobile
1545874393282,enter,b4272,,sprint,,mobile
1545874400991,respond,q5740,,sprint,c,mobile
1545874403605,submit,b4272,,sprint,,mobile
1545874403668,enter,e4272,,sprint,,mobile
1545874429511,quit,e4272,,sprint,,mobile
1545874429571,enter,b3591,,sprint,,mobile
1545874441449,respond,q5059,,sprint,a,mobile
1545874444336,submit,b3591,,sprint,,mobile
1545874444392,enter,e3591,,sprint,,mobile
1545874449337,quit,e3591,,sprint,,mobile
1545876182272,enter,b2320,,sprint,,mobile
1545876192036,respond,q3788,,sprint,a,mobile
1545876199699,submit,b2320,,sprint,,mobile
1545876199756,enter,e2320,,sprint,,mobile
1545876216191,quit,e2320,,sprint,,mobile
1545876230260,enter,b7133,,sprint,,mobile
1545876249069,respond,q9782,,sprint,b,mobile
1545876253977,submit,b7133,,sprint,,mobile
1545876254031,enter,e7133,,sprint,,mobile
1545876263717,quit,e7133,,sprint,,mobile
1545876263769,enter,b3291,,sprint,,mobile
1545876278949,respond,q4759,,sprint,a,mobile
1545876282272,submit,b3291,,sprint,,mobile
1545876282319,enter,e3291,,sprint,,mobile
1545876288573,quit,e3291,,sprint,,mobile
1545876288633,enter,b2443,,sprint,,mobile
1545876299993,respond,q3911,,sprint,d,mobile
1545876302597,submit,b2443,,sprint,,mobile
1545876302649,enter,e2443,,sprint,,mobile
1545876307731,quit,e2443,,sprint,,mobile
1545876307782,enter,b4302,,sprint,,mobile
1545876323140,respond,q5770,,sprint,b,mobile
1545876327444,submit,b4302,,sprint,,mobile
1545876327481,enter,e4302,,sprint,,mobile
1545876353710,quit,e4302,,sprint,,mobile
1545876353774,enter,b5850,,sprint,,mobile
1545876367548,respond,q8499,,sprint,c,mobile
1545876388125,submit,b5850,,sprint,,mobile
1545876388189,enter,e5850,,sprint,,mobile
1545876395599,quit,e5850,,sprint,,mobile
1545876395653,enter,b4497,,sprint,,mobile
1545876401876,respond,q5965,,sprint,a,mobile
1545876405793,submit,b4497,,sprint,,mobile
1545876405831,enter,e4497,,sprint,,mobile
1545876412183,quit,e4497,,sprint,,mobile
1545876412248,enter,b2579,,sprint,,mobile
1545876433249,respond,q4047,,sprint,c,mobile
1545876436100,submit,b2579,,sprint,,mobile
1545876436146,enter,e2579,,sprint,,mobile
1545876453245,quit,e2579,,sprint,,mobile
1545876453317,enter,b4164,,sprint,,mobile
1545876470268,respond,q5632,,sprint,c,mobile
1545876472248,respond,q5632,,sprint,d,mobile
1545876477758,submit,b4164,,sprint,,mobile
1545876477813,enter,e4164,,sprint,,mobile
1545876500038,quit,e4164,,sprint,,mobile
1545876500104,enter,b7173,,sprint,,mobile
1545876504053,respond,q9822,,sprint,d,mobile
1545876506187,submit,b7173,,sprint,,mobile
1545876506249,enter,e7173,,sprint,,mobile
1545876510284,quit,e7173,,sprint,,mobile
1545876510339,enter,b2978,,sprint,,mobile
1545876519661,respond,q4446,,sprint,a,mobile
1545876525487,submit,b2978,,sprint,,mobile
1545876525538,enter,e2978,,sprint,,mobile
1545876531607,quit,e2978,,sprint,,mobile
1545876797958,enter,b2444,,sprint,,mobile
1545876825658,respond,q3912,,sprint,a,mobile
1545876835719,submit,b2444,,sprint,,mobile
1545876835793,enter,e2444,,sprint,,mobile
1545876858762,quit,e2444,,sprint,,mobile
1545876858817,enter,b4785,,sprint,,mobile
1545876868330,respond,q6253,,sprint,c,mobile
1545876873179,submit,b4785,,sprint,,mobile
1545876873225,enter,e4785,,sprint,,mobile
1545876878000,quit,e4785,,sprint,,mobile
1545876878052,enter,b6403,,sprint,,mobile
1545876901664,respond,q9052,,sprint,c,mobile
1545876904597,submit,b6403,,sprint,,mobile
1545876904652,enter,e6403,,sprint,,mobile
1545876921734,quit,e6403,,sprint,,mobile
1545876921798,enter,b3600,,sprint,,mobile
1545876926719,respond,q5068,,sprint,c,mobile
1545876930495,submit,b3600,,sprint,,mobile
1545876930549,enter,e3600,,sprint,,mobile
1545876943841,quit,e3600,,sprint,,mobile
1545876943904,enter,b2566,,sprint,,mobile
1545876948328,respond,q4034,,sprint,d,mobile
1545876950669,submit,b2566,,sprint,,mobile
1545876950717,enter,e2566,,sprint,,mobile
1545876956264,quit,e2566,,sprint,,mobile
1545876956327,enter,b2804,,sprint,,mobile
1545876977314,respond,q4272,,sprint,b,mobile
1545876982032,submit,b2804,,sprint,,mobile
1545876982079,enter,e2804,,sprint,,mobile
1545877023200,quit,e2804,,sprint,,mobile
1545877023264,enter,b6531,,sprint,,mobile
1545877042920,respond,q9180,,sprint,b,mobile
1545877050249,submit,b6531,,sprint,,mobile
1545877050298,enter,e6531,,sprint,,mobile
1545877064360,quit,e6531,,sprint,,mobile
1545877064410,enter,b3770,,sprint,,mobile
1545877086665,respond,q5238,,sprint,d,mobile
1545877090276,submit,b3770,,sprint,,mobile
1545877090323,enter,e3770,,sprint,,mobile
1545877095649,quit,e3770,,sprint,,mobile
1545877250094,enter,b3774,,sprint,,mobile
1545877270403,respond,q5242,,sprint,c,mobile
1545877273171,submit,b3774,,sprint,,mobile
1545877273212,enter,e3774,,sprint,,mobile
1545877284761,quit,e3774,,sprint,,mobile
1545877284812,enter,b5026,,sprint,,mobile
1545877303186,respond,q6494,,sprint,c,mobile
1545877305734,respond,q6494,,sprint,b,mobile
1545877309198,submit,b5026,,sprint,,mobile
1545877309243,enter,e5026,,sprint,,mobile
1545877321004,quit,e5026,,sprint,,mobile
1545877321062,enter,b7452,,sprint,,mobile
1545877335761,respond,q10101,,sprint,c,mobile
1545877337696,submit,b7452,,sprint,,mobile
1545877337736,enter,e7452,,sprint,,mobile
1545877343918,quit,e7452,,sprint,,mobile
1545877343966,enter,b3605,,sprint,,mobile
1545877349655,respond,q5073,,sprint,a,mobile
1545877352943,submit,b3605,,sprint,,mobile
1545877352989,enter,e3605,,sprint,,mobile
1545877388977,quit,e3605,,sprint,,mobile
1545877389028,enter,b3789,,sprint,,mobile
1545877403375,respond,q5257,,sprint,c,mobile
1545877406490,submit,b3789,,sprint,,mobile
1545877406536,enter,e3789,,sprint,,mobile
1545877428726,quit,e3789,,sprint,,mobile
1545877428788,enter,b3123,,sprint,,mobile
1545877437872,respond,q4591,,sprint,a,mobile
1545877440823,submit,b3123,,sprint,,mobile
1545877440867,enter,e3123,,sprint,,mobile
1545877456253,quit,e3123,,sprint,,mobile
1545877456314,enter,b6410,,sprint,,mobile
1545877462050,respond,q9059,,sprint,b,mobile
1545877482874,submit,b6410,,sprint,,mobile
1545877482916,enter,e6410,,sprint,,mobile
1545877496706,quit,e6410,,sprint,,mobile
1545877496763,enter,b2569,,sprint,,mobile
1545877505092,respond,q4037,,sprint,d,mobile
1545877508474,submit,b2569,,sprint,,mobile
1545877508524,enter,e2569,,sprint,,mobile
1545877518621,quit,e2569,,sprint,,mobile
1545877518675,enter,b2568,,sprint,,mobile
1545877560254,respond,q4036,,sprint,a,mobile
1545877563669,submit,b2568,,sprint,,mobile
1545877563728,enter,e2568,,sprint,,mobile
1545877585694,quit,e2568,,sprint,,mobile
1545877585749,enter,b3854,,sprint,,mobile
1545877595091,respond,q5322,,sprint,c,mobile
1545877597692,submit,b3854,,sprint,,mobile
1545877597738,enter,e3854,,sprint,,mobile
1545877618866,quit,e3854,,sprint,,mobile
1545877618921,enter,b5958,,sprint,,mobile
1545877628406,respond,q8607,,sprint,c,mobile
1545877634147,submit,b5958,,sprint,,mobile
1545877634192,enter,e5958,,sprint,,mobile
1545877646559,quit,e5958,,sprint,,mobile
1545877658454,enter,b4715,,sprint,,mobile
1545877665279,respond,q6183,,sprint,b,mobile
1545877667970,submit,b4715,,sprint,,mobile
1545877668017,enter,e4715,,sprint,,mobile
1545877677891,quit,e4715,,sprint,,mobile
1545878435615,enter,b2848,,sprint,,mobile
1545878443252,respond,q4316,,sprint,a,mobile
1545878445670,submit,b2848,,sprint,,mobile
1545878445733,enter,e2848,,sprint,,mobile
1545878467465,quit,e2848,,sprint,,mobile
1545878467516,enter,b4673,,sprint,,mobile
1545878478839,respond,q6141,,sprint,d,mobile
1545878481356,submit,b4673,,sprint,,mobile
1545878481406,enter,e4673,,sprint,,mobile
1545878523386,quit,e4673,,sprint,,mobile
1545878523455,enter,b6901,,sprint,,mobile
1545878525709,respond,q9550,,sprint,a,mobile
1545878528085,submit,b6901,,sprint,,mobile
1545878528131,enter,e6901,,sprint,,mobile
1545878533048,quit,e6901,,sprint,,mobile
1545886076460,enter,b5059,,sprint,,mobile
1545886089898,respond,q6527,,sprint,d,mobile
1545886092088,submit,b5059,,sprint,,mobile
1545886092165,enter,e5059,,sprint,,mobile
1545886098899,quit,e5059,,sprint,,mobile
1545886099020,enter,b2962,,sprint,,mobile
1545886112185,respond,q4430,,sprint,c,mobile
1545886114428,submit,b2962,,sprint,,mobile
1545886114484,enter,e2962,,sprint,,mobile
1545886131531,quit,e2962,,sprint,,mobile
1545886131589,enter,b4269,,sprint,,mobile
1545886146200,respond,q5737,,sprint,c,mobile
1545886155783,respond,q5737,,sprint,b,mobile
1545886172719,submit,b4269,,sprint,,mobile
1545886172770,enter,e4269,,sprint,,mobile
1545886179820,quit,e4269,,sprint,,mobile
1545886179881,enter,b5914,,sprint,,mobile
1545886205271,respond,q8563,,sprint,d,mobile
1545886208162,submit,b5914,,sprint,,mobile
1545886208230,enter,e5914,,sprint,,mobile
1545886231605,quit,e5914,,sprint,,mobile
1545886231657,enter,b6959,,sprint,,mobile
1545886236532,respond,q9608,,sprint,b,mobile
1545886240831,submit,b6959,,sprint,,mobile
1545886240879,enter,e6959,,sprint,,mobile
1545886248992,quit,e6959,,sprint,,mobile
1545886249066,enter,b2814,,sprint,,mobile
1545886259256,respond,q4282,,sprint,c,mobile
1545886261561,submit,b2814,,sprint,,mobile
1545886261598,enter,e2814,,sprint,,mobile
1545886270887,quit,e2814,,sprint,,mobile
1545886270940,enter,b4984,,sprint,,mobile
1545886297366,respond,q6452,,sprint,c,mobile
1545886301299,submit,b4984,,sprint,,mobile
1545886301350,enter,e4984,,sprint,,mobile
1545886317239,quit,e4984,,sprint,,mobile
1545886317284,enter,b7281,,sprint,,mobile
1545886459318,respond,q9930,,sprint,a,mobile
1545886461920,submit,b7281,,sprint,,mobile
1545886461966,enter,e7281,,sprint,,mobile
1545886596440,quit,e7281,,sprint,,mobile
1545886771752,enter,b4162,,sprint,,mobile
1545886796172,respond,q5630,,sprint,c,mobile
1545886796716,respond,q5630,,sprint,d,mobile
1545886799394,submit,b4162,,sprint,,mobile
1545886799441,enter,e4162,,sprint,,mobile
1545886827890,quit,e4162,,sprint,,mobile
1545886827947,enter,b3264,,sprint,,mobile
1545886853858,respond,q4732,,sprint,d,mobile
1545886857156,submit,b3264,,sprint,,mobile
1545886857204,enter,e3264,,sprint,,mobile
1545886888414,quit,e3264,,sprint,,mobile
1545893679705,enter,b4674,,sprint,,mobile
1545893698063,respond,q6142,,sprint,a,mobile
1545893701173,submit,b4674,,sprint,,mobile
1545893701210,enter,e4674,,sprint,,mobile
1545893720012,quit,e4674,,sprint,,mobile
1545893720069,enter,b6366,,sprint,,mobile
1545893738610,respond,q9015,,sprint,d,mobile
1545893739565,respond,q9015,,sprint,c,mobile
1545893741835,submit,b6366,,sprint,,mobile
1545893741887,enter,e6366,,sprint,,mobile
1545893744023,quit,e6366,,sprint,,mobile
1545895926407,enter,b2942,,sprint,,mobile
1545895935839,respond,q4410,,sprint,b,mobile
1545895939559,submit,b2942,,sprint,,mobile
1545895939613,enter,e2942,,sprint,,mobile
1545895944094,quit,e2942,,sprint,,mobile
1545895950762,enter,e4674,,sprint,,mobile
1545895956884,quit,e4674,,sprint,,mobile
1545967662698,enter,b2310,,sprint,,mobile
1545967671752,respond,q3778,,sprint,c,mobile
1545967674600,submit,b2310,,sprint,,mobile
1545967674658,enter,e2310,,sprint,,mobile
1545967679143,quit,e2310,,sprint,,mobile
1545967679194,enter,b7587,,sprint,,mobile
1545967694840,respond,q10236,,sprint,b,mobile
1545967696923,submit,b7587,,sprint,,mobile
1545967696968,enter,e7587,,sprint,,mobile
1545967772554,quit,e7587,,sprint,,mobile
1545967772620,enter,b3418,,sprint,,mobile
1545967777729,respond,q4886,,sprint,d,mobile
1545967780114,submit,b3418,,sprint,,mobile
1545967780168,enter,e3418,,sprint,,mobile
1545967784617,quit,e3418,,sprint,,mobile
1545967784676,enter,b3983,,sprint,,mobile
1545967806969,respond,q5451,,sprint,b,mobile
1545967809917,submit,b3983,,sprint,,mobile
1545967809959,enter,e3983,,sprint,,mobile
1545967827936,quit,e3983,,sprint,,mobile
1545967827980,enter,b4700,,sprint,,mobile
1545967846469,respond,q6168,,sprint,c,mobile
1545967847681,respond,q6168,,sprint,a,mobile
1545967849974,submit,b4700,,sprint,,mobile
1545967850031,enter,e4700,,sprint,,mobile
1545967887482,quit,e4700,,sprint,,mobile
1545967887566,enter,b7171,,sprint,,mobile
1545967900414,respond,q9820,,sprint,c,mobile
1545967903306,submit,b7171,,sprint,,mobile
1545967903363,enter,e7171,,sprint,,mobile
1545967925782,quit,e7171,,sprint,,mobile
1545967925840,enter,b4239,,sprint,,mobile
1545967941951,respond,q5707,,sprint,c,mobile
1545967944997,submit,b4239,,sprint,,mobile
1545967945055,enter,e4239,,sprint,,mobile
1545967947898,quit,e4239,,sprint,,mobile
1545967995203,enter,b6957,,sprint,,mobile
1545968003745,erase_choice,q9606,,sprint,b,mobile
1545968017302,erase_choice,q9606,,sprint,a,mobile
1545968021734,respond,q9606,,sprint,a,mobile
1545968024356,submit,b6957,,sprint,,mobile
1545968024397,enter,e6957,,sprint,,mobile
1545968075036,quit,e6957,,sprint,,mobile
1545968075084,enter,b2430,,sprint,,mobile
1545968086343,respond,q3898,,sprint,c,mobile
1545968086907,respond,q3898,,sprint,b,mobile
1545968089221,submit,b2430,,sprint,,mobile
1545968089273,enter,e2430,,sprint,,mobile
1545968098575,quit,e2430,,sprint,,mobile
1545968098629,enter,b6305,,sprint,,mobile
1545968112850,respond,q8954,,sprint,c,mobile
1545968116413,submit,b6305,,sprint,,mobile
1545968116467,enter,e6305,,sprint,,mobile
1545968143504,quit,e6305,,sprint,,mobile
1545968158251,enter,b7399,,sprint,,mobile
1545968172596,respond,q10048,,sprint,a,mobile
1545968175856,submit,b7399,,sprint,,mobile
1545968175921,enter,e7399,,sprint,,mobile
1545968177800,quit,e7399,,sprint,,mobile
1545968334423,enter,b4130,,sprint,,mobile
1545968346547,respond,q5598,,sprint,a,mobile
1545968348960,submit,b4130,,sprint,,mobile
1545968349016,enter,e4130,,sprint,,mobile
1545968354364,quit,e4130,,sprint,,mobile
1545968354423,enter,b3031,,sprint,,mobile
1545968375663,respond,q4499,,sprint,c,mobile
1545968378242,submit,b3031,,sprint,,mobile
1545968378287,enter,e3031,,sprint,,mobile
1545968408206,quit,e3031,,sprint,,mobile
1545968408261,enter,b7293,,sprint,,mobile
1545968416539,respond,q9942,,sprint,a,mobile
1545968419502,submit,b7293,,sprint,,mobile
1545968419552,enter,e7293,,sprint,,mobile
1545968445117,quit,e7293,,sprint,,mobile
1545968445172,enter,b6019,,sprint,,mobile
1545968460073,respond,q8668,,sprint,d,mobile
1545968464682,submit,b6019,,sprint,,mobile
1545968464742,enter,e6019,,sprint,,mobile
1545968478980,quit,e6019,,sprint,,mobile
1545968479041,enter,b3083,,sprint,,mobile
1545968488295,respond,q4551,,sprint,a,mobile
1545968489693,respond,q4551,,sprint,b,mobile
1545968493271,submit,b3083,,sprint,,mobile
1545968493323,enter,e3083,,sprint,,mobile
1545968506416,quit,e3083,,sprint,,mobile
1545968506475,enter,b5146,,sprint,,mobile
1545968529603,respond,q6740,,sprint,b,mobile
1545968533480,submit,b5146,,sprint,,mobile
1545968533534,enter,e5146,,sprint,,mobile
1545968557561,quit,e5146,,sprint,,mobile
1545968557621,enter,b6874,,sprint,,mobile
1545968568339,respond,q9523,,sprint,b,mobile
1545968571087,submit,b6874,,sprint,,mobile
1545968571137,enter,e6874,,sprint,,mobile
1545968580376,quit,e6874,,sprint,,mobile
1545968580436,enter,b3044,,sprint,,mobile
1545968594528,respond,q4512,,sprint,b,mobile
1545968610090,respond,q4512,,sprint,c,mobile
1545968612491,respond,q4512,,sprint,a,mobile
1545968615187,submit,b3044,,sprint,,mobile
1545968615246,enter,e3044,,sprint,,mobile
1545968629127,quit,e3044,,sprint,,mobile
1545968629175,enter,b4692,,sprint,,mobile
1545968632820,respond,q6160,,sprint,a,mobile
1545968636501,submit,b4692,,sprint,,mobile
1545968636541,enter,e4692,,sprint,,mobile
1545968640176,quit,e4692,,sprint,,mobile
1546088416865,enter,b5765,,sprint,,mobile
1546088450789,respond,q8414,,sprint,a,mobile
1546088454482,respond,q8414,,sprint,c,mobile
1546088461253,respond,q8414,,sprint,a,mobile
1546088463548,submit,b5765,,sprint,,mobile
1546088463602,enter,e5765,,sprint,,mobile
1546088470891,quit,e5765,,sprint,,mobile
1546088470947,enter,b6906,,sprint,,mobile
1546088486209,respond,q9555,,sprint,d,mobile
1546088492425,respond,q9555,,sprint,b,mobile
1546088498342,respond,q9555,,sprint,d,mobile
1546088502142,submit,b6906,,sprint,,mobile
1546088502193,enter,e6906,,sprint,,mobile
1546088509072,quit,e6906,,sprint,,mobile
1546088509126,enter,b4721,,sprint,,mobile
1546088533502,respond,q6189,,sprint,d,mobile
1546088536845,submit,b4721,,sprint,,mobile
1546088536901,enter,e4721,,sprint,,mobile
1546088547178,quit,e4721,,sprint,,mobile
1546088547230,enter,b2744,,sprint,,mobile
1546088559140,respond,q4212,,sprint,a,mobile
1546088575159,respond,q4212,,sprint,b,mobile
1546088577710,submit,b2744,,sprint,,mobile
1546088577764,enter,e2744,,sprint,,mobile
1546088585915,quit,e2744,,sprint,,mobile
1546088585969,enter,b4617,,sprint,,mobile
1546088601931,respond,q6085,,sprint,d,mobile
1546088604204,submit,b4617,,sprint,,mobile
1546088604250,enter,e4617,,sprint,,mobile
1546088642662,quit,e4617,,sprint,,mobile
1546088642716,enter,b7543,,sprint,,mobile
1546088653166,respond,q10192,,sprint,c,mobile
1546088655715,submit,b7543,,sprint,,mobile
1546088655756,enter,e7543,,sprint,,mobile
1546088660478,quit,e7543,,sprint,,mobile
1546088660531,enter,b3534,,sprint,,mobile
1546088669965,respond,q5002,,sprint,d,mobile
1546088670279,respond,q5002,,sprint,b,mobile
1546088672735,submit,b3534,,sprint,,mobile
1546088672789,enter,e3534,,sprint,,mobile
1546088677587,quit,e3534,,sprint,,mobile
1546088677643,enter,b2308,,sprint,,mobile
1546088684565,respond,q3776,,sprint,d,mobile
1546088687150,submit,b2308,,sprint,,mobile
1546088687197,enter,e2308,,sprint,,mobile
1546088702670,quit,e2308,,sprint,,mobile
1546088702725,enter,b4048,,sprint,,mobile
1546088710636,respond,q5516,,sprint,a,mobile
1546088713698,submit,b4048,,sprint,,mobile
1546088713758,enter,e4048,,sprint,,mobile
1546088720313,quit,e4048,,sprint,,mobile
1546088720363,enter,b7051,,sprint,,mobile
1546088744638,respond,q9700,,sprint,a,mobile
1546088747256,submit,b7051,,sprint,,mobile
1546088747293,enter,e7051,,sprint,,mobile
1546088762724,quit,e7051,,sprint,,mobile
1546265623670,enter,b4939,,sprint,,mobile
1546265643694,respond,q6407,,sprint,d,mobile
1546265646404,submit,b4939,,sprint,,mobile
1546265646459,enter,e4939,,sprint,,mobile
1546265655484,quit,e4939,,sprint,,mobile
1546265655542,enter,b3008,,sprint,,mobile
1546265660291,respond,q4476,,sprint,c,mobile
1546265662275,submit,b3008,,sprint,,mobile
1546265662319,enter,e3008,,sprint,,mobile
1546265745261,quit,e3008,,sprint,,mobile
1546265745320,enter,b6742,,sprint,,mobile
1546265749719,respond,q9391,,sprint,a,mobile
1546265752188,submit,b6742,,sprint,,mobile
1546265752234,enter,e6742,,sprint,,mobile
1546265756927,quit,e6742,,sprint,,mobile
1546265756977,enter,b3717,,sprint,,mobile
1546265760977,respond,q5185,,sprint,b,mobile
1546265764048,submit,b3717,,sprint,,mobile
1546265764093,enter,e3717,,sprint,,mobile
1546265769330,quit,e3717,,sprint,,mobile
1546265769380,enter,b4922,,sprint,,mobile
1546265787873,respond,q6390,,sprint,a,mobile
1546265790476,submit,b4922,,sprint,,mobile
1546265790538,enter,e4922,,sprint,,mobile
1546265801834,quit,e4922,,sprint,,mobile
1546265801885,enter,b4063,,sprint,,mobile
1546265818299,respond,q5531,,sprint,b,mobile
1546265823172,respond,q5531,,sprint,d,mobile
1546265828082,respond,q5531,,sprint,a,mobile
1546265829627,respond,q5531,,sprint,b,mobile
1546265831194,respond,q5531,,sprint,a,mobile
1546265833086,submit,b4063,,sprint,,mobile
1546265833137,enter,e4063,,sprint,,mobile
1546265865615,quit,e4063,,sprint,,mobile
1546266031355,enter,b6703,,sprint,,mobile
1546266057175,respond,q9352,,sprint,a,mobile
1546266062852,respond,q9352,,sprint,d,mobile
1546266064849,submit,b6703,,sprint,,mobile
1546266064898,enter,e6703,,sprint,,mobile
1546266099800,quit,e6703,,sprint,,mobile
1546266099851,enter,b6017,,sprint,,mobile
1546266119925,respond,q8666,,sprint,b,mobile
1546266123564,submit,b6017,,sprint,,mobile
1546266123611,enter,e6017,,sprint,,mobile
1546266126146,quit,e6017,,sprint,,mobile
1546309490242,enter,e6017,,sprint,,mobile
1546309496055,quit,e6017,,sprint,,mobile
1546309496102,enter,b2219,,sprint,,mobile
1546309519518,respond,q3687,,sprint,c,mobile
1546309521481,submit,b2219,,sprint,,mobile
1546309521553,enter,e2219,,sprint,,mobile
1546309530405,quit,e2219,,sprint,,mobile
1546309530464,enter,b2845,,sprint,,mobile
1546309535643,respond,q4313,,sprint,b,mobile
1546309537760,submit,b2845,,sprint,,mobile
1546309537801,enter,e2845,,sprint,,mobile
1546309546208,quit,e2845,,sprint,,mobile
1546309667659,enter,b6289,,sprint,,mobile
1546309682079,respond,q8938,,sprint,c,mobile
1546309684668,submit,b6289,,sprint,,mobile
1546309684726,enter,e6289,,sprint,,mobile
1546309699311,quit,e6289,,sprint,,mobile
1546309699366,enter,b3296,,sprint,,mobile
1546309717860,respond,q4764,,sprint,a,mobile
1546309719808,respond,q4764,,sprint,c,mobile
1546309722355,submit,b3296,,sprint,,mobile
1546309722407,enter,e3296,,sprint,,mobile
1546309728421,quit,e3296,,sprint,,mobile
1546309728470,enter,b2961,,sprint,,mobile
1546309741343,respond,q4429,,sprint,b,mobile
1546309745212,submit,b2961,,sprint,,mobile
1546309745262,enter,e2961,,sprint,,mobile
1546309773537,quit,e2961,,sprint,,mobile
1546309884382,enter,b2287,,sprint,,mobile
1546309892577,respond,q3755,,sprint,c,mobile
1546309896386,submit,b2287,,sprint,,mobile
1546309896437,enter,e2287,,sprint,,mobile
1546309901896,quit,e2287,,sprint,,mobile
1546309901949,enter,b7327,,sprint,,mobile
1546309915577,respond,q9976,,sprint,d,mobile
1546309919773,submit,b7327,,sprint,,mobile
1546309919826,enter,e7327,,sprint,,mobile
1546309984765,quit,e7327,,sprint,,mobile
1546309984819,enter,b2742,,sprint,,mobile
1546310003419,respond,q4210,,sprint,d,mobile
1546310006154,submit,b2742,,sprint,,mobile
1546310006203,enter,e2742,,sprint,,mobile
1546310041390,quit,e2742,,sprint,,mobile
1546310041457,enter,b3603,,sprint,,mobile
1546310046713,respond,q5071,,sprint,a,mobile
1546310053109,submit,b3603,,sprint,,mobile
1546310053159,enter,e3603,,sprint,,mobile
1546310322255,quit,e3603,,sprint,,mobile
1546419338805,enter,b3927,,sprint,,mobile
1546419348462,respond,q5395,,sprint,a,mobile
1546419351244,submit,b3927,,sprint,,mobile
1546419351305,enter,e3927,,sprint,,mobile
1546419364119,quit,e3927,,sprint,,mobile
1546419364178,enter,b3572,,sprint,,mobile
1546419376308,respond,q5040,,sprint,d,mobile
1546419378768,submit,b3572,,sprint,,mobile
1546419378827,enter,e3572,,sprint,,mobile
1546419392930,quit,e3572,,sprint,,mobile
1546419392996,enter,b2996,,sprint,,mobile
1546419403385,respond,q4464,,sprint,c,mobile
1546419406535,submit,b2996,,sprint,,mobile
1546419406585,enter,e2996,,sprint,,mobile
1546419420755,quit,e2996,,sprint,,mobile
1546419420813,enter,b6467,,sprint,,mobile
1546419449599,respond,q9116,,sprint,a,mobile
1546419451847,submit,b6467,,sprint,,mobile
1546419451897,enter,e6467,,sprint,,mobile
1546419461224,quit,e6467,,sprint,,mobile
1546419461276,enter,b2850,,sprint,,mobile
1546419480420,respond,q4318,,sprint,b,mobile
1546419482789,submit,b2850,,sprint,,mobile
1546419482832,enter,e2850,,sprint,,mobile
1546419501847,quit,e2850,,sprint,,mobile
1546419501911,enter,b2453,,sprint,,mobile
1546419511865,respond,q3921,,sprint,a,mobile
1546419514495,submit,b2453,,sprint,,mobile
1546419514547,enter,e2453,,sprint,,mobile
1546419518783,quit,e2453,,sprint,,mobile
1546419518832,enter,b4184,,sprint,,mobile
1546419531614,respond,q5652,,sprint,d,mobile
1546419533368,submit,b4184,,sprint,,mobile
1546419533414,enter,e4184,,sprint,,mobile
1546419541359,quit,e4184,,sprint,,mobile
1546419541418,enter,b6892,,sprint,,mobile
1546419560931,respond,q9541,,sprint,b,mobile
1546419567278,submit,b6892,,sprint,,mobile
1546419567365,enter,e6892,,sprint,,mobile
1546419572169,quit,e6892,,sprint,,mobile
1546419572233,enter,b3042,,sprint,,mobile
1546419592145,respond,q4510,,sprint,a,mobile
1546419596570,submit,b3042,,sprint,,mobile
1546419596635,enter,e3042,,sprint,,mobile
1546419602948,quit,e3042,,sprint,,mobile
1546419603004,enter,b4726,,sprint,,mobile
1546419623274,respond,q6194,,sprint,d,mobile
1546419626674,submit,b4726,,sprint,,mobile
1546419626704,enter,e4726,,sprint,,mobile
1546419643892,quit,e4726,,sprint,,mobile
1546481583764,enter,b3200,,sprint,,mobile
1546481588996,respond,q4668,,sprint,a,mobile
1546481592133,submit,b3200,,sprint,,mobile
1546481592199,enter,e3200,,sprint,,mobile
1546481593946,quit,e3200,,sprint,,mobile
1546481683286,enter,b7442,,sprint,,mobile
1546481693597,erase_choice,q10091,,sprint,c,mobile
1546481698375,respond,q10091,,sprint,a,mobile
1546481700752,submit,b7442,,sprint,,mobile
1546481700802,enter,e7442,,sprint,,mobile
1546481706783,quit,e7442,,sprint,,mobile
1546487691500,enter,b6969,,sprint,,mobile
1546487695615,respond,q9618,,sprint,d,mobile
1546487699634,submit,b6969,,sprint,,mobile
1546487699698,enter,e6969,,sprint,,mobile
1546487719409,quit,e6969,,sprint,,mobile
1546487719467,enter,b3301,,sprint,,mobile
1546487726553,respond,q4769,,sprint,a,mobile
1546487729004,submit,b3301,,sprint,,mobile
1546487729066,enter,e3301,,sprint,,mobile
1546487737724,quit,e3301,,sprint,,mobile
1546492007455,enter,e3301,,sprint,,mobile
1546492012726,quit,e3301,,sprint,,mobile
1546492012776,enter,b2972,,sprint,,mobile
1546492020996,respond,q4440,,sprint,d,mobile
1546492025082,submit,b2972,,sprint,,mobile
1546492025134,enter,e2972,,sprint,,mobile
1546492059135,quit,e2972,,sprint,,mobile
1546492848495,enter,b6327,,sprint,,mobile
1546492861703,respond,q8976,,sprint,c,mobile
1546492864709,submit,b6327,,sprint,,mobile
1546492864759,enter,e6327,,sprint,,mobile
1546492871742,quit,e6327,,sprint,,mobile
1546492871799,enter,b2442,,sprint,,mobile
1546492893676,respond,q3910,,sprint,b,mobile
1546492896101,submit,b2442,,sprint,,mobile
1546492896154,enter,e2442,,sprint,,mobile
1546492904749,quit,e2442,,sprint,,mobile
1546492904808,enter,b3871,,sprint,,mobile
1546492909630,respond,q5339,,sprint,b,mobile
1546492912257,submit,b3871,,sprint,,mobile
1546492912319,enter,e3871,,sprint,,mobile
1546492919407,quit,e3871,,sprint,,mobile
1546492919461,enter,b2559,,sprint,,mobile
1546492927369,respond,q4027,,sprint,c,mobile
1546492928134,respond,q4027,,sprint,a,mobile
1546492931460,submit,b2559,,sprint,,mobile
1546492931509,enter,e2559,,sprint,,mobile
1546492937715,quit,e2559,,sprint,,mobile
1546492937776,enter,b6519,,sprint,,mobile
1546492944421,respond,q9168,,sprint,a,mobile
1546492947791,submit,b6519,,sprint,,mobile
1546492947845,enter,e6519,,sprint,,mobile
1546492957935,quit,e6519,,sprint,,mobile
1546493384589,enter,b4546,,sprint,,mobile
1546493397124,respond,q6014,,sprint,a,mobile
1546493398436,respond,q6014,,sprint,d,mobile
1546493399818,respond,q6014,,sprint,a,mobile
1546493401317,respond,q6014,,sprint,d,mobile
1546493401857,respond,q6014,,sprint,a,mobile
1546493402379,respond,q6014,,sprint,d,mobile
1546493404893,respond,q6014,,sprint,a,mobile
1546493407150,submit,b4546,,sprint,,mobile
1546493407201,enter,e4546,,sprint,,mobile
1546493444731,quit,e4546,,sprint,,mobile
1546493444773,enter,b4790,,sprint,,mobile
1546493463110,respond,q6258,,sprint,d,mobile
1546493472452,respond,q6258,,sprint,b,mobile
1546493474362,submit,b4790,,sprint,,mobile
1546493474416,enter,e4790,,sprint,,mobile
1546493478266,quit,e4790,,sprint,,mobile
1546503107447,enter,e4790,,sprint,,mobile
1546503119477,quit,e4790,,sprint,,mobile
1546504019784,enter,b3021,,sprint,,mobile
1546504025777,respond,q4489,,sprint,d,mobile
1546504031565,submit,b3021,,sprint,,mobile
1546504031629,enter,e3021,,sprint,,mobile
1546504035453,quit,e3021,,sprint,,mobile
1546504047216,enter,e3021,,sprint,,mobile
1546504084929,quit,e3021,,sprint,,mobile
1546504084973,enter,b7635,,sprint,,mobile
1546504092256,respond,q10284,,sprint,b,mobile
1546504107067,submit,b7635,,sprint,,mobile
1546504107117,enter,e7635,,sprint,,mobile
1546504118625,quit,e7635,,sprint,,mobile
1546504354385,enter,e7635,,sprint,,mobile
1546504359976,quit,e7635,,sprint,,mobile
1546504360037,enter,b2350,,sprint,,mobile
1546504368368,respond,q3818,,sprint,a,mobile
1546504369418,respond,q3818,,sprint,d,mobile
1546504372101,respond,q3818,,sprint,a,mobile
1546504379655,respond,q3818,,sprint,d,mobile
1546504382275,submit,b2350,,sprint,,mobile
1546504382336,enter,e2350,,sprint,,mobile
1546504392182,quit,e2350,,sprint,,mobile
1546504392232,enter,b5837,,sprint,,mobile
1546504401907,respond,q8486,,sprint,c,mobile
1546504405303,submit,b5837,,sprint,,mobile
1546504405347,enter,e5837,,sprint,,mobile
1546504414688,quit,e5837,,sprint,,mobile
1546506175917,enter,b4280,,sprint,,mobile
1546506217634,respond,q5748,,sprint,d,mobile
1546506218368,respond,q5748,,sprint,b,mobile
1546506221558,submit,b4280,,sprint,,mobile
1546506221604,enter,e4280,,sprint,,mobile
1546506224456,quit,e4280,,sprint,,mobile
1546506712659,enter,b7670,,sprint,,mobile
1546506719864,respond,q10319,,sprint,b,mobile
1546506724410,submit,b7670,,sprint,,mobile
1546506724480,enter,e7670,,sprint,,mobile
1546506731124,quit,e7670,,sprint,,mobile
1546648804456,enter,e7670,,sprint,,mobile
1546648811386,quit,e7670,,sprint,,mobile
1546648811447,enter,b3392,,sprint,,mobile
1546648822228,respond,q4860,,sprint,d,mobile
1546648824596,submit,b3392,,sprint,,mobile
1546648824651,enter,e3392,,sprint,,mobile
1546648831065,quit,e3392,,sprint,,mobile
1546648831115,enter,b4313,,sprint,,mobile
1546648840525,respond,q5781,,sprint,a,mobile
1546648842821,submit,b4313,,sprint,,mobile
1546648842867,enter,e4313,,sprint,,mobile
1546648854349,quit,e4313,,sprint,,mobile
1546678985512,enter,b4997,,sprint,,mobile
1546678990517,respond,q6465,,sprint,b,mobile
1546678993609,submit,b4997,,sprint,,mobile
1546678993676,enter,e4997,,sprint,,mobile
1546678997966,quit,e4997,,sprint,,mobile
1546678998026,enter,b7188,,sprint,,mobile
1546679019929,respond,q9837,,sprint,b,mobile
1546679022542,submit,b7188,,sprint,,mobile
1546679022584,enter,e7188,,sprint,,mobile
1546679045045,quit,e7188,,sprint,,mobile
1546679045115,enter,b2699,,sprint,,mobile
1546679059928,respond,q4167,,sprint,b,mobile
1546679065962,submit,b2699,,sprint,,mobile
1546679066013,enter,e2699,,sprint,,mobile
1546679083933,quit,e2699,,sprint,,mobile
1546679083988,enter,b3762,,sprint,,mobile
1546679086863,respond,q5230,,sprint,a,mobile
1546679090409,submit,b3762,,sprint,,mobile
1546679090455,enter,e3762,,sprint,,mobile
1546679106821,quit,e3762,,sprint,,mobile
1546679106875,enter,b4264,,sprint,,mobile
1546679116081,erase_choice,q5732,,sprint,d,mobile
1546679116421,erase_choice,q5732,,sprint,b,mobile
1546679118231,respond,q5732,,sprint,c,mobile
1546679122768,submit,b4264,,sprint,,mobile
1546679122813,enter,e4264,,sprint,,mobile
1546679127289,quit,e4264,,sprint,,mobile
1546679127340,enter,b2627,,sprint,,mobile
1546679134646,erase_choice,q4095,,sprint,b,mobile
1546679137108,respond,q4095,,sprint,d,mobile
1546679138968,submit,b2627,,sprint,,mobile
1546679139021,enter,e2627,,sprint,,mobile
1546679151558,quit,e2627,,sprint,,mobile
1546679151609,enter,b4590,,sprint,,mobile
1546679164884,respond,q6058,,sprint,c,mobile
1546679167569,submit,b4590,,sprint,,mobile
1546679167613,enter,e4590,,sprint,,mobile
1546679189826,quit,e4590,,sprint,,mobile
1546679189879,enter,b4998,,sprint,,mobile
1546679192274,respond,q6466,,sprint,c,mobile
1546679206712,submit,b4998,,sprint,,mobile
1546679206764,enter,e4998,,sprint,,mobile
1546679224052,quit,e4998,,sprint,,mobile
1546679224123,enter,b3852,,sprint,,mobile
1546679234396,erase_choice,q5320,,sprint,a,mobile
1546679238272,respond,q5320,,sprint,b,mobile
1546679240892,submit,b3852,,sprint,,mobile
1546679240939,enter,e3852,,sprint,,mobile
1546679245443,quit,e3852,,sprint,,mobile
1546679245500,enter,b6707,,sprint,,mobile
1546679256582,erase_choice,q9356,,sprint,c,mobile
1546679258543,erase_choice,q9356,,sprint,d,mobile
1546679261774,erase_choice,q9356,,sprint,b,mobile
1546679263108,respond,q9356,,sprint,b,mobile
1546679265197,submit,b6707,,sprint,,mobile
1546679265245,enter,e6707,,sprint,,mobile
1546679270179,quit,e6707,,sprint,,mobile
1546732501044,enter,b3365,,sprint,,mobile
1546732524363,erase_choice,q4833,,sprint,c,mobile
1546732524800,erase_choice,q4833,,sprint,b,mobile
1546732544408,respond,q4833,,sprint,d,mobile
1546732547852,submit,b3365,,sprint,,mobile
1546732547904,enter,e3365,,sprint,,mobile
1546732632914,quit,e3365,,sprint,,mobile
1546732632963,enter,b4754,,sprint,,mobile
1546732645665,erase_choice,q6222,,sprint,b,mobile
1546732662128,respond,q6222,,sprint,c,mobile
1546732667650,respond,q6222,,sprint,a,mobile
1546732670622,submit,b4754,,sprint,,mobile
1546732670680,enter,e4754,,sprint,,mobile
1546732696539,quit,e4754,,sprint,,mobile
1546732696604,enter,b3075,,sprint,,mobile
1546732714799,erase_choice,q4543,,sprint,d,mobile
1546732717204,respond,q4543,,sprint,a,mobile
1546732733274,submit,b3075,,sprint,,mobile
1546732733329,enter,e3075,,sprint,,mobile
1546732738344,quit,e3075,,sprint,,mobile
1549154380353,enter,e3075,,sprint,,mobile
1549154384942,quit,e3075,,sprint,,mobile
1549154385006,enter,b6756,,sprint,,mobile
1549154410420,respond,q9405,,sprint,b,mobile
1549154418892,submit,b6756,,sprint,,mobile
1549154418962,enter,e6756,,sprint,,mobile
1549154428770,quit,e6756,,sprint,,mobile
1549154428828,enter,b5039,,sprint,,mobile
1549154440960,respond,q6507,,sprint,c,mobile
1549154444003,submit,b5039,,sprint,,mobile
1549154444052,enter,e5039,,sprint,,mobile
1549154467346,quit,e5039,,sprint,,mobile
1549154467404,enter,b4850,,sprint,,mobile
1549154486525,respond,q6318,,sprint,b,mobile
1549154494766,respond,q6318,,sprint,d,mobile
1549154503226,respond,q6318,,sprint,b,mobile
1549154505442,submit,b4850,,sprint,,mobile
1549154505532,enter,e4850,,sprint,,mobile
1549154512968,quit,e4850,,sprint,,mobile
1549154526345,enter,b3626,,sprint,,mobile
1549154539287,respond,q5094,,sprint,a,mobile
1549154542225,submit,b3626,,sprint,,mobile
1549154542287,enter,e3626,,sprint,,mobile
1549154552746,quit,e3626,,sprint,,mobile
1549154641576,enter,b7199,,sprint,,mobile
1549154675218,respond,q9848,,sprint,c,mobile
1549154676868,respond,q9848,,sprint,d,mobile
1549154678751,submit,b7199,,sprint,,mobile
1549154678797,enter,e7199,,sprint,,mobile
1549154701138,quit,e7199,,sprint,,mobile
1549154701218,enter,b2448,,sprint,,mobile
1549154716123,respond,q3916,,sprint,a,mobile
1549154722206,submit,b2448,,sprint,,mobile
1549154722256,enter,e2448,,sprint,,mobile
1549154738749,quit,e2448,,sprint,,mobile
1549154738845,enter,b3374,,sprint,,mobile
1549154759873,respond,q4842,,sprint,c,mobile
1549154761815,submit,b3374,,sprint,,mobile
1549154761860,enter,e3374,,sprint,,mobile
1549154775534,quit,e3374,,sprint,,mobile
1549154784632,enter,b4972,,sprint,,mobile
1549154792656,respond,q6440,,sprint,d,mobile
1549154794925,submit,b4972,,sprint,,mobile
1549154794977,enter,e4972,,sprint,,mobile
1549154805376,quit,e4972,,sprint,,mobile
1549154805432,enter,b6698,,sprint,,mobile
1549154828367,erase_choice,q9347,,sprint,c,mobile
1549154831698,respond,q9347,,sprint,b,mobile
1549154838168,submit,b6698,,sprint,,mobile
1549154838216,enter,e6698,,sprint,,mobile
1549154844450,quit,e6698,,sprint,,mobile
1549154844505,enter,b4181,,sprint,,mobile
1549154853455,respond,q5649,,sprint,b,mobile
1549154859304,submit,b4181,,sprint,,mobile
1549154859360,enter,e4181,,sprint,,mobile
1549154877618,quit,e4181,,sprint,,mobile
1549154877673,enter,b6994,,sprint,,mobile
1549154885274,respond,q9643,,sprint,b,mobile
1549154887939,submit,b6994,,sprint,,mobile
1549154888024,enter,e6994,,sprint,,mobile
1549154914967,quit,e6994,,sprint,,mobile
1549154915023,enter,b4851,,sprint,,mobile
1549154942064,respond,q6319,,sprint,b,mobile
1549154943848,respond,q6319,,sprint,a,mobile
1549154945823,submit,b4851,,sprint,,mobile
1549154945872,enter,e4851,,sprint,,mobile
1549154956524,quit,e4851,,sprint,,mobile
1549154956579,enter,b5863,,sprint,,mobile
1549154965320,respond,q8512,,sprint,d,mobile
1549154967386,submit,b5863,,sprint,,mobile
1549154967447,enter,e5863,,sprint,,mobile
1549154968897,quit,e5863,,sprint,,mobile
1549155589210,enter,b4491,,sprint,,mobile
1549155604936,respond,q5959,,sprint,b,mobile
1549155607557,submit,b4491,,sprint,,mobile
1549155607620,enter,e4491,,sprint,,mobile
1549155612051,quit,e4491,,sprint,,mobile
1549155612106,enter,b4360,,sprint,,mobile
1549155624068,respond,q5828,,sprint,a,mobile
1549155627271,submit,b4360,,sprint,,mobile
1549155627313,enter,e4360,,sprint,,mobile
1549155631298,quit,e4360,,sprint,,mobile
1549155631362,enter,b5048,,sprint,,mobile
1549155654024,respond,q6516,,sprint,c,mobile
1549155657699,submit,b5048,,sprint,,mobile
1549155657747,enter,e5048,,sprint,,mobile
1549155678179,quit,e5048,,sprint,,mobile
1549155678239,enter,b7219,,sprint,,mobile
1549155700780,respond,q9868,,sprint,b,mobile
1549155702030,respond,q9868,,sprint,c,mobile
1549155702599,respond,q9868,,sprint,b,mobile
1549155703412,respond,q9868,,sprint,c,mobile
1549155704361,respond,q9868,,sprint,b,mobile
1549155710135,submit,b7219,,sprint,,mobile
1549155710189,enter,e7219,,sprint,,mobile
1549155713632,quit,e7219,,sprint,,mobile
1549330428323,enter,b3164,,sprint,,mobile
1549330432165,respond,q4632,,sprint,a,mobile
1549330439038,respond,q4632,,sprint,c,mobile
1549330444453,submit,b3164,,sprint,,mobile
1549330444523,enter,e3164,,sprint,,mobile
1549330448841,quit,e3164,,sprint,,mobile
1549330448901,enter,b4626,,sprint,,mobile
1549330459322,erase_choice,q6094,,sprint,c,mobile
1549330462675,erase_choice,q6094,,sprint,a,mobile
1549330468870,erase_choice,q6094,,sprint,b,mobile
1549330471101,respond,q6094,,sprint,b,mobile
1549330474842,submit,b4626,,sprint,,mobile
1549330474904,enter,e4626,,sprint,,mobile
1549330480352,quit,e4626,,sprint,,mobile
1549330480408,enter,b4688,,sprint,,mobile
1549330488898,respond,q6156,,sprint,b,mobile
1549330494205,submit,b4688,,sprint,,mobile
1549330494287,enter,e4688,,sprint,,mobile
1549330498765,quit,e4688,,sprint,,mobile
1549330498825,enter,b5661,,sprint,,mobile
1549330531276,erase_choice,q8190,,sprint,a,mobile
1549330533884,respond,q8190,,sprint,a,mobile
1549330536155,submit,b5661,,sprint,,mobile
1549330536213,enter,e5661,,sprint,,mobile
1549330545576,quit,e5661,,sprint,,mobile
1549330545646,enter,b2658,,sprint,,mobile
1549330549315,respond,q4126,,sprint,a,mobile
1549330551720,submit,b2658,,sprint,,mobile
1549330551777,enter,e2658,,sprint,,mobile
1549330557457,quit,e2658,,sprint,,mobile
1549330557518,enter,b3806,,sprint,,mobile
1549330569411,respond,q5274,,sprint,a,mobile
1549330573976,respond,q5274,,sprint,b,mobile
1549330576929,submit,b3806,,sprint,,mobile
1549330576986,enter,e3806,,sprint,,mobile
1549330601304,quit,e3806,,sprint,,mobile
1549330601368,enter,b3337,,sprint,,mobile
1549330613971,respond,q4805,,sprint,a,mobile
1549330617460,submit,b3337,,sprint,,mobile
1549330617513,enter,e3337,,sprint,,mobile
1549330631866,quit,e3337,,sprint,,mobile
1549330631926,enter,b7512,,sprint,,mobile
1549330644099,respond,q10161,,sprint,a,mobile
1549330647563,submit,b7512,,sprint,,mobile
1549330647616,enter,e7512,,sprint,,mobile
1549330659136,quit,e7512,,sprint,,mobile
1549330659197,enter,b2338,,sprint,,mobile
1549330678746,erase_choice,q3806,,sprint,b,mobile
1549330681217,erase_choice,q3806,,sprint,c,mobile
1549330682509,respond,q3806,,sprint,a,mobile
1549330684850,submit,b2338,,sprint,,mobile
1549330684906,enter,e2338,,sprint,,mobile
1549330689753,quit,e2338,,sprint,,mobile
1549330689816,enter,b4199,,sprint,,mobile
1549330702973,erase_choice,q5667,,sprint,c,mobile
1549330709441,erase_choice,q5667,,sprint,b,mobile
1549330711020,respond,q5667,,sprint,b,mobile
1549330713311,submit,b4199,,sprint,,mobile
1549330713386,enter,e4199,,sprint,,mobile
1549330721904,quit,e4199,,sprint,,mobile
1549458044319,enter,e4199,,sprint,,mobile
1549458050132,quit,e4199,,sprint,,mobile
1549601399738,enter,b3606,,sprint,,mobile
1549601422643,respond,q5074,,sprint,c,mobile
1549601425132,submit,b3606,,sprint,,mobile
1549601425193,enter,e3606,,sprint,,mobile
1549601457548,quit,e3606,,sprint,,mobile
1549601457606,enter,b6259,,sprint,,mobile
1549601477494,respond,q8908,,sprint,b,mobile
1549601479895,respond,q8908,,sprint,d,mobile
1549601489469,submit,b6259,,sprint,,mobile
1549601489517,enter,e6259,,sprint,,mobile
1549601507478,quit,e6259,,sprint,,mobile
1549601507554,enter,b3782,,sprint,,mobile
1549601515637,respond,q5250,,sprint,a,mobile
1549601518902,submit,b3782,,sprint,,mobile
1549601518954,enter,e3782,,sprint,,mobile
1549601526016,quit,e3782,,sprint,,mobile
1549601564058,enter,b2720,,sprint,,mobile
1549601572925,respond,q4188,,sprint,a,mobile
1549601573809,erase_choice,q4188,,sprint,b,mobile
1549601577024,erase_choice,q4188,,sprint,d,mobile
1549601578491,respond,q4188,,sprint,a,mobile
1549601582399,submit,b2720,,sprint,,mobile
1549601582452,enter,e2720,,sprint,,mobile
1549601602552,quit,e2720,,sprint,,mobile
1549601602614,enter,b4462,,sprint,,mobile
1549601613174,erase_choice,q5930,,sprint,c,mobile
1549601613781,erase_choice,q5930,,sprint,d,mobile
1549601619633,respond,q5930,,sprint,a,mobile
1549601622611,submit,b4462,,sprint,,mobile
1549601622661,enter,e4462,,sprint,,mobile
1549601626596,quit,e4462,,sprint,,mobile
1549601626661,enter,b6896,,sprint,,mobile
1549601638521,respond,q9545,,sprint,c,mobile
1549601640993,submit,b6896,,sprint,,mobile
1549601641041,enter,e6896,,sprint,,mobile
1549601646982,quit,e6896,,sprint,,mobile
1549601647035,enter,b4603,,sprint,,mobile
1549601657138,respond,q6071,,sprint,a,mobile
1549601660143,erase_choice,q6071,,sprint,c,mobile
1549601660458,respond,q6071,,sprint,d,mobile
1549601662248,erase_choice,q6071,,sprint,d,mobile
1549601663088,respond,q6071,,sprint,a,mobile
1549601669597,submit,b4603,,sprint,,mobile
1549601669637,enter,e4603,,sprint,,mobile
1549601678749,quit,e4603,,sprint,,mobile
1549601678804,enter,b2821,,sprint,,mobile
1549601700063,respond,q4289,,sprint,d,mobile
1549601704382,submit,b2821,,sprint,,mobile
1549601704429,enter,e2821,,sprint,,mobile
1549601717969,quit,e2821,,sprint,,mobile
1549601718028,enter,b3785,,sprint,,mobile
1549601740806,respond,q5253,,sprint,c,mobile
1549601743863,submit,b3785,,sprint,,mobile
1549601743905,enter,e3785,,sprint,,mobile
1549601749363,quit,e3785,,sprint,,mobile
1549601749423,enter,b6745,,sprint,,mobile
1549601785827,respond,q9394,,sprint,d,mobile
1549601786759,erase_choice,q9394,,sprint,b,mobile
1549601787114,erase_choice,q9394,,sprint,a,mobile
1549601788263,respond,q9394,,sprint,d,mobile
1549601790940,submit,b6745,,sprint,,mobile
1549601790985,enter,e6745,,sprint,,mobile
1549601804020,quit,e6745,,sprint,,mobile
1549604350767,enter,b4226,,sprint,,mobile
1549604358611,respond,q5694,,sprint,d,mobile
1549604364983,submit,b4226,,sprint,,mobile
1549604365024,enter,e4226,,sprint,,mobile
1549604390585,quit,e4226,,sprint,,mobile
1549604390645,enter,b5129,,sprint,,mobile
1549604396360,respond,q6723,,sprint,b,mobile
1549604399552,submit,b5129,,sprint,,mobile
1549604399608,enter,e5129,,sprint,,mobile
1549604405276,quit,e5129,,sprint,,mobile
1549604405328,enter,b4390,,sprint,,mobile
1549604429681,respond,q5858,,sprint,b,mobile
1549604434917,submit,b4390,,sprint,,mobile
1549604434958,enter,e4390,,sprint,,mobile
1549604452059,quit,e4390,,sprint,,mobile
1549604452123,enter,b7164,,sprint,,mobile
1549604465769,respond,q9813,,sprint,c,mobile
1549604469942,submit,b7164,,sprint,,mobile
1549604469991,enter,e7164,,sprint,,mobile
1549604479049,quit,e7164,,sprint,,mobile
1549604479109,enter,b4312,,sprint,,mobile
1549604484576,respond,q5780,,sprint,b,mobile
1549604497818,submit,b4312,,sprint,,mobile
1549604497865,enter,e4312,,sprint,,mobile
1549604502717,quit,e4312,,sprint,,mobile
1549604502765,enter,b3062,,sprint,,mobile
1549604518461,respond,q4530,,sprint,d,mobile
1549604521525,erase_choice,q4530,,sprint,a,mobile
1549604522924,respond,q4530,,sprint,d,mobile
1549604526813,submit,b3062,,sprint,,mobile
1549604526854,enter,e3062,,sprint,,mobile
1549604532066,quit,e3062,,sprint,,mobile
1549604532126,enter,b5768,,sprint,,mobile
1549604558678,respond,q8417,,sprint,d,mobile
1549604560883,submit,b5768,,sprint,,mobile
1549604560921,enter,e5768,,sprint,,mobile
1549604573743,quit,e5768,,sprint,,mobile
1549604573792,enter,b7056,,sprint,,mobile
1549604596124,respond,q9705,,sprint,b,mobile
1549604597058,respond,q9705,,sprint,a,mobile
1549604599307,submit,b7056,,sprint,,mobile
1549604599365,enter,e7056,,sprint,,mobile
1549604614732,quit,e7056,,sprint,,mobile
1549604614787,enter,b3024,,sprint,,mobile
1549604637660,respond,q4492,,sprint,b,mobile
1549604643667,submit,b3024,,sprint,,mobile
1549604643715,enter,e3024,,sprint,,mobile
1549604659643,quit,e3024,,sprint,,mobile
1549604659705,enter,b4429,,sprint,,mobile
1549604679959,respond,q5897,,sprint,c,mobile
1549604682073,submit,b4429,,sprint,,mobile
1549604682134,enter,e4429,,sprint,,mobile
1549604691571,quit,e4429,,sprint,,mobile
1549771632940,enter,b3963,,sprint,,mobile
1549771648738,respond,q5431,,sprint,a,mobile
1549771652593,submit,b3963,,sprint,,mobile
1549771652666,enter,e3963,,sprint,,mobile
1549771664888,quit,e3963,,sprint,,mobile
1549771664947,enter,b6913,,sprint,,mobile
1549771671465,respond,q9562,,sprint,b,mobile
1549771673585,submit,b6913,,sprint,,mobile
1549771673629,enter,e6913,,sprint,,mobile
1549771696038,quit,e6913,,sprint,,mobile
1549771696099,enter,b3938,,sprint,,mobile
1549771710375,respond,q5406,,sprint,b,mobile
1549771717384,respond,q5406,,sprint,a,mobile
1549771717885,respond,q5406,,sprint,c,mobile
1549771731992,respond,q5406,,sprint,a,mobile
1549771734160,respond,q5406,,sprint,d,mobile
1549771736583,submit,b3938,,sprint,,mobile
1549771736633,enter,e3938,,sprint,,mobile
1549771748545,quit,e3938,,sprint,,mobile
1549771748594,enter,b2747,,sprint,,mobile
1549771774692,respond,q4215,,sprint,c,mobile
1549771778718,submit,b2747,,sprint,,mobile
1549771778781,enter,e2747,,sprint,,mobile
1549771793614,quit,e2747,,sprint,,mobile
1549771793667,enter,b4601,,sprint,,mobile
1549771808038,respond,q6069,,sprint,c,mobile
1549771812411,respond,q6069,,sprint,a,mobile
1549771813078,respond,q6069,,sprint,c,mobile
1549771823256,respond,q6069,,sprint,d,mobile
1549771825855,respond,q6069,,sprint,c,mobile
1549771826169,respond,q6069,,sprint,d,mobile
1549771826939,respond,q6069,,sprint,c,mobile
1549771827735,respond,q6069,,sprint,d,mobile
1549771830277,submit,b4601,,sprint,,mobile
1549771830332,enter,e4601,,sprint,,mobile
1549771849701,quit,e4601,,sprint,,mobile
1549771849758,enter,b6172,,sprint,,mobile
1549771853726,respond,q8821,,sprint,d,mobile
1549771856351,submit,b6172,,sprint,,mobile
1549771856412,enter,e6172,,sprint,,mobile
1549771861811,quit,e6172,,sprint,,mobile
1549771861869,enter,b4523,,sprint,,mobile
1549771870879,respond,q5991,,sprint,a,mobile
1549771875091,submit,b4523,,sprint,,mobile
1549771875132,enter,e4523,,sprint,,mobile
1549771879190,quit,e4523,,sprint,,mobile
1549771879244,enter,b4751,,sprint,,mobile
1549771897580,respond,q6219,,sprint,c,mobile
1549771899659,submit,b4751,,sprint,,mobile
1549771899717,enter,e4751,,sprint,,mobile
1549771908859,quit,e4751,,sprint,,mobile
1549771908909,enter,b4263,,sprint,,mobile
1549771924043,respond,q5731,,sprint,b,mobile
1549771931828,submit,b4263,,sprint,,mobile
1549771931876,enter,e4263,,sprint,,mobile
1549771949671,quit,e4263,,sprint,,mobile
1549771949723,enter,b7255,,sprint,,mobile
1549771967286,respond,q9904,,sprint,a,mobile
1549771974905,respond,q9904,,sprint,c,mobile
1549771977536,submit,b7255,,sprint,,mobile
1549771977585,enter,e7255,,sprint,,mobile
1549772012168,quit,e7255,,sprint,,mobile
1549772016539,enter,e7255,,sprint,,mobile
1549772020108,quit,e7255,,sprint,,mobile
1549772028478,enter,b2271,,sprint,,mobile
1549772040630,respond,q3739,,sprint,a,mobile
1549772041246,respond,q3739,,sprint,c,mobile
1549772046519,submit,b2271,,sprint,,mobile
1549772046579,enter,e2271,,sprint,,mobile
1549772065008,quit,e2271,,sprint,,mobile
1549772065080,enter,b3382,,sprint,,mobile
1549772068926,respond,q4850,,sprint,a,mobile
1549772072650,submit,b3382,,sprint,,mobile
1549772072704,enter,e3382,,sprint,,mobile
1549772076559,quit,e3382,,sprint,,mobile
1549772076605,enter,b3976,,sprint,,mobile
1549772087100,erase_choice,q5444,,sprint,b,mobile
1549772087679,erase_choice,q5444,,sprint,a,mobile
1549772093992,respond,q5444,,sprint,d,mobile
1549772097319,submit,b3976,,sprint,,mobile
1549772097373,enter,e3976,,sprint,,mobile
1549772111304,quit,e3976,,sprint,,mobile
1549772111357,enter,b6889,,sprint,,mobile
1549772115049,erase_choice,q9538,,sprint,b,mobile
1549772121465,respond,q9538,,sprint,c,mobile
1549772123474,submit,b6889,,sprint,,mobile
1549772123536,enter,e6889,,sprint,,mobile
1549772145458,quit,e6889,,sprint,,mobile
1549772145500,enter,b3965,,sprint,,mobile
1549772155886,respond,q5433,,sprint,b,mobile
1549772157963,submit,b3965,,sprint,,mobile
1549772158012,enter,e3965,,sprint,,mobile
1549772162335,quit,e3965,,sprint,,mobile
1549772162390,enter,b3821,,sprint,,mobile
1549772178036,respond,q5289,,sprint,d,mobile
1549772183255,submit,b3821,,sprint,,mobile
1549772183293,enter,e3821,,sprint,,mobile
1549772200356,quit,e3821,,sprint,,mobile
1549772200410,enter,b4709,,sprint,,mobile
1549772228119,respond,q6177,,sprint,c,mobile
1549772231781,submit,b4709,,sprint,,mobile
1549772231840,enter,e4709,,sprint,,mobile
1549772240999,quit,e4709,,sprint,,mobile
1549772241052,enter,b7648,,sprint,,mobile
1549772267591,respond,q10297,,sprint,c,mobile
1549772270231,submit,b7648,,sprint,,mobile
1549772270272,enter,e7648,,sprint,,mobile
1549772279722,quit,e7648,,sprint,,mobile
1549772279782,enter,b4278,,sprint,,mobile
1549772302869,respond,q5746,,sprint,a,mobile
1549772306830,submit,b4278,,sprint,,mobile
1549772306874,enter,e4278,,sprint,,mobile
1549772327206,quit,e4278,,sprint,,mobile
1549772327272,enter,b4775,,sprint,,mobile
1549772331200,respond,q6243,,sprint,b,mobile
1549772335310,respond,q6243,,sprint,a,mobile
1549772336247,respond,q6243,,sprint,b,mobile
1549772336744,respond,q6243,,sprint,a,mobile
1549772340833,submit,b4775,,sprint,,mobile
1549772340877,enter,e4775,,sprint,,mobile
1549772382973,quit,e4775,,sprint,,mobile
1549772385710,enter,e2271,,sprint,,mobile
1549772386348,quit,e2271,,sprint,,mobile
1549772391484,enter,e4775,,sprint,,mobile
1549772397804,quit,e4775,,sprint,,mobile
1549888660292,enter,b5139,,sprint,,mobile
1549888670725,respond,q6733,,sprint,c,mobile
1549888679593,submit,b5139,,sprint,,mobile
1549888679654,enter,e5139,,sprint,,mobile
1549888688116,quit,e5139,,sprint,,mobile
1549934635357,enter,e5139,,sprint,,mobile
1549934655434,quit,e5139,,sprint,,mobile
1549934655509,enter,b7103,,sprint,,mobile
1549934674357,erase_choice,q9752,,sprint,a,mobile
1549934675189,erase_choice,q9752,,sprint,b,mobile
1549934676190,erase_choice,q9752,,sprint,c,mobile
1549934679722,submit,b7103,,sprint,,mobile
1549934679778,enter,e7103,,sprint,,mobile
1549934694136,quit,e7103,,sprint,,mobile
1549934694200,enter,b3153,,sprint,,mobile
1549934702821,respond,q4621,,sprint,a,mobile
1549934708872,submit,b3153,,sprint,,mobile
1549934708917,enter,e3153,,sprint,,mobile
1549934721046,quit,e3153,,sprint,,mobile
1549934721100,enter,b5041,,sprint,,mobile
1549934726518,erase_choice,q6509,,sprint,d,mobile
1549934727090,erase_choice,q6509,,sprint,c,mobile
1549934730205,respond,q6509,,sprint,a,mobile
1549934732659,submit,b5041,,sprint,,mobile
1549934732705,enter,e5041,,sprint,,mobile
1549934747370,quit,e5041,,sprint,,mobile
1549945871125,enter,e5041,,sprint,,mobile
1549945875984,quit,e5041,,sprint,,mobile
1549945876021,enter,b2656,,sprint,,mobile
1549945880869,respond,q4124,,sprint,a,mobile
1549945883298,submit,b2656,,sprint,,mobile
1549945883350,enter,e2656,,sprint,,mobile
1549945888172,quit,e2656,,sprint,,mobile
1549945888248,enter,b6342,,sprint,,mobile
1549945895527,erase_choice,q8991,,sprint,c,mobile
1549945902435,erase_choice,q8991,,sprint,d,mobile
1549945904482,respond,q8991,,sprint,d,mobile
1549945908733,submit,b6342,,sprint,,mobile
1549945908784,enter,e6342,,sprint,,mobile
1549945912620,quit,e6342,,sprint,,mobile
1549945912673,enter,b6989,,sprint,,mobile
1549945934739,respond,q9638,,sprint,c,mobile
1549945937205,submit,b6989,,sprint,,mobile
1549945937252,enter,e6989,,sprint,,mobile
1549945946717,quit,e6989,,sprint,,mobile
1549945946779,enter,b4492,,sprint,,mobile
1549945958175,respond,q5960,,sprint,c,mobile
1549945961514,submit,b4492,,sprint,,mobile
1549945961553,enter,e4492,,sprint,,mobile
1549945965384,quit,e4492,,sprint,,mobile
1549946086324,enter,b2162,,sprint,,mobile
1549946090704,respond,q3630,,sprint,b,mobile
1549946106938,respond,q3630,,sprint,c,mobile
1549946112946,submit,b2162,,sprint,,mobile
1549946112992,enter,e2162,,sprint,,mobile
1549946116924,quit,e2162,,sprint,,mobile
1549946116972,enter,b6758,,sprint,,mobile
1549946132009,respond,q9407,,sprint,b,mobile
1549946135931,submit,b6758,,sprint,,mobile
1549946135970,enter,e6758,,sprint,,mobile
1549946140572,quit,e6758,,sprint,,mobile
1550011950482,enter,b2771,,sprint,,mobile
1550011969116,respond,q4239,,sprint,c,mobile
1550011972202,submit,b2771,,sprint,,mobile
1550011972265,enter,e2771,,sprint,,mobile
1550012015682,quit,e2771,,sprint,,mobile
1550035782986,enter,e2771,,sprint,,mobile
1550035790611,quit,e2771,,sprint,,mobile
1550035790699,enter,b3056,,sprint,,mobile
1550035801590,respond,q4524,,sprint,b,mobile
1550035806123,erase_choice,q4524,,sprint,d,mobile
1550035808767,respond,q4524,,sprint,b,mobile
1550035814248,erase_choice,q4524,,sprint,a,mobile
1550035815148,respond,q4524,,sprint,b,mobile
1550035816749,erase_choice,q4524,,sprint,c,mobile
1550035820094,submit,b3056,,sprint,,mobile
1550035820164,enter,e3056,,sprint,,mobile
1550035862136,quit,e3056,,sprint,,mobile
1550035862200,enter,b4453,,sprint,,mobile
1550035875240,respond,q5921,,sprint,d,mobile
1550035877852,submit,b4453,,sprint,,mobile
1550035877910,enter,e4453,,sprint,,mobile
1550035878931,quit,e4453,,sprint,,mobile
1550128170454,enter,e4453,,sprint,,mobile
1550128176095,quit,e4453,,sprint,,mobile
1550128176190,enter,b6126,,sprint,,mobile
1550128189986,respond,q8775,,sprint,b,mobile
1550128194870,submit,b6126,,sprint,,mobile
1550128194962,enter,e6126,,sprint,,mobile
1550128221315,quit,e6126,,sprint,,mobile
1550128221379,enter,b4215,,sprint,,mobile
1550128237627,respond,q5683,,sprint,b,mobile
1550128240829,submit,b4215,,sprint,,mobile
1550128240893,enter,e4215,,sprint,,mobile
1550128258914,quit,e4215,,sprint,,mobile
1550128258979,enter,b2223,,sprint,,mobile
1550128270030,erase_choice,q3691,,sprint,b,mobile
1550128271086,erase_choice,q3691,,sprint,c,mobile
1550128273019,respond,q3691,,sprint,a,mobile
1550128275804,submit,b2223,,sprint,,mobile
1550128275860,enter,e2223,,sprint,,mobile
1550128285824,quit,e2223,,sprint,,mobile
1550128285911,enter,b3428,,sprint,,mobile
1550128314668,erase_choice,q4896,,sprint,d,mobile
1550128316409,respond,q4896,,sprint,d,mobile
1550128319109,respond,q4896,,sprint,c,mobile
1550128321044,respond,q4896,,sprint,d,mobile
1550128323859,respond,q4896,,sprint,a,mobile
1550128326580,submit,b3428,,sprint,,mobile
1550128326632,enter,e3428,,sprint,,mobile
1550128334700,quit,e3428,,sprint,,mobile
1550128334755,enter,b6428,,sprint,,mobile
1550128340325,respond,q9077,,sprint,d,mobile
1550128344908,submit,b6428,,sprint,,mobile
1550128344957,enter,e6428,,sprint,,mobile
1550128350080,quit,e6428,,sprint,,mobile
1550128350150,enter,b3345,,sprint,,mobile
1550128357153,respond,q4813,,sprint,d,mobile
1550128363504,submit,b3345,,sprint,,mobile
1550128384863,enter,e3345,,sprint,,mobile
1550128403119,quit,e3345,,sprint,,mobile
1550128403171,enter,b4659,,sprint,,mobile
1550128410509,respond,q6127,,sprint,d,mobile
1550128414667,submit,b4659,,sprint,,mobile
1550128414717,enter,e4659,,sprint,,mobile
1550128437005,quit,e4659,,sprint,,mobile
1550128448111,enter,b4588,,sprint,,mobile
1550128479831,respond,q6056,,sprint,d,mobile
1550128482730,submit,b4588,,sprint,,mobile
1550128482777,enter,e4588,,sprint,,mobile
1550128488317,quit,e4588,,sprint,,mobile
1550128488377,enter,b7537,,sprint,,mobile
1550128509387,respond,q10186,,sprint,c,mobile
1550128512404,submit,b7537,,sprint,,mobile
1550128512455,enter,e7537,,sprint,,mobile
1550128519544,quit,e7537,,sprint,,mobile
1550133915421,enter,e7537,,sprint,,mobile
1550133939849,quit,e7537,,sprint,,mobile
1550213999165,enter,e7537,,sprint,,mobile
1550214006764,quit,e7537,,sprint,,mobile
1550215047411,enter,b3455,,sprint,,mobile
1550215065282,respond,q4923,,sprint,c,mobile
1550215070995,submit,b3455,,sprint,,mobile
1550215071057,enter,e3455,,sprint,,mobile
1550215085876,quit,e3455,,sprint,,mobile
1550215085937,enter,b2348,,sprint,,mobile
1550215093097,erase_choice,q3816,,sprint,a,mobile
1550215102996,respond,q3816,,sprint,d,mobile
1550215105080,submit,b2348,,sprint,,mobile
1550215105131,enter,e2348,,sprint,,mobile
1550215110626,quit,e2348,,sprint,,mobile
1550296346593,enter,e2348,,sprint,,mobile
1550296362863,quit,e2348,,sprint,,mobile
1550296362936,enter,b4892,,sprint,,mobile
1550296375563,erase_choice,q6360,,sprint,c,mobile
1550296377003,erase_choice,q6360,,sprint,b,mobile
1550296380921,respond,q6360,,sprint,d,mobile
1550296383925,submit,b4892,,sprint,,mobile
1550296384017,enter,e4892,,sprint,,mobile
1550296436179,quit,e4892,,sprint,,mobile
1550298371579,enter,b6506,,sprint,,mobile
1550298377216,respond,q9155,,sprint,b,mobile
1550298379341,respond,q9155,,sprint,c,mobile
1550298380457,erase_choice,q9155,,sprint,c,mobile
1550298381095,erase_choice,q9155,,sprint,d,mobile
1550298381597,respond,q9155,,sprint,b,mobile
1550298387914,submit,b6506,,sprint,,mobile
1550298387990,enter,e6506,,sprint,,mobile
1550298403551,quit,e6506,,sprint,,mobile
1550410962619,enter,e6506,,sprint,,mobile
1550410967665,quit,e6506,,sprint,,mobile
1550410967727,enter,b5035,,sprint,,mobile
1550410975098,respond,q6503,,sprint,a,mobile
1550410978557,submit,b5035,,sprint,,mobile
1550410978623,enter,e5035,,sprint,,mobile
1550410985861,quit,e5035,,sprint,,mobile
1550410991519,enter,b3061,,sprint,,mobile
1550411011233,respond,q4529,,sprint,b,mobile
1550411012130,respond,q4529,,sprint,a,mobile
1550411012478,respond,q4529,,sprint,b,mobile
1550411014014,erase_choice,q4529,,sprint,c,mobile
1550411014311,erase_choice,q4529,,sprint,d,mobile
1550411014993,respond,q4529,,sprint,b,mobile
1550411017427,submit,b3061,,sprint,,mobile
1550411017467,enter,e3061,,sprint,,mobile
1550411023666,quit,e3061,,sprint,,mobile
1550411023748,enter,b4279,,sprint,,mobile
1550411026509,respond,q5747,,sprint,d,mobile
1550411028429,submit,b4279,,sprint,,mobile
1550411028472,enter,e4279,,sprint,,mobile
1550411032833,quit,e4279,,sprint,,mobile
1550411032884,enter,b6225,,sprint,,mobile
1550411044738,respond,q8874,,sprint,a,mobile
1550411047640,respond,q8874,,sprint,c,mobile
1550411047906,respond,q8874,,sprint,d,mobile
1550411050174,submit,b6225,,sprint,,mobile
1550411050221,enter,e6225,,sprint,,mobile
1550411055861,quit,e6225,,sprint,,mobile
1550413716761,enter,b4315,,sprint,,mobile
1550413730917,respond,q5783,,sprint,a,mobile
1550413737080,respond,q5783,,sprint,b,mobile
1550413741209,respond,q5783,,sprint,a,mobile
1550413747027,submit,b4315,,sprint,,mobile
1550413747076,enter,e4315,,sprint,,mobile
1550413782182,quit,e4315,,sprint,,mobile
1550413782241,enter,b4483,,sprint,,mobile
1550413794075,respond,q5951,,sprint,b,mobile
1550413796176,respond,q5951,,sprint,d,mobile
1550413798704,respond,q5951,,sprint,b,mobile
1550413806944,respond,q5951,,sprint,d,mobile
1550413809990,respond,q5951,,sprint,c,mobile
1550413815176,submit,b4483,,sprint,,mobile
1550413815220,enter,e4483,,sprint,,mobile
1550413823160,quit,e4483,,sprint,,mobile
1550413823216,enter,b6010,,sprint,,mobile
1550413826936,respond,q8659,,sprint,d,mobile
1550413829671,respond,q8659,,sprint,c,mobile
1550413832757,submit,b6010,,sprint,,mobile
1550413832803,enter,e6010,,sprint,,mobile
1550413834562,quit,e6010,,sprint,,mobile
1550448362365,enter,e6010,,sprint,,mobile
1550448365201,quit,e6010,,sprint,,mobile
1550448396758,enter,b7540,,sprint,,mobile
1550448409554,respond,q10189,,sprint,a,mobile
1550448411763,submit,b7540,,sprint,,mobile
1550448411820,enter,e7540,,sprint,,mobile
1550448416686,quit,e7540,,sprint,,mobile
1550448416739,enter,b3381,,sprint,,mobile
1550448431348,respond,q4849,,sprint,a,mobile
1550448435370,submit,b3381,,sprint,,mobile
1550448435422,enter,e3381,,sprint,,mobile
1550448436666,quit,e3381,,sprint,,mobile
1550469632927,enter,e3381,,sprint,,mobile
1550469637566,quit,e3381,,sprint,,mobile
1550469637625,enter,b3990,,sprint,,mobile
1550469644952,erase_choice,q5458,,sprint,b,mobile
1550469645431,erase_choice,q5458,,sprint,a,mobile
1550469646231,respond,q5458,,sprint,c,mobile
1550469648407,submit,b3990,,sprint,,mobile
1550469648462,enter,e3990,,sprint,,mobile
1550469676471,quit,e3990,,sprint,,mobile
1550469676530,enter,b3753,,sprint,,mobile
1550469702916,respond,q5221,,sprint,d,mobile
1550469708533,submit,b3753,,sprint,,mobile
1550469708587,enter,e3753,,sprint,,mobile
1550469721085,quit,e3753,,sprint,,mobile
1550469721127,enter,b5741,,sprint,,mobile
1550469726964,respond,q8390,,sprint,b,mobile
1550469732121,submit,b5741,,sprint,,mobile
1550469732169,enter,e5741,,sprint,,mobile
1550469736444,quit,e5741,,sprint,,mobile
1550469736495,enter,b2849,,sprint,,mobile
1550469740742,respond,q4317,,sprint,b,mobile
1550469744936,respond,q4317,,sprint,d,mobile
1550469746368,erase_choice,q4317,,sprint,d,mobile
1550469747882,respond,q4317,,sprint,b,mobile
1550469752230,submit,b2849,,sprint,,mobile
1550469752309,enter,e2849,,sprint,,mobile
1550469774856,quit,e2849,,sprint,,mobile
1550469774911,enter,b3573,,sprint,,mobile
1550469793375,respond,q5041,,sprint,b,mobile
1550469794137,respond,q5041,,sprint,a,mobile
1550469794620,respond,q5041,,sprint,b,mobile
1550469797480,submit,b3573,,sprint,,mobile
1550469797534,enter,e3573,,sprint,,mobile
1550469809145,quit,e3573,,sprint,,mobile
1550560532681,enter,b4001,,sprint,,mobile
1550560539203,respond,q5469,,sprint,b,mobile
1550560542961,submit,b4001,,sprint,,mobile
1550560543018,enter,e4001,,sprint,,mobile
1550560552488,quit,e4001,,sprint,,mobile
1550560865639,enter,b6179,,sprint,,mobile
1550560884153,respond,q8828,,sprint,a,mobile
1550560888206,submit,b6179,,sprint,,mobile
1550560888282,enter,e6179,,sprint,,mobile
1550560920623,quit,e6179,,sprint,,mobile
1550560920682,enter,b2634,,sprint,,mobile
1550560926703,respond,q4102,,sprint,c,mobile
1550560932725,erase_choice,q4102,,sprint,d,mobile
1550560933627,respond,q4102,,sprint,c,mobile
1550560938050,respond,q4102,,sprint,b,mobile
1550560939283,respond,q4102,,sprint,a,mobile
1550560942831,submit,b2634,,sprint,,mobile
1550560942880,enter,e2634,,sprint,,mobile
1550560953910,quit,e2634,,sprint,,mobile
1550560953962,enter,b5049,,sprint,,mobile
1550560974313,respond,q6517,,sprint,a,mobile
1550560975143,respond,q6517,,sprint,b,mobile
1550560979728,erase_choice,q6517,,sprint,c,mobile
1550560979943,erase_choice,q6517,,sprint,d,mobile
1550560980970,respond,q6517,,sprint,b,mobile
1550560982799,submit,b5049,,sprint,,mobile
1550560982848,enter,e5049,,sprint,,mobile
1550560993560,quit,e5049,,sprint,,mobile
1550560993617,enter,b2796,,sprint,,mobile
1550561008321,respond,q4264,,sprint,a,mobile
1550561010619,submit,b2796,,sprint,,mobile
1550561010662,enter,e2796,,sprint,,mobile
1550561016925,quit,e2796,,sprint,,mobile
1550561016977,enter,b6406,,sprint,,mobile
1550561035107,erase_choice,q9055,,sprint,b,mobile
1550561035519,respond,q9055,,sprint,a,mobile
1550561037337,submit,b6406,,sprint,,mobile
1550561037383,enter,e6406,,sprint,,mobile
1550561044438,quit,e6406,,sprint,,mobile
1550561044485,enter,b3928,,sprint,,mobile
1550561050891,respond,q5396,,sprint,c,mobile
1550561051984,respond,q5396,,sprint,a,mobile
1550561052400,respond,q5396,,sprint,b,mobile
1550561054133,respond,q5396,,sprint,d,mobile
1550561057783,respond,q5396,,sprint,a,mobile
1550561058402,respond,q5396,,sprint,d,mobile
1550561067245,submit,b3928,,sprint,,mobile
1550561067295,enter,e3928,,sprint,,mobile
1550561071658,quit,e3928,,sprint,,mobile
1550561071717,enter,b3275,,sprint,,mobile
1550561077418,erase_choice,q4743,,sprint,a,mobile
1550561092384,respond,q4743,,sprint,b,mobile
1550561095947,submit,b3275,,sprint,,mobile
1550561095996,enter,e3275,,sprint,,mobile
1550561103826,quit,e3275,,sprint,,mobile
1550561103886,enter,b4880,,sprint,,mobile
1550561109065,respond,q6348,,sprint,c,mobile
1550561109777,respond,q6348,,sprint,d,mobile
1550561116866,submit,b4880,,sprint,,mobile
1550561116915,enter,e4880,,sprint,,mobile
1550561132448,quit,e4880,,sprint,,mobile
1550561132494,enter,b6786,,sprint,,mobile
1550561149273,respond,q9435,,sprint,d,mobile
1550561151840,submit,b6786,,sprint,,mobile
1550561151876,enter,e6786,,sprint,,mobile
1550561176065,quit,e6786,,sprint,,mobile
1550561183662,enter,b2227,,sprint,,mobile
1550561188402,respond,q3695,,sprint,a,mobile
1550561193567,submit,b2227,,sprint,,mobile
1550561193621,enter,e2227,,sprint,,mobile
1550561206362,quit,e2227,,sprint,,mobile
1550561206416,enter,b5053,,sprint,,mobile
1550561212766,respond,q6521,,sprint,a,mobile
1550561215309,submit,b5053,,sprint,,mobile
1550561215358,enter,e5053,,sprint,,mobile
1550561230040,quit,e5053,,sprint,,mobile
1550561230098,enter,b4223,,sprint,,mobile
1550561239355,erase_choice,q5691,,sprint,a,mobile
1550561242294,respond,q5691,,sprint,c,mobile
1550561245704,submit,b4223,,sprint,,mobile
1550561245754,enter,e4223,,sprint,,mobile
1550561250223,quit,e4223,,sprint,,mobile
1550561250280,enter,b6209,,sprint,,mobile
1550561258431,respond,q8858,,sprint,b,mobile
1550561275890,submit,b6209,,sprint,,mobile
1550561275943,enter,e6209,,sprint,,mobile
1550561292407,quit,e6209,,sprint,,mobile
1550561292448,enter,b3276,,sprint,,mobile
1550561304521,respond,q4744,,sprint,a,mobile
1550561312504,respond,q4744,,sprint,c,mobile
1550561315845,submit,b3276,,sprint,,mobile
1550561315894,enter,e3276,,sprint,,mobile
1550561332775,quit,e3276,,sprint,,mobile
1550561332827,enter,b5066,,sprint,,mobile
1550561338532,respond,q6534,,sprint,a,mobile
1550561340917,submit,b5066,,sprint,,mobile
1550561340960,enter,e5066,,sprint,,mobile
1550561342948,quit,e5066,,sprint,,mobile
1550624027184,enter,b2654,,sprint,,mobile
1550624045587,respond,q4122,,sprint,b,mobile
1550624048887,submit,b2654,,sprint,,mobile
1550624048975,enter,e2654,,sprint,,mobile
1550624078250,quit,e2654,,sprint,,mobile
1550626437893,enter,b6326,,sprint,,mobile
1550626452467,erase_choice,q8975,,sprint,c,mobile
1550626462012,respond,q8975,,sprint,d,mobile
1550626464379,submit,b6326,,sprint,,mobile
1550626464434,enter,e6326,,sprint,,mobile
1550626480368,quit,e6326,,sprint,,mobile
1550626480414,enter,b4028,,sprint,,mobile
1550626491340,respond,q5496,,sprint,d,mobile
1550626493981,submit,b4028,,sprint,,mobile
1550626494026,enter,e4028,,sprint,,mobile
1550626506032,quit,e4028,,sprint,,mobile
1550626506086,enter,b2206,,sprint,,mobile
1550626527787,respond,q3674,,sprint,c,mobile
1550626537396,submit,b2206,,sprint,,mobile
1550626537444,enter,e2206,,sprint,,mobile
1550626541033,quit,e2206,,sprint,,mobile
1550712659306,enter,b4203,,sprint,,mobile
1550712683710,respond,q5671,,sprint,b,mobile
1550712684276,respond,q5671,,sprint,d,mobile
1550712690300,respond,q5671,,sprint,c,mobile
1550712693179,submit,b4203,,sprint,,mobile
1550712693252,enter,e4203,,sprint,,mobile
1550712720989,quit,e4203,,sprint,,mobile
1550712721048,enter,b6744,,sprint,,mobile
1550712738169,respond,q9393,,sprint,d,mobile
1550712740930,submit,b6744,,sprint,,mobile
1550712740995,enter,e6744,,sprint,,mobile
1550712748692,quit,e6744,,sprint,,mobile
1550712748751,enter,b2710,,sprint,,mobile
1550712761385,respond,q4178,,sprint,c,mobile
1550712763830,respond,q4178,,sprint,b,mobile
1550712766515,submit,b2710,,sprint,,mobile
1550712766566,enter,e2710,,sprint,,mobile
1550712768051,quit,e2710,,sprint,,mobile
1550712857220,enter,b3053,,sprint,,mobile
1550712888701,respond,q4521,,sprint,d,mobile
1550712890354,respond,q4521,,sprint,c,mobile
1550712893539,submit,b3053,,sprint,,mobile
1550712893599,enter,e3053,,sprint,,mobile
1550712904907,quit,e3053,,sprint,,mobile
1550712904962,enter,b2700,,sprint,,mobile
1550712908808,respond,q4168,,sprint,a,mobile
1550712913652,submit,b2700,,sprint,,mobile
1550712913701,enter,e2700,,sprint,,mobile
1550712934580,quit,e2700,,sprint,,mobile
1550715146602,enter,b5897,,sprint,,mobile
1550715161168,respond,q8546,,sprint,b,mobile
1550715165941,submit,b5897,,sprint,,mobile
1550715167758,enter,b5897,,sprint,,mobile
1550715168272,respond,q8546,,sprint,a,mobile
1550715170728,submit,b5897,,sprint,,mobile
1550715170793,enter,e5897,,sprint,,mobile
1550715181818,quit,e5897,,sprint,,mobile
1550715221104,enter,b4644,,sprint,,mobile
1550715231280,respond,q6112,,sprint,a,mobile
1550715234521,submit,b4644,,sprint,,mobile
1550715234586,enter,e4644,,sprint,,mobile
1550715240692,quit,e4644,,sprint,,mobile
1550715240752,enter,b3778,,sprint,,mobile
1550715257165,erase_choice,q5246,,sprint,d,mobile
1550715260080,respond,q5246,,sprint,c,mobile
1550715262414,submit,b3778,,sprint,,mobile
1550715262503,enter,e3778,,sprint,,mobile
1550715267889,quit,e3778,,sprint,,mobile
1550715267940,enter,b4128,,sprint,,mobile
1550715275037,respond,q5596,,sprint,d,mobile
1550715277294,submit,b4128,,sprint,,mobile
1550715277335,enter,e4128,,sprint,,mobile
1550715282049,quit,e4128,,sprint,,mobile
1550715282101,enter,b2167,,sprint,,mobile
1550715306887,respond,q3635,,sprint,b,mobile
1550715308578,erase_choice,q3635,,sprint,b,mobile
1550715311494,respond,q3635,,sprint,d,mobile
1550715313874,submit,b2167,,sprint,,mobile
1550715313936,enter,e2167,,sprint,,mobile
1550715325622,quit,e2167,,sprint,,mobile
1550732411162,enter,b4786,,sprint,,mobile
1550732432033,respond,q6254,,sprint,b,mobile
1550732435872,submit,b4786,,sprint,,mobile
1550732435936,enter,e4786,,sprint,,mobile
1550732457564,quit,e4786,,sprint,,mobile
1550732457620,enter,b3185,,sprint,,mobile
1550732462369,respond,q4653,,sprint,c,mobile
1550732464880,submit,b3185,,sprint,,mobile
1550732464936,enter,e3185,,sprint,,mobile
1550732470967,quit,e3185,,sprint,,mobile
1550732471022,enter,b3299,,sprint,,mobile
1550732480281,respond,q4767,,sprint,d,mobile
1550732484428,submit,b3299,,sprint,,mobile
1550732484482,enter,e3299,,sprint,,mobile
1550732495245,quit,e3299,,sprint,,mobile
1550732499870,enter,b7291,,sprint,,mobile
1550732517623,respond,q9940,,sprint,c,mobile
1550732520777,submit,b7291,,sprint,,mobile
1550732520843,enter,e7291,,sprint,,mobile
1550732530891,quit,e7291,,sprint,,mobile
1550733083520,enter,b3848,,sprint,,mobile
1550733113661,respond,q5316,,sprint,c,mobile
1550733116166,respond,q5316,,sprint,a,mobile
1550733119414,submit,b3848,,sprint,,mobile
1550733119470,enter,e3848,,sprint,,mobile
1550733131733,quit,e3848,,sprint,,mobile
1550733131782,enter,b3019,,sprint,,mobile
1550733153851,respond,q4487,,sprint,d,mobile
1550733158080,submit,b3019,,sprint,,mobile
1550733158136,enter,e3019,,sprint,,mobile
1550733174569,quit,e3019,,sprint,,mobile
1550733174623,enter,b4791,,sprint,,mobile
1550733194641,respond,q6259,,sprint,c,mobile
1550733196913,submit,b4791,,sprint,,mobile
1550733196964,enter,e4791,,sprint,,mobile
1550733201126,quit,e4791,,sprint,,mobile
1550733201168,enter,b7046,,sprint,,mobile
1550733203938,respond,q9695,,sprint,a,mobile
1550733206341,submit,b7046,,sprint,,mobile
1550733206391,enter,e7046,,sprint,,mobile
1550733207613,quit,e7046,,sprint,,mobile
1550733516167,enter,b3799,,sprint,,mobile
1550733537805,erase_choice,q5267,,sprint,d,mobile
1550733545019,respond,q5267,,sprint,b,mobile
1550733547738,submit,b3799,,sprint,,mobile
1550733547798,enter,e3799,,sprint,,mobile
1550733556966,quit,e3799,,sprint,,mobile
1550733557021,enter,b4720,,sprint,,mobile
1550733562375,respond,q6188,,sprint,b,mobile
1550733564719,submit,b4720,,sprint,,mobile
1550733564790,enter,e4720,,sprint,,mobile
1550733572911,quit,e4720,,sprint,,mobile
1550806403965,enter,b4635,,sprint,,mobile
1550806419772,respond,q6103,,sprint,d,mobile
1550806421772,erase_choice,q6103,,sprint,b,mobile
1550806422055,erase_choice,q6103,,sprint,a,mobile
1550806422765,respond,q6103,,sprint,d,mobile
1550806428875,submit,b4635,,sprint,,mobile
1550806428953,enter,e4635,,sprint,,mobile
1550806440611,quit,e4635,,sprint,,mobile
1550823323597,enter,e4635,,sprint,,mobile
1550823330912,quit,e4635,,sprint,,mobile
1550823330984,enter,b6787,,sprint,,mobile
1550823347445,respond,q9436,,sprint,c,mobile
1550823352679,submit,b6787,,sprint,,mobile
1550823352728,enter,e6787,,sprint,,mobile
1550823354031,quit,e6787,,sprint,,mobile
1550931290166,enter,e6787,,sprint,,mobile
1550931295757,quit,e6787,,sprint,,mobile
1550931295828,enter,b3948,,sprint,,mobile
1550931315482,respond,q5416,,sprint,c,mobile
1550931318069,submit,b3948,,sprint,,mobile
1550931318136,enter,e3948,,sprint,,mobile
1550931349211,quit,e3948,,sprint,,mobile
1550931349317,enter,b2230,,sprint,,mobile
1550931366371,respond,q3698,,sprint,d,mobile
1550931368287,respond,q3698,,sprint,b,mobile
1550931376705,respond,q3698,,sprint,a,mobile
1550931377280,respond,q3698,,sprint,c,mobile
1550931377773,respond,q3698,,sprint,d,mobile
1550931378384,respond,q3698,,sprint,a,mobile
1550931381447,submit,b2230,,sprint,,mobile
1550931381512,enter,e2230,,sprint,,mobile
1550931391492,quit,e2230,,sprint,,mobile
1550931391548,enter,b4561,,sprint,,mobile
1550931407139,respond,q6029,,sprint,b,mobile
1550931408553,respond,q6029,,sprint,c,mobile
1550931413393,submit,b4561,,sprint,,mobile
1550931413436,enter,e4561,,sprint,,mobile
1550931429858,quit,e4561,,sprint,,mobile
1550931429923,enter,b6061,,sprint,,mobile
1550931436182,respond,q8710,,sprint,d,mobile
1550931437437,erase_choice,q8710,,sprint,d,mobile
1550931445655,erase_choice,q8710,,sprint,a,mobile
1550931451961,respond,q8710,,sprint,c,mobile
1550931455074,respond,q8710,,sprint,b,mobile
1550931457648,respond,q8710,,sprint,c,mobile
1550931460326,submit,b6061,,sprint,,mobile
1550931460399,enter,e6061,,sprint,,mobile
1550931472398,quit,e6061,,sprint,,mobile
1550931472465,enter,b4290,,sprint,,mobile
1550931479164,respond,q5758,,sprint,a,mobile
1550931482233,submit,b4290,,sprint,,mobile
1550931482305,enter,e4290,,sprint,,mobile
1550931502146,quit,e4290,,sprint,,mobile
1550931502206,enter,b3027,,sprint,,mobile
1550931515532,respond,q4495,,sprint,b,mobile
1550931519132,submit,b3027,,sprint,,mobile
1550931519183,enter,e3027,,sprint,,mobile
1550931540891,quit,e3027,,sprint,,mobile
1550931540957,enter,b2574,,sprint,,mobile
1550931561566,respond,q4042,,sprint,a,mobile
1550931564134,submit,b2574,,sprint,,mobile
1550931564202,enter,e2574,,sprint,,mobile
1550931582032,quit,e2574,,sprint,,mobile
1550931582123,enter,b6469,,sprint,,mobile
1550931593437,respond,q9118,,sprint,b,mobile
1550931597413,submit,b6469,,sprint,,mobile
1550931597474,enter,e6469,,sprint,,mobile
1550931617874,quit,e6469,,sprint,,mobile
1550931728631,enter,b3989,,sprint,,mobile
1550931734323,erase_choice,q5457,,sprint,b,mobile
1550931744292,respond,q5457,,sprint,a,mobile
1550931748342,submit,b3989,,sprint,,mobile
1550931748413,enter,e3989,,sprint,,mobile
1550931790307,quit,e3989,,sprint,,mobile
1550931790393,enter,b3377,,sprint,,mobile
1550931801363,respond,q4845,,sprint,d,mobile
1550931804431,submit,b3377,,sprint,,mobile
1550931804515,enter,e3377,,sprint,,mobile
1550931811613,quit,e3377,,sprint,,mobile
1550931858688,enter,b5133,,sprint,,mobile
1550931865783,erase_choice,q6727,,sprint,a,mobile
1550931867229,erase_choice,q6727,,sprint,b,mobile
1550931870759,respond,q6727,,sprint,d,mobile
1550931873934,submit,b5133,,sprint,,mobile
1550931874022,enter,e5133,,sprint,,mobile
1550931881460,quit,e5133,,sprint,,mobile
1550931881507,enter,b6802,,sprint,,mobile
1550931887795,respond,q9451,,sprint,b,mobile
1550931893717,submit,b6802,,sprint,,mobile
1550931893791,enter,e6802,,sprint,,mobile
1550931916357,quit,e6802,,sprint,,mobile
1550931916444,enter,b4909,,sprint,,mobile
1550931933561,respond,q6377,,sprint,d,mobile
1550931936222,submit,b4909,,sprint,,mobile
1550931936273,enter,e4909,,sprint,,mobile
1550931941035,quit,e4909,,sprint,,mobile
1550932088649,enter,b4661,,sprint,,mobile
1550932092467,erase_choice,q6129,,sprint,d,mobile
1550932103390,respond,q6129,,sprint,a,mobile
1550932107186,submit,b4661,,sprint,,mobile
1550932107266,enter,e4661,,sprint,,mobile
1550932125583,quit,e4661,,sprint,,mobile
1550932125669,enter,b3330,,sprint,,mobile
1550932136069,respond,q4798,,sprint,d,mobile
1550932140165,submit,b3330,,sprint,,mobile
1550932140227,enter,e3330,,sprint,,mobile
1550932157529,quit,e3330,,sprint,,mobile
1550932157593,enter,b6751,,sprint,,mobile
1550932163647,respond,q9400,,sprint,a,mobile
1550932166991,respond,q9400,,sprint,c,mobile
1550932174032,respond,q9400,,sprint,b,mobile
1550932174281,respond,q9400,,sprint,a,mobile
1550932176160,submit,b6751,,sprint,,mobile
1550932176219,enter,e6751,,sprint,,mobile
1550932186721,quit,e6751,,sprint,,mobile
1550932186816,enter,b6930,,sprint,,mobile
1550932197235,respond,q9579,,sprint,b,mobile
1550932201846,submit,b6930,,sprint,,mobile
1550932201925,enter,e6930,,sprint,,mobile
1550932208815,quit,e6930,,sprint,,mobile
1550932208894,enter,b3636,,sprint,,mobile
1550932217238,respond,q5104,,sprint,b,mobile
1550932218825,respond,q5104,,sprint,d,mobile
1550932224926,submit,b3636,,sprint,,mobile
1550932224997,enter,e3636,,sprint,,mobile
1550932230180,quit,e3636,,sprint,,mobile
1551070647820,enter,b3597,,sprint,,mobile
1551070659128,respond,q5065,,sprint,c,mobile
1551070663001,submit,b3597,,sprint,,mobile
1551070663069,enter,e3597,,sprint,,mobile
1551070687005,quit,e3597,,sprint,,mobile
1551070687066,enter,b5672,,sprint,,mobile
1551070702553,respond,q8201,,sprint,c,mobile
1551070706128,submit,b5672,,sprint,,mobile
1551070706188,enter,e5672,,sprint,,mobile
1551070708979,quit,e5672,,sprint,,mobile
1551070812389,enter,b3025,,sprint,,mobile
1551070829780,respond,q4493,,sprint,d,mobile
1551070833717,submit,b3025,,sprint,,mobile
1551070833772,enter,e3025,,sprint,,mobile
1551070860172,quit,e3025,,sprint,,mobile
1551070860228,enter,b4963,,sprint,,mobile
1551070866711,respond,q6431,,sprint,c,mobile
1551070872577,respond,q6431,,sprint,d,mobile
1551070875236,respond,q6431,,sprint,b,mobile
1551070876591,respond,q6431,,sprint,a,mobile
1551070879726,respond,q6431,,sprint,c,mobile
1551070882813,submit,b4963,,sprint,,mobile
1551070882850,enter,e4963,,sprint,,mobile
1551070892798,quit,e4963,,sprint,,mobile
1551070892854,enter,b3114,,sprint,,mobile
1551070904965,respond,q4582,,sprint,c,mobile
1551070908108,respond,q4582,,sprint,d,mobile
1551070911000,respond,q4582,,sprint,b,mobile
1551070916007,submit,b3114,,sprint,,mobile
1551070916057,enter,e3114,,sprint,,mobile
1551070934337,quit,e3114,,sprint,,mobile
1551070934402,enter,b6371,,sprint,,mobile
1551070954706,erase_choice,q9020,,sprint,b,mobile
1551070959913,respond,q9020,,sprint,c,mobile
1551070962631,submit,b6371,,sprint,,mobile
1551070962687,enter,e6371,,sprint,,mobile
1551070972682,quit,e6371,,sprint,,mobile
1551070972738,enter,b2331,,sprint,,mobile
1551070985628,respond,q3799,,sprint,a,mobile
1551070987995,respond,q3799,,sprint,d,mobile
1551070990819,submit,b2331,,sprint,,mobile
1551070990877,enter,e2331,,sprint,,mobile
1551071003492,quit,e2331,,sprint,,mobile
1551071003553,enter,b4594,,sprint,,mobile
1551071017920,erase_choice,q6062,,sprint,c,mobile
1551071021800,respond,q6062,,sprint,a,mobile
1551071024729,submit,b4594,,sprint,,mobile
1551071024780,enter,e4594,,sprint,,mobile
1551071063206,quit,e4594,,sprint,,mobile
1551071063246,enter,b3112,,sprint,,mobile
1551071071126,respond,q4580,,sprint,a,mobile
1551071071791,respond,q4580,,sprint,b,mobile
1551071074744,respond,q4580,,sprint,c,mobile
1551071077482,submit,b3112,,sprint,,mobile
1551071077534,enter,e3112,,sprint,,mobile
1551071085417,quit,e3112,,sprint,,mobile
1551071085470,enter,b6743,,sprint,,mobile
1551071100534,respond,q9392,,sprint,a,mobile
1551071103583,submit,b6743,,sprint,,mobile
1551071103625,enter,e6743,,sprint,,mobile
1551071127930,quit,e6743,,sprint,,mobile
1551138095257,enter,b4864,,sprint,,mobile
1551138102497,respond,q6332,,sprint,b,mobile
1551138105109,respond,q6332,,sprint,c,mobile
1551138108961,submit,b4864,,sprint,,mobile
1551138109030,enter,e4864,,sprint,,mobile
1551138110796,quit,e4864,,sprint,,mobile
1551139127025,enter,e4864,,sprint,,mobile
1551139132471,quit,e4864,,sprint,,mobile
1551139132535,enter,b4557,,sprint,,mobile
1551139148247,respond,q6025,,sprint,d,mobile
1551139154533,submit,b4557,,sprint,,mobile
1551139154584,enter,e4557,,sprint,,mobile
1551139167234,quit,e4557,,sprint,,mobile
1551139167288,enter,b4859,,sprint,,mobile
1551139182099,respond,q6327,,sprint,a,mobile
1551139185897,submit,b4859,,sprint,,mobile
1551139185942,enter,e4859,,sprint,,mobile
1551139194132,quit,e4859,,sprint,,mobile
1551139194178,enter,b6397,,sprint,,mobile
1551139199215,respond,q9046,,sprint,a,mobile
1551139204934,submit,b6397,,sprint,,mobile
1551139204993,enter,e6397,,sprint,,mobile
1551139210436,quit,e6397,,sprint,,mobile
1551139273199,enter,b3581,,sprint,,mobile
1551139274493,respond,q5049,,sprint,a,mobile
1551139277502,submit,b3581,,sprint,,mobile
1551139277547,enter,e3581,,sprint,,mobile
1551139288403,quit,e3581,,sprint,,mobile
1551139288447,enter,b4621,,sprint,,mobile
1551139323923,respond,q6089,,sprint,a,mobile
1551139325110,respond,q6089,,sprint,b,mobile
1551139326032,erase_choice,q6089,,sprint,c,mobile
1551139326348,respond,q6089,,sprint,d,mobile
1551139328511,erase_choice,q6089,,sprint,c,mobile
1551139328880,erase_choice,q6089,,sprint,d,mobile
1551139329393,respond,q6089,,sprint,a,mobile
1551139330080,respond,q6089,,sprint,b,mobile
1551139331978,respond,q6089,,sprint,a,mobile
1551139334356,submit,b4621,,sprint,,mobile
1551139334419,enter,e4621,,sprint,,mobile
1551139341833,quit,e4621,,sprint,,mobile
1551139380123,enter,b4805,,sprint,,mobile
1551139380747,respond,q6273,,sprint,b,mobile
1551139383953,submit,b4805,,sprint,,mobile
1551139384010,enter,e4805,,sprint,,mobile
1551139390482,quit,e4805,,sprint,,mobile
1551139390533,enter,b6193,,sprint,,mobile
1551139395815,erase_choice,q8842,,sprint,c,mobile
1551139406097,respond,q8842,,sprint,b,mobile
1551139408822,submit,b6193,,sprint,,mobile
1551139408863,enter,e6193,,sprint,,mobile
1551139420260,quit,e6193,,sprint,,mobile
1551139420316,enter,b3325,,sprint,,mobile
1551139428656,respond,q4793,,sprint,c,mobile
1551139430996,submit,b3325,,sprint,,mobile
1551139431051,enter,e3325,,sprint,,mobile
1551139443927,quit,e3325,,sprint,,mobile
1551139443984,enter,b5781,,sprint,,mobile
1551139459542,respond,q8430,,sprint,b,mobile
1551139462579,submit,b5781,,sprint,,mobile
1551139462639,enter,e5781,,sprint,,mobile
1551139467679,quit,e5781,,sprint,,mobile
1551328589437,enter,b2765,,sprint,,mobile
1551328597675,respond,q4233,,sprint,b,mobile
1551328601917,submit,b2765,,sprint,,mobile
1551328601987,enter,e2765,,sprint,,mobile
1551328607244,quit,e2765,,sprint,,mobile
1551328607301,enter,b7407,,sprint,,mobile
1551328621171,respond,q10056,,sprint,c,mobile
1551328623469,submit,b7407,,sprint,,mobile
1551328662190,enter,b7407,,sprint,,mobile
1551328664121,respond,q10056,,sprint,d,mobile
1551328666471,submit,b7407,,sprint,,mobile
1551328666542,enter,e7407,,sprint,,mobile
1551328687174,quit,e7407,,sprint,,mobile
1551328687250,enter,b5057,,sprint,,mobile
1551328699416,erase_choice,q6525,,sprint,a,mobile
1551328703672,respond,q6525,,sprint,c,mobile
1551328706626,submit,b5057,,sprint,,mobile
1551328706667,enter,e5057,,sprint,,mobile
1551328709246,quit,e5057,,sprint,,mobile
1551328803996,enter,b4858,,sprint,,mobile
1551328833328,respond,q6326,,sprint,c,mobile
1551328833840,respond,q6326,,sprint,b,mobile
1551328837836,submit,b4858,,sprint,,mobile
1551328837894,enter,e4858,,sprint,,mobile
1551328844534,quit,e4858,,sprint,,mobile
1551328844594,enter,b4589,,sprint,,mobile
1551328860777,respond,q6057,,sprint,c,mobile
1551328864351,submit,b4589,,sprint,,mobile
1551328864407,enter,e4589,,sprint,,mobile
1551328875859,quit,e4589,,sprint,,mobile
1551328937324,enter,b6063,,sprint,,mobile
1551328945229,respond,q8712,,sprint,b,mobile
1551328949324,submit,b6063,,sprint,,mobile
1551328949380,enter,e6063,,sprint,,mobile
1551328953973,quit,e6063,,sprint,,mobile
1551328954028,enter,b5136,,sprint,,mobile
1551328981211,respond,q6730,,sprint,c,mobile
1551328986308,submit,b5136,,sprint,,mobile
1551328986362,enter,e5136,,sprint,,mobile
1551328995154,quit,e5136,,sprint,,mobile
1551328995213,enter,b2183,,sprint,,mobile
1551328998979,respond,q3651,,sprint,b,mobile
1551329001793,submit,b2183,,sprint,,mobile
1551329001857,enter,e2183,,sprint,,mobile
1551329007325,quit,e2183,,sprint,,mobile
1551329007379,enter,b5130,,sprint,,mobile
1551329022391,respond,q6724,,sprint,a,mobile
1551329024765,submit,b5130,,sprint,,mobile
1551329024824,enter,e5130,,sprint,,mobile
1551329029109,quit,e5130,,sprint,,mobile
1551329029164,enter,b6265,,sprint,,mobile
1551329053636,respond,q8914,,sprint,b,mobile
1551329055642,respond,q8914,,sprint,a,mobile
1551329058166,submit,b6265,,sprint,,mobile
1551329058222,enter,e6265,,sprint,,mobile
1551329064822,quit,e6265,,sprint,,mobile
1551329069735,enter,e5136,,sprint,,mobile
1551329071964,quit,e5136,,sprint,,mobile
1551329074649,enter,e4858,,sprint,,mobile
1551329076527,quit,e4858,,sprint,,mobile
1551329078655,enter,e7407,,sprint,,mobile
1551329101440,quit,e7407,,sprint,,mobile
1551440977586,enter,b3844,,sprint,,mobile
1551440995400,respond,q5312,,sprint,d,mobile
1551441006115,submit,b3844,,sprint,,mobile
1551441006178,enter,e3844,,sprint,,mobile
1551441030463,quit,e3844,,sprint,,mobile
1551441060364,enter,b3073,,sprint,,mobile
1551441070775,erase_choice,q4541,,sprint,a,mobile
1551441071347,erase_choice,q4541,,sprint,d,mobile
1551441077542,respond,q4541,,sprint,a,mobile
1551441078025,respond,q4541,,sprint,b,mobile
1551441079074,erase_choice,q4541,,sprint,a,mobile
1551441079908,respond,q4541,,sprint,b,mobile
1551441083323,submit,b3073,,sprint,,mobile
1551441083394,enter,e3073,,sprint,,mobile
1551441106593,quit,e3073,,sprint,,mobile
1551441106652,enter,b4624,,sprint,,mobile
1551441128816,erase_choice,q6092,,sprint,b,mobile
1551441129761,erase_choice,q6092,,sprint,a,mobile
1551441134665,respond,q6092,,sprint,c,mobile
1551441137509,submit,b4624,,sprint,,mobile
1551441137561,enter,e4624,,sprint,,mobile
1551441149950,quit,e4624,,sprint,,mobile
1551441251723,enter,b6539,,sprint,,mobile
1551441253698,erase_choice,q9188,,sprint,b,mobile
1551441254515,erase_choice,q9188,,sprint,a,mobile
1551441255681,respond,q9188,,sprint,c,mobile
1551441256240,respond,q9188,,sprint,d,mobile
1551441259211,submit,b6539,,sprint,,mobile
1551441259269,enter,e6539,,sprint,,mobile
1551441288389,quit,e6539,,sprint,,mobile
1551441301115,enter,b2594,,sprint,,mobile
1551441329895,erase_choice,q4062,,sprint,d,mobile
1551441334682,respond,q4062,,sprint,b,mobile
1551441338223,submit,b2594,,sprint,,mobile
1551441338277,enter,e2594,,sprint,,mobile
1551441373442,quit,e2594,,sprint,,mobile
1551441373504,enter,b4945,,sprint,,mobile
1551441398621,respond,q6413,,sprint,b,mobile
1551441405398,respond,q6413,,sprint,a,mobile
1551441407807,submit,b4945,,sprint,,mobile
1551441407866,enter,e4945,,sprint,,mobile
1551441421870,quit,e4945,,sprint,,mobile
1551441421927,enter,b3932,,sprint,,mobile
1551441441282,respond,q5400,,sprint,a,mobile
1551441453665,submit,b3932,,sprint,,mobile
1551441453715,enter,e3932,,sprint,,mobile
1551441467658,quit,e3932,,sprint,,mobile
1551441467716,enter,b6472,,sprint,,mobile
1551441483910,erase_choice,q9121,,sprint,c,mobile
1551441490786,respond,q9121,,sprint,b,mobile
1551441493543,submit,b6472,,sprint,,mobile
1551441493586,enter,e6472,,sprint,,mobile
1551441501849,quit,e6472,,sprint,,mobile
1551441501901,enter,b4259,,sprint,,mobile
1551441519493,erase_choice,q5727,,sprint,c,mobile
1551441521498,respond,q5727,,sprint,b,mobile
1551441526394,respond,q5727,,sprint,d,mobile
1551441528720,submit,b4259,,sprint,,mobile
1551441528775,enter,e4259,,sprint,,mobile
1551441547165,quit,e4259,,sprint,,mobile
1551441547224,enter,b4436,,sprint,,mobile
1551441560349,respond,q5904,,sprint,c,mobile
1551441563050,submit,b4436,,sprint,,mobile
1551441563113,enter,e4436,,sprint,,mobile
1551441569742,quit,e4436,,sprint,,mobile
1551441574284,enter,e4259,,sprint,,mobile
1551441576500,quit,e4259,,sprint,,mobile
1551441577798,enter,e3932,,sprint,,mobile
1551441579908,quit,e3932,,sprint,,mobile
1551441582660,enter,e3932,,sprint,,mobile
1551441584699,quit,e3932,,sprint,,mobile
1551441586413,enter,e4259,,sprint,,mobile
1551441588779,quit,e4259,,sprint,,mobile
1551441589611,enter,e6472,,sprint,,mobile
1551441591410,quit,e6472,,sprint,,mobile
1551441593717,enter,e4945,,sprint,,mobile
1551441596193,quit,e4945,,sprint,,mobile
1551441598413,enter,e2594,,sprint,,mobile
1551441601788,quit,e2594,,sprint,,mobile
1551684702579,enter,b4870,,sprint,,mobile
1551684738640,respond,q6338,,sprint,a,mobile
1551684742117,submit,b4870,,sprint,,mobile
1551684742197,enter,e4870,,sprint,,mobile
1551684772623,quit,e4870,,sprint,,mobile
1551684772696,enter,b6347,,sprint,,mobile
1551684787828,erase_choice,q8996,,sprint,d,mobile
1551684793864,submit,b6347,,sprint,,mobile
1551684797052,enter,b6347,,sprint,,mobile
1551684809352,respond,q8996,,sprint,a,mobile
1551684811956,submit,b6347,,sprint,,mobile
1551684812032,enter,e6347,,sprint,,mobile
1551684825436,quit,e6347,,sprint,,mobile
1551684825495,enter,b4862,,sprint,,mobile
1551684837348,erase_choice,q6330,,sprint,a,mobile
1551684861095,respond,q6330,,sprint,c,mobile
1551684865141,submit,b4862,,sprint,,mobile
1551684865195,enter,e4862,,sprint,,mobile
1551684874002,quit,e4862,,sprint,,mobile
1551684874056,enter,b2342,,sprint,,mobile
1551684879035,respond,q3810,,sprint,b,mobile
1551684879696,respond,q3810,,sprint,c,mobile
1551684882308,submit,b2342,,sprint,,mobile
1551684882370,enter,e2342,,sprint,,mobile
1551684885575,quit,e2342,,sprint,,mobile
1551743615205,enter,e2342,,sprint,,mobile
1551743620968,quit,e2342,,sprint,,mobile
1551743621027,enter,b2869,,sprint,,mobile
1551743624235,erase_choice,q4337,,sprint,a,mobile
1551743626499,respond,q4337,,sprint,b,mobile
1551743628959,submit,b2869,,sprint,,mobile
1551743629028,enter,e2869,,sprint,,mobile
1551743634638,quit,e2869,,sprint,,mobile
1551743679312,enter,b7525,,sprint,,mobile
1551743680060,erase_choice,q10174,,sprint,d,mobile
1551743682604,submit,b7525,,sprint,,mobile
1551743695528,enter,b7525,,sprint,,mobile
1551743696995,erase_choice,q10174,,sprint,c,mobile
1551743699899,respond,q10174,,sprint,b,mobile
1551743702458,submit,b7525,,sprint,,mobile
1551743702563,enter,e7525,,sprint,,mobile
1551743726172,quit,e7525,,sprint,,mobile
1551743726227,enter,b2665,,sprint,,mobile
1551743753834,respond,q4133,,sprint,b,mobile
1551743758270,submit,b2665,,sprint,,mobile
1551743758335,enter,e2665,,sprint,,mobile
1551743767883,quit,e2665,,sprint,,mobile
1551743767937,enter,b4485,,sprint,,mobile
1551743787580,respond,q5953,,sprint,a,mobile
1551743790391,submit,b4485,,sprint,,mobile
1551743790452,enter,e4485,,sprint,,mobile
1551743796020,quit,e4485,,sprint,,mobile
1551743796080,enter,b4879,,sprint,,mobile
1551743806161,respond,q6347,,sprint,b,mobile
1551743813995,respond,q6347,,sprint,d,mobile
1551743817533,respond,q6347,,sprint,b,mobile
1551743818182,respond,q6347,,sprint,d,mobile
1551743820757,submit,b4879,,sprint,,mobile
1551743820811,enter,e4879,,sprint,,mobile
1551743830567,quit,e4879,,sprint,,mobile
1551743830632,enter,b6361,,sprint,,mobile
1551743852440,respond,q9010,,sprint,b,mobile
1551743855905,submit,b6361,,sprint,,mobile
1551743855963,enter,e6361,,sprint,,mobile
1551743862160,quit,e6361,,sprint,,mobile
1551744471159,enter,b5073,,sprint,,mobile
1551744484431,erase_choice,q6541,,sprint,d,mobile
1551744485572,respond,q6541,,sprint,d,mobile
1551744488619,submit,b5073,,sprint,,mobile
1551744488677,enter,e5073,,sprint,,mobile
1551744501748,quit,e5073,,sprint,,mobile
1551744501805,enter,b4267,,sprint,,mobile
1551744531882,respond,q5735,,sprint,d,mobile
1551744535902,erase_choice,q5735,,sprint,d,mobile
1551744538085,respond,q5735,,sprint,b,mobile
1551744540753,submit,b4267,,sprint,,mobile
1551744540800,enter,e4267,,sprint,,mobile
1551744544131,quit,e4267,,sprint,,mobile
1551745783967,enter,b2826,,sprint,,mobile
1551745812868,respond,q4294,,sprint,c,mobile
1551745815690,submit,b2826,,sprint,,mobile
1551745815747,enter,e2826,,sprint,,mobile
1551745818297,quit,e2826,,sprint,,mobile
1551745914343,enter,b6496,,sprint,,mobile
1551745929683,respond,q9145,,sprint,b,mobile
1551745933390,submit,b6496,,sprint,,mobile
1551745933451,enter,e6496,,sprint,,mobile
1551745938711,quit,e6496,,sprint,,mobile
1551746015826,enter,b4528,,sprint,,mobile
1551746021497,respond,q5996,,sprint,a,mobile
1551746024603,submit,b4528,,sprint,,mobile
1551746024652,enter,e4528,,sprint,,mobile
1551746027405,quit,e4528,,sprint,,mobile
1551746076978,enter,b3890,,sprint,,mobile
1551746094263,respond,q5358,,sprint,d,mobile
1551746096767,submit,b3890,,sprint,,mobile
1551746096811,enter,e3890,,sprint,,mobile
1551746100822,quit,e3890,,sprint,,mobile
1551746172829,enter,b4205,,sprint,,mobile
1551746187141,erase_choice,q5673,,sprint,d,mobile
1551746189437,erase_choice,q5673,,sprint,b,mobile
1551746199241,respond,q5673,,sprint,a,mobile
1551746201600,submit,b4205,,sprint,,mobile
1551746201652,enter,e4205,,sprint,,mobile
1551746206264,quit,e4205,,sprint,,mobile
1551746206320,enter,b5729,,sprint,,mobile
1551746224972,respond,q8378,,sprint,c,mobile
1551746229552,respond,q8378,,sprint,b,mobile
1551746230721,respond,q8378,,sprint,c,mobile
1551746231837,respond,q8378,,sprint,d,mobile
1551746234079,submit,b5729,,sprint,,mobile
1551746234141,enter,e5729,,sprint,,mobile
1551746244579,quit,e5729,,sprint,,mobile
1551746244646,enter,b3602,,sprint,,mobile
1551746250307,erase_choice,q5070,,sprint,b,mobile
1551746259988,erase_choice,q5070,,sprint,c,mobile
1551746264252,respond,q5070,,sprint,a,mobile
1551746267029,submit,b3602,,sprint,,mobile
1551746267081,enter,e3602,,sprint,,mobile
1551746277504,quit,e3602,,sprint,,mobile
1551746277550,enter,b2691,,sprint,,mobile
1551746288203,erase_choice,q4159,,sprint,a,mobile
1551746288668,erase_choice,q4159,,sprint,c,mobile
1551746292185,respond,q4159,,sprint,b,mobile
1551746297345,submit,b2691,,sprint,,mobile
1551746297402,enter,e2691,,sprint,,mobile
1551746301201,quit,e2691,,sprint,,mobile
1551746305398,enter,e3602,,sprint,,mobile
1551746307472,quit,e3602,,sprint,,mobile
1551746309002,enter,e3602,,sprint,,mobile
1551746316726,quit,e3602,,sprint,,mobile
1551746318758,enter,e5729,,sprint,,mobile
1551746322850,quit,e5729,,sprint,,mobile
1551746328831,enter,e4267,,sprint,,mobile
1551746334073,quit,e4267,,sprint,,mobile
1551746335867,enter,e5073,,sprint,,mobile
1551746346645,quit,e5073,,sprint,,mobile
1551919452637,enter,b2157,,sprint,,mobile
1551919453288,respond,q3625,,sprint,a,mobile
1551919455799,submit,b2157,,sprint,,mobile
1551919455861,enter,e2157,,sprint,,mobile
1551919469358,quit,e2157,,sprint,,mobile
1551919520158,enter,b6399,,sprint,,mobile
1551919532699,erase_choice,q9048,,sprint,c,mobile
1551919533990,erase_choice,q9048,,sprint,b,mobile
1551919535487,respond,q9048,,sprint,d,mobile
1551919537906,submit,b6399,,sprint,,mobile
1551919537967,enter,e6399,,sprint,,mobile
1551919578264,quit,e6399,,sprint,,mobile
1551919578319,enter,b4694,,sprint,,mobile
1551919591658,erase_choice,q6162,,sprint,d,mobile
1551919593948,respond,q6162,,sprint,b,mobile
1551919597780,submit,b4694,,sprint,,mobile
1551919597834,enter,e4694,,sprint,,mobile
1551919604077,quit,e4694,,sprint,,mobile
1551919683583,enter,b4595,,sprint,,mobile
1551919694638,erase_choice,q6063,,sprint,d,mobile
1551919700649,erase_choice,q6063,,sprint,c,mobile
1551919702363,respond,q6063,,sprint,b,mobile
1551919710300,submit,b4595,,sprint,,mobile
1551919710351,enter,e4595,,sprint,,mobile
1551919723355,quit,e4595,,sprint,,mobile
1551919723411,enter,b2704,,sprint,,mobile
1551919739214,respond,q4172,,sprint,b,mobile
1551919742741,submit,b2704,,sprint,,mobile
1551919742798,enter,e2704,,sprint,,mobile
1551919748219,quit,e2704,,sprint,,mobile
1551919748276,enter,b7554,,sprint,,mobile
1551919752572,respond,q10203,,sprint,b,mobile
1551919754841,submit,b7554,,sprint,,mobile
1551919754883,enter,e7554,,sprint,,mobile
1551919759189,quit,e7554,,sprint,,mobile
1551919759248,enter,b2840,,sprint,,mobile
1551919768732,respond,q4308,,sprint,d,mobile
1551919771696,erase_choice,q4308,,sprint,b,mobile
1551919775912,respond,q4308,,sprint,c,mobile
1551919780471,submit,b2840,,sprint,,mobile
1551919780522,enter,e2840,,sprint,,mobile
1551919786733,quit,e2840,,sprint,,mobile
1551919786785,enter,b3820,,sprint,,mobile
1551919792754,erase_choice,q5288,,sprint,d,mobile
1551919797099,erase_choice,q5288,,sprint,c,mobile
1551919798315,respond,q5288,,sprint,c,mobile
1551919800783,submit,b3820,,sprint,,mobile
1551919800821,enter,e3820,,sprint,,mobile
1551919810713,quit,e3820,,sprint,,mobile
1551919810770,enter,b3324,,sprint,,mobile
1551919832068,respond,q4792,,sprint,d,mobile
1551919834605,submit,b3324,,sprint,,mobile
1551919834658,enter,e3324,,sprint,,mobile
1551919846051,quit,e3324,,sprint,,mobile
1551919846107,enter,b6487,,sprint,,mobile
1551919867951,respond,q9136,,sprint,d,mobile
1551919868348,respond,q9136,,sprint,c,mobile
1551919870678,submit,b6487,,sprint,,mobile
1551919870731,enter,e6487,,sprint,,mobile
1551919908595,quit,e6487,,sprint,,mobile
1551919911296,enter,e6487,,sprint,,mobile
1551919927471,quit,e6487,,sprint,,mobile
1551920055778,enter,e6487,,sprint,,mobile
1551920060246,quit,e6487,,sprint,,mobile
1552006670957,enter,b4197,,sprint,,mobile
1552006693754,erase_choice,q5665,,sprint,c,mobile
1552006694783,respond,q5665,,sprint,d,mobile
1552006699564,respond,q5665,,sprint,b,mobile
1552006713267,respond,q5665,,sprint,d,mobile
1552006719008,submit,b4197,,sprint,,mobile
1552006719076,enter,e4197,,sprint,,mobile
1552006730957,quit,e4197,,sprint,,mobile
1552053740355,enter,e4197,,sprint,,mobile
1552053746523,quit,e4197,,sprint,,mobile
1552053746625,enter,b3415,,sprint,,mobile
1552053763643,respond,q4883,,sprint,b,mobile
1552053767415,submit,b3415,,sprint,,mobile
1552053767474,enter,e3415,,sprint,,mobile
1552053791643,quit,e3415,,sprint,,mobile
1552053791710,enter,b2692,,sprint,,mobile
1552053796359,respond,q4160,,sprint,a,mobile
1552053799347,submit,b2692,,sprint,,mobile
1552053799386,enter,e2692,,sprint,,mobile
1552053815480,quit,e2692,,sprint,,mobile
1552053815536,enter,b7225,,sprint,,mobile
1552053836117,respond,q9874,,sprint,a,mobile
1552053838746,submit,b7225,,sprint,,mobile
1552053838791,enter,e7225,,sprint,,mobile
1552053841747,quit,e7225,,sprint,,mobile
1552108863871,enter,e7225,,sprint,,mobile
1552108869311,quit,e7225,,sprint,,mobile
1552108869384,enter,b4177,,sprint,,mobile
1552108881313,respond,q5645,,sprint,d,mobile
1552108883724,submit,b4177,,sprint,,mobile
1552108883782,enter,e4177,,sprint,,mobile
1552108889476,quit,e4177,,sprint,,mobile
1552108889531,enter,b4757,,sprint,,mobile
1552108909291,respond,q6225,,sprint,a,mobile
1552108912279,submit,b4757,,sprint,,mobile
1552108912331,enter,e4757,,sprint,,mobile
1552108920775,quit,e4757,,sprint,,mobile
1552108920810,enter,b4234,,sprint,,mobile
1552108940214,erase_choice,q5702,,sprint,b,mobile
1552108944237,erase_choice,q5702,,sprint,c,mobile
1552108944820,respond,q5702,,sprint,a,mobile
1552108947596,submit,b4234,,sprint,,mobile
1552108947641,enter,e4234,,sprint,,mobile
1552108959051,quit,e4234,,sprint,,mobile
1552108959096,enter,b7623,,sprint,,mobile
1552108975042,respond,q10272,,sprint,d,mobile
1552108975740,erase_choice,q10272,,sprint,d,mobile
1552108978163,respond,q10272,,sprint,b,mobile
1552108981540,submit,b7623,,sprint,,mobile
1552108981580,enter,e7623,,sprint,,mobile
1552108988472,quit,e7623,,sprint,,mobile
1552108988526,enter,b3125,,sprint,,mobile
1552109019558,respond,q4593,,sprint,b,mobile
1552109020335,respond,q4593,,sprint,a,mobile
1552109024975,submit,b3125,,sprint,,mobile
1552109025023,enter,e3125,,sprint,,mobile
1552109032203,quit,e3125,,sprint,,mobile
1552109032257,enter,b3015,,sprint,,mobile
1552109043760,respond,q4483,,sprint,d,mobile
1552109046924,submit,b3015,,sprint,,mobile
1552109046964,enter,e3015,,sprint,,mobile
1552109051544,quit,e3015,,sprint,,mobile
1552109055648,enter,e4234,,sprint,,mobile
1552109069375,quit,e4234,,sprint,,mobile
1552109073849,enter,e4757,,sprint,,mobile
1552109085357,quit,e4757,,sprint,,mobile
1552109088039,enter,e4177,,sprint,,mobile
1552109095307,quit,e4177,,sprint,,mobile
1552109098738,enter,e2692,,sprint,,mobile
1552109100580,quit,e2692,,sprint,,mobile
1552109102353,enter,e2692,,sprint,,mobile
1552109104150,quit,e2692,,sprint,,mobile
1552109105121,enter,e7225,,sprint,,mobile
1552109106901,quit,e7225,,sprint,,mobile
1552109108692,enter,e3415,,sprint,,mobile
1552109111554,quit,e3415,,sprint,,mobile
1552109112895,enter,e3415,,sprint,,mobile
1552109122192,quit,e3415,,sprint,,mobile
1552109124406,enter,e3415,,sprint,,mobile
1552109126363,quit,e3415,,sprint,,mobile
1552109130727,enter,e7225,,sprint,,mobile
1552109145384,quit,e7225,,sprint,,mobile
1552223766422,enter,b4955,,sprint,,mobile
1552223778614,erase_choice,q6423,,sprint,a,mobile
1552223809220,respond,q6423,,sprint,a,mobile
1552223811902,erase_choice,q6423,,sprint,b,mobile
1552223813582,respond,q6423,,sprint,a,mobile
1552223817096,submit,b4955,,sprint,,mobile
1552223817181,enter,e4955,,sprint,,mobile
1552223827617,quit,e4955,,sprint,,mobile
1552223827696,enter,b7029,,sprint,,mobile
1552223858945,respond,q9678,,sprint,c,mobile
1552223861088,respond,q9678,,sprint,d,mobile
1552223871163,respond,q9678,,sprint,c,mobile
1552223873935,submit,b7029,,sprint,,mobile
1552223874026,enter,e7029,,sprint,,mobile
1552223883813,quit,e7029,,sprint,,mobile
1552223903694,enter,b3342,,sprint,,mobile
1552223923438,erase_choice,q4810,,sprint,d,mobile
1552223930527,respond,q4810,,sprint,a,mobile
1552223933275,submit,b3342,,sprint,,mobile
1552223933357,enter,e3342,,sprint,,mobile
1552223939750,quit,e3342,,sprint,,mobile
1552224066417,enter,b4927,,sprint,,mobile
1552224088080,respond,q6395,,sprint,b,mobile
1552224090117,erase_choice,q6395,,sprint,c,mobile
1552224090735,erase_choice,q6395,,sprint,a,mobile
1552224091499,respond,q6395,,sprint,b,mobile
1552224099607,submit,b4927,,sprint,,mobile
1552224099686,enter,e4927,,sprint,,mobile
1552224114522,quit,e4927,,sprint,,mobile
1552224114601,enter,b3029,,sprint,,mobile
1552224139964,respond,q4497,,sprint,b,mobile
1552224142815,submit,b3029,,sprint,,mobile
1552224142864,enter,e3029,,sprint,,mobile
1552224158269,quit,e3029,,sprint,,mobile
1552224158344,enter,b4364,,sprint,,mobile
1552224167511,respond,q5832,,sprint,b,mobile
1552224176737,submit,b4364,,sprint,,mobile
1552224176804,enter,e4364,,sprint,,mobile
1552224178870,quit,e4364,,sprint,,mobile
1552224268151,enter,b5060,,sprint,,mobile
1552224298871,respond,q6528,,sprint,a,mobile
1552224299815,respond,q6528,,sprint,b,mobile
1552224307206,submit,b5060,,sprint,,mobile
1552224307261,enter,e5060,,sprint,,mobile
1552224316282,quit,e5060,,sprint,,mobile
1552224316364,enter,b5018,,sprint,,mobile
1552224333268,respond,q6486,,sprint,a,mobile
1552224339151,submit,b5018,,sprint,,mobile
1552224339220,enter,e5018,,sprint,,mobile
1552224359078,quit,e5018,,sprint,,mobile
1552224359156,enter,b4612,,sprint,,mobile
1552224400819,erase_choice,q6080,,sprint,a,mobile
1552224408350,erase_choice,q6080,,sprint,d,mobile
1552224413510,respond,q6080,,sprint,a,mobile
1552224415388,submit,b4612,,sprint,,mobile
1552224415482,enter,e4612,,sprint,,mobile
1552224424006,quit,e4612,,sprint,,mobile
1552224424086,enter,b6360,,sprint,,mobile
1552224431940,respond,q9009,,sprint,a,mobile
1552224435111,submit,b6360,,sprint,,mobile
1552224435191,enter,e6360,,sprint,,mobile
1552224439380,quit,e6360,,sprint,,mobile
1552224712157,enter,b3766,,sprint,,mobile
1552224724509,respond,q5234,,sprint,a,mobile
1552224745843,submit,b3766,,sprint,,mobile
1552224745924,enter,e3766,,sprint,,mobile
1552224758613,quit,e3766,,sprint,,mobile
1552271435606,enter,e3766,,sprint,,mobile
1552271440590,quit,e3766,,sprint,,mobile
1552271440641,enter,b2828,,sprint,,mobile
1552271470576,respond,q4296,,sprint,d,mobile
1552271472745,submit,b2828,,sprint,,mobile
1552271472801,enter,e2828,,sprint,,mobile
1552271475104,quit,e2828,,sprint,,mobile
1552271722773,enter,b5044,,sprint,,mobile
1552271730640,erase_choice,q6512,,sprint,d,mobile
1552271733157,respond,q6512,,sprint,c,mobile
1552271736046,submit,b5044,,sprint,,mobile
1552271736103,enter,e5044,,sprint,,mobile
1552271749293,quit,e5044,,sprint,,mobile
1552271749384,enter,b6156,,sprint,,mobile
1552271772748,respond,q8805,,sprint,a,mobile
1552271775357,submit,b6156,,sprint,,mobile
1552271775420,enter,e6156,,sprint,,mobile
1552271780543,quit,e6156,,sprint,,mobile
1552271780597,enter,b4856,,sprint,,mobile
1552271796012,respond,q6324,,sprint,d,mobile
1552271798421,submit,b4856,,sprint,,mobile
1552271798479,enter,e4856,,sprint,,mobile
1552271808813,quit,e4856,,sprint,,mobile
1552271808867,enter,b3589,,sprint,,mobile
1552271831524,respond,q5057,,sprint,c,mobile
1552271834204,submit,b3589,,sprint,,mobile
1552271834264,enter,e3589,,sprint,,mobile
1552271841993,quit,e3589,,sprint,,mobile
1552271842055,enter,b4724,,sprint,,mobile
1552271863167,respond,q6192,,sprint,b,mobile
1552271865430,submit,b4724,,sprint,,mobile
1552271865489,enter,e4724,,sprint,,mobile
1552271871158,quit,e4724,,sprint,,mobile
1552271871216,enter,b7048,,sprint,,mobile
1552271889728,respond,q9697,,sprint,c,mobile
1552271891857,submit,b7048,,sprint,,mobile
1552271891902,enter,e7048,,sprint,,mobile
1552271903609,quit,e7048,,sprint,,mobile
1552271903667,enter,b3013,,sprint,,mobile
1552271917731,respond,q4481,,sprint,a,mobile
1552271923275,erase_choice,q4481,,sprint,a,mobile
1552271924223,respond,q4481,,sprint,c,mobile
1552271926437,submit,b3013,,sprint,,mobile
1552271926485,enter,e3013,,sprint,,mobile
1552271941408,quit,e3013,,sprint,,mobile
1552271941465,enter,b4299,,sprint,,mobile
1552271949876,respond,q5767,,sprint,d,mobile
1552271952328,submit,b4299,,sprint,,mobile
1552271952378,enter,e4299,,sprint,,mobile
1552271961770,quit,e4299,,sprint,,mobile
1552277111509,enter,b3929,,sprint,,mobile
1552277128407,respond,q5397,,sprint,b,mobile
1552277131139,submit,b3929,,sprint,,mobile
1552277131186,enter,e3929,,sprint,,mobile
1552277141988,quit,e3929,,sprint,,mobile
1552277142051,enter,b6152,,sprint,,mobile
1552277164423,respond,q8801,,sprint,a,mobile
1552277165756,erase_choice,q8801,,sprint,b,mobile
1552277166553,erase_choice,q8801,,sprint,d,mobile
1552277167248,respond,q8801,,sprint,a,mobile
1552277169025,submit,b6152,,sprint,,mobile
1552277169062,enter,e6152,,sprint,,mobile
1552277176912,quit,e6152,,sprint,,mobile
1552277176964,enter,b2199,,sprint,,mobile
1552277192185,respond,q3667,,sprint,c,mobile
1552277202014,submit,b2199,,sprint,,mobile
1552277202058,enter,e2199,,sprint,,mobile
1552277208077,quit,e2199,,sprint,,mobile
1552277208121,enter,b3913,,sprint,,mobile
1552277231227,respond,q5381,,sprint,d,mobile
1552277233331,respond,q5381,,sprint,b,mobile
1552277234848,respond,q5381,,sprint,a,mobile
1552277237249,submit,b3913,,sprint,,mobile
1552277237295,enter,e3913,,sprint,,mobile
1552277242451,quit,e3913,,sprint,,mobile
1552277242505,enter,b3584,,sprint,,mobile
1552277261059,respond,q5052,,sprint,b,mobile
1552277265142,respond,q5052,,sprint,c,mobile
1552277267871,respond,q5052,,sprint,d,mobile
1552277271479,submit,b3584,,sprint,,mobile
1552277271542,enter,e3584,,sprint,,mobile
1552277280391,quit,e3584,,sprint,,mobile
1552277280451,enter,b5881,,sprint,,mobile
1552277296678,erase_choice,q8530,,sprint,a,mobile
1552277311648,respond,q8530,,sprint,c,mobile
1552277313725,submit,b5881,,sprint,,mobile
1552277313777,enter,e5881,,sprint,,mobile
1552277320160,quit,e5881,,sprint,,mobile
1552277320212,enter,b4021,,sprint,,mobile
1552277326763,respond,q5489,,sprint,c,mobile
1552277328835,submit,b4021,,sprint,,mobile
1552277328880,enter,e4021,,sprint,,mobile
1552277336114,quit,e4021,,sprint,,mobile
1552277336168,enter,b3353,,sprint,,mobile
1552277357489,respond,q4821,,sprint,c,mobile
1552277360555,submit,b3353,,sprint,,mobile
1552277360603,enter,e3353,,sprint,,mobile
1552277362076,quit,e3353,,sprint,,mobile
1552277366562,enter,e3353,,sprint,,mobile
1552277404247,quit,e3353,,sprint,,mobile
1552277404295,enter,b3115,,sprint,,mobile
1552277412383,respond,q4583,,sprint,b,mobile
1552277414537,submit,b3115,,sprint,,mobile
1552277414582,enter,e3115,,sprint,,mobile
1552277420792,quit,e3115,,sprint,,mobile
1552277420830,enter,b6402,,sprint,,mobile
1552277423563,respond,q9051,,sprint,a,mobile
1552277424667,respond,q9051,,sprint,d,mobile
1552277434793,respond,q9051,,sprint,c,mobile
1552277437280,submit,b6402,,sprint,,mobile
1552277437334,enter,e6402,,sprint,,mobile
1552277442268,quit,e6402,,sprint,,mobile
1552611666447,enter,b2146,,sprint,,mobile
1552611672373,respond,q3614,,sprint,a,mobile
1552611673016,erase_choice,q3614,,sprint,b,mobile
1552611673319,erase_choice,q3614,,sprint,c,mobile
1552611673676,erase_choice,q3614,,sprint,d,mobile
1552611678062,submit,b2146,,sprint,,mobile
1552611678164,enter,e2146,,sprint,,mobile
1552611695855,quit,e2146,,sprint,,mobile
1552611695964,enter,b3614,,sprint,,mobile
1552611712081,respond,q5082,,sprint,a,mobile
1552611716564,submit,b3614,,sprint,,mobile
1552611716634,enter,e3614,,sprint,,mobile
1552611756005,quit,e3614,,sprint,,mobile
1552611756135,enter,b3147,,sprint,,mobile
1552611766431,erase_choice,q4615,,sprint,c,mobile
1552611836375,submit,b3147,,sprint,,mobile
1552611840274,enter,b3147,,sprint,,mobile
1552611856440,respond,q4615,,sprint,d,mobile
1552611860905,submit,b3147,,sprint,,mobile
1552611861006,enter,e3147,,sprint,,mobile
1552611874915,quit,e3147,,sprint,,mobile
1552611874990,enter,b5892,,sprint,,mobile
1552611901872,erase_choice,q8541,,sprint,b,mobile
1552611903186,respond,q8541,,sprint,c,mobile
1552611906284,submit,b5892,,sprint,,mobile
1552611906371,enter,e5892,,sprint,,mobile
1552612011442,quit,e5892,,sprint,,mobile
1552612011559,enter,b4006,,sprint,,mobile
1552612032577,respond,q5474,,sprint,d,mobile
1552612036679,submit,b4006,,sprint,,mobile
1552612036786,enter,e4006,,sprint,,mobile
1552612038164,quit,e4006,,sprint,,mobile
1552612130258,enter,b2592,,sprint,,mobile
1552612160533,respond,q4060,,sprint,d,mobile
1552612164313,submit,b2592,,sprint,,mobile
1552612164387,enter,e2592,,sprint,,mobile
1552612226054,quit,e2592,,sprint,,mobile
1552612226178,enter,b3857,,sprint,,mobile
1552612248996,respond,q5325,,sprint,a,mobile
1552612251087,respond,q5325,,sprint,c,mobile
1552612254000,submit,b3857,,sprint,,mobile
1552612254097,enter,e3857,,sprint,,mobile
1552612284795,quit,e3857,,sprint,,mobile
1552612284876,enter,b6408,,sprint,,mobile
1552612307428,respond,q9057,,sprint,c,mobile
1552612308109,respond,q9057,,sprint,d,mobile
1552612308556,respond,q9057,,sprint,c,mobile
1552612308877,respond,q9057,,sprint,d,mobile
1552612309093,respond,q9057,,sprint,c,mobile
1552612310124,submit,b6408,,sprint,,mobile
1552612331595,enter,e6408,,sprint,,mobile
1552612385090,quit,e6408,,sprint,,mobile
1552612385230,enter,b3836,,sprint,,mobile
1552612400179,respond,q5304,,sprint,b,mobile
1552612405279,submit,b3836,,sprint,,mobile
1552612405403,enter,e3836,,sprint,,mobile
1552612484799,quit,e3836,,sprint,,mobile
1552612484910,enter,b4860,,sprint,,mobile
1552612501600,respond,q6328,,sprint,a,mobile
1552612505517,respond,q6328,,sprint,c,mobile
1552612510124,submit,b4860,,sprint,,mobile
1552612510205,enter,e4860,,sprint,,mobile
1552612593365,quit,e4860,,sprint,,mobile
1552612678272,enter,b2457,,sprint,,mobile
1552612690732,respond,q3925,,sprint,a,mobile
1552612697306,submit,b2457,,sprint,,mobile
1552612697423,enter,e2457,,sprint,,mobile
1552612754790,quit,e2457,,sprint,,mobile
1552612791913,enter,b7109,,sprint,,mobile
1552612802522,erase_choice,q9758,,sprint,d,mobile
1552612804132,respond,q9758,,sprint,d,mobile
1552612807262,submit,b7109,,sprint,,mobile
1552612807338,enter,e7109,,sprint,,mobile
1552612809077,quit,e7109,,sprint,,mobile
1552613104394,enter,b3368,,sprint,,mobile
1552613130054,respond,q4836,,sprint,c,mobile
1552613135568,submit,b3368,,sprint,,mobile
1552613135668,enter,e3368,,sprint,,mobile
1552613174999,quit,e3368,,sprint,,mobile
1552613175090,enter,b4206,,sprint,,mobile
1552613187662,respond,q5674,,sprint,b,mobile
1552613192526,submit,b4206,,sprint,,mobile
1552613192631,enter,e4206,,sprint,,mobile
1552613217382,quit,e4206,,sprint,,mobile
1552613282092,enter,b3360,,sprint,,mobile
1552613283432,erase_choice,q4828,,sprint,d,mobile
1552613283987,erase_choice,q4828,,sprint,b,mobile
1552613289706,respond,q4828,,sprint,a,mobile
1552613293315,submit,b3360,,sprint,,mobile
1552613293388,enter,e3360,,sprint,,mobile
1552613309331,quit,e3360,,sprint,,mobile
1552613309437,enter,b7312,,sprint,,mobile
1552613334648,erase_choice,q9961,,sprint,d,mobile
1552613335887,respond,q9961,,sprint,a,mobile
1552613339418,submit,b7312,,sprint,,mobile
1552613339516,enter,e7312,,sprint,,mobile
1552613462790,quit,e7312,,sprint,,mobile
1552613470821,enter,b4287,,sprint,,mobile
1552613483610,respond,q5755,,sprint,b,mobile
1552613486969,submit,b4287,,sprint,,mobile
1552613487046,enter,e4287,,sprint,,mobile
1552613493776,quit,e4287,,sprint,,mobile
1552613493891,enter,b3106,,sprint,,mobile
1552613513819,respond,q4574,,sprint,b,mobile
1552613516676,submit,b3106,,sprint,,mobile
1552613516779,enter,e3106,,sprint,,mobile
1552613528606,quit,e3106,,sprint,,mobile
1552613528698,enter,b2830,,sprint,,mobile
1552613533137,respond,q4298,,sprint,a,mobile
1552613537162,submit,b2830,,sprint,,mobile
1552613537245,enter,e2830,,sprint,,mobile
1552613541777,quit,e2830,,sprint,,mobile
1552613541888,enter,b7106,,sprint,,mobile
1552613564775,respond,q9755,,sprint,b,mobile
1552613568502,submit,b7106,,sprint,,mobile
1552613568573,enter,e7106,,sprint,,mobile
1552613634400,quit,e7106,,sprint,,mobile
1552887127184,enter,b4999,,sprint,,mobile
1552887189333,erase_choice,q6467,,sprint,c,mobile
1552887211208,respond,q6467,,sprint,a,mobile
1552887219416,respond,q6467,,sprint,b,mobile
1552887223648,submit,b4999,,sprint,,mobile
1552887223781,enter,e4999,,sprint,,mobile
1552887239334,quit,e4999,,sprint,,mobile
1552887239449,enter,b4794,,sprint,,mobile
1552887242188,respond,q6262,,sprint,b,mobile
1552887245703,submit,b4794,,sprint,,mobile
1552887245781,enter,e4794,,sprint,,mobile
1552887252220,quit,e4794,,sprint,,mobile
1552887252325,enter,b3046,,sprint,,mobile
1552887274645,respond,q4514,,sprint,b,mobile
1552887278236,submit,b3046,,sprint,,mobile
1552887278313,enter,e3046,,sprint,,mobile
1552887288106,quit,e3046,,sprint,,mobile
1552887288211,enter,b5844,,sprint,,mobile
1552887307923,erase_choice,q8493,,sprint,c,mobile
1552887313587,respond,q8493,,sprint,d,mobile
1552887319412,submit,b5844,,sprint,,mobile
1552887319486,enter,e5844,,sprint,,mobile
1552887326356,quit,e5844,,sprint,,mobile
1552887326458,enter,b3404,,sprint,,mobile
1552887341715,respond,q4872,,sprint,d,mobile
1552887344795,submit,b3404,,sprint,,mobile
1552887344891,enter,e3404,,sprint,,mobile
1552887383477,quit,e3404,,sprint,,mobile
1552887461759,enter,b3007,,sprint,,mobile
1552887470237,respond,q4475,,sprint,d,mobile
1552887476375,submit,b3007,,sprint,,mobile
1552887476429,enter,e3007,,sprint,,mobile
1552887484911,quit,e3007,,sprint,,mobile
1552887485020,enter,b3885,,sprint,,mobile
1552887503867,respond,q5353,,sprint,b,mobile
1552887509578,respond,q5353,,sprint,d,mobile
1552887512968,submit,b3885,,sprint,,mobile
1552887513056,enter,e3885,,sprint,,mobile
1552887521797,quit,e3885,,sprint,,mobile
1552887521894,enter,b7464,,sprint,,mobile
1552887547848,respond,q10113,,sprint,d,mobile
1552887550273,submit,b7464,,sprint,,mobile
1552887550350,enter,e7464,,sprint,,mobile
1552887589168,quit,e7464,,sprint,,mobile
1552887589247,enter,b2549,,sprint,,mobile
1552887601281,respond,q4017,,sprint,b,mobile
1552887604982,submit,b2549,,sprint,,mobile
1552887605048,enter,e2549,,sprint,,mobile
1552887610823,quit,e2549,,sprint,,mobile
1552887610895,enter,b2639,,sprint,,mobile
1552887632169,respond,q4107,,sprint,a,mobile
1552887635779,submit,b2639,,sprint,,mobile
1552887635841,enter,e2639,,sprint,,mobile
1552887640299,quit,e2639,,sprint,,mobile
1553693561087,enter,b3011,,sprint,,mobile
1553693600026,respond,q4479,,sprint,d,mobile
1553693601942,respond,q4479,,sprint,c,mobile
1553693602294,respond,q4479,,sprint,b,mobile
1553693608239,submit,b3011,,sprint,,mobile
1553693608304,enter,e3011,,sprint,,mobile
1553693623230,quit,e3011,,sprint,,mobile
1553839444317,enter,e3011,,sprint,,mobile
1553839451139,quit,e3011,,sprint,,mobile
1553839451198,enter,b6335,,sprint,,mobile
1553839466812,respond,q8984,,sprint,c,mobile
1553839470737,submit,b6335,,sprint,,mobile
1553839470807,enter,e6335,,sprint,,mobile
1553839494528,quit,e6335,,sprint,,mobile
1553839494627,enter,b5031,,sprint,,mobile
1553839505325,erase_choice,q6499,,sprint,c,mobile
1553839507194,erase_choice,q6499,,sprint,b,mobile
1553839508326,respond,q6499,,sprint,d,mobile
1553839513850,submit,b5031,,sprint,,mobile
1553839513907,enter,e5031,,sprint,,mobile
1553839527277,quit,e5031,,sprint,,mobile
1553839527363,enter,b2334,,sprint,,mobile
1553839537956,respond,q3802,,sprint,b,mobile
1553839538466,respond,q3802,,sprint,a,mobile
1553839541581,submit,b2334,,sprint,,mobile
1553839541628,enter,e2334,,sprint,,mobile
1553839556609,quit,e2334,,sprint,,mobile
1553839556669,enter,b2358,,sprint,,mobile
1553839578839,erase_choice,q3826,,sprint,b,mobile
1553839596031,respond,q3826,,sprint,d,mobile
1553839600190,submit,b2358,,sprint,,mobile
1553839600248,enter,e2358,,sprint,,mobile
1553839610608,quit,e2358,,sprint,,mobile
1553839610699,enter,b6056,,sprint,,mobile
1553839617268,respond,q8705,,sprint,c,mobile
1553839618272,respond,q8705,,sprint,d,mobile
1553839624247,submit,b6056,,sprint,,mobile
1553839624298,enter,e6056,,sprint,,mobile
1553839630334,quit,e6056,,sprint,,mobile
1553839630420,enter,b4872,,sprint,,mobile
1553839634803,respond,q6340,,sprint,c,mobile
1553839638695,submit,b4872,,sprint,,mobile
1553839638750,enter,e4872,,sprint,,mobile
1553839643840,quit,e4872,,sprint,,mobile
1553839643926,enter,b4112,,sprint,,mobile
1553839646524,respond,q5580,,sprint,a,mobile
1553839654033,submit,b4112,,sprint,,mobile
1553839654082,enter,e4112,,sprint,,mobile
1553839658790,quit,e4112,,sprint,,mobile
1553839658820,enter,b2139,,sprint,,mobile
1553839670663,respond,q3607,,sprint,c,mobile
1553839673747,submit,b2139,,sprint,,mobile
1553839673801,enter,e2139,,sprint,,mobile
1553839678392,quit,e2139,,sprint,,mobile
1553839678475,enter,b7119,,sprint,,mobile
1553839683371,respond,q9768,,sprint,b,mobile
1553839687600,submit,b7119,,sprint,,mobile
1553839687656,enter,e7119,,sprint,,mobile
1553839691683,quit,e7119,,sprint,,mobile
1553839722904,enter,b3726,,sprint,,mobile
1553839733003,respond,q5194,,sprint,d,mobile
1553839737195,submit,b3726,,sprint,,mobile
1553839737249,enter,e3726,,sprint,,mobile
1553839860514,quit,e3726,,sprint,,mobile
1553840050911,enter,b3959,,sprint,,mobile
1553840077943,respond,q5427,,sprint,b,mobile
1553840081098,submit,b3959,,sprint,,mobile
1553840081175,enter,e3959,,sprint,,mobile
1553840102203,quit,e3959,,sprint,,mobile
1553840160346,enter,b3879,,sprint,,mobile
1553840174596,erase_choice,q5347,,sprint,b,mobile
1553840185830,erase_choice,q5347,,sprint,c,mobile
1553840192514,respond,q5347,,sprint,d,mobile
1553840197780,submit,b3879,,sprint,,mobile
1553840197861,enter,e3879,,sprint,,mobile
1553840208609,quit,e3879,,sprint,,mobile
1553840208656,enter,b7277,,sprint,,mobile
1553840222190,respond,q9926,,sprint,a,mobile
1553840225472,submit,b7277,,sprint,,mobile
1553840225529,enter,e7277,,sprint,,mobile
1553840237664,quit,e7277,,sprint,,mobile
1553840237711,enter,b4985,,sprint,,mobile
1553840257840,respond,q6453,,sprint,b,mobile
1553840261565,submit,b4985,,sprint,,mobile
1553840261627,enter,e4985,,sprint,,mobile
1553840392132,quit,e4985,,sprint,,mobile
1553840392215,enter,b3012,,sprint,,mobile
1553840407004,respond,q4480,,sprint,a,mobile
1553840420725,respond,q4480,,sprint,c,mobile
1553840424250,submit,b3012,,sprint,,mobile
1553840424331,enter,e3012,,sprint,,mobile
1553840434049,quit,e3012,,sprint,,mobile
1553840434137,enter,b3847,,sprint,,mobile
1553840475188,respond,q5315,,sprint,a,mobile
1553840478584,submit,b3847,,sprint,,mobile
1553840478650,enter,e3847,,sprint,,mobile
1553840542608,quit,e3847,,sprint,,mobile
1553840542697,enter,b6456,,sprint,,mobile
1553840555264,erase_choice,q9105,,sprint,a,mobile
1553840561153,erase_choice,q9105,,sprint,b,mobile
1553840562699,respond,q9105,,sprint,b,mobile
1553840564162,erase_choice,q9105,,sprint,d,mobile
1553840564983,respond,q9105,,sprint,b,mobile
1553840568782,submit,b6456,,sprint,,mobile
1553840568839,enter,e6456,,sprint,,mobile
1553840617146,quit,e6456,,sprint,,mobile
1553840617233,enter,b4085,,sprint,,mobile
1553840630089,respond,q5553,,sprint,b,mobile
1553840632862,respond,q5553,,sprint,c,mobile
1553840636923,submit,b4085,,sprint,,mobile
1553840636984,enter,e4085,,sprint,,mobile
1553840644359,quit,e4085,,sprint,,mobile
1553840644440,enter,b4638,,sprint,,mobile
1553840658728,respond,q6106,,sprint,c,mobile
1553840662958,submit,b4638,,sprint,,mobile
1553840663048,enter,e4638,,sprint,,mobile
1553840669245,quit,e4638,,sprint,,mobile
1553950038201,enter,b2629,,sprint,,mobile
1553950041768,respond,q4097,,sprint,b,mobile
1553950046186,submit,b2629,,sprint,,mobile
1553950046299,enter,e2629,,sprint,,mobile
1553950093452,quit,e2629,,sprint,,mobile
1553950093484,enter,b6147,,sprint,,mobile
1553950101461,respond,q8796,,sprint,b,mobile
1553950104579,respond,q8796,,sprint,a,mobile
1553950105057,respond,q8796,,sprint,b,mobile
1553950105561,respond,q8796,,sprint,a,mobile
1553950105974,respond,q8796,,sprint,b,mobile
1553950106518,respond,q8796,,sprint,c,mobile
1553950107018,respond,q8796,,sprint,b,mobile
1553950107617,respond,q8796,,sprint,a,mobile
1553950107985,respond,q8796,,sprint,b,mobile
1553950108506,respond,q8796,,sprint,a,mobile
1553950108802,respond,q8796,,sprint,b,mobile
1553950109137,respond,q8796,,sprint,a,mobile
1553950109443,respond,q8796,,sprint,b,mobile
1553950109863,respond,q8796,,sprint,c,mobile
1553950110342,respond,q8796,,sprint,b,mobile
1553950139789,respond,q8796,,sprint,c,mobile
1553950147357,submit,b6147,,sprint,,mobile
1553950147463,enter,e6147,,sprint,,mobile
1553950193947,quit,e6147,,sprint,,mobile
1553950194003,enter,b4129,,sprint,,mobile
1553950206535,erase_choice,q5597,,sprint,c,mobile
1553950212315,respond,q5597,,sprint,d,mobile
1553950220289,respond,q5597,,sprint,a,mobile
1553950224912,submit,b4129,,sprint,,mobile
1553950225023,enter,e4129,,sprint,,mobile
1553950247755,quit,e4129,,sprint,,mobile
1553950313158,enter,b5042,,sprint,,mobile
1553950315213,respond,q6510,,sprint,b,mobile
1553950330011,erase_choice,q6510,,sprint,b,mobile
1553950332191,erase_choice,q6510,,sprint,d,mobile
1553950340250,respond,q6510,,sprint,c,mobile
1553950345896,submit,b5042,,sprint,,mobile
1553950346005,enter,e5042,,sprint,,mobile
1553950349627,quit,e5042,,sprint,,mobile
1553953225900,enter,e5042,,sprint,,mobile
1553953244496,quit,e5042,,sprint,,mobile
1553953244577,enter,b3804,,sprint,,mobile
1553953263091,erase_choice,q5272,,sprint,c,mobile
1553953268722,respond,q5272,,sprint,b,mobile
1553953275931,submit,b3804,,sprint,,mobile
1553953275997,enter,e3804,,sprint,,mobile
1553953277603,quit,e3804,,sprint,,mobile
1553953390152,enter,b6466,,sprint,,mobile
1553953403163,erase_choice,q9115,,sprint,c,mobile
1553953409266,respond,q9115,,sprint,d,mobile
1553953411291,respond,q9115,,sprint,b,mobile
1553953412062,respond,q9115,,sprint,a,mobile
1553953416578,submit,b6466,,sprint,,mobile
1553953416660,enter,e6466,,sprint,,mobile
1553953437854,quit,e6466,,sprint,,mobile
1553953437934,enter,b3045,,sprint,,mobile
1553953454092,respond,q4513,,sprint,c,mobile
1553953456976,submit,b3045,,sprint,,mobile
1553953457045,enter,e3045,,sprint,,mobile
1553953463221,quit,e3045,,sprint,,mobile
1553953463292,enter,b3943,,sprint,,mobile
1553953479679,respond,q5411,,sprint,b,mobile
1553953498755,submit,b3943,,sprint,,mobile
1553953498816,enter,e3943,,sprint,,mobile
1553953504489,quit,e3943,,sprint,,mobile
1553953504562,enter,b4257,,sprint,,mobile
1553953512896,erase_choice,q5725,,sprint,b,mobile
1553953524225,respond,q5725,,sprint,a,mobile
1553953529666,respond,q5725,,sprint,c,mobile
1553953529893,respond,q5725,,sprint,d,mobile
1553953534705,submit,b4257,,sprint,,mobile
1553953534763,enter,e4257,,sprint,,mobile
1553953554748,quit,e4257,,sprint,,mobile
1553953554831,enter,b7531,,sprint,,mobile
1553953573151,respond,q10180,,sprint,d,mobile
1553953576178,submit,b7531,,sprint,,mobile
1553953576241,enter,e7531,,sprint,,mobile
1553953580184,quit,e7531,,sprint,,mobile
1554042615035,enter,b3946,,sprint,,mobile
1554042623825,erase_choice,q5414,,sprint,a,mobile
1554042629451,respond,q5414,,sprint,c,mobile
1554042632462,submit,b3946,,sprint,,mobile
1554042632525,enter,e3946,,sprint,,mobile
1554042677395,quit,e3946,,sprint,,mobile
1554042677453,enter,b3058,,sprint,,mobile
1554042718494,erase_choice,q4526,,sprint,b,mobile
1554042719768,erase_choice,q4526,,sprint,a,mobile
1554042724227,respond,q4526,,sprint,c,mobile
1554042727173,submit,b3058,,sprint,,mobile
1554042727237,enter,e3058,,sprint,,mobile
1554042752367,quit,e3058,,sprint,,mobile
1554042752446,enter,b4158,,sprint,,mobile
1554042772597,respond,q5626,,sprint,c,mobile
1554042797618,submit,b4158,,sprint,,mobile
1554042797654,enter,e4158,,sprint,,mobile
1554042802824,quit,e4158,,sprint,,mobile
1554075805028,enter,e4158,,sprint,,mobile
1554075812355,quit,e4158,,sprint,,mobile
1554075812422,enter,b6131,,sprint,,mobile
1554075823000,respond,q8780,,sprint,a,mobile
1554075826517,submit,b6131,,sprint,,mobile
1554075826550,enter,e6131,,sprint,,mobile
1554075855918,quit,e6131,,sprint,,mobile
1554075855980,enter,b6945,,sprint,,mobile
1554075894562,erase_choice,q9594,,sprint,a,mobile
1554075906065,erase_choice,q9594,,sprint,d,mobile
1554075907635,respond,q9594,,sprint,b,mobile
1554075910970,submit,b6945,,sprint,,mobile
1554075911029,enter,e6945,,sprint,,mobile
1554075929813,quit,e6945,,sprint,,mobile
1554075929862,enter,b4646,,sprint,,mobile
1554075982996,respond,q6114,,sprint,c,mobile
1554075995075,respond,q6114,,sprint,b,mobile
1554075995492,respond,q6114,,sprint,d,mobile
1554075996491,respond,q6114,,sprint,a,mobile
1554075997092,respond,q6114,,sprint,d,mobile
1554075998557,respond,q6114,,sprint,a,mobile
1554076003130,respond,q6114,,sprint,d,mobile
1554076008384,submit,b4646,,sprint,,mobile
1554076008437,enter,e4646,,sprint,,mobile
1554076046324,quit,e4646,,sprint,,mobile
1554076046388,enter,b3306,,sprint,,mobile
1554076062145,erase_choice,q4774,,sprint,d,mobile
1554076062863,respond,q4774,,sprint,b,mobile
1554076066643,submit,b3306,,sprint,,mobile
1554076066695,enter,e3306,,sprint,,mobile
1554076085844,quit,e3306,,sprint,,mobile
1554076085917,enter,b5667,,sprint,,mobile
1554076094836,respond,q8196,,sprint,c,mobile
1554076099582,submit,b5667,,sprint,,mobile
1554076099636,enter,e5667,,sprint,,mobile
1554076116046,quit,e5667,,sprint,,mobile
1554076116121,enter,b3865,,sprint,,mobile
1554076122132,erase_choice,q5333,,sprint,b,mobile
1554076134038,respond,q5333,,sprint,c,mobile
1554076138171,submit,b3865,,sprint,,mobile
1554076138231,enter,e3865,,sprint,,mobile
1554076149377,quit,e3865,,sprint,,mobile
1554076149455,enter,b2555,,sprint,,mobile
1554076162257,erase_choice,q4023,,sprint,b,mobile
1554076163192,erase_choice,q4023,,sprint,c,mobile
1554076167293,respond,q4023,,sprint,c,mobile
1554076169975,submit,b2555,,sprint,,mobile
1554076170036,enter,e2555,,sprint,,mobile
1554076193313,quit,e2555,,sprint,,mobile
1554076312587,enter,b3563,,sprint,,mobile
1554076319614,respond,q5031,,sprint,d,mobile
1554076322612,submit,b3563,,sprint,,mobile
1554076322664,enter,e3563,,sprint,,mobile
1554076331572,quit,e3563,,sprint,,mobile
1554076424081,enter,b6915,,sprint,,mobile
1554076434668,respond,q9564,,sprint,b,mobile
1554076441247,submit,b6915,,sprint,,mobile
1554076441284,enter,e6915,,sprint,,mobile
1554076446236,quit,e6915,,sprint,,mobile
1554076446330,enter,b3613,,sprint,,mobile
1554076465326,respond,q5081,,sprint,a,mobile
1554076471719,submit,b3613,,sprint,,mobile
1554076471769,enter,e3613,,sprint,,mobile
1554076496713,quit,e3613,,sprint,,mobile
1554076496796,enter,b5162,,sprint,,mobile
1554076519804,respond,q6756,,sprint,a,mobile
1554076524515,submit,b5162,,sprint,,mobile
1554076524580,enter,e5162,,sprint,,mobile
1554076552061,quit,e5162,,sprint,,mobile
1554076552123,enter,b2351,,sprint,,mobile
1554076589950,erase_choice,q3819,,sprint,a,mobile
1554076593931,respond,q3819,,sprint,d,mobile
1554076596729,submit,b2351,,sprint,,mobile
1554076596790,enter,e2351,,sprint,,mobile
1554076685769,quit,e2351,,sprint,,mobile
1554076685822,enter,b7651,,sprint,,mobile
1554076712014,erase_choice,q10300,,sprint,b,mobile
1554076785414,respond,q10300,,sprint,d,mobile
1554076799485,submit,b7651,,sprint,,mobile
1554076799543,enter,e7651,,sprint,,mobile
1554076828110,quit,e7651,,sprint,,mobile
1554076828193,enter,b3930,,sprint,,mobile
1554076844852,erase_choice,q5398,,sprint,d,mobile
1554076847612,erase_choice,q5398,,sprint,b,mobile
1554076848284,respond,q5398,,sprint,c,mobile
1554076855113,submit,b3930,,sprint,,mobile
1554076855165,enter,e3930,,sprint,,mobile
1554076863973,quit,e3930,,sprint,,mobile
1554076864023,enter,b7403,,sprint,,mobile
1554076905902,respond,q10052,,sprint,d,mobile
1554076907801,erase_choice,q10052,,sprint,d,mobile
1554076914404,submit,b7403,,sprint,,mobile
1554076927563,enter,b7403,,sprint,,mobile
1554076928803,respond,q10052,,sprint,d,mobile
1554076929970,erase_choice,q10052,,sprint,d,mobile
1554076937139,respond,q10052,,sprint,c,mobile
1554076942244,submit,b7403,,sprint,,mobile
1554076942304,enter,e7403,,sprint,,mobile
1554076954640,quit,e7403,,sprint,,mobile
1554076954718,enter,b3427,,sprint,,mobile
1554076963835,respond,q4895,,sprint,b,mobile
1554076966959,submit,b3427,,sprint,,mobile
1554076967030,enter,e3427,,sprint,,mobile
1554076974049,quit,e3427,,sprint,,mobile
1554076974083,enter,b6210,,sprint,,mobile
1554077010152,respond,q8859,,sprint,a,mobile
1554077018449,erase_choice,q8859,,sprint,c,mobile
1554077018898,erase_choice,q8859,,sprint,d,mobile
1554077019686,respond,q8859,,sprint,a,mobile
1554077023989,submit,b6210,,sprint,,mobile
1554077042871,enter,e6210,,sprint,,mobile
1554077052946,quit,e6210,,sprint,,mobile
1554203218590,enter,b3869,,sprint,,mobile
1554203225993,respond,q5337,,sprint,a,mobile
1554203230082,submit,b3869,,sprint,,mobile
1554203230124,enter,e3869,,sprint,,mobile
1554203239592,quit,e3869,,sprint,,mobile
1554203239652,enter,b5033,,sprint,,mobile
1554203253302,respond,q6501,,sprint,c,mobile
1554203257187,submit,b5033,,sprint,,mobile
1554203257271,enter,e5033,,sprint,,mobile
1554203262074,quit,e5033,,sprint,,mobile
1554203262123,enter,b3049,,sprint,,mobile
1554203270519,respond,q4517,,sprint,a,mobile
1554203274008,submit,b3049,,sprint,,mobile
1554203274065,enter,e3049,,sprint,,mobile
1554203303108,quit,e3049,,sprint,,mobile
1554203303209,enter,b6149,,sprint,,mobile
1554203320049,respond,q8798,,sprint,b,mobile
1554203323830,submit,b6149,,sprint,,mobile
1554203323883,enter,e6149,,sprint,,mobile
1554203358156,quit,e6149,,sprint,,mobile
1554203358253,enter,b4782,,sprint,,mobile
1554203385674,respond,q6250,,sprint,d,mobile
1554203386851,respond,q6250,,sprint,c,mobile
1554203390777,submit,b4782,,sprint,,mobile
1554203390838,enter,e4782,,sprint,,mobile
1554203403268,quit,e4782,,sprint,,mobile
1554203403348,enter,b4604,,sprint,,mobile
1554203420875,erase_choice,q6072,,sprint,a,mobile
1554203434764,respond,q6072,,sprint,d,mobile
1554203438471,submit,b4604,,sprint,,mobile
1554203438526,enter,e4604,,sprint,,mobile
1554203443998,quit,e4604,,sprint,,mobile
1554203444070,enter,b2328,,sprint,,mobile
1554203466063,respond,q3796,,sprint,a,mobile
1554203472076,submit,b2328,,sprint,,mobile
1554203472138,enter,e2328,,sprint,,mobile
1554203480263,quit,e2328,,sprint,,mobile
1554203480338,enter,b5991,,sprint,,mobile
1554203501980,respond,q8640,,sprint,b,mobile
1554203505338,submit,b5991,,sprint,,mobile
1554203505401,enter,e5991,,sprint,,mobile
1554203537180,quit,e5991,,sprint,,mobile
1554203537270,enter,b4441,,sprint,,mobile
1554203543881,respond,q5909,,sprint,c,mobile
1554203548320,submit,b4441,,sprint,,mobile
1554203548375,enter,e4441,,sprint,,mobile
1554203556027,quit,e4441,,sprint,,mobile
1554203556088,enter,b2836,,sprint,,mobile
1554203598143,respond,q4304,,sprint,a,mobile
1554203601758,submit,b2836,,sprint,,mobile
1554203601815,enter,e2836,,sprint,,mobile
1554203625142,quit,e2836,,sprint,,mobile
1554203628377,enter,e2836,,sprint,,mobile
1554203630987,quit,e2836,,sprint,,mobile
1554291639796,enter,b2601,,sprint,,mobile
1554291658908,respond,q4069,,sprint,b,mobile
1554291662782,submit,b2601,,sprint,,mobile
1554291662880,enter,e2601,,sprint,,mobile
1554291671781,quit,e2601,,sprint,,mobile
1554291757529,enter,b4630,,sprint,,mobile
1554291773490,erase_choice,q6098,,sprint,a,mobile
1554291785982,respond,q6098,,sprint,b,mobile
1554291793053,erase_choice,q6098,,sprint,b,mobile
1554291793479,respond,q6098,,sprint,d,mobile
1554291796880,submit,b4630,,sprint,,mobile
1554291796940,enter,e4630,,sprint,,mobile
1554291824407,quit,e4630,,sprint,,mobile
1554291824466,enter,b3969,,sprint,,mobile
1554291836445,erase_choice,q5437,,sprint,b,mobile
1554291837042,erase_choice,q5437,,sprint,c,mobile
1554291840679,respond,q5437,,sprint,a,mobile
1554291845205,submit,b3969,,sprint,,mobile
1554291845288,enter,e3969,,sprint,,mobile
1554291847649,quit,e3969,,sprint,,mobile
1554862034494,enter,e3969,,sprint,,mobile
1554862041485,quit,e3969,,sprint,,mobile
1554862103081,enter,b4618,,sprint,,mobile
1554862116030,respond,q6086,,sprint,c,mobile
1554862127195,submit,b4618,,sprint,,mobile
1554862127275,enter,e4618,,sprint,,mobile
1554862143504,quit,e4618,,sprint,,mobile
1554862146903,enter,e4618,,sprint,,mobile
1554862152317,quit,e4618,,sprint,,mobile
1554862152415,enter,b4563,,sprint,,mobile
1554862160917,respond,q6031,,sprint,d,mobile
1554862191893,submit,b4563,,sprint,,mobile
1554862191970,enter,e4563,,sprint,,mobile
1554862195028,quit,e4563,,sprint,,mobile
1554862258625,enter,b5975,,sprint,,mobile
1554862279648,respond,q8624,,sprint,d,mobile
1554862285901,submit,b5975,,sprint,,mobile
1554862285971,enter,e5975,,sprint,,mobile
1554862312811,quit,e5975,,sprint,,mobile
1554862312931,enter,b3308,,sprint,,mobile
1554862321841,respond,q4776,,sprint,d,mobile
1554862322660,respond,q4776,,sprint,c,mobile
1554862323739,respond,q4776,,sprint,d,mobile
1554862326717,respond,q4776,,sprint,c,mobile
1554862331227,submit,b3308,,sprint,,mobile
1554862331314,enter,e3308,,sprint,,mobile
1554862334317,quit,e3308,,sprint,,mobile
1554862440553,enter,b3841,,sprint,,mobile
1554862449375,respond,q5309,,sprint,d,mobile
1554862453188,submit,b3841,,sprint,,mobile
1554862453281,enter,e3841,,sprint,,mobile
1554862462554,quit,e3841,,sprint,,mobile
1554862462657,enter,b2570,,sprint,,mobile
1554862473569,erase_choice,q4038,,sprint,b,mobile
1554862484637,respond,q4038,,sprint,a,mobile
1554862485856,respond,q4038,,sprint,d,mobile
1554862489794,submit,b2570,,sprint,,mobile
1554862489849,enter,e2570,,sprint,,mobile
1554862522294,quit,e2570,,sprint,,mobile
1554862522416,enter,b6223,,sprint,,mobile
1554862537275,respond,q8872,,sprint,a,mobile
1554862540941,submit,b6223,,sprint,,mobile
1554862541035,enter,e6223,,sprint,,mobile
1554862545804,quit,e6223,,sprint,,mobile
1554862825714,enter,b2738,,sprint,,mobile
1554862833673,erase_choice,q4206,,sprint,b,mobile
1554862835668,respond,q4206,,sprint,d,mobile
1554862839989,submit,b2738,,sprint,,mobile
1554862840062,enter,e2738,,sprint,,mobile
1554862845515,quit,e2738,,sprint,,mobile
1554862879631,enter,b3288,,sprint,,mobile
1554862899377,respond,q4756,,sprint,b,mobile
1554862903567,submit,b3288,,sprint,,mobile
1554862903643,enter,e3288,,sprint,,mobile
1554862927542,quit,e3288,,sprint,,mobile
1554862954381,enter,b4975,,sprint,,mobile
1554862958687,erase_choice,q6443,,sprint,c,mobile
1554862960717,erase_choice,q6443,,sprint,d,mobile
1554862968923,respond,q6443,,sprint,b,mobile
1554862974324,respond,q6443,,sprint,a,mobile
1554862977641,submit,b4975,,sprint,,mobile
1554862977744,enter,e4975,,sprint,,mobile
1554862988506,quit,e4975,,sprint,,mobile
1554862988609,enter,b6898,,sprint,,mobile
1554863004042,respond,q9547,,sprint,c,mobile
1554863007654,submit,b6898,,sprint,,mobile
1554863007753,enter,e6898,,sprint,,mobile
1554863014087,quit,e6898,,sprint,,mobile
1554863101381,enter,b3979,,sprint,,mobile
1554863107939,respond,q5447,,sprint,b,mobile
1554863117319,submit,b3979,,sprint,,mobile
1554863117387,enter,e3979,,sprint,,mobile
1554863136466,quit,e3979,,sprint,,mobile
1554863284706,enter,b5034,,sprint,,mobile
1554863292206,respond,q6502,,sprint,c,mobile
1554863294520,erase_choice,q6502,,sprint,b,mobile
1554863294877,erase_choice,q6502,,sprint,a,mobile
1554863298077,respond,q6502,,sprint,d,mobile
1554863302655,submit,b5034,,sprint,,mobile
1554863302768,enter,e5034,,sprint,,mobile
1554863338749,quit,e5034,,sprint,,mobile
1554863338845,enter,b6958,,sprint,,mobile
1554863344671,respond,q9607,,sprint,c,mobile
1554863358016,respond,q9607,,sprint,a,mobile
1554863362313,submit,b6958,,sprint,,mobile
1554863362404,enter,e6958,,sprint,,mobile
1554863379747,quit,e6958,,sprint,,mobile
1554863379836,enter,b6097,,sprint,,mobile
1554863384561,erase_choice,q8746,,sprint,d,mobile
1554863386825,erase_choice,q8746,,sprint,b,mobile
1554863388879,respond,q8746,,sprint,c,mobile
1554863393191,submit,b6097,,sprint,,mobile
1554863393283,enter,e6097,,sprint,,mobile
1554863398897,quit,e6097,,sprint,,mobile
1554863398957,enter,b3802,,sprint,,mobile
1554863406156,respond,q5270,,sprint,a,mobile
1554863410363,respond,q5270,,sprint,d,mobile
1554863413354,respond,q5270,,sprint,a,mobile
1554863417788,submit,b3802,,sprint,,mobile
1554863417873,enter,e3802,,sprint,,mobile
1554863438499,quit,e3802,,sprint,,mobile
1554863677436,enter,b2957,,sprint,,mobile
1554863680329,respond,q4425,,sprint,b,mobile
1554863683670,submit,b2957,,sprint,,mobile
1554863683717,enter,e2957,,sprint,,mobile
1554863692746,quit,e2957,,sprint,,mobile
1554953532447,enter,b2302,,sprint,,mobile
1554953540855,respond,q3770,,sprint,d,mobile
1554953546699,submit,b2302,,sprint,,mobile
1554953546775,enter,e2302,,sprint,,mobile
1554953550169,quit,e2302,,sprint,,mobile
1554954898949,enter,b6177,,sprint,,mobile
1554954903521,erase_choice,q8826,,sprint,a,mobile
1554954915677,respond,q8826,,sprint,c,mobile
1554954920124,submit,b6177,,sprint,,mobile
1554954920205,enter,e6177,,sprint,,mobile
1554954933973,quit,e6177,,sprint,,mobile
1554955106674,enter,b3781,,sprint,,mobile
1554955119556,erase_choice,q5249,,sprint,b,mobile
1554955120735,erase_choice,q5249,,sprint,a,mobile
1554955130192,respond,q5249,,sprint,d,mobile
1554955133517,submit,b3781,,sprint,,mobile
1554955133589,enter,e3781,,sprint,,mobile
1554955181862,quit,e3781,,sprint,,mobile
1554955181973,enter,b2890,,sprint,,mobile
1554955200827,respond,q4358,,sprint,a,mobile
1554955204048,submit,b2890,,sprint,,mobile
1554955204139,enter,e2890,,sprint,,mobile
1554955206142,quit,e2890,,sprint,,mobile
1554966000811,enter,e2890,,sprint,,mobile
1554966008347,quit,e2890,,sprint,,mobile
1554966008490,enter,b4957,,sprint,,mobile
1554966036133,respond,q6425,,sprint,d,mobile
1554966043142,submit,b4957,,sprint,,mobile
1554966043246,enter,e4957,,sprint,,mobile
1554966106406,quit,e4957,,sprint,,mobile
1554966106478,enter,b6494,,sprint,,mobile
1554966136047,respond,q9143,,sprint,d,mobile
1554966140049,submit,b6494,,sprint,,mobile
1554966140151,enter,e6494,,sprint,,mobile
1554966162096,quit,e6494,,sprint,,mobile
1554966242696,enter,b4217,,sprint,,mobile
1554966250780,respond,q5685,,sprint,b,mobile
1554966256206,submit,b4217,,sprint,,mobile
1554966256307,enter,e4217,,sprint,,mobile
1554966270902,quit,e4217,,sprint,,mobile
1554966271006,enter,b5047,,sprint,,mobile
1554966276031,respond,q6515,,sprint,c,mobile
1554966284482,submit,b5047,,sprint,,mobile
1554966284583,enter,e5047,,sprint,,mobile
1554966296047,quit,e5047,,sprint,,mobile
1554966333335,enter,b3369,,sprint,,mobile
1554966341402,respond,q4837,,sprint,c,mobile
1554966342830,respond,q4837,,sprint,a,mobile
1554966347067,submit,b3369,,sprint,,mobile
1554966347171,enter,e3369,,sprint,,mobile
1554966355343,quit,e3369,,sprint,,mobile
1554966355446,enter,b6249,,sprint,,mobile
1554966372882,respond,q8898,,sprint,c,mobile
1554966374377,respond,q8898,,sprint,b,mobile
1554966374926,respond,q8898,,sprint,c,mobile
1554966375286,respond,q8898,,sprint,b,mobile
1554966378692,submit,b6249,,sprint,,mobile
1554966378832,enter,e6249,,sprint,,mobile
1554966415480,quit,e6249,,sprint,,mobile
1555055395296,enter,b2675,,sprint,,mobile
1555055398038,erase_choice,q4143,,sprint,a,mobile
1555055400871,erase_choice,q4143,,sprint,d,mobile
1555055402326,erase_choice,q4143,,sprint,c,mobile
1555055403462,respond,q4143,,sprint,c,mobile
1555055407237,submit,b2675,,sprint,,mobile
1555055407311,enter,e2675,,sprint,,mobile
1555055425691,quit,e2675,,sprint,,mobile
1555055425775,enter,b3779,,sprint,,mobile
1555055469398,respond,q5247,,sprint,b,mobile
1555055481903,submit,b3779,,sprint,,mobile
1555055503719,enter,b3779,,sprint,,mobile
1555055504862,respond,q5247,,sprint,b,mobile
1555055523165,respond,q5247,,sprint,c,mobile
1555055526118,respond,q5247,,sprint,b,mobile
1555055530347,submit,b3779,,sprint,,mobile
1555055530418,enter,e3779,,sprint,,mobile
1555055536112,quit,e3779,,sprint,,mobile
1555055536213,enter,b3017,,sprint,,mobile
1555055569351,respond,q4485,,sprint,b,mobile
1555055573878,respond,q4485,,sprint,a,mobile
1555055574370,respond,q4485,,sprint,d,mobile
1555055574743,respond,q4485,,sprint,c,mobile
1555055575321,respond,q4485,,sprint,d,mobile
1555055575712,respond,q4485,,sprint,a,mobile
1555055579223,respond,q4485,,sprint,c,mobile
1555055583183,submit,b3017,,sprint,,mobile
1555055583249,enter,e3017,,sprint,,mobile
1555055606340,quit,e3017,,sprint,,mobile
1555055606426,enter,b7280,,sprint,,mobile
1555055634878,respond,q9929,,sprint,b,mobile
1555055636534,submit,b7280,,sprint,,mobile
1555055656754,enter,b7280,,sprint,,mobile
1555055660025,respond,q9929,,sprint,d,mobile
1555055663564,submit,b7280,,sprint,,mobile
1555055663682,enter,e7280,,sprint,,mobile
1555055678707,quit,e7280,,sprint,,mobile
1555055678828,enter,b6002,,sprint,,mobile
1555055692263,respond,q8651,,sprint,b,mobile
1555055699069,submit,b6002,,sprint,,mobile
1555055699220,enter,e6002,,sprint,,mobile
1555055726245,quit,e6002,,sprint,,mobile
1555055726353,enter,b2660,,sprint,,mobile
1555055759527,respond,q4128,,sprint,b,mobile
1555055763464,submit,b2660,,sprint,,mobile
1555055763526,enter,e2660,,sprint,,mobile
1555055767300,quit,e2660,,sprint,,mobile
1555055960427,enter,b3423,,sprint,,mobile
1555055963181,respond,q4891,,sprint,b,mobile
1555055964403,erase_choice,q4891,,sprint,b,mobile
1555055967390,erase_choice,q4891,,sprint,c,mobile
1555055968688,respond,q4891,,sprint,d,mobile
1555055974416,submit,b3423,,sprint,,mobile
1555055974519,enter,e3423,,sprint,,mobile
1555056010349,quit,e3423,,sprint,,mobile
1555056073546,enter,b7303,,sprint,,mobile
1555056089896,erase_choice,q9952,,sprint,b,mobile
1555056091880,submit,b7303,,sprint,,mobile
1555056115868,enter,b7303,,sprint,,mobile
1555056116619,erase_choice,q9952,,sprint,d,mobile
1555056120364,respond,q9952,,sprint,b,mobile
1555056124864,submit,b7303,,sprint,,mobile
1555056124944,enter,e7303,,sprint,,mobile
1555056134454,quit,e7303,,sprint,,mobile
1555056134558,enter,b2673,,sprint,,mobile
1555056149698,erase_choice,q4141,,sprint,b,mobile
1555056150685,erase_choice,q4141,,sprint,a,mobile
1555056152707,respond,q4141,,sprint,d,mobile
1555056157768,submit,b2673,,sprint,,mobile
1555056157820,enter,e2673,,sprint,,mobile
1555056168022,quit,e2673,,sprint,,mobile
1555056168125,enter,b4176,,sprint,,mobile
1555056179842,respond,q5644,,sprint,c,mobile
1555056185918,submit,b4176,,sprint,,mobile
1555056186012,enter,e4176,,sprint,,mobile
1555056190067,quit,e4176,,sprint,,mobile
1555229245027,enter,b4249,,sprint,,mobile
1555229249586,respond,q5717,,sprint,a,mobile
1555229257613,submit,b4249,,sprint,,mobile
1555229257704,enter,e4249,,sprint,,mobile
1555229266807,quit,e4249,,sprint,,mobile
1555229290792,enter,b7473,,sprint,,mobile
1555229298399,erase_choice,q10122,,sprint,d,mobile
1555229302880,respond,q10122,,sprint,a,mobile
1555229323358,submit,b7473,,sprint,,mobile
1555229323422,enter,e7473,,sprint,,mobile
1555229344164,quit,e7473,,sprint,,mobile
1555229344273,enter,b4616,,sprint,,mobile
1555229369057,respond,q6084,,sprint,a,mobile
1555229375884,respond,q6084,,sprint,b,mobile
1555229376616,respond,q6084,,sprint,c,mobile
1555229378713,respond,q6084,,sprint,b,mobile
1555229381650,respond,q6084,,sprint,d,mobile
1555229382232,respond,q6084,,sprint,a,mobile
1555229384180,respond,q6084,,sprint,b,mobile
1555229389906,respond,q6084,,sprint,a,mobile
1555229406129,respond,q6084,,sprint,b,mobile
1555229411085,respond,q6084,,sprint,c,mobile
1555229412920,respond,q6084,,sprint,b,mobile
1555229413478,respond,q6084,,sprint,d,mobile
1555229413739,respond,q6084,,sprint,b,mobile
1555229413984,respond,q6084,,sprint,d,mobile
1555229414446,erase_choice,q6084,,sprint,a,mobile
1555229414790,erase_choice,q6084,,sprint,c,mobile
1555229415891,respond,q6084,,sprint,b,mobile
1555229420481,submit,b4616,,sprint,,mobile
1555229420542,enter,e4616,,sprint,,mobile
1555229446230,quit,e4616,,sprint,,mobile
1555229446285,enter,b4243,,sprint,,mobile
1555229453795,respond,q5711,,sprint,b,mobile
1555229458393,submit,b4243,,sprint,,mobile
1555229458491,enter,e4243,,sprint,,mobile
1555229499686,quit,e4243,,sprint,,mobile
1555229499786,enter,b3052,,sprint,,mobile
1555229518282,erase_choice,q4520,,sprint,a,mobile
1555229518771,erase_choice,q4520,,sprint,d,mobile
1555229527252,respond,q4520,,sprint,b,mobile
1555229530758,submit,b3052,,sprint,,mobile
1555229530835,enter,e3052,,sprint,,mobile
1555229540754,quit,e3052,,sprint,,mobile
1555229676794,enter,b7053,,sprint,,mobile
1555229696724,erase_choice,q9702,,sprint,c,mobile
1555229703801,respond,q9702,,sprint,d,mobile
1555229707687,submit,b7053,,sprint,,mobile
1555229707781,enter,e7053,,sprint,,mobile
1555229710502,quit,e7053,,sprint,,mobile
1555229809249,enter,b4769,,sprint,,mobile
1555229816788,erase_choice,q6237,,sprint,c,mobile
1555229821907,erase_choice,q6237,,sprint,b,mobile
1555229831131,respond,q6237,,sprint,d,mobile
1555229835140,submit,b4769,,sprint,,mobile
1555229835221,enter,e4769,,sprint,,mobile
1555229845051,quit,e4769,,sprint,,mobile
1555229845160,enter,b5152,,sprint,,mobile
1555229886239,respond,q6746,,sprint,b,mobile
1555229893367,erase_choice,q6746,,sprint,a,mobile
1555229899298,erase_choice,q6746,,sprint,c,mobile
1555229899951,erase_choice,q6746,,sprint,d,mobile
1555229904464,respond,q6746,,sprint,b,mobile
1555229909280,submit,b5152,,sprint,,mobile
1555229909352,enter,e5152,,sprint,,mobile
1555229932641,quit,e5152,,sprint,,mobile
1555230279637,enter,b4670,,sprint,,mobile
1555230304356,respond,q6138,,sprint,d,mobile
1555230309052,submit,b4670,,sprint,,mobile
1555230309101,enter,e4670,,sprint,,mobile
1555230330262,quit,e4670,,sprint,,mobile
1555230340341,enter,b7461,,sprint,,mobile
1555230351696,erase_choice,q10110,,sprint,d,mobile
1555230375496,respond,q10110,,sprint,d,mobile
1555230379822,submit,b7461,,sprint,,mobile
1555230379895,enter,e7461,,sprint,,mobile
1555230393249,quit,e7461,,sprint,,mobile
1555338336948,enter,b3319,,sprint,,mobile
1555338341872,respond,q4787,,sprint,a,mobile
1555338347864,submit,b3319,,sprint,,mobile
1555338347960,enter,e3319,,sprint,,mobile
1555338353965,quit,e3319,,sprint,,mobile
1555338354050,enter,b2203,,sprint,,mobile
1555338366439,respond,q3671,,sprint,a,mobile
1555338369799,submit,b2203,,sprint,,mobile
1555338369859,enter,e2203,,sprint,,mobile
1555338374559,quit,e2203,,sprint,,mobile
1555338374632,enter,b2833,,sprint,,mobile
1555338382506,respond,q4301,,sprint,b,mobile
1555338385469,submit,b2833,,sprint,,mobile
1555338385506,enter,e2833,,sprint,,mobile
1555338399065,quit,e2833,,sprint,,mobile
1555338399144,enter,b7146,,sprint,,mobile
1555338408074,respond,q9795,,sprint,b,mobile
1555338411650,submit,b7146,,sprint,,mobile
1555338411710,enter,e7146,,sprint,,mobile
1555338416790,quit,e7146,,sprint,,mobile
1555338416870,enter,b4687,,sprint,,mobile
1555338424555,respond,q6155,,sprint,d,mobile
1555338428058,submit,b4687,,sprint,,mobile
1555338428113,enter,e4687,,sprint,,mobile
1555338440563,quit,e4687,,sprint,,mobile
1555338440635,enter,b4547,,sprint,,mobile
1555338454450,respond,q6015,,sprint,a,mobile
1555338459716,submit,b4547,,sprint,,mobile
1555338459772,enter,e4547,,sprint,,mobile
1555338474119,quit,e4547,,sprint,,mobile
1555338474207,enter,b4533,,sprint,,mobile
1555338496720,respond,q6001,,sprint,a,mobile
1555338500722,submit,b4533,,sprint,,mobile
1555338500781,enter,e4533,,sprint,,mobile
1555338506578,quit,e4533,,sprint,,mobile
1555338506650,enter,b7282,,sprint,,mobile
1555338535685,respond,q9931,,sprint,c,mobile
1555338538934,submit,b7282,,sprint,,mobile
1555338538995,enter,e7282,,sprint,,mobile
1555338584299,quit,e7282,,sprint,,mobile
1555338584379,enter,b2659,,sprint,,mobile
1555338606602,erase_choice,q4127,,sprint,a,mobile
1555338612881,respond,q4127,,sprint,c,mobile
1555338630707,respond,q4127,,sprint,d,mobile
1555338634068,submit,b2659,,sprint,,mobile
1555338634128,enter,e2659,,sprint,,mobile
1555338656182,quit,e2659,,sprint,,mobile
1555338656272,enter,b2864,,sprint,,mobile
1555338686388,respond,q4332,,sprint,a,mobile
1555338691411,submit,b2864,,sprint,,mobile
1555338691464,enter,e2864,,sprint,,mobile
1555338702731,quit,e2864,,sprint,,mobile
1555338729934,enter,e2659,,sprint,,mobile
1555338732740,quit,e2659,,sprint,,mobile
1555380090711,enter,b3662,,sprint,,mobile
1555380103932,respond,q5130,,sprint,b,mobile
1555380109772,submit,b3662,,sprint,,mobile
1555380109849,enter,e3662,,sprint,,mobile
1555380112540,quit,e3662,,sprint,,mobile
1555388786755,enter,e3662,,sprint,,mobile
1555388794327,quit,e3662,,sprint,,mobile
1555388794405,enter,b6858,,sprint,,mobile
1555388808165,respond,q9507,,sprint,a,mobile
1555388809481,erase_choice,q9507,,sprint,b,mobile
1555388810700,erase_choice,q9507,,sprint,c,mobile
1555388813965,respond,q9507,,sprint,a,mobile
1555388816511,submit,b6858,,sprint,,mobile
1555388816578,enter,e6858,,sprint,,mobile
1555388832703,quit,e6858,,sprint,,mobile
1555388832783,enter,b4869,,sprint,,mobile
1555388847501,erase_choice,q6337,,sprint,c,mobile
1555388847765,erase_choice,q6337,,sprint,a,mobile
1555388854363,respond,q6337,,sprint,b,mobile
1555388858932,submit,b4869,,sprint,,mobile
1555388858987,enter,e4869,,sprint,,mobile
1555388869753,quit,e4869,,sprint,,mobile
1555388942722,enter,b2892,,sprint,,mobile
1555388949254,erase_choice,q4360,,sprint,a,mobile
1555388953099,erase_choice,q4360,,sprint,c,mobile
1555388957549,respond,q4360,,sprint,b,mobile
1555388958017,respond,q4360,,sprint,d,mobile
1555388958281,respond,q4360,,sprint,b,mobile
1555388958553,respond,q4360,,sprint,d,mobile
1555388958783,respond,q4360,,sprint,b,mobile
1555388962471,respond,q4360,,sprint,d,mobile
1555388962833,respond,q4360,,sprint,b,mobile
1555388966897,submit,b2892,,sprint,,mobile
1555388966979,enter,e2892,,sprint,,mobile
1555388982015,quit,e2892,,sprint,,mobile
1555388982096,enter,b3194,,sprint,,mobile
1555388985878,respond,q4662,,sprint,c,mobile
1555388995888,submit,b3194,,sprint,,mobile
1555388995949,enter,e3194,,sprint,,mobile
1555389001785,quit,e3194,,sprint,,mobile
1555389001856,enter,b6794,,sprint,,mobile
1555389010703,respond,q9443,,sprint,a,mobile
1555389015922,erase_choice,q9443,,sprint,c,mobile
1555389017078,erase_choice,q9443,,sprint,d,mobile
1555389017779,respond,q9443,,sprint,a,mobile
1555389022808,submit,b6794,,sprint,,mobile
1555389022885,enter,e6794,,sprint,,mobile
1555389028229,quit,e6794,,sprint,,mobile
1555389028314,enter,b5045,,sprint,,mobile
1555389050786,respond,q6513,,sprint,b,mobile
1555389053901,submit,b5045,,sprint,,mobile
1555389053988,enter,e5045,,sprint,,mobile
1555389059353,quit,e5045,,sprint,,mobile
1555389059430,enter,b3995,,sprint,,mobile
1555389082114,respond,q5463,,sprint,a,mobile
1555389085039,erase_choice,q5463,,sprint,c,mobile
1555389085244,erase_choice,q5463,,sprint,d,mobile
1555389085956,erase_choice,q5463,,sprint,c,mobile
1555389086139,erase_choice,q5463,,sprint,d,mobile
1555389086728,erase_choice,q5463,,sprint,c,mobile
1555389105933,erase_choice,q5463,,sprint,b,mobile
1555389107338,respond,q5463,,sprint,a,mobile
1555389109427,respond,q5463,,sprint,d,mobile
1555389112999,submit,b3995,,sprint,,mobile
1555389113056,enter,e3995,,sprint,,mobile
1555389124957,quit,e3995,,sprint,,mobile
1555389125040,enter,b5021,,sprint,,mobile
1555389133807,respond,q6489,,sprint,a,mobile
1555389137471,submit,b5021,,sprint,,mobile
1555389137531,enter,e5021,,sprint,,mobile
1555389143909,quit,e5021,,sprint,,mobile
1555389144013,enter,b7657,,sprint,,mobile
1555389150612,erase_choice,q10306,,sprint,b,mobile
1555389151305,erase_choice,q10306,,sprint,d,mobile
1555389152064,respond,q10306,,sprint,c,mobile
1555389155544,submit,b7657,,sprint,,mobile
1555389155607,enter,e7657,,sprint,,mobile
1555389160050,quit,e7657,,sprint,,mobile
1555554245180,enter,b2939,,sprint,,mobile
1555554256793,erase_choice,q4407,,sprint,c,mobile
1555554261456,erase_choice,q4407,,sprint,d,mobile
1555554265057,respond,q4407,,sprint,d,mobile
1555554267471,respond,q4407,,sprint,b,mobile
1555554268505,erase_choice,q4407,,sprint,b,mobile
1555554270355,respond,q4407,,sprint,d,mobile
1555554277136,submit,b2939,,sprint,,mobile
1555554277232,enter,e2939,,sprint,,mobile
1555554352770,quit,e2939,,sprint,,mobile
1555554352858,enter,b4632,,sprint,,mobile
1555554409476,erase_choice,q6100,,sprint,a,mobile
1555554416623,erase_choice,q6100,,sprint,c,mobile
1555554418256,respond,q6100,,sprint,c,mobile
1555554421832,submit,b4632,,sprint,,mobile
1555554421882,enter,e4632,,sprint,,mobile
1555554581891,quit,e4632,,sprint,,mobile
1555554582004,enter,b3085,,sprint,,mobile
1555554597805,erase_choice,q4553,,sprint,b,mobile
1555554600489,respond,q4553,,sprint,a,mobile
1555554604276,submit,b3085,,sprint,,mobile
1555554604315,enter,e3085,,sprint,,mobile
1555554611734,quit,e3085,,sprint,,mobile
1555554611800,enter,b7422,,sprint,,mobile
1555554630186,erase_choice,q10071,,sprint,a,mobile
1555554634407,erase_choice,q10071,,sprint,c,mobile
1555554635954,respond,q10071,,sprint,c,mobile
1555554640689,submit,b7422,,sprint,,mobile
1555554640764,enter,e7422,,sprint,,mobile
1555554679711,quit,e7422,,sprint,,mobile
1555554760228,enter,b4531,,sprint,,mobile
1555554769317,respond,q5999,,sprint,a,mobile
1555554774145,submit,b4531,,sprint,,mobile
1555554774225,enter,e4531,,sprint,,mobile
1555554780286,quit,e4531,,sprint,,mobile
1555554780370,enter,b3134,,sprint,,mobile
1555554815958,respond,q4602,,sprint,b,mobile
1555554816867,erase_choice,q4602,,sprint,b,mobile
1555554817409,respond,q4602,,sprint,a,mobile
1555554820869,submit,b3134,,sprint,,mobile
1555554820947,enter,e3134,,sprint,,mobile
1555554834651,quit,e3134,,sprint,,mobile
1555554834739,enter,b4894,,sprint,,mobile
1555554838528,respond,q6362,,sprint,b,mobile
1555554842982,submit,b4894,,sprint,,mobile
1555554843064,enter,e4894,,sprint,,mobile
1555554848028,quit,e4894,,sprint,,mobile
1555554848081,enter,b5846,,sprint,,mobile
1555554858589,respond,q8495,,sprint,d,mobile
1555554861655,submit,b5846,,sprint,,mobile
1555554861694,enter,e5846,,sprint,,mobile
1555554886112,quit,e5846,,sprint,,mobile
1555555158076,enter,b3595,,sprint,,mobile
1555555178098,erase_choice,q5063,,sprint,c,mobile
1555555182516,respond,q5063,,sprint,d,mobile
1555555186589,submit,b3595,,sprint,,mobile
1555555186687,enter,e3595,,sprint,,mobile
1555555209440,quit,e3595,,sprint,,mobile
1555555795633,enter,b2284,,sprint,,mobile
1555555799871,respond,q3752,,sprint,c,mobile
1555555802390,submit,b2284,,sprint,,mobile
1555555802419,enter,e2284,,sprint,,mobile
1555555807621,quit,e2284,,sprint,,mobile
1555555888516,enter,e3595,,sprint,,mobile
1555555889579,quit,e3595,,sprint,,mobile
1555555891288,enter,e2284,,sprint,,mobile
1555555965319,quit,e2284,,sprint,,mobile
1555991295492,enter,b4863,,sprint,,mobile
1555991328134,respond,q6331,,sprint,c,mobile
1555991333456,respond,q6331,,sprint,d,mobile
1555991340732,submit,b4863,,sprint,,mobile
1555991340817,enter,e4863,,sprint,,mobile
1555991383689,quit,e4863,,sprint,,mobile
1555991383829,enter,b7632,,sprint,,mobile
1555991415962,respond,q10281,,sprint,a,mobile
1555991421129,submit,b7632,,sprint,,mobile
1555991421198,enter,e7632,,sprint,,mobile
1555991474292,quit,e7632,,sprint,,mobile
1555991474400,enter,b3277,,sprint,,mobile
1555991494376,respond,q4745,,sprint,a,mobile
1555991501978,erase_choice,q4745,,sprint,c,mobile
1555991504120,respond,q4745,,sprint,d,mobile
1555991507436,submit,b3277,,sprint,,mobile
1555991507512,enter,e3277,,sprint,,mobile
1555991524502,quit,e3277,,sprint,,mobile
1555991524602,enter,b2335,,sprint,,mobile
1555991548851,respond,q3803,,sprint,c,mobile
1555991556056,submit,b2335,,sprint,,mobile
1555991556122,enter,e2335,,sprint,,mobile
1555991584690,quit,e2335,,sprint,,mobile
1555991584790,enter,b3809,,sprint,,mobile
1555991620589,respond,q5277,,sprint,d,mobile
1555991623780,submit,b3809,,sprint,,mobile
1555991623855,enter,e3809,,sprint,,mobile
1555991634785,quit,e3809,,sprint,,mobile
1555991634887,enter,b7148,,sprint,,mobile
1555991683812,respond,q9797,,sprint,b,mobile
1555991690932,submit,b7148,,sprint,,mobile
1555991691025,enter,e7148,,sprint,,mobile
1555991705188,quit,e7148,,sprint,,mobile
1555991705296,enter,b4926,,sprint,,mobile
1555991742661,respond,q6394,,sprint,b,mobile
1555991746172,submit,b4926,,sprint,,mobile
1555991746249,enter,e4926,,sprint,,mobile
1555991762480,quit,e4926,,sprint,,mobile
1555991762597,enter,b4218,,sprint,,mobile
1555991768286,respond,q5686,,sprint,a,mobile
1555991769724,respond,q5686,,sprint,c,mobile
1555991776206,submit,b4218,,sprint,,mobile
1555991776263,enter,e4218,,sprint,,mobile
1555991790609,quit,e4218,,sprint,,mobile
1555991790707,enter,b3060,,sprint,,mobile
1555991802882,respond,q4528,,sprint,a,mobile
1555991810444,submit,b3060,,sprint,,mobile
1555991810499,enter,e3060,,sprint,,mobile
1555991819416,quit,e3060,,sprint,,mobile
1555991819530,enter,b7329,,sprint,,mobile
1555991822751,respond,q9978,,sprint,b,mobile
1555991827770,respond,q9978,,sprint,d,mobile
1555991830938,submit,b7329,,sprint,,mobile
1555991831045,enter,e7329,,sprint,,mobile
1555991846259,quit,e7329,,sprint,,mobile
1555992106995,enter,b6997,,sprint,,mobile
1555992111328,respond,q9646,,sprint,b,mobile
1555992115062,submit,b6997,,sprint,,mobile
1555992115139,enter,e6997,,sprint,,mobile
1555992156207,quit,e6997,,sprint,,mobile
1555992156321,enter,b5056,,sprint,,mobile
1555992168650,erase_choice,q6524,,sprint,a,mobile
1555992174675,respond,q6524,,sprint,b,mobile
1555992177973,submit,b5056,,sprint,,mobile
1555992178029,enter,e5056,,sprint,,mobile
1555992183712,quit,e5056,,sprint,,mobile
1555992183822,enter,b2529,,sprint,,mobile
1555992189944,erase_choice,q3997,,sprint,b,mobile
1555992192773,respond,q3997,,sprint,c,mobile
1555992200252,submit,b2529,,sprint,,mobile
1555992200339,enter,e2529,,sprint,,mobile
1555992203368,quit,e2529,,sprint,,mobile
1555992249233,enter,b6175,,sprint,,mobile
1555992274920,respond,q8824,,sprint,b,mobile
1555992280025,submit,b6175,,sprint,,mobile
1555992280130,enter,e6175,,sprint,,mobile
1555992293454,quit,e6175,,sprint,,mobile
1555992293519,enter,b4106,,sprint,,mobile
1555992301421,respond,q5574,,sprint,d,mobile
1555992302410,respond,q5574,,sprint,c,mobile
1555992306304,submit,b4106,,sprint,,mobile
1555992306397,enter,e4106,,sprint,,mobile
1555992312338,quit,e4106,,sprint,,mobile
1555992312435,enter,b4484,,sprint,,mobile
1555992348595,respond,q5952,,sprint,a,mobile
1555992352059,submit,b4484,,sprint,,mobile
1555992352119,enter,e4484,,sprint,,mobile
1555992359296,quit,e4484,,sprint,,mobile
1555992359353,enter,b2907,,sprint,,mobile
1555992367665,respond,q4375,,sprint,b,mobile
1555992371126,submit,b2907,,sprint,,mobile
1555992371185,enter,e2907,,sprint,,mobile
1555992377481,quit,e2907,,sprint,,mobile
1555992377589,enter,b6168,,sprint,,mobile
1555992398239,respond,q8817,,sprint,c,mobile
1555992401572,respond,q8817,,sprint,a,mobile
1555992405138,submit,b6168,,sprint,,mobile
1555992405214,enter,e6168,,sprint,,mobile
1555992411220,quit,e6168,,sprint,,mobile
1555992411298,enter,b3701,,sprint,,mobile
1555992426709,respond,q5169,,sprint,c,mobile
1555992430748,submit,b3701,,sprint,,mobile
1555992430839,enter,e3701,,sprint,,mobile
1555992437123,quit,e3701,,sprint,,mobile
1555992437182,enter,b4740,,sprint,,mobile
1555992449865,erase_choice,q6208,,sprint,b,mobile
1555992454833,erase_choice,q6208,,sprint,a,mobile
1555992456631,respond,q6208,,sprint,c,mobile
1555992460502,submit,b4740,,sprint,,mobile
1555992460565,enter,e4740,,sprint,,mobile
1555992478021,quit,e4740,,sprint,,mobile
1556172073959,enter,b4849,,sprint,,mobile
1556172088288,respond,q6317,,sprint,a,mobile
1556172092186,submit,b4849,,sprint,,mobile
1556172092280,enter,e4849,,sprint,,mobile
1556172215619,quit,e4849,,sprint,,mobile
1556172248532,enter,b7033,,sprint,,mobile
1556172275958,respond,q9682,,sprint,a,mobile
1556172276735,respond,q9682,,sprint,d,mobile
1556172280389,submit,b7033,,sprint,,mobile
1556172280478,enter,e7033,,sprint,,mobile
1556172296166,quit,e7033,,sprint,,mobile
1556172296255,enter,b2478,,sprint,,mobile
1556172308133,respond,q3946,,sprint,a,mobile
1556172312073,submit,b2478,,sprint,,mobile
1556172312116,enter,e2478,,sprint,,mobile
1556172420283,quit,e2478,,sprint,,mobile
1556172420383,enter,b2285,,sprint,,mobile
1556172440201,respond,q3753,,sprint,b,mobile
1556172446422,erase_choice,q3753,,sprint,c,mobile
1556172448061,erase_choice,q3753,,sprint,a,mobile
1556172448368,respond,q3753,,sprint,b,mobile
1556172452231,submit,b2285,,sprint,,mobile
1556172452294,enter,e2285,,sprint,,mobile
1556172454529,quit,e2285,,sprint,,mobile
1556172806324,enter,b2795,,sprint,,mobile
1556172816919,respond,q4263,,sprint,d,mobile
1556172819460,erase_choice,q4263,,sprint,d,mobile
1556172821757,respond,q4263,,sprint,b,mobile
1556172822437,respond,q4263,,sprint,a,mobile
1556172829993,submit,b2795,,sprint,,mobile
1556172830066,enter,e2795,,sprint,,mobile
1556172843774,quit,e2795,,sprint,,mobile
1556172843865,enter,b7230,,sprint,,mobile
1556172880326,respond,q9879,,sprint,c,mobile
1556172883580,submit,b7230,,sprint,,mobile
1556172883644,enter,e7230,,sprint,,mobile
1556172895824,quit,e7230,,sprint,,mobile
1556172900820,enter,b3839,,sprint,,mobile
1556172931915,respond,q5307,,sprint,a,mobile
1556172935332,submit,b3839,,sprint,,mobile
1556172935413,enter,e3839,,sprint,,mobile
1556172945562,quit,e3839,,sprint,,mobile
1556172945637,enter,b4227,,sprint,,mobile
1556172962326,erase_choice,q5695,,sprint,c,mobile
1556172977746,respond,q5695,,sprint,d,mobile
1556172980849,submit,b4227,,sprint,,mobile
1556172980907,enter,e4227,,sprint,,mobile
1556172994970,quit,e4227,,sprint,,mobile
1556172995063,enter,b4732,,sprint,,mobile
1556173002692,erase_choice,q6200,,sprint,c,mobile
1556173013691,respond,q6200,,sprint,a,mobile
1556173017801,respond,q6200,,sprint,d,mobile
1556173028994,submit,b4732,,sprint,,mobile
1556173029072,enter,e4732,,sprint,,mobile
1556173037312,quit,e4732,,sprint,,mobile
1556173037403,enter,b6815,,sprint,,mobile
1556173045286,respond,q9464,,sprint,c,mobile
1556173064907,respond,q9464,,sprint,b,mobile
1556173070655,erase_choice,q9464,,sprint,b,mobile
1556173071203,erase_choice,q9464,,sprint,d,mobile
1556173072426,respond,q9464,,sprint,c,mobile
1556173075830,submit,b6815,,sprint,,mobile
1556173075902,enter,e6815,,sprint,,mobile
1556173083921,quit,e6815,,sprint,,mobile
1556173505388,enter,b4896,,sprint,,mobile
1556173538318,respond,q6364,,sprint,c,mobile
1556173546563,respond,q6364,,sprint,b,mobile
1556173547061,respond,q6364,,sprint,a,mobile
1556173556119,submit,b4896,,sprint,,mobile
1556173556193,enter,e4896,,sprint,,mobile
1556173580127,quit,e4896,,sprint,,mobile
1556173756976,enter,b2470,,sprint,,mobile
1556173759669,respond,q3938,,sprint,d,mobile
1556173763963,submit,b2470,,sprint,,mobile
1556173764048,enter,e2470,,sprint,,mobile
1556173786417,quit,e2470,,sprint,,mobile
1556173786502,enter,b2552,,sprint,,mobile
1556173800965,erase_choice,q4020,,sprint,c,mobile
1556173807250,respond,q4020,,sprint,d,mobile
1556173810959,submit,b2552,,sprint,,mobile
1556173811022,enter,e2552,,sprint,,mobile
1556173825227,quit,e2552,,sprint,,mobile
1556173825309,enter,b11361,,sprint,,mobile
1556173863969,respond,q17124,,sprint,b,mobile
1556173873778,submit,b11361,,sprint,,mobile
1556173873841,enter,e11361,,sprint,,mobile
1556173885544,quit,e11361,,sprint,,mobile
1556173885628,enter,b2787,,sprint,,mobile
1556173895527,respond,q4255,,sprint,a,mobile
1556173899297,submit,b2787,,sprint,,mobile
1556173899356,enter,e2787,,sprint,,mobile
1556173915649,quit,e2787,,sprint,,mobile
1556173915735,enter,b3763,,sprint,,mobile
1556173974075,erase_choice,q5231,,sprint,b,mobile
1556173974628,erase_choice,q5231,,sprint,c,mobile
1556173975463,respond,q5231,,sprint,a,mobile
1556173983098,submit,b3763,,sprint,,mobile
1556173983158,enter,e3763,,sprint,,mobile
1556174026274,quit,e3763,,sprint,,mobile
1556174026369,enter,b4868,,sprint,,mobile
1556174044942,respond,q6336,,sprint,c,mobile
1556174048768,submit,b4868,,sprint,,mobile
1556174048830,enter,e4868,,sprint,,mobile
1556174051459,quit,e4868,,sprint,,mobile
1556177349515,enter,e4868,,sprint,,mobile
1556177359260,quit,e4868,,sprint,,mobile
1556177359344,enter,b7591,,sprint,,mobile
1556177381428,respond,q10240,,sprint,a,mobile
1556177409983,submit,b7591,,sprint,,mobile
1556177410079,enter,e7591,,sprint,,mobile
1556177426286,quit,e7591,,sprint,,mobile
1556177426344,enter,b2450,,sprint,,mobile
1556177444880,respond,q3918,,sprint,c,mobile
1556177450401,submit,b2450,,sprint,,mobile
1556177450471,enter,e2450,,sprint,,mobile
1556177497435,quit,e2450,,sprint,,mobile
1556177497523,enter,b4714,,sprint,,mobile
1556177525452,respond,q6182,,sprint,a,mobile
1556177530307,submit,b4714,,sprint,,mobile
1556177530389,enter,e4714,,sprint,,mobile
1556177563539,quit,e4714,,sprint,,mobile
1556258003951,enter,b3367,,sprint,,mobile
1556258014841,respond,q4835,,sprint,d,mobile
1556258015391,erase_choice,q4835,,sprint,d,mobile
1556258017144,erase_choice,q4835,,sprint,c,mobile
1556258022270,respond,q4835,,sprint,b,mobile
1556258028922,submit,b3367,,sprint,,mobile
1556258028985,enter,e3367,,sprint,,mobile
1556258050580,quit,e3367,,sprint,,mobile
1556258050655,enter,b7273,,sprint,,mobile
1556258103132,respond,q9922,,sprint,a,mobile
1556258149583,respond,q9922,,sprint,d,mobile
1556258155487,submit,b7273,,sprint,,mobile
1556258155540,enter,e7273,,sprint,,mobile
1556258286289,quit,e7273,,sprint,,mobile
1556260294544,enter,e7273,,sprint,,mobile
1556260301271,quit,e7273,,sprint,,mobile
1556260301355,enter,b4887,,sprint,,mobile
1556260304247,respond,q6355,,sprint,b,mobile
1556260308141,submit,b4887,,sprint,,mobile
1556260308223,enter,e4887,,sprint,,mobile
1556260312628,quit,e4887,,sprint,,mobile
1556260599080,enter,b2514,,sprint,,mobile
1556260631670,respond,q3982,,sprint,c,mobile
1556260642102,respond,q3982,,sprint,a,mobile
1556260656447,respond,q3982,,sprint,b,mobile
1556260662324,submit,b2514,,sprint,,mobile
1556260662379,enter,e2514,,sprint,,mobile
1556260674156,quit,e2514,,sprint,,mobile
1556260674234,enter,b4195,,sprint,,mobile
1556260684717,respond,q5663,,sprint,c,mobile
1556260704081,respond,q5663,,sprint,b,mobile
1556260708949,submit,b4195,,sprint,,mobile
1556260709014,enter,e4195,,sprint,,mobile
1556260718179,quit,e4195,,sprint,,mobile
1556260718252,enter,b5961,,sprint,,mobile
1556260763235,respond,q8610,,sprint,a,mobile
1556260767857,respond,q8610,,sprint,d,mobile
1556260768589,respond,q8610,,sprint,c,mobile
1556260772319,submit,b5961,,sprint,,mobile
1556260772384,enter,e5961,,sprint,,mobile
1556260793672,quit,e5961,,sprint,,mobile
1556260793749,enter,b2191,,sprint,,mobile
1556260815236,respond,q3659,,sprint,a,mobile
1556260833225,submit,b2191,,sprint,,mobile
1556260833277,enter,e2191,,sprint,,mobile
1556260853393,quit,e2191,,sprint,,mobile
1556260853478,enter,b2204,,sprint,,mobile
1556260860317,respond,q3672,,sprint,b,mobile
1556260863950,submit,b2204,,sprint,,mobile
1556260864003,enter,e2204,,sprint,,mobile
1556261026767,quit,e2204,,sprint,,mobile
1556261026808,enter,b2361,,sprint,,mobile
1556261035111,respond,q3829,,sprint,a,mobile
1556261038356,submit,b2361,,sprint,,mobile
1556261038421,enter,e2361,,sprint,,mobile
1556261051110,quit,e2361,,sprint,,mobile
1556261051193,enter,b7022,,sprint,,mobile
1556261069134,respond,q9671,,sprint,a,mobile
1556261074214,submit,b7022,,sprint,,mobile
1556261074277,enter,e7022,,sprint,,mobile
1556261202111,quit,e7022,,sprint,,mobile
1556417231395,enter,b4172,,sprint,,mobile
1556417249540,respond,q5640,,sprint,a,mobile
1556417257081,submit,b4172,,sprint,,mobile
1556417257132,enter,e4172,,sprint,,mobile
1556417270098,quit,e4172,,sprint,,mobile
1556417270177,enter,b2564,,sprint,,mobile
1556417282444,erase_choice,q4032,,sprint,b,mobile
1556417290215,erase_choice,q4032,,sprint,a,mobile
1556417291395,respond,q4032,,sprint,d,mobile
1556417294371,submit,b2564,,sprint,,mobile
1556417294437,enter,e2564,,sprint,,mobile
1556417314219,quit,e2564,,sprint,,mobile
1556417314268,enter,b3590,,sprint,,mobile
1556417332580,erase_choice,q5058,,sprint,d,mobile
1556417339828,respond,q5058,,sprint,a,mobile
1556417343815,submit,b3590,,sprint,,mobile
1556417343879,enter,e3590,,sprint,,mobile
1556417354175,quit,e3590,,sprint,,mobile
1556417354242,enter,b11295,,sprint,,mobile
1556417375282,erase_choice,q17058,,sprint,d,mobile
1556417375731,respond,q17058,,sprint,d,mobile
1556417379710,submit,b11295,,sprint,,mobile
1556417379772,enter,e11295,,sprint,,mobile
1556417408452,quit,e11295,,sprint,,mobile
1556417408521,enter,b2622,,sprint,,mobile
1556417431665,respond,q4090,,sprint,d,mobile
1556417434768,submit,b2622,,sprint,,mobile
1556417434815,enter,e2622,,sprint,,mobile
1556417454822,quit,e2622,,sprint,,mobile
1556417454876,enter,b4039,,sprint,,mobile
1556417467749,respond,q5507,,sprint,a,mobile
1556417469248,respond,q5507,,sprint,b,mobile
1556417473079,submit,b4039,,sprint,,mobile
1556417473143,enter,e4039,,sprint,,mobile
1556417479542,quit,e4039,,sprint,,mobile
1556417479575,enter,b2902,,sprint,,mobile
1556417492720,respond,q4370,,sprint,d,mobile
1556417495627,submit,b2902,,sprint,,mobile
1556417495698,enter,e2902,,sprint,,mobile
1556417501201,quit,e2902,,sprint,,mobile
1556417501241,enter,b5895,,sprint,,mobile
1556417520014,respond,q8544,,sprint,d,mobile
1556417523030,submit,b5895,,sprint,,mobile
1556417523095,enter,e5895,,sprint,,mobile
1556417547448,quit,e5895,,sprint,,mobile
1556417547530,enter,b6967,,sprint,,mobile
1556417555132,respond,q9616,,sprint,c,mobile
1556417558046,submit,b6967,,sprint,,mobile
1556417558108,enter,e6967,,sprint,,mobile
1556417565627,quit,e6967,,sprint,,mobile
1556417565705,enter,b3189,,sprint,,mobile
1556417569654,respond,q4657,,sprint,b,mobile
1556417573150,submit,b3189,,sprint,,mobile
1556417573207,enter,e3189,,sprint,,mobile
1556417576007,quit,e3189,,sprint,,mobile
1556602239457,enter,b4027,,sprint,,mobile
1556602250925,respond,q5495,,sprint,b,mobile
1556602253836,submit,b4027,,sprint,,mobile
1556602253920,enter,e4027,,sprint,,mobile
1556602273590,quit,e4027,,sprint,,mobile
1556602351001,enter,b7195,,sprint,,mobile
1556602351926,erase_choice,q9844,,sprint,b,mobile
1556602360361,respond,q9844,,sprint,c,mobile
1556602364825,submit,b7195,,sprint,,mobile
1556602364874,enter,e7195,,sprint,,mobile
1556602380943,quit,e7195,,sprint,,mobile
1556602381029,enter,b6934,,sprint,,mobile
1556602391205,respond,q9583,,sprint,c,mobile
1556602397439,submit,b6934,,sprint,,mobile
1556602397493,enter,e6934,,sprint,,mobile
1556602409634,quit,e6934,,sprint,,mobile
1556602409707,enter,b3997,,sprint,,mobile
1556602415681,respond,q5465,,sprint,d,mobile
1556602418837,submit,b3997,,sprint,,mobile
1556602418875,enter,e3997,,sprint,,mobile
1556602435809,quit,e3997,,sprint,,mobile
1556602435883,enter,b6022,,sprint,,mobile
1556602457076,respond,q8671,,sprint,c,mobile
1556602458476,respond,q8671,,sprint,d,mobile
1556602458924,respond,q8671,,sprint,a,mobile
1556602462019,submit,b6022,,sprint,,mobile
1556602462080,enter,e6022,,sprint,,mobile
1556602486121,quit,e6022,,sprint,,mobile
1556602486207,enter,b11474,,sprint,,mobile
1556602491354,respond,q17237,,sprint,d,mobile
1556602492289,respond,q17237,,sprint,b,mobile
1556602500265,submit,b11474,,sprint,,mobile
1556602500332,enter,e11474,,sprint,,mobile
1556602506270,quit,e11474,,sprint,,mobile
1556602506332,enter,b4552,,sprint,,mobile
1556602543492,respond,q6020,,sprint,d,mobile
1556602548243,erase_choice,q6020,,sprint,c,mobile
1556602548570,erase_choice,q6020,,sprint,a,mobile
1556602549190,respond,q6020,,sprint,d,mobile
1556602551957,submit,b4552,,sprint,,mobile
1556602552024,enter,e4552,,sprint,,mobile
1556602567395,quit,e4552,,sprint,,mobile
1556602567468,enter,b4915,,sprint,,mobile
1556602592275,erase_choice,q6383,,sprint,b,mobile
1556602605763,respond,q6383,,sprint,d,mobile
1556602609422,submit,b4915,,sprint,,mobile
1556602609474,enter,e4915,,sprint,,mobile
1556602618354,quit,e4915,,sprint,,mobile
1556602618407,enter,b3124,,sprint,,mobile
1556602629942,respond,q4592,,sprint,d,mobile
1556602634690,erase_choice,q4592,,sprint,c,mobile
1556602635642,respond,q4592,,sprint,d,mobile
1556602642220,submit,b3124,,sprint,,mobile
1556602642284,enter,e3124,,sprint,,mobile
1556602658177,quit,e3124,,sprint,,mobile
1556602658232,enter,b7432,,sprint,,mobile
1556602665805,respond,q10081,,sprint,b,mobile
1556602669356,submit,b7432,,sprint,,mobile
1556602669411,enter,e7432,,sprint,,mobile
1556602698058,quit,e7432,,sprint,,mobile
1556776303797,enter,b3329,,sprint,,mobile
1556776304361,respond,q4797,,sprint,c,mobile
1556776307897,submit,b3329,,sprint,,mobile
1556776307971,enter,e3329,,sprint,,mobile
1556776329823,quit,e3329,,sprint,,mobile
1556776329918,enter,b3999,,sprint,,mobile
1556776341930,respond,q5467,,sprint,d,mobile
1556776346449,respond,q5467,,sprint,a,mobile
1556776350354,submit,b3999,,sprint,,mobile
1556776350414,enter,e3999,,sprint,,mobile
1556776359738,quit,e3999,,sprint,,mobile
1556776359835,enter,b4882,,sprint,,mobile
1556776378145,respond,q6350,,sprint,a,mobile
1556776383424,submit,b4882,,sprint,,mobile
1556776383479,enter,e4882,,sprint,,mobile
1556776401808,quit,e4882,,sprint,,mobile
1556776434647,enter,b5898,,sprint,,mobile
1556776438969,respond,q8547,,sprint,d,mobile
1556776449197,respond,q8547,,sprint,c,mobile
1556776449759,respond,q8547,,sprint,d,mobile
1556776450335,erase_choice,q8547,,sprint,d,mobile
1556776451766,respond,q8547,,sprint,b,mobile
1556776460645,submit,b5898,,sprint,,mobile
1556776460725,enter,e5898,,sprint,,mobile
1556776493193,quit,e5898,,sprint,,mobile
1556776535195,enter,b2370,,sprint,,mobile
1556776551536,erase_choice,q3838,,sprint,a,mobile
1556776553479,erase_choice,q3838,,sprint,d,mobile
1556776560168,respond,q3838,,sprint,c,mobile
1556776561758,respond,q3838,,sprint,b,mobile
1556776567484,submit,b2370,,sprint,,mobile
1556776567565,enter,e2370,,sprint,,mobile
1556776591103,quit,e2370,,sprint,,mobile
1556776611051,enter,b6950,,sprint,,mobile
1556776619665,erase_choice,q9599,,sprint,b,mobile
1556776654665,erase_choice,q9599,,sprint,d,mobile
1556776656065,respond,q9599,,sprint,c,mobile
1556776661933,respond,q9599,,sprint,a,mobile
1556776665269,submit,b6950,,sprint,,mobile
1556776665317,enter,e6950,,sprint,,mobile
1556776701129,quit,e6950,,sprint,,mobile
1556776701220,enter,b4668,,sprint,,mobile
1556776712522,respond,q6136,,sprint,d,mobile
1556776713755,respond,q6136,,sprint,c,mobile
1556776724954,respond,q6136,,sprint,b,mobile
1556776733152,submit,b4668,,sprint,,mobile
1556776733229,enter,e4668,,sprint,,mobile
1556776752901,quit,e4668,,sprint,,mobile
1556776932479,enter,b5968,,sprint,,mobile
1556776961037,respond,q8617,,sprint,d,mobile
1556776964772,respond,q8617,,sprint,c,mobile
1556776966603,respond,q8617,,sprint,a,mobile
1556776974023,erase_choice,q8617,,sprint,c,mobile
1556776975351,respond,q8617,,sprint,a,mobile
1556776977618,respond,q8617,,sprint,d,mobile
1556776979818,respond,q8617,,sprint,a,mobile
1556776980585,respond,q8617,,sprint,c,mobile
1556776985694,submit,b5968,,sprint,,mobile
1556776985740,enter,e5968,,sprint,,mobile
1556776998432,quit,e5968,,sprint,,mobile
1556777057772,enter,b2319,,sprint,,mobile
1556777081363,respond,q3787,,sprint,a,mobile
1556777086781,submit,b2319,,sprint,,mobile
1556777086882,enter,e2319,,sprint,,mobile
1556777102418,quit,e2319,,sprint,,mobile
1556777102511,enter,b2714,,sprint,,mobile
1556777104692,erase_choice,q4182,,sprint,a,mobile
1556777127262,respond,q4182,,sprint,d,mobile
1556777133513,submit,b2714,,sprint,,mobile
1556777133589,enter,e2714,,sprint,,mobile
1556777140549,quit,e2714,,sprint,,mobile
1556847178763,enter,b6947,,sprint,,mobile
1556847219481,respond,q9596,,sprint,c,mobile
1556847225743,submit,b6947,,sprint,,mobile
1556847225842,enter,e6947,,sprint,,mobile
1556847340935,quit,e6947,,sprint,,mobile
1556847580549,enter,b6188,,sprint,,mobile
1556847598676,erase_choice,q8837,,sprint,c,mobile
1556847598910,erase_choice,q8837,,sprint,b,mobile
1556847599304,respond,q8837,,sprint,a,mobile
1556847614757,submit,b6188,,sprint,,mobile
1556847614834,enter,e6188,,sprint,,mobile
1556847676050,quit,e6188,,sprint,,mobile
1556847676116,enter,b3769,,sprint,,mobile
1556847692869,respond,q5237,,sprint,d,mobile
1556847702525,submit,b3769,,sprint,,mobile
1556847702593,enter,e3769,,sprint,,mobile
1556847713174,quit,e3769,,sprint,,mobile
1556847917148,enter,b5051,,sprint,,mobile
1556847926812,erase_choice,q6519,,sprint,c,mobile
1556847948741,respond,q6519,,sprint,a,mobile
1556847955948,submit,b5051,,sprint,,mobile
1556847956022,enter,e5051,,sprint,,mobile
1556847982245,quit,e5051,,sprint,,mobile
1556847982297,enter,b2476,,sprint,,mobile
1556847999861,respond,q3944,,sprint,c,mobile
1556848007787,submit,b2476,,sprint,,mobile
1556848007854,enter,e2476,,sprint,,mobile
1556848056807,quit,e2476,,sprint,,mobile
1556848056895,enter,b11479,,sprint,,mobile
1556848074007,respond,q17242,,sprint,c,mobile
1556848078963,submit,b11479,,sprint,,mobile
1556848079009,enter,e11479,,sprint,,mobile
1556848110307,quit,e11479,,sprint,,mobile
1556848110367,enter,b4033,,sprint,,mobile
1556848122217,erase_choice,q5501,,sprint,d,mobile
1556848122416,erase_choice,q5501,,sprint,c,mobile
1556848126366,respond,q5501,,sprint,b,mobile
1556848138012,submit,b4033,,sprint,,mobile
1556848138085,enter,e4033,,sprint,,mobile
1556848157997,quit,e4033,,sprint,,mobile
1556848158088,enter,b4385,,sprint,,mobile
1556848167068,respond,q5853,,sprint,b,mobile
1556848173900,submit,b4385,,sprint,,mobile
1556848173958,enter,e4385,,sprint,,mobile
1556848185561,quit,e4385,,sprint,,mobile
1556848185608,enter,b5077,,sprint,,mobile
1556848194585,erase_choice,q6545,,sprint,b,mobile
1556848197691,erase_choice,q6545,,sprint,d,mobile
1556848207342,respond,q6545,,sprint,a,mobile
1556848223870,submit,b5077,,sprint,,mobile
1556848223931,enter,e5077,,sprint,,mobile
1556848244439,quit,e5077,,sprint,,mobile
1556848244531,enter,b6292,,sprint,,mobile
1556848252551,respond,q8941,,sprint,b,mobile
1556848263311,submit,b6292,,sprint,,mobile
1556848263388,enter,e6292,,sprint,,mobile
1556848381691,quit,e6292,,sprint,,mobile
1557061321799,enter,b2374,,sprint,,mobile
1557061343815,respond,q3842,,sprint,a,mobile
1557061347573,submit,b2374,,sprint,,mobile
1557061347687,enter,e2374,,sprint,,mobile
1557061361312,quit,e2374,,sprint,,mobile
1557061361402,enter,b4729,,sprint,,mobile
1557061369869,erase_choice,q6197,,sprint,a,mobile
1557061379275,erase_choice,q6197,,sprint,d,mobile
1557061384909,respond,q6197,,sprint,c,mobile
1557061388644,submit,b4729,,sprint,,mobile
1557061388715,enter,e4729,,sprint,,mobile
1557061396416,quit,e4729,,sprint,,mobile
1557061396516,enter,b3143,,sprint,,mobile
1557061429629,respond,q4611,,sprint,c,mobile
1557061430499,erase_choice,q4611,,sprint,a,mobile
1557061430873,erase_choice,q4611,,sprint,d,mobile
1557061431342,respond,q4611,,sprint,c,mobile
1557061434918,submit,b3143,,sprint,,mobile
1557061434981,enter,e3143,,sprint,,mobile
1557061457440,quit,e3143,,sprint,,mobile
1557061457533,enter,b7603,,sprint,,mobile
1557061470486,respond,q10252,,sprint,b,mobile
1557061477635,respond,q10252,,sprint,c,mobile
1557061482629,submit,b7603,,sprint,,mobile
1557061482706,enter,e7603,,sprint,,mobile
1557061490222,quit,e7603,,sprint,,mobile
1557061522270,enter,b2577,,sprint,,mobile
1557061540531,respond,q4045,,sprint,a,mobile
1557061543929,submit,b2577,,sprint,,mobile
1557061543992,enter,e2577,,sprint,,mobile
1557061600509,quit,e2577,,sprint,,mobile
1557061600600,enter,b4543,,sprint,,mobile
1557061603285,respond,q6011,,sprint,b,mobile
1557061604019,respond,q6011,,sprint,a,mobile
1557061604400,respond,q6011,,sprint,b,mobile
1557061604865,respond,q6011,,sprint,c,mobile
1557061605630,respond,q6011,,sprint,d,mobile
1557061605907,respond,q6011,,sprint,b,mobile
1557061606194,respond,q6011,,sprint,a,mobile
1557061610868,submit,b4543,,sprint,,mobile
1557061610915,enter,e4543,,sprint,,mobile
1557061615856,quit,e4543,,sprint,,mobile
1557061615951,enter,b3158,,sprint,,mobile
1557061620462,respond,q4626,,sprint,a,mobile
1557061624972,submit,b3158,,sprint,,mobile
1557061625030,enter,e3158,,sprint,,mobile
1557061631913,quit,e3158,,sprint,,mobile
1557061631985,enter,b7444,,sprint,,mobile
1557061663577,respond,q10093,,sprint,b,mobile
1557061664607,respond,q10093,,sprint,c,mobile
1557061665074,respond,q10093,,sprint,d,mobile
1557061665922,erase_choice,q10093,,sprint,d,mobile
1557061666132,erase_choice,q10093,,sprint,c,mobile
1557061667692,respond,q10093,,sprint,b,mobile
1557061670979,submit,b7444,,sprint,,mobile
1557061671037,enter,e7444,,sprint,,mobile
1557061684063,quit,e7444,,sprint,,mobile
1557061684154,enter,b3912,,sprint,,mobile
1557061694599,respond,q5380,,sprint,b,mobile
1557061699622,submit,b3912,,sprint,,mobile
1557061699684,enter,e3912,,sprint,,mobile
1557061705973,quit,e3912,,sprint,,mobile
1557061706052,enter,b3084,,sprint,,mobile
1557061709659,respond,q4552,,sprint,d,mobile
1557061715898,submit,b3084,,sprint,,mobile
1557061715960,enter,e3084,,sprint,,mobile
1557061768246,quit,e3084,,sprint,,mobile
1557289316345,enter,b3395,,sprint,,mobile
1557289357235,erase_choice,q4863,,sprint,b,mobile
1557289357466,erase_choice,q4863,,sprint,a,mobile
1557289357966,respond,q4863,,sprint,c,mobile
1557289362023,submit,b3395,,sprint,,mobile
1557289362124,enter,e3395,,sprint,,mobile
1557289379770,quit,e3395,,sprint,,mobile
1557289379862,enter,b11451,,sprint,,mobile
1557289384417,respond,q17214,,sprint,c,mobile
1557289388305,submit,b11451,,sprint,,mobile
1557289388383,enter,e11451,,sprint,,mobile
1557289397330,quit,e11451,,sprint,,mobile
1557289397432,enter,b2982,,sprint,,mobile
1557289415794,respond,q4450,,sprint,d,mobile
1557289433573,submit,b2982,,sprint,,mobile
1557289433622,enter,e2982,,sprint,,mobile
1557289442162,quit,e2982,,sprint,,mobile
1557289442234,enter,b5076,,sprint,,mobile
1557289448020,erase_choice,q6544,,sprint,a,mobile
1557289450516,erase_choice,q6544,,sprint,d,mobile
1557289462030,respond,q6544,,sprint,c,mobile
1557289467286,submit,b5076,,sprint,,mobile
1557289467352,enter,e5076,,sprint,,mobile
1557289483562,quit,e5076,,sprint,,mobile
1557289483624,enter,b2884,,sprint,,mobile
1557289494085,erase_choice,q4352,,sprint,a,mobile
1557289495547,respond,q4352,,sprint,c,mobile
1557289500455,submit,b2884,,sprint,,mobile
1557289500513,enter,e2884,,sprint,,mobile
1557289516865,quit,e2884,,sprint,,mobile
1557289516928,enter,b6829,,sprint,,mobile
1557289526079,respond,q9478,,sprint,b,mobile
1557289530830,submit,b6829,,sprint,,mobile
1557289530896,enter,e6829,,sprint,,mobile
1557289572424,quit,e6829,,sprint,,mobile
1557289572515,enter,b3834,,sprint,,mobile
1557289578938,erase_choice,q5302,,sprint,b,mobile
1557289581669,erase_choice,q5302,,sprint,c,mobile
1557289582902,respond,q5302,,sprint,c,mobile
1557289585930,submit,b3834,,sprint,,mobile
1557289585988,enter,e3834,,sprint,,mobile
1557289613673,quit,e3834,,sprint,,mobile
1557289613758,enter,b3570,,sprint,,mobile
1557289632682,respond,q5038,,sprint,b,mobile
1557289638675,submit,b3570,,sprint,,mobile
1557289638738,enter,e3570,,sprint,,mobile
1557289646035,quit,e3570,,sprint,,mobile
1557289646117,enter,b2876,,sprint,,mobile
1557289654083,erase_choice,q4344,,sprint,d,mobile
1557289655684,erase_choice,q4344,,sprint,a,mobile
1557289657699,erase_choice,q4344,,sprint,a,mobile
1557289685904,respond,q4344,,sprint,b,mobile
1557289686703,respond,q4344,,sprint,c,mobile
1557289690845,submit,b2876,,sprint,,mobile
1557289690895,enter,e2876,,sprint,,mobile
1557289698474,quit,e2876,,sprint,,mobile
1557289698539,enter,b7408,,sprint,,mobile
1557289708328,respond,q10057,,sprint,c,mobile
1557289712409,submit,b7408,,sprint,,mobile
1557289712464,enter,e7408,,sprint,,mobile
1557289724428,quit,e7408,,sprint,,mobile
1557289966598,enter,b3890,,review_quiz,,mobile
1557289972791,respond,q5358,,review_quiz,d,mobile
1557289998780,respond,q5358,,review_quiz,b,mobile
1557289999460,respond,q5358,,review_quiz,d,mobile
1557290004524,submit,b3890,,review_quiz,,mobile
1557290004608,enter,e3890,,review_quiz,,mobile
1557290009890,quit,e3890,,review_quiz,,mobile
1557290009985,enter,b2691,,review_quiz,,mobile
1557290016613,respond,q4159,,review_quiz,b,mobile
1557290031194,submit,b2691,,review_quiz,,mobile
1557290031253,enter,e2691,,review_quiz,,mobile
1557290036957,quit,e2691,,review_quiz,,mobile
1557290037027,enter,b2699,,review_quiz,,mobile
1557290058939,respond,q4167,,review_quiz,c,mobile
1557290059554,respond,q4167,,review_quiz,b,mobile
1557290085361,respond,q4167,,review_quiz,d,mobile
1557290096774,erase_choice,q4167,,review_quiz,b,mobile
1557290097389,respond,q4167,,review_quiz,d,mobile
1557290103301,submit,b2699,,review_quiz,,mobile
1557290103368,enter,e2699,,review_quiz,,mobile
1557290112774,quit,e2699,,review_quiz,,mobile
1557290112828,enter,b5961,,review_quiz,,mobile
1557290123209,respond,q8610,,review_quiz,d,mobile
1557290128785,submit,b5961,,review_quiz,,mobile
1557290128860,enter,e5961,,review_quiz,,mobile
1557290141034,quit,e5961,,review_quiz,,mobile
1557290141124,enter,b2146,,review_quiz,,mobile
1557290169125,respond,q3614,,review_quiz,a,mobile
1557290171969,submit,b2146,,review_quiz,,mobile
1557290172032,enter,e2146,,review_quiz,,mobile
1557290178713,quit,e2146,,review_quiz,,mobile
1557290183424,enter,e2699,,review_quiz,,mobile
1557290185321,quit,e2699,,review_quiz,,mobile
1557290187280,enter,e5961,,review_quiz,,mobile
1557290188954,quit,e5961,,review_quiz,,mobile
1557290769228,enter,b4427,,sprint,,mobile
1557290775464,erase_choice,q5895,,sprint,b,mobile
1557290776087,respond,q5895,,sprint,c,mobile
1557290779745,submit,b4427,,sprint,,mobile
1557290779811,enter,e4427,,sprint,,mobile
1557290793915,quit,e4427,,sprint,,mobile
1557290867898,enter,b4653,,sprint,,mobile
1557290875097,erase_choice,q6121,,sprint,d,mobile
1557290878005,respond,q6121,,sprint,c,mobile
1557290883040,submit,b4653,,sprint,,mobile
1557290883128,enter,e4653,,sprint,,mobile
1557290915324,quit,e4653,,sprint,,mobile
1557290936579,enter,b2626,,sprint,,mobile
1557290943788,respond,q4094,,sprint,d,mobile
1557290947525,submit,b2626,,sprint,,mobile
1557290947599,enter,e2626,,sprint,,mobile
1557290961789,quit,e2626,,sprint,,mobile
1557290961864,enter,b7495,,sprint,,mobile
1557290979412,respond,q10144,,sprint,a,mobile
1557290983701,submit,b7495,,sprint,,mobile
1557290983782,enter,e7495,,sprint,,mobile
1557290992809,quit,e7495,,sprint,,mobile
1557290992908,enter,b2746,,sprint,,mobile
1557291003588,respond,q4214,,sprint,b,mobile
1557291006926,submit,b2746,,sprint,,mobile
1557291006986,enter,e2746,,sprint,,mobile
1557291027086,quit,e2746,,sprint,,mobile
1557291027171,enter,b2602,,sprint,,mobile
1557291046924,respond,q4070,,sprint,d,mobile
1557291050651,submit,b2602,,sprint,,mobile
1557291050728,enter,e2602,,sprint,,mobile
1557291087342,quit,e2602,,sprint,,mobile
1557291087431,enter,b3413,,sprint,,mobile
1557291092841,respond,q4881,,sprint,d,mobile
1557291099503,submit,b3413,,sprint,,mobile
1557291099578,enter,e3413,,sprint,,mobile
1557291111739,quit,e3413,,sprint,,mobile
1557291111787,enter,b6679,,sprint,,mobile
1557291115634,erase_choice,q9328,,sprint,b,mobile
1557291134998,respond,q9328,,sprint,d,mobile
1557291138724,submit,b6679,,sprint,,mobile
1557291138802,enter,e6679,,sprint,,mobile
1557291147312,quit,e6679,,sprint,,mobile
1557291147413,enter,b2305,,sprint,,mobile
1557291158521,erase_choice,q3773,,sprint,b,mobile
1557291159237,erase_choice,q3773,,sprint,c,mobile
1557291161537,respond,q3773,,sprint,a,mobile
1557291181027,submit,b2305,,sprint,,mobile
1557291181094,enter,e2305,,sprint,,mobile
1557291185014,quit,e2305,,sprint,,mobile
1557291193393,enter,b6052,,sprint,,mobile
1557291215191,respond,q8701,,sprint,b,mobile
1557291216631,erase_choice,q8701,,sprint,b,mobile
1557291218164,respond,q8701,,sprint,c,mobile
1557291218846,erase_choice,q8701,,sprint,a,mobile
1557291220613,respond,q8701,,sprint,a,mobile
1557291224917,submit,b6052,,sprint,,mobile
1557291224967,enter,e6052,,sprint,,mobile
1557291238123,quit,e6052,,sprint,,mobile
1557291247889,enter,e2602,,sprint,,mobile
1557291248960,quit,e2602,,sprint,,mobile
1557291252370,enter,e2626,,sprint,,mobile
1557291272125,quit,e2626,,sprint,,mobile
1557291274102,enter,e4653,,sprint,,mobile
1557291275471,quit,e4653,,sprint,,mobile
1557291296446,enter,e2602,,sprint,,mobile
1557291297810,quit,e2602,,sprint,,mobile
1557291299600,enter,e3413,,sprint,,mobile
1557291300530,quit,e3413,,sprint,,mobile
1557291308964,enter,e2626,,sprint,,mobile
1557291310382,quit,e2626,,sprint,,mobile
1557291312449,enter,e4653,,sprint,,mobile
1557291313749,quit,e4653,,sprint,,mobile
1557291320015,enter,e2602,,sprint,,mobile
1557291320620,quit,e2602,,sprint,,mobile
1557291321917,enter,e3413,,sprint,,mobile
1557291323491,quit,e3413,,sprint,,mobile
1557291325087,enter,e2602,,sprint,,mobile
1557291326207,quit,e2602,,sprint,,mobile
1557291329489,enter,e4653,,sprint,,mobile
1557291330507,quit,e4653,,sprint,,mobile
1557291332527,enter,e2626,,sprint,,mobile
1557291338118,quit,e2626,,sprint,,mobile
1557291340383,enter,e4427,,sprint,,mobile
1557291341135,quit,e4427,,sprint,,mobile
1557291343873,enter,e7495,,sprint,,mobile
1557291344435,quit,e7495,,sprint,,mobile
1557291346371,enter,e2746,,sprint,,mobile
1557291347450,quit,e2746,,sprint,,mobile
1557291350891,enter,e6679,,sprint,,mobile
1557291367637,quit,e6679,,sprint,,mobile
1557368626572,enter,b2587,,sprint,,mobile
1557368642005,erase_choice,q4055,,sprint,a,mobile
1557368647299,respond,q4055,,sprint,b,mobile
1557368651608,submit,b2587,,sprint,,mobile
1557368651692,enter,e2587,,sprint,,mobile
1557368748422,quit,e2587,,sprint,,mobile
1557369313761,enter,b7194,,sprint,,mobile
1557369323623,respond,q9843,,sprint,d,mobile
1557369324073,respond,q9843,,sprint,c,mobile
1557369328293,submit,b7194,,sprint,,mobile
1557369328394,enter,e7194,,sprint,,mobile
1557369348489,quit,e7194,,sprint,,mobile
1557369396263,enter,b2244,,sprint,,mobile
1557369430721,respond,q3712,,sprint,a,mobile
1557369434888,submit,b2244,,sprint,,mobile
1557369434939,enter,e2244,,sprint,,mobile
1557369450902,quit,e2244,,sprint,,mobile
1557369450977,enter,b3792,,sprint,,mobile
1557369456308,erase_choice,q5260,,sprint,b,mobile
1557369462819,respond,q5260,,sprint,a,mobile
1557369463934,respond,q5260,,sprint,c,mobile
1557369469138,submit,b3792,,sprint,,mobile
1557369469214,enter,e3792,,sprint,,mobile
1557369473313,quit,e3792,,sprint,,mobile
1557369615798,enter,b3828,,sprint,,mobile
1557369639798,respond,q5296,,sprint,d,mobile
1557369650884,respond,q5296,,sprint,a,mobile
1557369655200,submit,b3828,,sprint,,mobile
1557369655257,enter,e3828,,sprint,,mobile
1557369668820,quit,e3828,,sprint,,mobile
1557369668891,enter,b6903,,sprint,,mobile
1557369705362,respond,q9552,,sprint,c,mobile
1557369709255,submit,b6903,,sprint,,mobile
1557369709333,enter,e6903,,sprint,,mobile
1557369722939,quit,e6903,,sprint,,mobile
1557369723014,enter,b4032,,sprint,,mobile
1557369731085,respond,q5500,,sprint,b,mobile
1557369733435,respond,q5500,,sprint,a,mobile
1557369735152,respond,q5500,,sprint,b,mobile
1557369738254,submit,b4032,,sprint,,mobile
1557369738308,enter,e4032,,sprint,,mobile
1557369750747,quit,e4032,,sprint,,mobile
1557369750792,enter,b4183,,sprint,,mobile
1557369760817,respond,q5651,,sprint,c,mobile
1557369765769,submit,b4183,,sprint,,mobile
1557369765813,enter,e4183,,sprint,,mobile
1557369801299,quit,e4183,,sprint,,mobile
1557369827145,enter,b4884,,sprint,,mobile
1557369830894,respond,q6352,,sprint,a,mobile
1557369833857,submit,b4884,,sprint,,mobile
1557369833912,enter,e4884,,sprint,,mobile
1557369842704,quit,e4884,,sprint,,mobile
1557369842788,enter,b6314,,sprint,,mobile
1557369849956,respond,q8963,,sprint,a,mobile
1557369853457,submit,b6314,,sprint,,mobile
1557369853514,enter,e6314,,sprint,,mobile
1557369874173,quit,e6314,,sprint,,mobile
1557370992842,enter,b4603,,review_quiz,,mobile
1557371001718,respond,q6071,,review_quiz,a,mobile
1557371005390,submit,b4603,,review_quiz,,mobile
1557371005465,enter,e4603,,review_quiz,,mobile
1557371045284,quit,e4603,,review_quiz,,mobile
1557371045331,enter,b4531,,review_quiz,,mobile
1557371052207,respond,q5999,,review_quiz,b,mobile
1557371053082,respond,q5999,,review_quiz,a,mobile
1557371056384,submit,b4531,,review_quiz,,mobile
1557371056444,enter,e4531,,review_quiz,,mobile
1557371058336,quit,e4531,,review_quiz,,mobile
1557371260872,enter,b2692,,review_quiz,,mobile
1557371266834,respond,q4160,,review_quiz,d,mobile
1557371269642,submit,b2692,,review_quiz,,mobile
1557371269700,enter,e2692,,review_quiz,,mobile
1557371276607,quit,e2692,,review_quiz,,mobile
1557372961868,enter,e2692,,review_quiz,,mobile
1557372966797,quit,e2692,,review_quiz,,mobile
1557372966858,enter,b2622,,review_quiz,,mobile
1557372977398,respond,q4090,,review_quiz,c,mobile
1557372977594,erase_choice,q4090,,review_quiz,b,mobile
1557372978691,erase_choice,q4090,,review_quiz,c,mobile
1557372986794,respond,q4090,,review_quiz,a,mobile
1557372990195,submit,b2622,,review_quiz,,mobile
1557372990260,enter,e2622,,review_quiz,,mobile
1557373016967,quit,e2622,,review_quiz,,mobile
1557373017059,enter,b3061,,review_quiz,,mobile
1557373057884,respond,q4529,,review_quiz,c,mobile
1557373061796,respond,q4529,,review_quiz,a,mobile
1557373063014,respond,q4529,,review_quiz,c,mobile
1557373068844,respond,q4529,,review_quiz,a,mobile
1557373069815,respond,q4529,,review_quiz,b,mobile
1557373070058,respond,q4529,,review_quiz,a,mobile
1557373070697,erase_choice,q4529,,review_quiz,b,mobile
1557373071112,respond,q4529,,review_quiz,a,mobile
1557373074583,submit,b3061,,review_quiz,,mobile
1557373074645,enter,e3061,,review_quiz,,mobile
1557373089747,quit,e3061,,review_quiz,,mobile
1557373089821,enter,b6428,,review_quiz,,mobile
1557373102701,respond,q9077,,review_quiz,d,mobile
1557373105743,submit,b6428,,review_quiz,,mobile
1557373105800,enter,e6428,,review_quiz,,mobile
1557373107164,quit,e6428,,review_quiz,,mobile
1557373449614,enter,b6947,,review_quiz,,mobile
1557373460498,respond,q9596,,review_quiz,b,mobile
1557373463665,submit,b6947,,review_quiz,,mobile
1557373463730,enter,e6947,,review_quiz,,mobile
1557373551719,quit,e6947,,review_quiz,,mobile
1557373551812,enter,b6754,,review_quiz,,mobile
1557373596378,respond,q9403,,review_quiz,d,mobile
1557373600584,submit,b6754,,review_quiz,,mobile
1557373600643,enter,e6754,,review_quiz,,mobile
1557373642586,quit,e6754,,review_quiz,,mobile
1557373642665,enter,b4028,,review_quiz,,mobile
1557373652449,respond,q5496,,review_quiz,a,mobile
1557373656803,submit,b4028,,review_quiz,,mobile
1557373656859,enter,e4028,,review_quiz,,mobile
1557373658944,quit,e4028,,review_quiz,,mobile
1557374136725,enter,b2787,,review_quiz,,mobile
1557374173233,erase_choice,q4255,,review_quiz,b,mobile
1557374173467,erase_choice,q4255,,review_quiz,c,mobile
1557374174496,respond,q4255,,review_quiz,a,mobile
1557374192752,submit,b2787,,review_quiz,,mobile
1557374192807,enter,e2787,,review_quiz,,mobile
1557374227247,quit,e2787,,review_quiz,,mobile
1557374227334,enter,b3045,,review_quiz,,mobile
1557374247395,respond,q4513,,review_quiz,b,mobile
1557374253180,respond,q4513,,review_quiz,d,mobile
1557374259359,erase_choice,q4513,,review_quiz,a,mobile
1557374260224,respond,q4513,,review_quiz,d,mobile
1557374263899,submit,b3045,,review_quiz,,mobile
1557374263943,enter,e3045,,review_quiz,,mobile
1557374272101,quit,e3045,,review_quiz,,mobile
1557374272173,enter,b3591,,review_quiz,,mobile
1557374300181,respond,q5059,,review_quiz,a,mobile
1557374303158,submit,b3591,,review_quiz,,mobile
1557374303222,enter,e3591,,review_quiz,,mobile
1557374332385,quit,e3591,,review_quiz,,mobile
1557374947449,enter,b2962,,review_quiz,,mobile
1557374962581,erase_choice,q4430,,review_quiz,a,mobile
1557374963144,erase_choice,q4430,,review_quiz,d,mobile
1557374964043,respond,q4430,,review_quiz,c,mobile
1557374967523,submit,b2962,,review_quiz,,mobile
1557374967583,enter,e2962,,review_quiz,,mobile
1557374993444,quit,e2962,,review_quiz,,mobile
1557374993521,enter,b2785,,review_quiz,,mobile
1557375029246,erase_choice,q4253,,review_quiz,a,mobile
1557375030054,respond,q4253,,review_quiz,b,mobile
1557375033870,respond,q4253,,review_quiz,d,mobile
1557375037034,submit,b2785,,review_quiz,,mobile
1557375037088,enter,e2785,,review_quiz,,mobile
1557375053291,quit,e2785,,review_quiz,,mobile
1557375053376,enter,b3007,,review_quiz,,mobile
1557375058533,respond,q4475,,review_quiz,a,mobile
1557375062048,submit,b3007,,review_quiz,,mobile
1557375062098,enter,e3007,,review_quiz,,mobile
1557375081010,quit,e3007,,review_quiz,,mobile
1557375286616,enter,b3374,,review_quiz,,mobile
1557375324426,respond,q4842,,review_quiz,c,mobile
1557375325431,erase_choice,q4842,,review_quiz,c,mobile
1557375329588,respond,q4842,,review_quiz,a,mobile
1557375331256,respond,q4842,,review_quiz,b,mobile
1557375333758,respond,q4842,,review_quiz,d,mobile
1557375335756,respond,q4842,,review_quiz,b,mobile
1557375336886,respond,q4842,,review_quiz,a,mobile
1557375342366,respond,q4842,,review_quiz,c,mobile
1557375351316,submit,b3374,,review_quiz,,mobile
1557375351373,enter,e3374,,review_quiz,,mobile
1557375368944,quit,e3374,,review_quiz,,mobile
1557375703720,enter,b7403,,review_quiz,,mobile
1557375717317,erase_choice,q10052,,review_quiz,c,mobile
1557375722883,respond,q10052,,review_quiz,b,mobile
1557375728066,respond,q10052,,review_quiz,d,mobile
1557375730977,submit,b7403,,review_quiz,,mobile
1557375753087,enter,b7403,,review_quiz,,mobile
1557375759035,respond,q10052,,review_quiz,b,mobile
1557375763618,submit,b7403,,review_quiz,,mobile
1557375763678,enter,e7403,,review_quiz,,mobile
1557375784532,quit,e7403,,review_quiz,,mobile
1557375784593,enter,b4926,,review_quiz,,mobile
1557375814810,respond,q6394,,review_quiz,b,mobile
1557375818023,submit,b4926,,review_quiz,,mobile
1557375818081,enter,e4926,,review_quiz,,mobile
1557375833169,quit,e4926,,review_quiz,,mobile
1557375833216,enter,b2358,,review_quiz,,mobile
1557375865892,respond,q3826,,review_quiz,a,mobile
1557375869286,respond,q3826,,review_quiz,b,mobile
1557375872862,submit,b2358,,review_quiz,,mobile
1557375872912,enter,e2358,,review_quiz,,mobile
1557375924662,quit,e2358,,review_quiz,,mobile
1557375924753,enter,b4754,,review_quiz,,mobile
1557375934957,erase_choice,q6222,,review_quiz,b,mobile
1557375945785,respond,q6222,,review_quiz,a,mobile
1557375949215,submit,b4754,,review_quiz,,mobile
1557375949273,enter,e4754,,review_quiz,,mobile
1557375992363,quit,e4754,,review_quiz,,mobile
1557375992386,enter,b2602,,review_quiz,,mobile
1557376003257,respond,q4070,,review_quiz,c,mobile
1557376006786,submit,b2602,,review_quiz,,mobile
1557376006848,enter,e2602,,review_quiz,,mobile
1557376256748,quit,e2602,,review_quiz,,mobile
1557377640736,enter,b3415,,review_quiz,,mobile
1557377685231,respond,q4883,,review_quiz,a,mobile
1557377685546,respond,q4883,,review_quiz,c,mobile
1557377688678,submit,b3415,,review_quiz,,mobile
1557377688731,enter,e3415,,review_quiz,,mobile
1557377694429,quit,e3415,,review_quiz,,mobile
1557378021091,enter,b2814,,review_quiz,,mobile
1557378043495,respond,q4282,,review_quiz,d,mobile
1557378046146,erase_choice,q4282,,review_quiz,b,mobile
1557378046726,erase_choice,q4282,,review_quiz,a,mobile
1557378050978,respond,q4282,,review_quiz,d,mobile
1557378053457,respond,q4282,,review_quiz,c,mobile
1557378057026,submit,b2814,,review_quiz,,mobile
1557378057085,enter,e2814,,review_quiz,,mobile
1557378066113,quit,e2814,,review_quiz,,mobile
1557562115576,enter,b3791,,sprint,,mobile
1557562130095,respond,q5259,,sprint,a,mobile
1557562140693,submit,b3791,,sprint,,mobile
1557562140760,enter,e3791,,sprint,,mobile
1557562162640,quit,e3791,,sprint,,mobile
1557562162720,enter,b3348,,sprint,,mobile
1557562175096,respond,q4816,,sprint,b,mobile
1557562182559,submit,b3348,,sprint,,mobile
1557562193326,enter,b3348,,sprint,,mobile
1557562193882,respond,q4816,,sprint,c,mobile
1557562194351,respond,q4816,,sprint,b,mobile
1557562198120,submit,b3348,,sprint,,mobile
1557562198188,enter,e3348,,sprint,,mobile
1557562203404,quit,e3348,,sprint,,mobile
1557562289127,enter,b4960,,sprint,,mobile
1557562307369,respond,q6428,,sprint,c,mobile
1557562314519,submit,b4960,,sprint,,mobile
1557562314566,enter,e4960,,sprint,,mobile
1557562545321,quit,e4960,,sprint,,mobile
1557563826205,enter,b6337,,sprint,,mobile
1557563845791,respond,q8986,,sprint,d,mobile
1557563846259,respond,q8986,,sprint,c,mobile
1557563859119,erase_choice,q8986,,sprint,a,mobile
1557563861272,respond,q8986,,sprint,c,mobile
1557563865583,submit,b6337,,sprint,,mobile
1557563865628,enter,e6337,,sprint,,mobile
1557563923264,quit,e6337,,sprint,,mobile
1557563923310,enter,b2610,,sprint,,mobile
1557563935831,erase_choice,q4078,,sprint,c,mobile
1557563949633,respond,q4078,,sprint,b,mobile
1557563954035,submit,b2610,,sprint,,mobile
1557563954074,enter,e2610,,sprint,,mobile
1557563980275,quit,e2610,,sprint,,mobile
1557563980354,enter,b4456,,sprint,,mobile
1557564057164,respond,q5924,,sprint,a,mobile
1557564061125,submit,b4456,,sprint,,mobile
1557564061188,enter,e4456,,sprint,,mobile
1557564069426,quit,e4456,,sprint,,mobile
1557564069502,enter,b3949,,sprint,,mobile
1557564106457,respond,q5417,,sprint,d,mobile
1557564107525,erase_choice,q5417,,sprint,d,mobile
1557564113403,respond,q5417,,sprint,a,mobile
1557564130093,submit,b3949,,sprint,,mobile
1557564130176,enter,e3949,,sprint,,mobile
1557564207217,quit,e3949,,sprint,,mobile
1557564207285,enter,b7292,,sprint,,mobile
1557564228306,erase_choice,q9941,,sprint,c,mobile
1557564229105,respond,q9941,,sprint,b,mobile
1557564232908,submit,b7292,,sprint,,mobile
1557564232983,enter,e7292,,sprint,,mobile
1557564239475,quit,e7292,,sprint,,mobile
1557564924632,enter,e7292,,sprint,,mobile
1557564931587,quit,e7292,,sprint,,mobile
1557564931699,enter,b5054,,sprint,,mobile
1557564953074,respond,q6522,,sprint,a,mobile
1557564963857,submit,b5054,,sprint,,mobile
1557564963926,enter,e5054,,sprint,,mobile
1557564987954,quit,e5054,,sprint,,mobile
1557564988045,enter,b4734,,sprint,,mobile
1557565001932,erase_choice,q6202,,sprint,a,mobile
1557565009104,respond,q6202,,sprint,d,mobile
1557565012834,submit,b4734,,sprint,,mobile
1557565012893,enter,e4734,,sprint,,mobile
1557565034376,quit,e4734,,sprint,,mobile
1557662258786,enter,b4965,,sprint,,mobile
1557662269670,respond,q6433,,sprint,d,mobile
1557662273224,submit,b4965,,sprint,,mobile
1557662273322,enter,e4965,,sprint,,mobile
1557662279361,quit,e4965,,sprint,,mobile
1557662279445,enter,b5889,,sprint,,mobile
1557662285492,respond,q8538,,sprint,a,mobile
1557662289512,submit,b5889,,sprint,,mobile
1557662289570,enter,e5889,,sprint,,mobile
1557662307953,quit,e5889,,sprint,,mobile
1557662316701,enter,b3078,,sprint,,mobile
1557662324950,respond,q4546,,sprint,a,mobile
1557662333937,submit,b3078,,sprint,,mobile
1557662333997,enter,e3078,,sprint,,mobile
1557662340588,quit,e3078,,sprint,,mobile
1557662340675,enter,b3339,,sprint,,mobile
1557662362596,respond,q4807,,sprint,a,mobile
1557662365811,respond,q4807,,sprint,b,mobile
1557662369927,respond,q4807,,sprint,a,mobile
1557662374792,submit,b3339,,sprint,,mobile
1557662374848,enter,e3339,,sprint,,mobile
1557662383641,quit,e3339,,sprint,,mobile
1557662383694,enter,b2222,,sprint,,mobile
1557662388772,erase_choice,q3690,,sprint,c,mobile
1557662393166,erase_choice,q3690,,sprint,a,mobile
1557662402417,respond,q3690,,sprint,b,mobile
1557662414527,submit,b2222,,sprint,,mobile
1557662414576,enter,e2222,,sprint,,mobile
1557662441259,quit,e2222,,sprint,,mobile
1557662441318,enter,b6093,,sprint,,mobile
1557662451480,erase_choice,q8742,,sprint,a,mobile
1557662464358,respond,q8742,,sprint,b,mobile
1557662470860,submit,b6093,,sprint,,mobile
1557662470919,enter,e6093,,sprint,,mobile
1557662489190,quit,e6093,,sprint,,mobile
1557662489262,enter,b3269,,sprint,,mobile
1557662500873,respond,q4737,,sprint,a,mobile
1557662501509,respond,q4737,,sprint,b,mobile
1557662504846,submit,b3269,,sprint,,mobile
1557662504937,enter,e3269,,sprint,,mobile
1557662512316,quit,e3269,,sprint,,mobile
1557662512382,enter,b2181,,sprint,,mobile
1557662517433,respond,q3649,,sprint,b,mobile
1557662521124,submit,b2181,,sprint,,mobile
1557662521182,enter,e2181,,sprint,,mobile
1557662527371,quit,e2181,,sprint,,mobile
1557662527423,enter,b4194,,sprint,,mobile
1557662538536,respond,q5662,,sprint,b,mobile
1557662539113,respond,q5662,,sprint,a,mobile
1557662546108,submit,b4194,,sprint,,mobile
1557662546154,enter,e4194,,sprint,,mobile
1557662562804,quit,e4194,,sprint,,mobile
1557662562866,enter,b11321,,sprint,,mobile
1557662598441,respond,q17084,,sprint,b,mobile
1557662600309,respond,q17084,,sprint,a,mobile
1557662606120,submit,b11321,,sprint,,mobile
1557662606179,enter,e11321,,sprint,,mobile
1557662612410,quit,e11321,,sprint,,mobile
1557669649176,enter,e2814,,review_quiz,,mobile
1557669676822,quit,e2814,,review_quiz,,mobile
1557669676877,enter,b4601,,review_quiz,,mobile
1557669711596,respond,q6069,,review_quiz,c,mobile
1557669715455,respond,q6069,,review_quiz,d,mobile
1557669721888,submit,b4601,,review_quiz,,mobile
1557669721958,enter,e4601,,review_quiz,,mobile
1557669735920,quit,e4601,,review_quiz,,mobile
1557669771287,enter,b2673,,review_quiz,,mobile
1557669784308,respond,q4141,,review_quiz,d,mobile
1557669789472,submit,b2673,,review_quiz,,mobile
1557669789527,enter,e2673,,review_quiz,,mobile
1557669797772,quit,e2673,,review_quiz,,mobile
1557669797854,enter,b4223,,review_quiz,,mobile
1557669828305,respond,q5691,,review_quiz,d,mobile
1557669832796,submit,b4223,,review_quiz,,mobile
1557669832859,enter,e4223,,review_quiz,,mobile
1557669853262,quit,e4223,,review_quiz,,mobile
1557669853308,enter,b2448,,review_quiz,,mobile
1557669891460,respond,q3916,,review_quiz,b,mobile
1557669894644,submit,b2448,,review_quiz,,mobile
1557669894712,enter,e2448,,review_quiz,,mobile
1557669914193,quit,e2448,,review_quiz,,mobile
1557669914244,enter,b3593,,review_quiz,,mobile
1557669926251,respond,q5061,,review_quiz,c,mobile
1557669929866,submit,b3593,,review_quiz,,mobile
1557669929928,enter,e3593,,review_quiz,,mobile
1557669936105,quit,e3593,,review_quiz,,mobile
1557669936151,enter,b3869,,review_quiz,,mobile
1557669963538,respond,q5337,,review_quiz,a,mobile
1557669967548,submit,b3869,,review_quiz,,mobile
1557669967628,enter,e3869,,review_quiz,,mobile
1557669987515,quit,e3869,,review_quiz,,mobile
1557669987567,enter,b3965,,review_quiz,,mobile
1557670025761,respond,q5433,,review_quiz,b,mobile
1557670026440,respond,q5433,,review_quiz,d,mobile
1557670033197,respond,q5433,,review_quiz,b,mobile
1557670036878,submit,b3965,,review_quiz,,mobile
1557670036960,enter,e3965,,review_quiz,,mobile
1557670065030,quit,e3965,,review_quiz,,mobile
1557897867188,enter,b4789,,sprint,,mobile
1557897889878,respond,q6257,,sprint,d,mobile
1557897893564,submit,b4789,,sprint,,mobile
1557897893647,enter,e4789,,sprint,,mobile
1557897899480,quit,e4789,,sprint,,mobile
1557897912357,enter,b3055,,sprint,,mobile
1557897925150,erase_choice,q4523,,sprint,c,mobile
1557897926238,erase_choice,q4523,,sprint,b,mobile
1557897938518,erase_choice,q4523,,sprint,d,mobile
1557897943315,respond,q4523,,sprint,b,mobile
1557897962250,submit,b3055,,sprint,,mobile
1557897962327,enter,e3055,,sprint,,mobile
1557897992894,quit,e3055,,sprint,,mobile
1557898005112,enter,b7004,,sprint,,mobile
1557898028396,respond,q9653,,sprint,a,mobile
1557898030211,respond,q9653,,sprint,d,mobile
1557898034427,submit,b7004,,sprint,,mobile
1557898034504,enter,e7004,,sprint,,mobile
1557898059297,quit,e7004,,sprint,,mobile
1557898059387,enter,b11310,,sprint,,mobile
1557898064504,respond,q17073,,sprint,a,mobile
1557898068737,submit,b11310,,sprint,,mobile
1557898068803,enter,e11310,,sprint,,mobile
1557898078174,quit,e11310,,sprint,,mobile
1557898078246,enter,b2525,,sprint,,mobile
1557898097900,respond,q3993,,sprint,a,mobile
1557898100433,respond,q3993,,sprint,c,mobile
1557898108215,submit,b2525,,sprint,,mobile
1557898108297,enter,e2525,,sprint,,mobile
1557898121037,quit,e2525,,sprint,,mobile
1557898121090,enter,b2772,,sprint,,mobile
1557898132046,respond,q4240,,sprint,d,mobile
1557898136264,submit,b2772,,sprint,,mobile
1557898136322,enter,e2772,,sprint,,mobile
1557898149386,quit,e2772,,sprint,,mobile
1557898149467,enter,b2607,,sprint,,mobile
1557898182644,erase_choice,q4075,,sprint,d,mobile
1557898183772,respond,q4075,,sprint,c,mobile
1557898187297,submit,b2607,,sprint,,mobile
1557898187380,enter,e2607,,sprint,,mobile
1557898195538,quit,e2607,,sprint,,mobile
1557898195634,enter,b5981,,sprint,,mobile
1557898231080,respond,q8630,,sprint,b,mobile
1557898236973,submit,b5981,,sprint,,mobile
1557898237021,enter,e5981,,sprint,,mobile
1557898255212,quit,e5981,,sprint,,mobile
1557898255258,enter,b6008,,sprint,,mobile
1557898279942,respond,q8657,,sprint,c,mobile
1557898282820,submit,b6008,,sprint,,mobile
1557898282897,enter,e6008,,sprint,,mobile
1557898292111,quit,e6008,,sprint,,mobile
1557898292221,enter,b3840,,sprint,,mobile
1557898299140,respond,q5308,,sprint,a,mobile
1557898304355,submit,b3840,,sprint,,mobile
1557898304410,enter,e3840,,sprint,,mobile
1557898394847,quit,e3840,,sprint,,mobile
1557900292886,enter,e3840,,my_note,,mobile
1557900298123,quit,e3840,,my_note,,mobile
1557906164325,enter,e3965,,review_quiz,,mobile
1557906170627,quit,e3965,,review_quiz,,mobile
1557906170706,enter,b3291,,review_quiz,,mobile
1557906213284,respond,q4759,,review_quiz,a,mobile
1557906220237,erase_choice,q4759,,review_quiz,d,mobile
1557906227511,respond,q4759,,review_quiz,a,mobile
1557906228193,respond,q4759,,review_quiz,b,mobile
1557906228696,respond,q4759,,review_quiz,a,mobile
1557906231999,submit,b3291,,review_quiz,,mobile
1557906232053,enter,e3291,,review_quiz,,mobile
1557906239882,quit,e3291,,review_quiz,,mobile
1557996292798,enter,b5009,,sprint,,mobile
1557996302608,respond,q6477,,sprint,b,mobile
1557996305939,submit,b5009,,sprint,,mobile
1557996306080,enter,e5009,,sprint,,mobile
1557996314993,quit,e5009,,sprint,,mobile
1557996315108,enter,b7663,,sprint,,mobile
1557996326219,respond,q10312,,sprint,b,mobile
1557996329630,submit,b7663,,sprint,,mobile
1557996329705,enter,e7663,,sprint,,mobile
1557996335630,quit,e7663,,sprint,,mobile
1557996335731,enter,b4572,,sprint,,mobile
1557996369137,respond,q6040,,sprint,b,mobile
1557996382493,respond,q6040,,sprint,a,mobile
1557996388582,respond,q6040,,sprint,c,mobile
1557996393865,submit,b4572,,sprint,,mobile
1557996393932,enter,e4572,,sprint,,mobile
1557996401031,quit,e4572,,sprint,,mobile
1557996401142,enter,b2572,,sprint,,mobile
1557996407903,respond,q4040,,sprint,b,mobile
1557996411320,submit,b2572,,sprint,,mobile
1557996411390,enter,e2572,,sprint,,mobile
1557996443088,quit,e2572,,sprint,,mobile
1557996443146,enter,b3298,,sprint,,mobile
1557996455703,respond,q4766,,sprint,d,mobile
1557996464812,erase_choice,q4766,,sprint,b,mobile
1557996486032,respond,q4766,,sprint,d,mobile
1557996489992,submit,b3298,,sprint,,mobile
1557996490058,enter,e3298,,sprint,,mobile
1557996507099,quit,e3298,,sprint,,mobile
1557996507171,enter,b5984,,sprint,,mobile
1557996521002,respond,q8633,,sprint,c,mobile
1557996524165,respond,q8633,,sprint,d,mobile
1557996527011,submit,b5984,,sprint,,mobile
1557996527080,enter,e5984,,sprint,,mobile
1557996530570,quit,e5984,,sprint,,mobile
1557996590811,enter,b3884,,sprint,,mobile
1557996611684,respond,q5352,,sprint,d,mobile
1557996615475,submit,b3884,,sprint,,mobile
1557996615531,enter,e3884,,sprint,,mobile
1557996621060,quit,e3884,,sprint,,mobile
1557996754038,enter,b3758,,sprint,,mobile
1557996782023,respond,q5226,,sprint,d,mobile
1557996785824,submit,b3758,,sprint,,mobile
1557996785902,enter,e3758,,sprint,,mobile
1557996798153,quit,e3758,,sprint,,mobile
1557996798240,enter,b4898,,sprint,,mobile
1557996809868,respond,q6366,,sprint,d,mobile
1557996811877,erase_choice,q6366,,sprint,a,mobile
1557996812430,respond,q6366,,sprint,d,mobile
1557996815908,submit,b4898,,sprint,,mobile
1557996815974,enter,e4898,,sprint,,mobile
1557996829738,quit,e4898,,sprint,,mobile
1557996829830,enter,b5983,,sprint,,mobile
1557996847304,respond,q8632,,sprint,d,mobile
1557996858472,submit,b5983,,sprint,,mobile
1557996858542,enter,e5983,,sprint,,mobile
1557996862731,quit,e5983,,sprint,,mobile
1558069202392,enter,b3271,,sprint,,mobile
1558069221811,respond,q4739,,sprint,d,mobile
1558069227081,respond,q4739,,sprint,c,mobile
1558069230846,respond,q4739,,sprint,a,mobile
1558069234581,submit,b3271,,sprint,,mobile
1558069234677,enter,e3271,,sprint,,mobile
1558069261567,quit,e3271,,sprint,,mobile
1558069261686,enter,b3111,,sprint,,mobile
1558069289281,respond,q4579,,sprint,b,mobile
1558069290070,erase_choice,q4579,,sprint,b,mobile
1558069304197,respond,q4579,,sprint,d,mobile
1558069306984,submit,b3111,,sprint,,mobile
1558069307057,enter,e3111,,sprint,,mobile
1558069325038,quit,e3111,,sprint,,mobile
1558069348070,enter,b4201,,sprint,,mobile
1558069369608,respond,q5669,,sprint,c,mobile
1558069372425,erase_choice,q5669,,sprint,b,mobile
1558069373324,erase_choice,q5669,,sprint,a,mobile
1558069378489,respond,q5669,,sprint,d,mobile
1558069383083,submit,b4201,,sprint,,mobile
1558069383175,enter,e4201,,sprint,,mobile
1558069399769,quit,e4201,,sprint,,mobile
1558069399857,enter,b11432,,sprint,,mobile
1558069423382,respond,q17195,,sprint,b,mobile
1558069429047,submit,b11432,,sprint,,mobile
1558069429146,enter,e11432,,sprint,,mobile
1558069436344,quit,e11432,,sprint,,mobile
1558069436417,enter,b3984,,sprint,,mobile
1558069446859,respond,q5452,,sprint,b,mobile
1558069453328,submit,b3984,,sprint,,mobile
1558069453394,enter,e3984,,sprint,,mobile
1558069488582,quit,e3984,,sprint,,mobile
1558081576248,enter,e3984,,sprint,,mobile
1558081582982,quit,e3984,,sprint,,mobile
1558081583068,enter,b4925,,sprint,,mobile
1558081614611,respond,q6393,,sprint,c,mobile
1558081618126,submit,b4925,,sprint,,mobile
1558081618190,enter,e4925,,sprint,,mobile
1558081628859,quit,e4925,,sprint,,mobile
1558081664046,enter,b4974,,sprint,,mobile
1558081668746,respond,q6442,,sprint,d,mobile
1558081677984,submit,b4974,,sprint,,mobile
1558081678055,enter,e4974,,sprint,,mobile
1558081683723,quit,e4974,,sprint,,mobile
1558081683802,enter,b11395,,sprint,,mobile
1558081723333,respond,q17158,,sprint,c,mobile
1558081726464,submit,b11395,,sprint,,mobile
1558081726527,enter,e11395,,sprint,,mobile
1558081735356,quit,e11395,,sprint,,mobile
1558081788302,enter,b4202,,sprint,,mobile
1558081803331,erase_choice,q5670,,sprint,b,mobile
1558081805126,erase_choice,q5670,,sprint,c,mobile
1558081806140,respond,q5670,,sprint,d,mobile
1558081811745,respond,q5670,,sprint,a,mobile
1558081812695,respond,q5670,,sprint,d,mobile
1558081815766,submit,b4202,,sprint,,mobile
1558081815849,enter,e4202,,sprint,,mobile
1558081860164,quit,e4202,,sprint,,mobile
1558081860241,enter,b3159,,sprint,,mobile
1558081868390,erase_choice,q4627,,sprint,a,mobile
1558081875152,erase_choice,q4627,,sprint,d,mobile
1558081876269,erase_choice,q4627,,sprint,c,mobile
1558081877834,respond,q4627,,sprint,a,mobile
1558081881066,submit,b3159,,sprint,,mobile
1558081881143,enter,e3159,,sprint,,mobile
1558081884898,quit,e3159,,sprint,,mobile
1558147837981,enter,b6951,,sprint,,mobile
1558147869130,respond,q9600,,sprint,d,mobile
1558147887008,respond,q9600,,sprint,c,mobile
1558147887603,respond,q9600,,sprint,a,mobile
1558147891123,respond,q9600,,sprint,b,mobile
1558147891602,respond,q9600,,sprint,a,mobile
1558147894379,submit,b6951,,sprint,,mobile
1558147894486,enter,e6951,,sprint,,mobile
1558147916789,quit,e6951,,sprint,,mobile
1558147916891,enter,b6267,,sprint,,mobile
1558147931073,erase_choice,q8916,,sprint,d,mobile
1558147934766,respond,q8916,,sprint,a,mobile
1558147938194,submit,b6267,,sprint,,mobile
1558147938247,enter,e6267,,sprint,,mobile
1558147969663,quit,e6267,,sprint,,mobile
1558319455703,enter,e6267,,sprint,,mobile
1558319461294,quit,e6267,,sprint,,mobile
1558319461400,enter,b4251,,sprint,,mobile
1558319482020,erase_choice,q5719,,sprint,b,mobile
1558319502320,respond,q5719,,sprint,a,mobile
1558319505994,submit,b4251,,sprint,,mobile
1558319506086,enter,e4251,,sprint,,mobile
1558319525888,quit,e4251,,sprint,,mobile
1558319525984,enter,b2736,,sprint,,mobile
1558319543409,respond,q4204,,sprint,b,mobile
1558319548225,respond,q4204,,sprint,c,mobile
1558319548618,respond,q4204,,sprint,d,mobile
1558319554323,submit,b2736,,sprint,,mobile
1558319554405,enter,e2736,,sprint,,mobile
1558319561104,quit,e2736,,sprint,,mobile
1558319561192,enter,b4611,,sprint,,mobile
1558319585337,erase_choice,q6079,,sprint,a,mobile
1558319588171,respond,q6079,,sprint,b,mobile
1558319592137,respond,q6079,,sprint,c,mobile
1558319595211,respond,q6079,,sprint,d,mobile
1558319599761,submit,b4611,,sprint,,mobile
1558319599844,enter,e4611,,sprint,,mobile
1558319604295,quit,e4611,,sprint,,mobile
1558319604383,enter,b11525,,sprint,,mobile
1558319619528,respond,q17288,,sprint,d,mobile
1558319622581,submit,b11525,,sprint,,mobile
1558319622659,enter,e11525,,sprint,,mobile
1558319628080,quit,e11525,,sprint,,mobile
1558319628194,enter,b2545,,sprint,,mobile
1558319643791,respond,q4013,,sprint,a,mobile
1558319649687,submit,b2545,,sprint,,mobile
1558319649741,enter,e2545,,sprint,,mobile
1558319683672,quit,e2545,,sprint,,mobile
1558319683774,enter,b6033,,sprint,,mobile
1558319699570,respond,q8682,,sprint,a,mobile
1558319702884,submit,b6033,,sprint,,mobile
1558319702974,enter,e6033,,sprint,,mobile
1558319728351,quit,e6033,,sprint,,mobile
1558319728438,enter,b3712,,sprint,,mobile
1558319733286,respond,q5180,,sprint,c,mobile
1558319739737,submit,b3712,,sprint,,mobile
1558319739830,enter,e3712,,sprint,,mobile
1558319750872,quit,e3712,,sprint,,mobile
1558319750979,enter,b6271,,sprint,,mobile
1558319754846,respond,q8920,,sprint,b,mobile
1558319758154,respond,q8920,,sprint,a,mobile
1558319765153,respond,q8920,,sprint,c,mobile
1558319769769,submit,b6271,,sprint,,mobile
1558319769873,enter,e6271,,sprint,,mobile
1558319774674,quit,e6271,,sprint,,mobile
1558452358206,enter,b4224,,sprint,,mobile
1558452375744,respond,q5692,,sprint,d,mobile
1558452388488,submit,b4224,,sprint,,mobile
1558452388580,enter,b4224,,sprint,,mobile
1558452391366,respond,q5692,,sprint,d,mobile
1558452404636,submit,b4224,,sprint,,mobile
1558452792686,enter,b4224,,sprint,,mobile
1558452794594,respond,q5692,,sprint,d,mobile
1558452797727,submit,b4224,,sprint,,mobile
1558452797809,enter,e4224,,sprint,,mobile
1558452838699,quit,e4224,,sprint,,mobile
1558452838792,enter,b6034,,sprint,,mobile
1558452841435,erase_choice,q8683,,sprint,a,mobile
1558452862971,erase_choice,q8683,,sprint,b,mobile
1558452864510,erase_choice,q8683,,sprint,d,mobile
1558452867549,respond,q8683,,sprint,b,mobile
1558452876478,submit,b6034,,sprint,,mobile
1558452876548,enter,e6034,,sprint,,mobile
1558452890196,quit,e6034,,sprint,,mobile
1558452980846,enter,b2898,,sprint,,mobile
1558452990526,respond,q4366,,sprint,b,mobile
1558453000380,submit,b2898,,sprint,,mobile
1558453000482,enter,e2898,,sprint,,mobile
1558453005276,quit,e2898,,sprint,,mobile
1558453005367,enter,b6232,,sprint,,mobile
1558453038692,respond,q8881,,sprint,b,mobile
1558453041978,submit,b6232,,sprint,,mobile
1558453042046,enter,e6232,,sprint,,mobile
1558453056596,quit,e6232,,sprint,,mobile
1558453182093,enter,b3103,,sprint,,mobile
1558453204249,respond,q4571,,sprint,a,mobile
1558453206573,respond,q4571,,sprint,d,mobile
1558453212135,submit,b3103,,sprint,,mobile
1558453212207,enter,e3103,,sprint,,mobile
1558453220632,quit,e3103,,sprint,,mobile
1558453220700,enter,b2933,,sprint,,mobile
1558453234018,respond,q4401,,sprint,d,mobile
1558453239181,submit,b2933,,sprint,,mobile
1558453239261,enter,e2933,,sprint,,mobile
1558453244813,quit,e2933,,sprint,,mobile
1558453244884,enter,b4147,,sprint,,mobile
1558453263632,respond,q5615,,sprint,b,mobile
1558453264596,respond,q5615,,sprint,d,mobile
1558453276041,submit,b4147,,sprint,,mobile
1558453276141,enter,e4147,,sprint,,mobile
1558453285045,quit,e4147,,sprint,,mobile
1558453285102,enter,b2486,,sprint,,mobile
1558453288392,erase_choice,q3954,,sprint,a,mobile
1558453310415,respond,q3954,,sprint,c,mobile
1558453311011,respond,q3954,,sprint,b,mobile
1558453312062,respond,q3954,,sprint,d,mobile
1558453312842,respond,q3954,,sprint,c,mobile
1558453318500,submit,b2486,,sprint,,mobile
1558453318629,enter,e2486,,sprint,,mobile
1558453330932,quit,e2486,,sprint,,mobile
1558453331021,enter,b3137,,sprint,,mobile
1558453354925,respond,q4605,,sprint,c,mobile
1558453360094,respond,q4605,,sprint,a,mobile
1558453363289,submit,b3137,,sprint,,mobile
1558453363368,enter,e3137,,sprint,,mobile
1558453384297,quit,e3137,,sprint,,mobile
1558453384400,enter,b4878,,sprint,,mobile
1558453388316,respond,q6346,,sprint,c,mobile
1558453397073,submit,b4878,,sprint,,mobile
1558453397149,enter,e4878,,sprint,,mobile
1558453409797,quit,e4878,,sprint,,mobile
1558492505671,enter,b3290,,sprint,,mobile
1558492510775,erase_choice,q4758,,sprint,a,mobile
1558492525750,respond,q4758,,sprint,b,mobile
1558492528838,submit,b3290,,sprint,,mobile
1558492528909,enter,e3290,,sprint,,mobile
1558492536480,quit,e3290,,sprint,,mobile
1558492536533,enter,b11346,,sprint,,mobile
1558492571733,respond,q17109,,sprint,d,mobile
1558492575045,submit,b11346,,sprint,,mobile
1558492575141,enter,e11346,,sprint,,mobile
1558492600243,quit,e11346,,sprint,,mobile
1558492600343,enter,b4241,,sprint,,mobile
1558492631323,respond,q5709,,sprint,c,mobile
1558492644190,respond,q5709,,sprint,b,mobile
1558492644754,respond,q5709,,sprint,a,mobile
1558492645172,respond,q5709,,sprint,c,mobile
1558492646741,respond,q5709,,sprint,d,mobile
1558492650240,submit,b4241,,sprint,,mobile
1558492650320,enter,e4241,,sprint,,mobile
1558492666556,quit,e4241,,sprint,,mobile
1558492666659,enter,b3565,,sprint,,mobile
1558492753276,respond,q5033,,sprint,d,mobile
1558492757492,submit,b3565,,sprint,,mobile
1558492757610,enter,e3565,,sprint,,mobile
1558492852468,quit,e3565,,sprint,,mobile
1558494206526,enter,b2380,,sprint,,mobile
1558494208621,respond,q3848,,sprint,a,mobile
1558494215416,submit,b2380,,sprint,,mobile
1558494215467,enter,e2380,,sprint,,mobile
1558494228148,quit,e2380,,sprint,,mobile
1558494228243,enter,b4738,,sprint,,mobile
1558494236385,erase_choice,q6206,,sprint,c,mobile
1558494237124,erase_choice,q6206,,sprint,d,mobile
1558494251795,respond,q6206,,sprint,a,mobile
1558494254943,submit,b4738,,sprint,,mobile
1558494255006,enter,e4738,,sprint,,mobile
1558494273653,quit,e4738,,sprint,,mobile
1558494273747,enter,b7443,,sprint,,mobile
1558494283887,respond,q10092,,sprint,b,mobile
1558494286726,submit,b7443,,sprint,,mobile
1558494286827,enter,e7443,,sprint,,mobile
1558494293930,quit,e7443,,sprint,,mobile
1558586616095,enter,b4043,,sprint,,mobile
1558586633448,erase_choice,q5511,,sprint,d,mobile
1558586638856,respond,q5511,,sprint,c,mobile
1558586645601,submit,b4043,,sprint,,mobile
1558586645713,enter,e4043,,sprint,,mobile
1558586655319,quit,e4043,,sprint,,mobile
1558586655427,enter,b3341,,sprint,,mobile
1558586670279,respond,q4809,,sprint,c,mobile
1558586673979,submit,b3341,,sprint,,mobile
1558586674034,enter,e3341,,sprint,,mobile
1558586696232,quit,e3341,,sprint,,mobile
1558586731564,enter,b3449,,sprint,,mobile
1558586734891,respond,q4917,,sprint,b,mobile
1558586738646,submit,b3449,,sprint,,mobile
1558586738737,enter,e3449,,sprint,,mobile
1558586742740,quit,e3449,,sprint,,mobile
1558586979169,enter,b11336,,sprint,,mobile
1558587003340,respond,q17099,,sprint,c,mobile
1558587003819,respond,q17099,,sprint,b,mobile
1558587004204,respond,q17099,,sprint,a,mobile
1558587004706,respond,q17099,,sprint,b,mobile
1558587005132,erase_choice,q17099,,sprint,b,mobile
1558587006167,erase_choice,q17099,,sprint,d,mobile
1558587006368,erase_choice,q17099,,sprint,c,mobile
1558587006634,respond,q17099,,sprint,b,mobile
1558587010997,submit,b11336,,sprint,,mobile
1558587011095,enter,e11336,,sprint,,mobile
1558587039300,quit,e11336,,sprint,,mobile
1558587045744,enter,e11336,,sprint,,mobile
1558587053493,quit,e11336,,sprint,,mobile
1558587053577,enter,b2538,,sprint,,mobile
1558587074556,respond,q4006,,sprint,d,mobile
1558587077322,submit,b2538,,sprint,,mobile
1558587077424,enter,e2538,,sprint,,mobile
1558587083612,quit,e2538,,sprint,,mobile
1558587083764,enter,b2301,,sprint,,mobile
1558587109144,respond,q3769,,sprint,c,mobile
1558587113446,submit,b2301,,sprint,,mobile
1558587113527,enter,e2301,,sprint,,mobile
1558587134248,quit,e2301,,sprint,,mobile
1558587134350,enter,b2548,,sprint,,mobile
1558587156170,respond,q4016,,sprint,c,mobile
1558587159576,submit,b2548,,sprint,,mobile
1558587159651,enter,e2548,,sprint,,mobile
1558587164431,quit,e2548,,sprint,,mobile
1558587164544,enter,b7520,,sprint,,mobile
1558587180415,respond,q10169,,sprint,b,mobile
1558587182968,submit,b7520,,sprint,,mobile
1558587183076,enter,e7520,,sprint,,mobile
1558587188795,quit,e7520,,sprint,,mobile
1558587188899,enter,b2640,,sprint,,mobile
1558587211602,respond,q4108,,sprint,c,mobile
1558587217815,submit,b2640,,sprint,,mobile
1558587217891,enter,e2640,,sprint,,mobile
1558587226232,quit,e2640,,sprint,,mobile
1558587226326,enter,b3416,,sprint,,mobile
1558587257358,respond,q4884,,sprint,d,mobile
1558587261827,submit,b3416,,sprint,,mobile
1558587261882,enter,e3416,,sprint,,mobile
1558587279240,quit,e3416,,sprint,,mobile
1558587286304,enter,e2301,,sprint,,mobile
1558587288486,quit,e2301,,sprint,,mobile
1558587291169,enter,e4043,,sprint,,mobile
1558587291764,quit,e4043,,sprint,,mobile
1558587292779,enter,e3341,,sprint,,mobile
1558587297532,quit,e3341,,sprint,,mobile
1558915323016,enter,b3293,,sprint,,mobile
1558915342997,respond,q4761,,sprint,c,mobile
1558915347095,respond,q4761,,sprint,b,mobile
1558915353298,submit,b3293,,sprint,,mobile
1558915353357,enter,e3293,,sprint,,mobile
1558915369098,quit,e3293,,sprint,,mobile
1558915447269,enter,b6351,,sprint,,mobile
1558915463589,respond,q9000,,sprint,c,mobile
1558915467785,submit,b6351,,sprint,,mobile
1558915467883,enter,e6351,,sprint,,mobile
1558915472829,quit,e6351,,sprint,,mobile
1558915472871,enter,b7013,,sprint,,mobile
1558915520531,respond,q9662,,sprint,d,mobile
1558915535571,submit,b7013,,sprint,,mobile
1558915535680,enter,e7013,,sprint,,mobile
1558915565052,quit,e7013,,sprint,,mobile
1558915565140,enter,b2343,,sprint,,mobile
1558915572751,respond,q3811,,sprint,b,mobile
1558915581255,submit,b2343,,sprint,,mobile
1558915581337,enter,e2343,,sprint,,mobile
1558915590159,quit,e2343,,sprint,,mobile
1558915590210,enter,b2526,,sprint,,mobile
1558915619627,erase_choice,q3994,,sprint,c,mobile
1558915624096,respond,q3994,,sprint,b,mobile
1558915624993,respond,q3994,,sprint,d,mobile
1558915629446,submit,b2526,,sprint,,mobile
1558915629548,enter,e2526,,sprint,,mobile
1558915642974,quit,e2526,,sprint,,mobile
1558915646106,enter,b6296,,sprint,,mobile
1558915654202,respond,q8945,,sprint,d,mobile
1558915654703,respond,q8945,,sprint,c,mobile
1558915659128,submit,b6296,,sprint,,mobile
1558915659212,enter,e6296,,sprint,,mobile
1558915663553,quit,e6296,,sprint,,mobile
1558915663643,enter,b2769,,sprint,,mobile
1558915677907,respond,q4237,,sprint,c,mobile
1558915681258,submit,b2769,,sprint,,mobile
1558915681348,enter,e2769,,sprint,,mobile
1558915685505,quit,e2769,,sprint,,mobile
1558915685555,enter,b3790,,sprint,,mobile
1558915702824,respond,q5258,,sprint,a,mobile
1558915707720,submit,b3790,,sprint,,mobile
1558915707803,enter,e3790,,sprint,,mobile
1558915719841,quit,e3790,,sprint,,mobile
1558915719884,enter,b4702,,sprint,,mobile
1558915735388,erase_choice,q6170,,sprint,c,mobile
1558915738782,respond,q6170,,sprint,a,mobile
1558915742953,respond,q6170,,sprint,b,mobile
1558915748183,submit,b4702,,sprint,,mobile
1558915748269,enter,e4702,,sprint,,mobile
1558915774079,quit,e4702,,sprint,,mobile
1558915774183,enter,b7105,,sprint,,mobile
1558915782272,respond,q9754,,sprint,b,mobile
1558915785592,submit,b7105,,sprint,,mobile
1558915785674,enter,e7105,,sprint,,mobile
1558915789181,quit,e7105,,sprint,,mobile
1559056819690,enter,b2707,,sprint,,mobile
1559056844913,respond,q4175,,sprint,d,mobile
1559056848241,submit,b2707,,sprint,,mobile
1559056848319,enter,e2707,,sprint,,mobile
1559056876606,quit,e2707,,sprint,,mobile
1559056876722,enter,b2649,,sprint,,mobile
1559056893285,respond,q4117,,sprint,a,mobile
1559056909035,submit,b2649,,sprint,,mobile
1559056909079,enter,e2649,,sprint,,mobile
1559056918173,quit,e2649,,sprint,,mobile
1559056918245,enter,b2609,,sprint,,mobile
1559056932823,respond,q4077,,sprint,c,mobile
1559056937822,respond,q4077,,sprint,d,mobile
1559056938338,erase_choice,q4077,,sprint,c,mobile
1559056939555,respond,q4077,,sprint,d,mobile
1559056940705,respond,q4077,,sprint,b,mobile
1559056941837,respond,q4077,,sprint,d,mobile
1559056955993,submit,b2609,,sprint,,mobile
1559056956053,enter,e2609,,sprint,,mobile
1559056961542,quit,e2609,,sprint,,mobile
1559056961629,enter,b6888,,sprint,,mobile
1559056972522,respond,q9537,,sprint,d,mobile
1559056975870,respond,q9537,,sprint,b,mobile
1559056978521,submit,b6888,,sprint,,mobile
1559056978584,enter,e6888,,sprint,,mobile
1559056987419,quit,e6888,,sprint,,mobile
1559057036733,enter,b4730,,sprint,,mobile
1559057083628,respond,q6198,,sprint,d,mobile
1559057086004,submit,b4730,,sprint,,mobile
1559057086069,enter,e4730,,sprint,,mobile
1559057102790,quit,e4730,,sprint,,mobile
1559057102860,enter,b5074,,sprint,,mobile
1559057113729,erase_choice,q6542,,sprint,b,mobile
1559057137316,respond,q6542,,sprint,c,mobile
1559057139979,submit,b5074,,sprint,,mobile
1559057140041,enter,e5074,,sprint,,mobile
1559057152867,quit,e5074,,sprint,,mobile
1559057152929,enter,b4082,,sprint,,mobile
1559057159756,respond,q5550,,sprint,a,mobile
1559057163794,submit,b4082,,sprint,,mobile
1559057163830,enter,e4082,,sprint,,mobile
1559057196901,quit,e4082,,sprint,,mobile
1559057196958,enter,b6137,,sprint,,mobile
1559057210567,respond,q8786,,sprint,d,mobile
1559057223321,submit,b6137,,sprint,,mobile
1559057223368,enter,e6137,,sprint,,mobile
1559057231539,quit,e6137,,sprint,,mobile
1559057231616,enter,b2337,,sprint,,mobile
1559057246867,respond,q3805,,sprint,c,mobile
1559057250144,submit,b2337,,sprint,,mobile
1559057250196,enter,e2337,,sprint,,mobile
1559057289159,quit,e2337,,sprint,,mobile
1559057289242,enter,b4650,,sprint,,mobile
1559057317351,respond,q6118,,sprint,a,mobile
1559057321127,submit,b4650,,sprint,,mobile
1559057321180,enter,e4650,,sprint,,mobile
1559057331398,quit,e4650,,sprint,,mobile
1559371551507,enter,b7364,,sprint,,mobile
1559371564091,respond,q10013,,sprint,c,mobile
1559371567494,submit,b7364,,sprint,,mobile
1559371567588,enter,e7364,,sprint,,mobile
1559371573723,quit,e7364,,sprint,,mobile
1559371573812,enter,b6682,,sprint,,mobile
1559371588521,respond,q9331,,sprint,b,mobile
1559371589846,erase_choice,q9331,,sprint,c,mobile
1559371593270,respond,q9331,,sprint,b,mobile
1559371599130,submit,b6682,,sprint,,mobile
1559371599209,enter,e6682,,sprint,,mobile
1559371648917,quit,e6682,,sprint,,mobile
1559371648996,enter,b3110,,sprint,,mobile
1559371670412,respond,q4578,,sprint,d,mobile
1559371678491,submit,b3110,,sprint,,mobile
1559371678558,enter,e3110,,sprint,,mobile
1559371707795,quit,e3110,,sprint,,mobile
1559371707887,enter,b2362,,sprint,,mobile
1559371716310,respond,q3830,,sprint,b,mobile
1559371719649,submit,b2362,,sprint,,mobile
1559371719748,enter,e2362,,sprint,,mobile
1559371737583,quit,e2362,,sprint,,mobile
1559371737680,enter,b4570,,sprint,,mobile
1559371758804,respond,q6038,,sprint,b,mobile
1559371762261,submit,b4570,,sprint,,mobile
1559371762353,enter,e4570,,sprint,,mobile
1559371778113,quit,e4570,,sprint,,mobile
1559371961901,enter,e6373,,sprint,,mobile
1559371993483,quit,e6373,,sprint,,mobile
1559716985503,enter,b4817,,sprint,,mobile
1559717006124,respond,q6285,,sprint,a,mobile
1559717011370,submit,b4817,,sprint,,mobile
1559717011449,enter,e4817,,sprint,,mobile
1559717031391,quit,e4817,,sprint,,mobile
1559717031484,enter,b2373,,sprint,,mobile
1559717043877,erase_choice,q3841,,sprint,d,mobile
1559717044742,erase_choice,q3841,,sprint,b,mobile
1559717045556,respond,q3841,,sprint,a,mobile
1559717049018,submit,b2373,,sprint,,mobile
1559717049075,enter,e2373,,sprint,,mobile
1559717068117,quit,e2373,,sprint,,mobile
1559717068187,enter,b3883,,sprint,,mobile
1559717104600,respond,q5351,,sprint,c,mobile
1559717105088,erase_choice,q5351,,sprint,c,mobile
1559717106682,respond,q5351,,sprint,b,mobile
1559717107579,respond,q5351,,sprint,d,mobile
1559717108693,respond,q5351,,sprint,a,mobile
1559717111941,submit,b3883,,sprint,,mobile
1559717112011,enter,e3883,,sprint,,mobile
1559717128897,quit,e3883,,sprint,,mobile
1559717128948,enter,b6117,,sprint,,mobile
1559717141281,respond,q8766,,sprint,b,mobile
1559717145521,submit,b6117,,sprint,,mobile
1559717302272,enter,b6968,,sprint,,mobile
1559717318775,respond,q9617,,sprint,a,mobile
1559717322386,submit,b6968,,sprint,,mobile
1559717322450,enter,e6968,,sprint,,mobile
1559717329532,quit,e6968,,sprint,,mobile
1559717329624,enter,b2349,,sprint,,mobile
1559717345854,respond,q3817,,sprint,b,mobile
1559717354311,respond,q3817,,sprint,d,mobile
1559717360046,submit,b2349,,sprint,,mobile
1559717360104,enter,e2349,,sprint,,mobile
1559717375403,quit,e2349,,sprint,,mobile
1559717408005,enter,b2349,,review_quiz,,mobile
1559717418157,respond,q3817,,review_quiz,b,mobile
1559717443807,submit,b2349,,review_quiz,,mobile
1559717443871,enter,e2349,,review_quiz,,mobile
1559717468295,quit,e2349,,review_quiz,,mobile
1559717738270,enter,b6968,,review_quiz,,mobile
1559717740787,respond,q9617,,review_quiz,a,mobile
1559717743637,submit,b6968,,review_quiz,,mobile
1559717743703,enter,e6968,,review_quiz,,mobile
1559717746766,quit,e6968,,review_quiz,,mobile
1559717753461,enter,b7407,,review_quiz,,mobile
1559717758251,respond,q10056,,review_quiz,d,mobile
1559717762873,respond,q10056,,review_quiz,c,mobile
1559717763157,respond,q10056,,review_quiz,d,mobile
1559717766866,respond,q10056,,review_quiz,a,mobile
1559717768563,erase_choice,q10056,,review_quiz,a,mobile
1559717769138,erase_choice,q10056,,review_quiz,d,mobile
1559717769766,respond,q10056,,review_quiz,b,mobile
1559717776511,respond,q10056,,review_quiz,c,mobile
1559717779670,submit,b7407,,review_quiz,,mobile
1559717779732,enter,e7407,,review_quiz,,mobile
1559717788742,quit,e7407,,review_quiz,,mobile
1559717811673,enter,b6682,,review_quiz,,mobile
1559717820586,respond,q9331,,review_quiz,a,mobile
1559717824164,submit,b6682,,review_quiz,,mobile
1559717824214,enter,e6682,,review_quiz,,mobile
1559717837360,quit,e6682,,review_quiz,,mobile
1559717875695,enter,b7452,,review_quiz,,mobile
1559717878850,erase_choice,q10101,,review_quiz,a,mobile
1559717887630,respond,q10101,,review_quiz,c,mobile
1559717906975,submit,b7452,,review_quiz,,mobile
1559718139564,enter,b4241,,review_quiz,,mobile
1559718149739,respond,q5709,,review_quiz,a,mobile
1559718152255,submit,b4241,,review_quiz,,mobile
1559718152315,enter,e4241,,review_quiz,,mobile
1559718182982,quit,e4241,,review_quiz,,mobile
1559718183047,enter,b4668,,review_quiz,,mobile
1559718214146,erase_choice,q6136,,review_quiz,a,mobile
1559718224129,respond,q6136,,review_quiz,d,mobile
1559718231130,submit,b4668,,review_quiz,,mobile
1559718231223,enter,e4668,,review_quiz,,mobile
1559718283760,quit,e4668,,review_quiz,,mobile
1559718291011,enter,b4864,,review_quiz,,mobile
1559718320892,respond,q6332,,review_quiz,c,mobile
1559718322114,respond,q6332,,review_quiz,b,mobile
1559718324734,submit,b4864,,review_quiz,,mobile
1559718324794,enter,e4864,,review_quiz,,mobile
1559718330913,quit,e4864,,review_quiz,,mobile
1559718330940,enter,b4594,,review_quiz,,mobile
1559718349765,respond,q6062,,review_quiz,d,mobile
1559718354810,submit,b4594,,review_quiz,,mobile
1559718354877,enter,e4594,,review_quiz,,mobile
1559718362797,quit,e4594,,review_quiz,,mobile
1559718362860,enter,b5146,,review_quiz,,mobile
1559718366064,respond,q6740,,review_quiz,b,mobile
1559718517699,respond,q6740,,review_quiz,c,mobile
1559718520909,submit,b5146,,review_quiz,,mobile
1559718520994,enter,e5146,,review_quiz,,mobile
1559718566546,quit,e5146,,review_quiz,,mobile
1559718711965,enter,b4606,,review_quiz,,mobile
1559718731382,respond,q6074,,review_quiz,a,mobile
1559718734506,submit,b4606,,review_quiz,,mobile
1559718734586,enter,e4606,,review_quiz,,mobile
1559718749675,quit,e4606,,review_quiz,,mobile
1559718749726,enter,b6408,,review_quiz,,mobile
1559718759875,respond,q9057,,review_quiz,d,mobile
1559718763277,erase_choice,q9057,,review_quiz,b,mobile
1559718764376,respond,q9057,,review_quiz,d,mobile
1559718767145,submit,b6408,,review_quiz,,mobile
1559718767223,enter,e6408,,review_quiz,,mobile
1559718777735,quit,e6408,,review_quiz,,mobile
1559720003811,enter,b3008,,review_quiz,,mobile
1559720024096,respond,q4476,,review_quiz,c,mobile
1559720026821,submit,b3008,,review_quiz,,mobile
1559720026876,enter,e3008,,review_quiz,,mobile
1559720129231,quit,e3008,,review_quiz,,mobile
1559720287337,enter,b2744,,review_quiz,,mobile
1559720293734,respond,q4212,,review_quiz,a,mobile
1559720296564,respond,q4212,,review_quiz,d,mobile
1559720298968,submit,b2744,,review_quiz,,mobile
1559720299020,enter,e2744,,review_quiz,,mobile
1559720308544,quit,e2744,,review_quiz,,mobile
1560064593906,enter,b2575,,sprint,,mobile
1560064614171,respond,q4043,,sprint,a,mobile
1560064617404,submit,b2575,,sprint,,mobile
1560064617493,enter,e2575,,sprint,,mobile
1560064641542,quit,e2575,,sprint,,mobile
1560064689955,enter,b6771,,sprint,,mobile
1560064727059,respond,q9420,,sprint,d,mobile
1560064729762,erase_choice,q9420,,sprint,c,mobile
1560064730085,erase_choice,q9420,,sprint,a,mobile
1560064731983,respond,q9420,,sprint,d,mobile
1560064738284,submit,b6771,,sprint,,mobile
1560064738394,enter,e6771,,sprint,,mobile
1560064787825,quit,e6771,,sprint,,mobile
1560064830032,enter,b4943,,sprint,,mobile
1560064846014,respond,q6411,,sprint,a,mobile
1560064848277,respond,q6411,,sprint,b,mobile
1560064851723,submit,b4943,,sprint,,mobile
1560064851795,enter,e4943,,sprint,,mobile
1560064914643,quit,e4943,,sprint,,mobile
1560064914758,enter,b5011,,sprint,,mobile
1560064938505,respond,q6479,,sprint,c,mobile
1560064941248,submit,b5011,,sprint,,mobile
1560064941312,enter,e5011,,sprint,,mobile
1560064962161,quit,e5011,,sprint,,mobile
1560064998814,enter,b4079,,sprint,,mobile
1560065013630,erase_choice,q5547,,sprint,b,mobile
1560065014927,respond,q5547,,sprint,c,mobile
1560065017409,submit,b4079,,sprint,,mobile
1560065017483,enter,e4079,,sprint,,mobile
1560065024143,quit,e4079,,sprint,,mobile
1560065024215,enter,b7285,,sprint,,mobile
1560065060845,respond,q9934,,sprint,d,mobile
1560065064237,submit,b7285,,sprint,,mobile
1560065064299,enter,e7285,,sprint,,mobile
1560065080906,quit,e7285,,sprint,,mobile
1560065384217,enter,b2802,,sprint,,mobile
1560065395416,respond,q4270,,sprint,b,mobile
1560065398234,submit,b2802,,sprint,,mobile
1560065398300,enter,e2802,,sprint,,mobile
1560065411663,quit,e2802,,sprint,,mobile
1560065411750,enter,b2304,,sprint,,mobile
1560065417436,erase_choice,q3772,,sprint,b,mobile
1560065418796,erase_choice,q3772,,sprint,d,mobile
1560065423741,respond,q3772,,sprint,a,mobile
1560065426904,submit,b2304,,sprint,,mobile
1560065426974,enter,e2304,,sprint,,mobile
1560065449956,quit,e2304,,sprint,,mobile
1560065450075,enter,b6975,,sprint,,mobile
1560065481636,respond,q9624,,sprint,d,mobile
1560065491132,respond,q9624,,sprint,c,mobile
1560065494814,submit,b6975,,sprint,,mobile
1560065494894,enter,e6975,,sprint,,mobile
1560065511846,quit,e6975,,sprint,,mobile
1560065511941,enter,b11542,,sprint,,mobile
1560065533566,respond,q17305,,sprint,b,mobile
1560065534218,respond,q17305,,sprint,a,mobile
1560065548388,respond,q17305,,sprint,c,mobile
1560065558329,submit,b11542,,sprint,,mobile
1560065558376,enter,e11542,,sprint,,mobile
1560065577703,quit,e11542,,sprint,,mobile
1560065848707,enter,b3052,,review_quiz,,mobile
1560065854418,respond,q4520,,review_quiz,d,mobile
1560065862677,submit,b3052,,review_quiz,,mobile
1560065862772,enter,e3052,,review_quiz,,mobile
1560065877406,quit,e3052,,review_quiz,,mobile
1560065877468,enter,b2577,,review_quiz,,mobile
1560065898240,respond,q4045,,review_quiz,a,mobile
1560065902338,submit,b2577,,review_quiz,,mobile
1560065902419,enter,e2577,,review_quiz,,mobile
1560065928524,quit,e2577,,review_quiz,,mobile
1560065932144,enter,e3052,,review_quiz,,mobile
1560065975665,quit,e3052,,review_quiz,,mobile
1560065981241,enter,b2639,,review_quiz,,mobile
1560066004533,respond,q4107,,review_quiz,a,mobile
1560066013004,respond,q4107,,review_quiz,c,mobile
1560066015594,submit,b2639,,review_quiz,,mobile
1560066015651,enter,e2639,,review_quiz,,mobile
1560066023399,quit,e2639,,review_quiz,,mobile
1560066056096,enter,e2639,,review_quiz,,mobile
1560066065667,quit,e2639,,review_quiz,,mobile
1560066073069,enter,b4786,,review_quiz,,mobile
1560066103542,respond,q6254,,review_quiz,b,mobile
1560066105786,submit,b4786,,review_quiz,,mobile
1560066105872,enter,e4786,,review_quiz,,mobile
1560066154093,quit,e4786,,review_quiz,,mobile
1560066154165,enter,b6373,,review_quiz,,mobile
1560066175144,erase_choice,q9022,,review_quiz,a,mobile
1560066184584,erase_choice,q9022,,review_quiz,a,mobile
1560066194843,respond,q9022,,review_quiz,c,mobile
1560066197047,submit,b6373,,review_quiz,,mobile
1560066197104,enter,e6373,,review_quiz,,mobile
1560066213638,quit,e6373,,review_quiz,,mobile
1560066241572,enter,b2704,,review_quiz,,mobile
1560066246759,respond,q4172,,review_quiz,a,mobile
1560066253317,respond,q4172,,review_quiz,d,mobile
1560066256089,submit,b2704,,review_quiz,,mobile
1560066256147,enter,e2704,,review_quiz,,mobile
1560066258266,quit,e2704,,review_quiz,,mobile
1560066628234,enter,b3382,,review_quiz,,mobile
1560066664591,erase_choice,q4850,,review_quiz,a,mobile
1560066690459,respond,q4850,,review_quiz,b,mobile
1560066694752,submit,b3382,,review_quiz,,mobile
1560066694856,enter,e3382,,review_quiz,,mobile
1560066722796,quit,e3382,,review_quiz,,mobile
1560066722896,enter,b4606,,review_quiz,,mobile
1560066730178,respond,q6074,,review_quiz,a,mobile
1560066737927,submit,b4606,,review_quiz,,mobile
1560066737998,enter,e4606,,review_quiz,,mobile
1560066743072,quit,e4606,,review_quiz,,mobile
1560066805165,enter,b2206,,review_quiz,,mobile
1560066818973,respond,q3674,,review_quiz,c,mobile
1560066821732,submit,b2206,,review_quiz,,mobile
1560066821793,enter,e2206,,review_quiz,,mobile
1560066884056,quit,e2206,,review_quiz,,mobile
1560333057020,enter,b6037,,sprint,,mobile
1560333087369,erase_choice,q8686,,sprint,d,mobile
1560333099171,respond,q8686,,sprint,a,mobile
1560333102182,submit,b6037,,sprint,,mobile
1560333102234,enter,e6037,,sprint,,mobile
1560333121853,quit,e6037,,sprint,,mobile
1560333121899,enter,b4761,,sprint,,mobile
1560333162892,respond,q6229,,sprint,c,mobile
1560333168771,submit,b4761,,sprint,,mobile
1560333168827,enter,e4761,,sprint,,mobile
1560333193935,quit,e4761,,sprint,,mobile
1560333194018,enter,b3176,,sprint,,mobile
1560333217309,erase_choice,q4644,,sprint,d,mobile
1560333218676,respond,q4644,,sprint,b,mobile
1560333222008,submit,b3176,,sprint,,mobile
1560333222072,enter,e3176,,sprint,,mobile
1560333244424,quit,e3176,,sprint,,mobile
1560333454557,enter,b11627,,sprint,,mobile
1560333491437,respond,q17390,,sprint,d,mobile
1560333499231,submit,b11627,,sprint,,mobile
1560333499291,enter,e11627,,sprint,,mobile
1560333511221,quit,e11627,,sprint,,mobile
1560334180230,enter,b2652,,sprint,,mobile
1560334238862,respond,q4120,,sprint,b,mobile
1560334242223,submit,b2652,,sprint,,mobile
1560334242273,enter,e2652,,sprint,,mobile
1560334327610,quit,e2652,,sprint,,mobile
1560334327692,enter,b7477,,sprint,,mobile
1560334339608,respond,q10126,,sprint,a,mobile
1560334348053,erase_choice,q10126,,sprint,c,mobile
1560334360104,respond,q10126,,sprint,d,mobile
1560334367092,submit,b7477,,sprint,,mobile
1560334367121,enter,e7477,,sprint,,mobile
1560334401835,quit,e7477,,sprint,,mobile
1560334401918,enter,b2500,,sprint,,mobile
1560334465986,respond,q3968,,sprint,d,mobile
1560334479572,respond,q3968,,sprint,b,mobile
1560334486040,submit,b2500,,sprint,,mobile
1560334486100,enter,e2500,,sprint,,mobile
1560334542607,quit,e2500,,sprint,,mobile
1560334542675,enter,b2330,,sprint,,mobile
1560334562556,erase_choice,q3798,,sprint,c,mobile
1560334562826,respond,q3798,,sprint,a,mobile
1560334566340,submit,b2330,,sprint,,mobile
1560334566392,enter,e2330,,sprint,,mobile
1560334588930,quit,e2330,,sprint,,mobile
1560436527680,enter,b2317,,sprint,,mobile
1560436564503,respond,q3785,,sprint,d,mobile
1560436568763,submit,b2317,,sprint,,mobile
1560436568828,enter,e2317,,sprint,,mobile
1560436594397,quit,e2317,,sprint,,mobile
1560436594446,enter,b7145,,sprint,,mobile
1560436618563,respond,q9794,,sprint,a,mobile
1560436623732,submit,b7145,,sprint,,mobile
1560436623788,enter,e7145,,sprint,,mobile
1560436638655,quit,e7145,,sprint,,mobile
1560436638723,enter,b4929,,sprint,,mobile
1560436648148,respond,q6397,,sprint,d,mobile
1560436648631,respond,q6397,,sprint,c,mobile
1560436651312,submit,b4929,,sprint,,mobile
1560436651364,enter,e4929,,sprint,,mobile
1560436668005,quit,e4929,,sprint,,mobile
1560436668054,enter,e6050,,sprint,,mobile
1560436701114,respond,q8699,,sprint,a,mobile
1560436714247,quit,e6050,,sprint,,mobile
1560436969027,enter,e6050,,sprint,,mobile
1560436976749,quit,e6050,,sprint,,mobile
1560437010599,enter,b6018,,sprint,,mobile
1560437045960,respond,q8667,,sprint,b,mobile
1560437048483,respond,q8667,,sprint,a,mobile
1560437074109,respond,q8667,,sprint,b,mobile
1560437086943,respond,q8667,,sprint,d,mobile
1560437090380,submit,b6018,,sprint,,mobile
1560437090439,enter,e6018,,sprint,,mobile
1560437109936,quit,e6018,,sprint,,mobile
1560437154414,enter,b5960,,sprint,,mobile
1560437192475,respond,q8609,,sprint,a,mobile
1560437196943,respond,q8609,,sprint,d,mobile
1560437201269,respond,q8609,,sprint,a,mobile
1560437205054,submit,b5960,,sprint,,mobile
1560437205102,enter,e5960,,sprint,,mobile
1560437235593,quit,e5960,,sprint,,mobile
1560437235667,enter,b3470,,sprint,,mobile
1560437259288,respond,q4938,,sprint,b,mobile
1560437263152,submit,b3470,,sprint,,mobile
1560437263202,enter,e3470,,sprint,,mobile
1560437270698,quit,e3470,,sprint,,mobile
1560437505367,enter,b2510,,sprint,,mobile
1560437520743,respond,q3978,,sprint,c,mobile
1560437534677,submit,b2510,,sprint,,mobile
1560437534731,enter,e2510,,sprint,,mobile
1560437550619,quit,e2510,,sprint,,mobile
1560437550685,enter,b4766,,sprint,,mobile
1560437570890,respond,q6234,,sprint,c,mobile
1560437580568,respond,q6234,,sprint,b,mobile
1560437601959,respond,q6234,,sprint,a,mobile
1560437605687,submit,b4766,,sprint,,mobile
1560437605745,enter,e4766,,sprint,,mobile
1560437632006,quit,e4766,,sprint,,mobile
1560437632081,enter,b5855,,sprint,,mobile
1560437645222,respond,q8504,,sprint,b,mobile
1560437650334,respond,q8504,,sprint,d,mobile
1560437653581,submit,b5855,,sprint,,mobile
1560437653645,enter,e5855,,sprint,,mobile
1560437658094,quit,e5855,,sprint,,mobile
1560437661311,enter,e5855,,sprint,,mobile
1560437664167,quit,e5855,,sprint,,mobile
1560437666342,enter,e4766,,sprint,,mobile
1560437680066,quit,e4766,,sprint,,mobile
1560437682776,enter,e3470,,sprint,,mobile
1560437685566,quit,e3470,,sprint,,mobile
1560437687753,enter,e3470,,sprint,,mobile
1560437693463,quit,e3470,,sprint,,mobile
1560437695552,enter,e5960,,sprint,,mobile
1560437698180,quit,e5960,,sprint,,mobile
1560437700416,enter,e6018,,sprint,,mobile
1560437701746,quit,e6018,,sprint,,mobile
1560437702806,enter,e6050,,sprint,,mobile
1560437703466,quit,e6050,,sprint,,mobile
1560479462371,enter,b3451,,sprint,,mobile
1560479469020,respond,q4919,,sprint,a,mobile
1560479471963,submit,b3451,,sprint,,mobile
1560479472010,enter,e3451,,sprint,,mobile
1560479483183,quit,e3451,,sprint,,mobile
1560479483279,enter,b4284,,sprint,,mobile
1560479497185,respond,q5752,,sprint,d,mobile
1560479500241,submit,b4284,,sprint,,mobile
1560479500302,enter,e4284,,sprint,,mobile
1560479508391,quit,e4284,,sprint,,mobile
1560479508436,enter,b2402,,sprint,,mobile
1560479524314,respond,q3870,,sprint,b,mobile
1560479527364,submit,b2402,,sprint,,mobile
1560479527422,enter,e2402,,sprint,,mobile
1560479540926,quit,e2402,,sprint,,mobile
1560479540971,enter,b11397,,sprint,,mobile
1560479553361,respond,q17160,,sprint,a,mobile
1560479559785,respond,q17160,,sprint,c,mobile
1560479563236,submit,b11397,,sprint,,mobile
1560479563285,enter,e11397,,sprint,,mobile
1560479582773,quit,e11397,,sprint,,mobile
1560479640595,enter,b4658,,sprint,,mobile
1560479649792,respond,q6126,,sprint,a,mobile
1560479654446,submit,b4658,,sprint,,mobile
1560479654493,enter,e4658,,sprint,,mobile
1560479760988,quit,e4658,,sprint,,mobile
1560479761022,enter,b2425,,sprint,,mobile
1560479782948,respond,q3893,,sprint,b,mobile
1560479814823,submit,b2425,,sprint,,mobile
1560479814887,enter,e2425,,sprint,,mobile
1560479831619,quit,e2425,,sprint,,mobile
1560479831672,enter,b2539,,sprint,,mobile
1560479852231,respond,q4007,,sprint,b,mobile
1560479865799,respond,q4007,,sprint,a,mobile
1560479880978,submit,b2539,,sprint,,mobile
1560479881019,enter,e2539,,sprint,,mobile
1560479922169,quit,e2539,,sprint,,mobile
1560479954611,enter,b5845,,sprint,,mobile
1560479958440,respond,q8494,,sprint,c,mobile
1560479959157,erase_choice,q8494,,sprint,c,mobile
1560479966980,respond,q8494,,sprint,a,mobile
1560479968598,respond,q8494,,sprint,b,mobile
1560479972384,respond,q8494,,sprint,d,mobile
1560479976066,submit,b5845,,sprint,,mobile
1560479976126,enter,e5845,,sprint,,mobile
1560479998635,quit,e5845,,sprint,,mobile
1560480017635,enter,b4979,,sprint,,mobile
1560480032510,respond,q6447,,sprint,b,mobile
1560480036128,submit,b4979,,sprint,,mobile
1560480036186,enter,e4979,,sprint,,mobile
1560480047653,quit,e4979,,sprint,,mobile
1560480047731,enter,b2551,,sprint,,mobile
1560480077118,respond,q4019,,sprint,b,mobile
1560480081258,submit,b2551,,sprint,,mobile
1560693684829,enter,e4813,,sprint,,mobile
1560693690327,quit,e4813,,sprint,,mobile
1560693721930,enter,b2842,,sprint,,mobile
1560693731593,erase_choice,q4310,,sprint,b,mobile
1560693740975,respond,q4310,,sprint,c,mobile
1560693745894,submit,b2842,,sprint,,mobile
1560693745996,enter,e2842,,sprint,,mobile
1560693770621,quit,e2842,,sprint,,mobile
1560693770704,enter,b3358,,sprint,,mobile
1560693780192,respond,q4826,,sprint,d,mobile
1560693782866,submit,b3358,,sprint,,mobile
1560693782928,enter,e3358,,sprint,,mobile
1560693786161,quit,e3358,,sprint,,mobile
1560844784809,enter,e3358,,sprint,,mobile
1560844793794,quit,e3358,,sprint,,mobile
1560844793874,enter,b7390,,sprint,,mobile
1560844806347,erase_choice,q10039,,sprint,b,mobile
1560844808263,respond,q10039,,sprint,d,mobile
1560844812573,submit,b7390,,sprint,,mobile
1560844812658,enter,e7390,,sprint,,mobile
1560844858636,quit,e7390,,sprint,,mobile
1560844858722,enter,b11460,,sprint,,mobile
1560844869966,respond,q17223,,sprint,c,mobile
1560844870497,respond,q17223,,sprint,d,mobile
1560844877090,respond,q17223,,sprint,c,mobile
1560844884674,respond,q17223,,sprint,a,mobile
1560844889895,submit,b11460,,sprint,,mobile
1560844889961,enter,e11460,,sprint,,mobile
1560844925708,quit,e11460,,sprint,,mobile
1560844925800,enter,b4944,,sprint,,mobile
1560844931780,respond,q6412,,sprint,a,mobile
1560844935197,submit,b4944,,sprint,,mobile
1560844935259,enter,e4944,,sprint,,mobile
1560844952467,quit,e4944,,sprint,,mobile
1560844952563,enter,b4577,,sprint,,mobile
1560844969839,respond,q6045,,sprint,c,mobile
1560844973148,submit,b4577,,sprint,,mobile
1560844973190,enter,e4577,,sprint,,mobile
1560845007103,quit,e4577,,sprint,,mobile
1560845007152,enter,b3960,,sprint,,mobile
1560845012323,respond,q5428,,sprint,b,mobile
1560845015412,submit,b3960,,sprint,,mobile
1560845015473,enter,e3960,,sprint,,mobile
1560845040836,quit,e3960,,sprint,,mobile
1560845246909,enter,b11367,,sprint,,mobile
1560845260213,respond,q17130,,sprint,a,mobile
1560845261577,respond,q17130,,sprint,c,mobile
1560845265831,submit,b11367,,sprint,,mobile
1560845265910,enter,e11367,,sprint,,mobile
1560845295013,quit,e11367,,sprint,,mobile
1560845298869,enter,e11367,,sprint,,mobile
1560845303156,quit,e11367,,sprint,,mobile
1560846345964,enter,b4440,,sprint,,mobile
1560846360048,respond,q5908,,sprint,d,mobile
1560846361437,respond,q5908,,sprint,a,mobile
1560846362348,respond,q5908,,sprint,b,mobile
1560846368015,respond,q5908,,sprint,c,mobile
1560846371106,submit,b4440,,sprint,,mobile
1560846371177,enter,e4440,,sprint,,mobile
1560846403225,quit,e4440,,sprint,,mobile
1560846403298,enter,b2480,,sprint,,mobile
1560846415178,respond,q3948,,sprint,b,mobile
1560846417538,respond,q3948,,sprint,d,mobile
1560846422321,respond,q3948,,sprint,b,mobile
1560846428355,submit,b2480,,sprint,,mobile
1560846428414,enter,e2480,,sprint,,mobile
1560846445893,quit,e2480,,sprint,,mobile
1560846568412,enter,b3227,,sprint,,mobile
1560846575609,respond,q4695,,sprint,b,mobile
1560846578962,submit,b3227,,sprint,,mobile
1560846579028,enter,e3227,,sprint,,mobile
1560846585747,quit,e3227,,sprint,,mobile
1560846585817,enter,b6178,,sprint,,mobile
1560846599358,respond,q8827,,sprint,d,mobile
1560846599888,erase_choice,q8827,,sprint,c,mobile
1560846602889,respond,q8827,,sprint,d,mobile
1560846607766,submit,b6178,,sprint,,mobile
1560846607822,enter,e6178,,sprint,,mobile
1560846649595,quit,e6178,,sprint,,mobile
1560846649643,enter,b2819,,sprint,,mobile
1560846674177,respond,q4287,,sprint,c,mobile
1560846676065,respond,q4287,,sprint,d,mobile
1560846679282,respond,q4287,,sprint,c,mobile
1560846681199,respond,q4287,,sprint,a,mobile
1560846684933,submit,b2819,,sprint,,mobile
1560846685010,enter,e2819,,sprint,,mobile
1560846715791,quit,e2819,,sprint,,mobile
1560846715848,enter,b2355,,sprint,,mobile
1560846720104,respond,q3823,,sprint,c,mobile
1560846729130,respond,q3823,,sprint,d,mobile
1560846729778,respond,q3823,,sprint,c,mobile
1560846730037,respond,q3823,,sprint,d,mobile
1560846732955,submit,b2355,,sprint,,mobile
1560846732999,enter,e2355,,sprint,,mobile
1560846741918,quit,e2355,,sprint,,mobile
1560846741999,enter,b4881,,sprint,,mobile
1560846749950,respond,q6349,,sprint,b,mobile
1560846757190,respond,q6349,,sprint,a,mobile
1560846763677,respond,q6349,,sprint,b,mobile
1560846767421,submit,b4881,,sprint,,mobile
1560846767478,enter,e4881,,sprint,,mobile
1560846792022,quit,e4881,,sprint,,mobile
1560846792098,enter,b6394,,sprint,,mobile
1560846801728,respond,q9043,,sprint,d,mobile
1560846804812,submit,b6394,,sprint,,mobile
1560846804885,enter,e6394,,sprint,,mobile
1560846809733,quit,e6394,,sprint,,mobile
1560846809813,enter,b3270,,sprint,,mobile
1560846820004,respond,q4738,,sprint,b,mobile
1560846824287,submit,b3270,,sprint,,mobile
1560846824333,enter,e3270,,sprint,,mobile
1560846840159,quit,e3270,,sprint,,mobile
1560846840216,enter,b3316,,sprint,,mobile
1560846846905,respond,q4784,,sprint,d,mobile
1560846847513,respond,q4784,,sprint,c,mobile
1560846851170,submit,b3316,,sprint,,mobile
1560846851223,enter,e3316,,sprint,,mobile
1560846874943,quit,e3316,,sprint,,mobile
1560846881505,enter,e4881,,sprint,,mobile
1560846885292,quit,e4881,,sprint,,mobile
1560846887061,enter,e2355,,sprint,,mobile
1560846895578,quit,e2355,,sprint,,mobile
1560954331349,enter,b2875,,sprint,,mobile
1560954338711,respond,q4343,,sprint,c,mobile
1560954345271,respond,q4343,,sprint,b,mobile
1560954350449,submit,b2875,,sprint,,mobile
1560954350546,enter,e2875,,sprint,,mobile
1560954359158,quit,e2875,,sprint,,mobile
1560954551553,enter,b6918,,sprint,,mobile
1560954557843,respond,q9567,,sprint,b,mobile
1560954560653,submit,b6918,,sprint,,mobile
1560954560709,enter,e6918,,sprint,,mobile
1560954566911,quit,e6918,,sprint,,mobile
1560954566994,enter,b3797,,sprint,,mobile
1560954579206,respond,q5265,,sprint,c,mobile
1560954583187,respond,q5265,,sprint,b,mobile
1560954594739,respond,q5265,,sprint,a,mobile
1560954598861,submit,b3797,,sprint,,mobile
1560954598923,enter,e3797,,sprint,,mobile
1560954630402,quit,e3797,,sprint,,mobile
1560954630488,enter,b2651,,sprint,,mobile
1560954644065,respond,q4119,,sprint,a,mobile
1560954657781,erase_choice,q4119,,sprint,c,mobile
1560954658485,respond,q4119,,sprint,a,mobile
1560954661746,submit,b2651,,sprint,,mobile
1560954661825,enter,e2651,,sprint,,mobile
1560954665232,quit,e2651,,sprint,,mobile
1560954727337,enter,b4116,,sprint,,mobile
1560954735817,respond,q5584,,sprint,c,mobile
1560954739743,submit,b4116,,sprint,,mobile
1560954739791,enter,e4116,,sprint,,mobile
1560954745297,quit,e4116,,sprint,,mobile
1560954777267,enter,b5952,,sprint,,mobile
1560954778085,respond,q8601,,sprint,d,mobile
1560954781470,submit,b5952,,sprint,,mobile
1560954781528,enter,e5952,,sprint,,mobile
1560954806926,quit,e5952,,sprint,,mobile
1560954807004,enter,b4886,,sprint,,mobile
1560954812959,respond,q6354,,sprint,a,mobile
1560954817350,submit,b4886,,sprint,,mobile
1560954817480,enter,e4886,,sprint,,mobile
1560954839438,quit,e4886,,sprint,,mobile
1560954864096,enter,b3087,,sprint,,mobile
1560954874476,respond,q4555,,sprint,c,mobile
1560954875134,respond,q4555,,sprint,b,mobile
1560954879739,submit,b3087,,sprint,,mobile
1560954879803,enter,e3087,,sprint,,mobile
1560954892433,quit,e3087,,sprint,,mobile
1560954892531,enter,b4912,,sprint,,mobile
1560954901598,respond,q6380,,sprint,c,mobile
1560954905941,submit,b4912,,sprint,,mobile
1560954905990,enter,e4912,,sprint,,mobile
1560954911891,quit,e4912,,sprint,,mobile
1560954911938,enter,b11463,,sprint,,mobile
1560954919500,erase_choice,q17226,,sprint,b,mobile
1560954928109,erase_choice,q17226,,sprint,b,mobile
1560954932107,respond,q17226,,sprint,a,mobile
1560954934736,submit,b11463,,sprint,,mobile
1560954934786,enter,e11463,,sprint,,mobile
1560954942536,quit,e11463,,sprint,,mobile
1560954945156,enter,e11463,,sprint,,mobile
1560954952036,quit,e11463,,sprint,,mobile
1561090661718,enter,b4971,,sprint,,mobile
1561090664825,respond,q6439,,sprint,b,mobile
1561090668329,submit,b4971,,sprint,,mobile
1561090668375,enter,e4971,,sprint,,mobile
1561090730656,quit,e4971,,sprint,,mobile
1561090730737,enter,b4446,,sprint,,mobile
1561090760430,respond,q5914,,sprint,b,mobile
1561090764304,submit,b4446,,sprint,,mobile
1561090764359,enter,e4446,,sprint,,mobile
1561090789987,quit,e4446,,sprint,,mobile
1561090790054,enter,b4580,,sprint,,mobile
1561090798212,respond,q6048,,sprint,d,mobile
1561090801363,submit,b4580,,sprint,,mobile
1561090801434,enter,e4580,,sprint,,mobile
1561090838563,quit,e4580,,sprint,,mobile
1561090838623,enter,b6084,,sprint,,mobile
1561090856597,erase_choice,q8733,,sprint,c,mobile
1561090860159,respond,q8733,,sprint,d,mobile
1561090862417,respond,q8733,,sprint,a,mobile
1561090864950,submit,b6084,,sprint,,mobile
1561090865004,enter,e6084,,sprint,,mobile
1561090898183,quit,e6084,,sprint,,mobile
1561090898230,enter,b4890,,sprint,,mobile
1561090916043,respond,q6358,,sprint,b,mobile
1561090925943,submit,b4890,,sprint,,mobile
1561090926002,enter,e4890,,sprint,,mobile
1561090946296,quit,e4890,,sprint,,mobile
1561090946367,enter,b4459,,sprint,,mobile
1561090970296,respond,q5927,,sprint,a,mobile
1561090973813,submit,b4459,,sprint,,mobile
1561090973874,enter,e4459,,sprint,,mobile
1561090990566,quit,e4459,,sprint,,mobile
1561090990662,enter,b4012,,sprint,,mobile
1561091000033,respond,q5480,,sprint,b,mobile
1561091003008,respond,q5480,,sprint,d,mobile
1561091005700,submit,b4012,,sprint,,mobile
1561091005756,enter,e4012,,sprint,,mobile
1561091023292,quit,e4012,,sprint,,mobile
1561091023376,enter,b6253,,sprint,,mobile
1561091032856,respond,q8902,,sprint,a,mobile
1561091036814,submit,b6253,,sprint,,mobile
1561091036872,enter,e6253,,sprint,,mobile
1561091067514,quit,e6253,,sprint,,mobile
1561091067610,enter,b3086,,sprint,,mobile
1561091074671,erase_choice,q4554,,sprint,b,mobile
1561091081822,respond,q4554,,sprint,c,mobile
1561091082920,respond,q4554,,sprint,d,mobile
1561091084796,erase_choice,q4554,,sprint,d,mobile
1561091087427,respond,q4554,,sprint,c,mobile
1561091090647,submit,b3086,,sprint,,mobile
1561091090711,enter,e3086,,sprint,,mobile
1561091094545,quit,e3086,,sprint,,mobile
1561091122534,enter,b4686,,sprint,,mobile
1561091139057,respond,q6154,,sprint,d,mobile
1561091143205,submit,b4686,,sprint,,mobile
1561091143267,enter,e4686,,sprint,,mobile
1561091148097,quit,e4686,,sprint,,mobile
1561091154278,enter,e4012,,sprint,,mobile
1561091157431,quit,e4012,,sprint,,mobile
1561091160195,enter,e4459,,sprint,,mobile
1561091163805,quit,e4459,,sprint,,mobile
1561091166612,enter,e4890,,sprint,,mobile
1561091187634,quit,e4890,,sprint,,mobile
1561091190244,enter,e6084,,sprint,,mobile
1561091205973,quit,e6084,,sprint,,mobile
1561091208069,enter,e4580,,sprint,,mobile
1561091210091,quit,e4580,,sprint,,mobile
1561091220497,enter,b3631,,sprint,,mobile
1561091242384,respond,q5099,,sprint,d,mobile
1561091245611,submit,b3631,,sprint,,mobile
1561091245667,enter,e3631,,sprint,,mobile
1561091276728,quit,e3631,,sprint,,mobile
1561091276811,enter,b7163,,sprint,,mobile
1561091287952,respond,q9812,,sprint,a,mobile
1561091293148,submit,b7163,,sprint,,mobile
1561091293198,enter,e7163,,sprint,,mobile
1561091342793,quit,e7163,,sprint,,mobile
1561091365308,enter,b4571,,sprint,,mobile
1561091396607,respond,q6039,,sprint,c,mobile
1561091403047,submit,b4571,,sprint,,mobile
1561091403114,enter,e4571,,sprint,,mobile
1561091449295,quit,e4571,,sprint,,mobile
1561091449363,enter,b4102,,sprint,,mobile
1561091453100,respond,q5570,,sprint,c,mobile
1561091458184,submit,b4102,,sprint,,mobile
1561091458245,enter,e4102,,sprint,,mobile
1561091463511,quit,e4102,,sprint,,mobile
1561091463555,enter,b5153,,sprint,,mobile
1561091473181,respond,q6747,,sprint,b,mobile
1561091476214,submit,b5153,,sprint,,mobile
1561091476273,enter,e5153,,sprint,,mobile
1561091537534,quit,e5153,,sprint,,mobile
1561091537611,enter,b6498,,sprint,,mobile
1561091545218,respond,q9147,,sprint,c,mobile
1561091547996,submit,b6498,,sprint,,mobile
1561091548055,enter,e6498,,sprint,,mobile
1561091578491,quit,e6498,,sprint,,mobile
1561091578580,enter,b2949,,sprint,,mobile
1561091587459,respond,q4417,,sprint,c,mobile
1561091590914,submit,b2949,,sprint,,mobile
1561091590970,enter,e2949,,sprint,,mobile
1561091606235,quit,e2949,,sprint,,mobile
1561091606311,enter,b3941,,sprint,,mobile
1561091612025,respond,q5409,,sprint,a,mobile
1561091614909,submit,b3941,,sprint,,mobile
1561091614968,enter,e3941,,sprint,,mobile
1561091638983,quit,e3941,,sprint,,mobile
1561091639044,enter,b4362,,sprint,,mobile
1561091649506,respond,q5830,,sprint,b,mobile
1561091653169,submit,b4362,,sprint,,mobile
1561091653223,enter,e4362,,sprint,,mobile
1561091683512,quit,e4362,,sprint,,mobile
1561091683612,enter,b5658,,sprint,,mobile
1561091689369,respond,q8187,,sprint,b,mobile
1561091691808,erase_choice,q8187,,sprint,b,mobile
1561091692574,respond,q8187,,sprint,c,mobile
1561091695983,submit,b5658,,sprint,,mobile
1561091696043,enter,e5658,,sprint,,mobile
1561091699862,quit,e5658,,sprint,,mobile
1561210447378,enter,b3637,,sprint,,mobile
1561210468784,respond,q5105,,sprint,b,mobile
1561210469485,respond,q5105,,sprint,a,mobile
1561210472268,submit,b3637,,sprint,,mobile
1561210472332,enter,e3637,,sprint,,mobile
1561210677374,quit,e3637,,sprint,,mobile
1561210677467,enter,b4072,,sprint,,mobile
1561210715895,erase_choice,q5540,,sprint,c,mobile
1561210718399,respond,q5540,,sprint,a,mobile
1561210722376,respond,q5540,,sprint,d,mobile
1561210725110,submit,b4072,,sprint,,mobile
1561210725164,enter,e4072,,sprint,,mobile
1561210818179,quit,e4072,,sprint,,mobile
1561210818267,enter,b2743,,sprint,,mobile
1561210859413,respond,q4211,,sprint,d,mobile
1561210868110,respond,q4211,,sprint,c,mobile
1561210871537,submit,b2743,,sprint,,mobile
1561210871595,enter,e2743,,sprint,,mobile
1561210897400,quit,e2743,,sprint,,mobile
1561211562823,enter,e2743,,sprint,,mobile
1561211583521,quit,e2743,,sprint,,mobile
1561211583596,enter,b6818,,sprint,,mobile
1561211611067,respond,q9467,,sprint,c,mobile
1561211613648,submit,b6818,,sprint,,mobile
1561211613711,enter,e6818,,sprint,,mobile
1561211695857,quit,e6818,,sprint,,mobile
1561211695949,enter,b4013,,sprint,,mobile
1561211701669,respond,q5481,,sprint,d,mobile
1561211719805,submit,b4013,,sprint,,mobile
1561211719865,enter,e4013,,sprint,,mobile
1561211890312,quit,e4013,,sprint,,mobile
1561212355200,enter,b2274,,sprint,,mobile
1561212367945,respond,q3742,,sprint,d,mobile
1561212367945,respond,q3742,,sprint,d,mobile
1561212367945,respond,q3742,,sprint,d,mobile
1561212368540,respond,q3742,,sprint,c,mobile
1561212368540,respond,q3742,,sprint,c,mobile
1561212368540,respond,q3742,,sprint,c,mobile
1561212368828,respond,q3742,,sprint,d,mobile
1561212368828,respond,q3742,,sprint,d,mobile
1561212368828,respond,q3742,,sprint,d,mobile
1561212372023,submit,b2274,,sprint,,mobile
1561212372085,enter,e2274,,sprint,,mobile
1561212409085,quit,e2274,,sprint,,mobile
1561212411994,enter,e2274,,sprint,,mobile
1561212413163,quit,e2274,,sprint,,mobile
1561212414598,enter,e3772,,sprint,,mobile
1561212415616,quit,e3772,,sprint,,mobile
1561212418505,enter,e11337,,sprint,,mobile
1561212420322,quit,e11337,,sprint,,mobile
1561212421496,enter,e11337,,sprint,,mobile
1561212425505,quit,e11337,,sprint,,mobile
1561212427729,enter,e4795,,sprint,,mobile
1561212429613,quit,e4795,,sprint,,mobile
1561212432719,enter,e4296,,sprint,,mobile
1561212436261,quit,e4296,,sprint,,mobile
1561212437453,enter,e4013,,sprint,,mobile
1561212440334,quit,e4013,,sprint,,mobile
1561212446063,enter,e4013,,sprint,,mobile
1561212447181,quit,e4013,,sprint,,mobile
1561212448709,enter,e6818,,sprint,,mobile
1561212458476,quit,e6818,,sprint,,mobile
1561212460330,enter,e6818,,sprint,,mobile
1561212460914,quit,e6818,,sprint,,mobile
1561212462386,enter,e2743,,sprint,,mobile
1561212463595,quit,e2743,,sprint,,mobile
1561212466246,enter,e4072,,sprint,,mobile
1561212488393,quit,e4072,,sprint,,mobile
1561212602220,enter,b2274,,review_quiz,,mobile
1561212607404,respond,q3742,,review_quiz,a,mobile
1561212609889,submit,b2274,,review_quiz,,mobile
1561212609945,enter,e2274,,review_quiz,,mobile
1561212613270,quit,e2274,,review_quiz,,mobile
1561212613338,enter,b3772,,review_quiz,,mobile
1561212628465,respond,q5240,,review_quiz,d,mobile
1561212631595,submit,b3772,,review_quiz,,mobile
1561212631647,enter,e3772,,review_quiz,,mobile
1561212650628,quit,e3772,,review_quiz,,mobile
1561212650699,enter,b11337,,review_quiz,,mobile
1561212654294,respond,q17100,,review_quiz,c,mobile
1561212657086,submit,b11337,,review_quiz,,mobile
1561212657138,enter,e11337,,review_quiz,,mobile
1561212660471,quit,e11337,,review_quiz,,mobile
1561212660552,enter,b4795,,review_quiz,,mobile
1561212666416,respond,q6263,,review_quiz,c,mobile
1561212668552,submit,b4795,,review_quiz,,mobile
1561212668603,enter,e4795,,review_quiz,,mobile
1561212671826,quit,e4795,,review_quiz,,mobile
1561212671896,enter,b4296,,review_quiz,,mobile
1561212682728,respond,q5764,,review_quiz,c,mobile
1561212683047,respond,q5764,,review_quiz,d,mobile
1561212684079,respond,q5764,,review_quiz,b,mobile
1561212686898,submit,b4296,,review_quiz,,mobile
1561212686941,enter,e4296,,review_quiz,,mobile
1561212702874,quit,e4296,,review_quiz,,mobile
1561212702952,enter,b4013,,review_quiz,,mobile
1561212707290,respond,q5481,,review_quiz,b,mobile
1561212710031,submit,b4013,,review_quiz,,mobile
1561212710064,enter,e4013,,review_quiz,,mobile
1561212713104,quit,e4013,,review_quiz,,mobile
1561212713166,enter,b6818,,review_quiz,,mobile
1561212715090,respond,q9467,,review_quiz,a,mobile
1561212718085,submit,b6818,,review_quiz,,mobile
1561212718145,enter,e6818,,review_quiz,,mobile
1561212721616,quit,e6818,,review_quiz,,mobile
1561212721680,enter,b2743,,review_quiz,,mobile
1561212725270,respond,q4211,,review_quiz,c,mobile
1561212728650,submit,b2743,,review_quiz,,mobile
1561212728708,enter,e2743,,review_quiz,,mobile
1561212731336,quit,e2743,,review_quiz,,mobile
1561212731407,enter,b4072,,review_quiz,,mobile
1561212735781,respond,q5540,,review_quiz,a,mobile
1561212738499,submit,b4072,,review_quiz,,mobile
1561212738562,enter,e4072,,review_quiz,,mobile
1561212742081,quit,e4072,,review_quiz,,mobile
1561212742150,enter,b3637,,review_quiz,,mobile
1561212745657,respond,q5105,,review_quiz,d,mobile
1561212748545,submit,b3637,,review_quiz,,mobile
1561212748604,enter,e3637,,review_quiz,,mobile
1561212757091,quit,e3637,,review_quiz,,mobile
1561212757168,enter,b5658,,review_quiz,,mobile
1561212774874,respond,q8187,,review_quiz,c,mobile
1561212775604,respond,q8187,,review_quiz,b,mobile
1561212782882,respond,q8187,,review_quiz,c,mobile
1561212786401,respond,q8187,,review_quiz,d,mobile
1561212787070,respond,q8187,,review_quiz,c,mobile
1561212788426,respond,q8187,,review_quiz,a,mobile
1561212791342,submit,b5658,,review_quiz,,mobile
1561212791401,enter,e5658,,review_quiz,,mobile
1561212797179,quit,e5658,,review_quiz,,mobile
1561212797246,enter,b4362,,review_quiz,,mobile
1561212800912,respond,q5830,,review_quiz,c,mobile
1561212802306,respond,q5830,,review_quiz,b,mobile
1561212805060,submit,b4362,,review_quiz,,mobile
1561212805117,enter,e4362,,review_quiz,,mobile
1561212808316,quit,e4362,,review_quiz,,mobile
1561212808385,enter,b3941,,review_quiz,,mobile
1561212813910,respond,q5409,,review_quiz,a,mobile
1561212822775,respond,q5409,,review_quiz,c,mobile
1561212823100,respond,q5409,,review_quiz,b,mobile
1561212823423,respond,q5409,,review_quiz,a,mobile
1561212823973,respond,q5409,,review_quiz,b,mobile
1561212824483,respond,q5409,,review_quiz,a,mobile
1561212826850,submit,b3941,,review_quiz,,mobile
1561212826907,enter,e3941,,review_quiz,,mobile
1561212830230,quit,e3941,,review_quiz,,mobile
1561212830292,enter,b2949,,review_quiz,,mobile
1561212848476,respond,q4417,,review_quiz,b,mobile
1561212851693,submit,b2949,,review_quiz,,mobile
1561212851749,enter,e2949,,review_quiz,,mobile
1561212855030,quit,e2949,,review_quiz,,mobile
1561212855098,enter,b6498,,review_quiz,,mobile
1561212858613,respond,q9147,,review_quiz,d,mobile
1561212859350,respond,q9147,,review_quiz,c,mobile
1561212862098,submit,b6498,,review_quiz,,mobile
1561212862160,enter,e6498,,review_quiz,,mobile
1561212865165,quit,e6498,,review_quiz,,mobile
1561212865239,enter,b5153,,review_quiz,,mobile
1561212883069,respond,q6747,,review_quiz,a,mobile
1561212885767,submit,b5153,,review_quiz,,mobile
1561212885825,enter,e5153,,review_quiz,,mobile
1561212895399,quit,e5153,,review_quiz,,mobile
1561212895465,enter,b4102,,review_quiz,,mobile
1561212908946,respond,q5570,,review_quiz,c,mobile
1561212909491,respond,q5570,,review_quiz,b,mobile
1561212909977,respond,q5570,,review_quiz,c,mobile
1561212913642,submit,b4102,,review_quiz,,mobile
1561212913707,enter,e4102,,review_quiz,,mobile
1561212920059,quit,e4102,,review_quiz,,mobile
1561212920124,enter,b4571,,review_quiz,,mobile
1561212926934,respond,q6039,,review_quiz,a,mobile
1561212929922,respond,q6039,,review_quiz,b,mobile
1561212934564,respond,q6039,,review_quiz,d,mobile
1561212935122,erase_choice,q6039,,review_quiz,c,mobile
1561212935647,respond,q6039,,review_quiz,d,mobile
1561212938218,erase_choice,q6039,,review_quiz,d,mobile
1561212939068,respond,q6039,,review_quiz,b,mobile
1561212939691,respond,q6039,,review_quiz,a,mobile
1561212940175,respond,q6039,,review_quiz,b,mobile
1561212940645,respond,q6039,,review_quiz,a,mobile
1561212943297,submit,b4571,,review_quiz,,mobile
1561212943361,enter,e4571,,review_quiz,,mobile
1561212954462,quit,e4571,,review_quiz,,mobile
1561212954545,enter,b7163,,review_quiz,,mobile
1561212961080,respond,q9812,,review_quiz,b,mobile
1561212964458,submit,b7163,,review_quiz,,mobile
1561212964520,enter,e7163,,review_quiz,,mobile
1561212969308,quit,e7163,,review_quiz,,mobile
1561213032897,enter,b3631,,review_quiz,,mobile
1561213055113,respond,q5099,,review_quiz,b,mobile
1561213059740,submit,b3631,,review_quiz,,mobile
1561213059794,enter,e3631,,review_quiz,,mobile
1561213079947,quit,e3631,,review_quiz,,mobile
1561288225387,enter,b2613,,sprint,,mobile
1561288247723,respond,q4081,,sprint,c,mobile
1561288279225,submit,b2613,,sprint,,mobile
1561288304167,enter,b2613,,sprint,,mobile
1561288311525,respond,q4081,,sprint,d,mobile
1561288314078,erase_choice,q4081,,sprint,c,mobile
1561288314970,respond,q4081,,sprint,d,mobile
1561288318582,submit,b2613,,sprint,,mobile
1561288318654,enter,e2613,,sprint,,mobile
1561288324198,quit,e2613,,sprint,,mobile
1561288494903,enter,b6160,,sprint,,mobile
1561288553098,respond,q8809,,sprint,d,mobile
1561288557556,submit,b6160,,sprint,,mobile
1561288557605,enter,e6160,,sprint,,mobile
1561288570081,quit,e6160,,sprint,,mobile
1561290169597,enter,e6160,,sprint,,mobile
1561290175047,quit,e6160,,sprint,,mobile
1561290175118,enter,b4238,,sprint,,mobile
1561290183465,respond,q5706,,sprint,b,mobile
1561290185779,submit,b4238,,sprint,,mobile
1561290185841,enter,e4238,,sprint,,mobile
1561290194344,quit,e4238,,sprint,,mobile
1561290194402,enter,b3956,,sprint,,mobile
1561290235839,erase_choice,q5424,,sprint,d,mobile
1561290236502,erase_choice,q5424,,sprint,c,mobile
1561290236940,respond,q5424,,sprint,b,mobile
1561290241881,submit,b3956,,sprint,,mobile
1561290241921,enter,e3956,,sprint,,mobile
1561290257770,quit,e3956,,sprint,,mobile
1561297074199,enter,e3956,,sprint,,mobile
1561297099725,quit,e3956,,sprint,,mobile
1561297102042,enter,b3739,,sprint,,mobile
1561297113328,respond,q5207,,sprint,b,mobile
1561297117333,submit,b3739,,sprint,,mobile
1561297117385,enter,e3739,,sprint,,mobile
1561297148792,quit,e3739,,sprint,,mobile
1561297148879,enter,b6504,,sprint,,mobile
1561297168116,respond,q9153,,sprint,b,mobile
1561297171294,submit,b6504,,sprint,,mobile
1561297171358,enter,e6504,,sprint,,mobile
1561297193305,quit,e6504,,sprint,,mobile
1561297196837,enter,e6504,,sprint,,mobile
1561297204439,quit,e6504,,sprint,,mobile
1561297204519,enter,b3973,,sprint,,mobile
1561297208858,respond,q5441,,sprint,a,mobile
1561297211239,respond,q5441,,sprint,d,mobile
1561297216738,submit,b3973,,sprint,,mobile
1561297216775,enter,e3973,,sprint,,mobile
1561297242877,quit,e3973,,sprint,,mobile
1561297242985,enter,b4030,,sprint,,mobile
1561297246222,respond,q5498,,sprint,c,mobile
1561297249909,submit,b4030,,sprint,,mobile
1561297249946,enter,e4030,,sprint,,mobile
1561297259554,quit,e4030,,sprint,,mobile
1561297370483,enter,b3376,,sprint,,mobile
1561297380885,respond,q4844,,sprint,c,mobile
1561297386493,submit,b3376,,sprint,,mobile
1561297386556,enter,e3376,,sprint,,mobile
1561297415421,quit,e3376,,sprint,,mobile
1561297429998,enter,b6257,,sprint,,mobile
1561297443930,respond,q8906,,sprint,c,mobile
1561297446742,submit,b6257,,sprint,,mobile
1561297446815,enter,e6257,,sprint,,mobile
1561297451793,quit,e6257,,sprint,,mobile
1561337220910,enter,b3244,,sprint,,mobile
1561337222853,respond,q4712,,sprint,d,mobile
1561337231522,respond,q4712,,sprint,c,mobile
1561337236753,respond,q4712,,sprint,a,mobile
1561337244169,submit,b3244,,sprint,,mobile
1561337244251,enter,e3244,,sprint,,mobile
1561337278571,quit,e3244,,sprint,,mobile
1561337278625,enter,b3102,,sprint,,mobile
1561337287983,respond,q4570,,sprint,b,mobile
1561337292913,submit,b3102,,sprint,,mobile
1561337292992,enter,e3102,,sprint,,mobile
1561337296701,quit,e3102,,sprint,,mobile
1561337320709,enter,b5134,,sprint,,mobile
1561337346943,respond,q6728,,sprint,d,mobile
1561337350061,submit,b5134,,sprint,,mobile
1561337350103,enter,e5134,,sprint,,mobile
1561337368918,quit,e5134,,sprint,,mobile
1561337368969,enter,b5924,,sprint,,mobile
1561337475746,respond,q8573,,sprint,c,mobile
1561337479017,submit,b5924,,sprint,,mobile
1561337479083,enter,e5924,,sprint,,mobile
1561337488287,quit,e5924,,sprint,,mobile
1561337488362,enter,b2854,,sprint,,mobile
1561337512652,respond,q4322,,sprint,a,mobile
1561337513363,respond,q4322,,sprint,c,mobile
1561337514213,respond,q4322,,sprint,d,mobile
1561337515847,respond,q4322,,sprint,b,mobile
1561337518992,submit,b2854,,sprint,,mobile
1561337519079,enter,e2854,,sprint,,mobile
1561337530155,quit,e2854,,sprint,,mobile
1561337530228,enter,b3081,,sprint,,mobile
1561337536405,respond,q4549,,sprint,b,mobile
1561337540035,respond,q4549,,sprint,c,mobile
1561337541203,respond,q4549,,sprint,d,mobile
1561337541970,respond,q4549,,sprint,c,mobile
1561337546252,submit,b3081,,sprint,,mobile
1561337546313,enter,e3081,,sprint,,mobile
1561337552766,quit,e3081,,sprint,,mobile
1561337552849,enter,b2309,,sprint,,mobile
1561337554669,respond,q3777,,sprint,d,mobile
1561337556420,respond,q3777,,sprint,a,mobile
1561337558335,respond,q3777,,sprint,b,mobile
1561337561815,submit,b2309,,sprint,,mobile
1561337561866,enter,e2309,,sprint,,mobile
1561337570347,quit,e2309,,sprint,,mobile
1561337570422,enter,b6453,,sprint,,mobile
1561337574617,respond,q9102,,sprint,d,mobile
1561337576617,respond,q9102,,sprint,c,mobile
1561337577809,respond,q9102,,sprint,a,mobile
1561337608828,submit,b6453,,sprint,,mobile
1561337608900,enter,e6453,,sprint,,mobile
1561337616148,quit,e6453,,sprint,,mobile
1561337616235,enter,b2389,,sprint,,mobile
1561337625323,respond,q3857,,sprint,d,mobile
1561337626462,respond,q3857,,sprint,a,mobile
1561337640382,respond,q3857,,sprint,b,mobile
1561337641126,respond,q3857,,sprint,c,mobile
1561337641884,respond,q3857,,sprint,d,mobile
1561337642180,respond,q3857,,sprint,c,mobile
1561337642628,respond,q3857,,sprint,d,mobile
1561337642983,respond,q3857,,sprint,c,mobile
1561337643602,respond,q3857,,sprint,d,mobile
1561337645323,respond,q3857,,sprint,c,mobile
1561337645966,respond,q3857,,sprint,d,mobile
1561337646229,respond,q3857,,sprint,c,mobile
1561337646610,respond,q3857,,sprint,d,mobile
1561337649248,submit,b2389,,sprint,,mobile
1561337649329,enter,e2389,,sprint,,mobile
1561337655401,quit,e2389,,sprint,,mobile
1561337655487,enter,b4294,,sprint,,mobile
1561337669896,respond,q5762,,sprint,d,mobile
1561337674730,submit,b4294,,sprint,,mobile
1561337674799,enter,e4294,,sprint,,mobile
1561337681292,quit,e4294,,sprint,,mobile
1561337716062,enter,b4294,,review_quiz,,mobile
1561337717539,respond,q5762,,review_quiz,d,mobile
1561337720498,submit,b4294,,review_quiz,,mobile
1561337720575,enter,e4294,,review_quiz,,mobile
1561337723928,quit,e4294,,review_quiz,,mobile
1561337723991,enter,b2389,,review_quiz,,mobile
1561337726406,respond,q3857,,review_quiz,d,mobile
1561337728578,submit,b2389,,review_quiz,,mobile
1561337728634,enter,e2389,,review_quiz,,mobile
1561337732020,quit,e2389,,review_quiz,,mobile
1561337732090,enter,b6453,,review_quiz,,mobile
1561337734354,respond,q9102,,review_quiz,d,mobile
1561337737454,submit,b6453,,review_quiz,,mobile
1561337737509,enter,e6453,,review_quiz,,mobile
1561337740971,quit,e6453,,review_quiz,,mobile
1561337741047,enter,b2309,,review_quiz,,mobile
1561337743263,respond,q3777,,review_quiz,c,mobile
1561337748922,submit,b2309,,review_quiz,,mobile
1561337748984,enter,e2309,,review_quiz,,mobile
1561337756961,quit,e2309,,review_quiz,,mobile
1561337757007,enter,b3081,,review_quiz,,mobile
1561337770805,respond,q4549,,review_quiz,a,mobile
1561337773834,submit,b3081,,review_quiz,,mobile
1561337773896,enter,e3081,,review_quiz,,mobile
1561337785985,quit,e3081,,review_quiz,,mobile
1561337786069,enter,b2854,,review_quiz,,mobile
1561337788613,respond,q4322,,review_quiz,d,mobile
1561337793171,submit,b2854,,review_quiz,,mobile
1561337793248,enter,e2854,,review_quiz,,mobile
1561337797519,quit,e2854,,review_quiz,,mobile
1561337797604,enter,b5924,,review_quiz,,mobile
1561337808057,respond,q8573,,review_quiz,d,mobile
1561337812157,submit,b5924,,review_quiz,,mobile
1561337812210,enter,e5924,,review_quiz,,mobile
1561337816718,quit,e5924,,review_quiz,,mobile
1561337816795,enter,b5134,,review_quiz,,mobile
1561337819777,respond,q6728,,review_quiz,b,mobile
1561337823039,submit,b5134,,review_quiz,,mobile
1561337823104,enter,e5134,,review_quiz,,mobile
1561337826741,quit,e5134,,review_quiz,,mobile
1561337826818,enter,b3102,,review_quiz,,mobile
1561337828817,respond,q4570,,review_quiz,c,mobile
1561337829383,respond,q4570,,review_quiz,b,mobile
1561337831841,submit,b3102,,review_quiz,,mobile
1561337831904,enter,e3102,,review_quiz,,mobile
1561337835424,quit,e3102,,review_quiz,,mobile
1561337835497,enter,b3244,,review_quiz,,mobile
1561337840540,respond,q4712,,review_quiz,d,mobile
1561337845607,submit,b3244,,review_quiz,,mobile
1561337845669,enter,e3244,,review_quiz,,mobile
1561337850637,quit,e3244,,review_quiz,,mobile
1561564149896,enter,b3992,,sprint,,mobile
1561564156730,respond,q5460,,sprint,c,mobile
1561564161064,submit,b3992,,sprint,,mobile
1561564161181,enter,e3992,,sprint,,mobile
1561564178397,quit,e3992,,sprint,,mobile
1561564178491,enter,b7609,,sprint,,mobile
1561564203063,respond,q10258,,sprint,c,mobile
1561564206803,submit,b7609,,sprint,,mobile
1561564206866,enter,e7609,,sprint,,mobile
1561564221876,quit,e7609,,sprint,,mobile
1561564221970,enter,b5142,,sprint,,mobile
1561564240383,respond,q6736,,sprint,c,mobile
1561564244405,submit,b5142,,sprint,,mobile
1561564244470,enter,e5142,,sprint,,mobile
1561564250919,quit,e5142,,sprint,,mobile
1561564250980,enter,b4443,,sprint,,mobile
1561564259880,respond,q5911,,sprint,a,mobile
1561564264450,submit,b4443,,sprint,,mobile
1561564264505,enter,e4443,,sprint,,mobile
1561564276364,quit,e4443,,sprint,,mobile
1561564459191,enter,b5922,,sprint,,mobile
1561564460118,respond,q8571,,sprint,a,mobile
1561564483679,submit,b5922,,sprint,,mobile
1561564502774,enter,b5922,,sprint,,mobile
1561564506487,respond,q8571,,sprint,d,mobile
1561564509096,submit,b5922,,sprint,,mobile
1561564509157,enter,e5922,,sprint,,mobile
1561564517149,quit,e5922,,sprint,,mobile
1561807327008,enter,b6049,,sprint,,mobile
1561807375975,respond,q8698,,sprint,c,mobile
1561807380421,submit,b6049,,sprint,,mobile
1561807380502,enter,e6049,,sprint,,mobile
1561807407846,quit,e6049,,sprint,,mobile
1561807478061,enter,b3988,,sprint,,mobile
1561807489993,erase_choice,q5456,,sprint,c,mobile
1561807490208,erase_choice,q5456,,sprint,d,mobile
1561807495919,respond,q5456,,sprint,a,mobile
1561807500503,submit,b3988,,sprint,,mobile
1561807500584,enter,e3988,,sprint,,mobile
1561807517496,quit,e3988,,sprint,,mobile
1561807517569,enter,b4993,,sprint,,mobile
1561807539792,respond,q6461,,sprint,c,mobile
1561807542890,submit,b4993,,sprint,,mobile
1561807542942,enter,e4993,,sprint,,mobile
1561807625341,quit,e4993,,sprint,,mobile
1561807625432,enter,b11331,,sprint,,mobile
1561807641546,respond,q17094,,sprint,d,mobile
1561807645252,respond,q17094,,sprint,b,mobile
1561807648681,submit,b11331,,sprint,,mobile
1561807648769,enter,e11331,,sprint,,mobile
1561807670086,quit,e11331,,sprint,,mobile
1561807670157,enter,b2489,,sprint,,mobile
1561807693461,respond,q3957,,sprint,a,mobile
1561807696798,submit,b2489,,sprint,,mobile
1561807696862,enter,e2489,,sprint,,mobile
1561807724445,quit,e2489,,sprint,,mobile
1561807724502,enter,b4018,,sprint,,mobile
1561807726849,respond,q5486,,sprint,b,mobile
1561807729497,respond,q5486,,sprint,d,mobile
1561807749405,erase_choice,q5486,,sprint,a,mobile
1561807750413,respond,q5486,,sprint,b,mobile
1561807761024,respond,q5486,,sprint,c,mobile
1561807764272,respond,q5486,,sprint,d,mobile
1561807768801,submit,b4018,,sprint,,mobile
1561807768886,enter,e4018,,sprint,,mobile
1561807779129,quit,e4018,,sprint,,mobile
1561807779202,enter,b3773,,sprint,,mobile
1561807793862,respond,q5241,,sprint,a,mobile
1561807797565,submit,b3773,,sprint,,mobile
1561807797646,enter,e3773,,sprint,,mobile
1561807807996,quit,e3773,,sprint,,mobile
1561946491362,enter,b6723,,sprint,,mobile
1561946513063,respond,q9372,,sprint,c,mobile
1561946519405,submit,b6723,,sprint,,mobile
1561946519516,enter,e6723,,sprint,,mobile
1561946539456,quit,e6723,,sprint,,mobile
1561946539563,enter,b4254,,sprint,,mobile
1561946550125,respond,q5722,,sprint,d,mobile
1561946556205,submit,b4254,,sprint,,mobile
1561946556256,enter,e4254,,sprint,,mobile
1561946577941,quit,e4254,,sprint,,mobile
1561946578017,enter,b4157,,sprint,,mobile
1561946590049,respond,q5625,,sprint,b,mobile
1561946599154,submit,b4157,,sprint,,mobile
1561946599238,enter,e4157,,sprint,,mobile
1561946606956,quit,e4157,,sprint,,mobile
1561946607048,enter,b3304,,sprint,,mobile
1561946619172,respond,q4772,,sprint,c,mobile
1561946623591,submit,b3304,,sprint,,mobile
1561946623675,enter,e3304,,sprint,,mobile
1561946643690,quit,e3304,,sprint,,mobile
1561946643791,enter,b6392,,sprint,,mobile
1561946674112,respond,q9041,,sprint,a,mobile
1561946677755,submit,b6392,,sprint,,mobile
